[
  {
    "bridge_balance_mohm": 12.2710618972778,
    "id": 396428631,
    "leak_pa": 0.0,
    "num_spikes": 60,
    "peak_deflection": 0.0,
    "post_noise_rms_mv": 0.0388059504330158,
    "post_vm_mv": -82.1277770996094,
    "pre_noise_rms_mv": 0.0386638045310974,
    "pre_vm_mv": -82.0980529785156,
    "slow_noise_rms_mv": 0.104238986968994,
    "slow_vm_mv": -82.0980529785156,
    "specimen_id": 382982932,
    "stimulus_absolute_amplitude": 393.999999293015,
    "stimulus_description": "C1NSSEED_1150216[0]",
    "stimulus_duration": 18.999995,
    "stimulus_interval": 5.0,
    "stimulus_name": "Noise 1",
    "stimulus_relative_amplitude": 1.7,
    "stimulus_start_time": 1.92,
    "stimulus_units": "pA",
    "sweep_number": 57,
    "vm_delta_mv": 0.02972412109375
  },
  {
    "bridge_balance_mohm": 12.2710618972778,
    "id": 396428661,
    "leak_pa": 0.0,
    "num_spikes": 1,
    "peak_deflection": 0.0,
    "post_noise_rms_mv": 0.0420227944850922,
    "post_vm_mv": -81.3929977416992,
    "pre_noise_rms_mv": 0.0360207669436932,
    "pre_vm_mv": -81.3524932861328,
    "slow_noise_rms_mv": 0.12204247713089,
    "slow_vm_mv": -81.3524932861328,
    "specimen_id": 382982932,
    "stimulus_absolute_amplitude": 210.00000349769,
    "stimulus_description": "C2SQRHELNG150216[0]",
    "stimulus_duration": 1.999995,
    "stimulus_interval": 0.0,
    "stimulus_name": "Square - 2s Suprathreshold",
    "stimulus_relative_amplitude": 2.1,
    "stimulus_start_time": 0.92,
    "stimulus_units": "pA",
    "sweep_number": 70,
    "vm_delta_mv": 0.0405044555664062
  },
  {
    "bridge_balance_mohm": 12.2710618972778,
    "id": 396428637,
    "leak_pa": 0.0,
    "num_spikes": 6,
    "peak_deflection": 0.0,
    "post_noise_rms_mv": 0.0,
    "post_vm_mv": 0.0,
    "pre_noise_rms_mv": 0.0413460917770863,
    "pre_vm_mv": -80.6922607421875,
    "slow_noise_rms_mv": 0.109617449343204,
    "slow_vm_mv": -80.6922607421875,
    "specimen_id": 382982932,
    "stimulus_absolute_amplitude": 800.000010681146,
    "stimulus_description": "C1RP25PR1S141203[0]",
    "stimulus_duration": 31.997495,
    "stimulus_interval": 0.0,
    "stimulus_name": "Ramp",
    "stimulus_relative_amplitude": 1.0,
    "stimulus_start_time": 0.9225,
    "stimulus_units": "pA",
    "sweep_number": 6,
    "vm_delta_mv": 0.0
  },
  {
    "bridge_balance_mohm": 12.2710618972778,
    "id": 396428623,
    "leak_pa": 0.0,
    "num_spikes": 83,
    "peak_deflection": 0.0,
    "post_noise_rms_mv": 0.0418408364057541,
    "post_vm_mv": -81.5025634765625,
    "pre_noise_rms_mv": 0.0310886837542057,
    "pre_vm_mv": -81.1795349121094,
    "slow_noise_rms_mv": 0.0763603523373604,
    "slow_vm_mv": -81.1795349121094,
    "specimen_id": 382982932,
    "stimulus_absolute_amplitude": 393.999999293015,
    "stimulus_description": "C1NSSEED_1150216[0]",
    "stimulus_duration": 18.999995,
    "stimulus_interval": 5.0,
    "stimulus_name": "Noise 1",
    "stimulus_relative_amplitude": 1.7,
    "stimulus_start_time": 1.92,
    "stimulus_units": "pA",
    "sweep_number": 53,
    "vm_delta_mv": 0.323028564453125
  },
  {
    "bridge_balance_mohm": 12.2710618972778,
    "id": 396428545,
    "leak_pa": 0.0,
    "num_spikes": 0,
    "peak_deflection": 0.0,
    "post_noise_rms_mv": 0.0450028479099274,
    "post_vm_mv": -80.6807174682617,
    "pre_noise_rms_mv": 0.0369272194802761,
    "pre_vm_mv": -80.932487487793,
    "slow_noise_rms_mv": 0.10503862798214,
    "slow_vm_mv": -80.932487487793,
    "specimen_id": 382982932,
    "stimulus_absolute_amplitude": 659.999999097494,
    "stimulus_description": "C1SSFINEST150112[0]",
    "stimulus_duration": 0.002995,
    "stimulus_interval": 0.0,
    "stimulus_name": "Short Square",
    "stimulus_relative_amplitude": 6.6,
    "stimulus_start_time": 0.92,
    "stimulus_units": "pA",
    "sweep_number": 18,
    "vm_delta_mv": 0.25177001953125
  },
  {
    "bridge_balance_mohm": 0.0,
    "id": 396428525,
    "leak_pa": 0.0,
    "num_spikes": 0,
    "peak_deflection": 0.0,
    "post_noise_rms_mv": 0.0,
    "post_vm_mv": 0.0,
    "pre_noise_rms_mv": 0.0,
    "pre_vm_mv": 0.0,
    "slow_noise_rms_mv": 0.0,
    "slow_vm_mv": 0.0,
    "specimen_id": 382982932,
    "stimulus_absolute_amplitude": 9.99999977648258,
    "stimulus_description": "EXTPSMOKET141203[0]",
    "stimulus_duration": 0.069995,
    "stimulus_interval": 0.05,
    "stimulus_name": "Test",
    "stimulus_relative_amplitude": 1.0,
    "stimulus_start_time": 0.03,
    "stimulus_units": "mV",
    "sweep_number": 0,
    "vm_delta_mv": 0.0
  },
  {
    "bridge_balance_mohm": 12.2710618972778,
    "id": 396428655,
    "leak_pa": 0.0,
    "num_spikes": 1,
    "peak_deflection": 0.0,
    "post_noise_rms_mv": 0.0371612794697285,
    "post_vm_mv": -81.4487686157227,
    "pre_noise_rms_mv": 0.0472754016518593,
    "pre_vm_mv": -80.7339096069336,
    "slow_noise_rms_mv": 0.233376175165176,
    "slow_vm_mv": -80.7339096069336,
    "specimen_id": 382982932,
    "stimulus_absolute_amplitude": 210.00000349769,
    "stimulus_description": "C2SQRHELNG150216[0]",
    "stimulus_duration": 1.999995,
    "stimulus_interval": 0.0,
    "stimulus_name": "Square - 2s Suprathreshold",
    "stimulus_relative_amplitude": 2.1,
    "stimulus_start_time": 0.92,
    "stimulus_units": "pA",
    "sweep_number": 68,
    "vm_delta_mv": 0.714859008789062
  },
  {
    "bridge_balance_mohm": 12.2710618972778,
    "id": 396428625,
    "leak_pa": 0.0,
    "num_spikes": 79,
    "peak_deflection": 0.0,
    "post_noise_rms_mv": 0.0418034978210926,
    "post_vm_mv": -81.5188064575195,
    "pre_noise_rms_mv": 0.03689881041646,
    "pre_vm_mv": -81.2798614501953,
    "slow_noise_rms_mv": 0.0975705310702324,
    "slow_vm_mv": -81.2798614501953,
    "specimen_id": 382982932,
    "stimulus_absolute_amplitude": 400.749988749283,
    "stimulus_description": "C1NSSEED_2150216[0]",
    "stimulus_duration": 18.999995,
    "stimulus_interval": 5.0,
    "stimulus_name": "Noise 2",
    "stimulus_relative_amplitude": 1.7,
    "stimulus_start_time": 1.92,
    "stimulus_units": "pA",
    "sweep_number": 54,
    "vm_delta_mv": 0.238945007324219
  },
  {
    "bridge_balance_mohm": 0.0,
    "id": 396428691,
    "leak_pa": 0.0,
    "num_spikes": 0,
    "peak_deflection": 0.0,
    "post_noise_rms_mv": 0.0,
    "post_vm_mv": 0.0,
    "pre_noise_rms_mv": 0.0,
    "pre_vm_mv": 0.0,
    "slow_noise_rms_mv": 0.0,
    "slow_vm_mv": 0.0,
    "specimen_id": 382982932,
    "stimulus_absolute_amplitude": 9.99999977648258,
    "stimulus_description": "EXTPGGAEND141203[0]",
    "stimulus_duration": 0.069995,
    "stimulus_interval": 0.05,
    "stimulus_name": "Test",
    "stimulus_relative_amplitude": 1.0,
    "stimulus_start_time": 0.03,
    "stimulus_units": "mV",
    "sweep_number": 84,
    "vm_delta_mv": 0.0
  },
  {
    "bridge_balance_mohm": 12.2710618972778,
    "id": 396428585,
    "leak_pa": 0.0,
    "num_spikes": 1,
    "peak_deflection": 0.0,
    "post_noise_rms_mv": 0.0426970981061459,
    "post_vm_mv": -80.7932052612305,
    "pre_noise_rms_mv": 0.0388095825910568,
    "pre_vm_mv": -80.5713882446289,
    "slow_noise_rms_mv": 0.0967153161764145,
    "slow_vm_mv": -80.5713882446289,
    "specimen_id": 382982932,
    "stimulus_absolute_amplitude": 129.99999687846,
    "stimulus_description": "C1LSCOARSE150216[12]",
    "stimulus_duration": 0.999995,
    "stimulus_interval": 0.0,
    "stimulus_name": "Long Square",
    "stimulus_relative_amplitude": 1.0,
    "stimulus_start_time": 0.92,
    "stimulus_units": "pA",
    "sweep_number": 36,
    "vm_delta_mv": 0.221817016601562
  },
  {
    "bridge_balance_mohm": 12.2710618972778,
    "id": 396428547,
    "leak_pa": 0.0,
    "num_spikes": 1,
    "peak_deflection": 0.0,
    "post_noise_rms_mv": 0.0388996079564095,
    "post_vm_mv": -80.4222412109375,
    "pre_noise_rms_mv": 0.0408877842128277,
    "pre_vm_mv": -80.5570297241211,
    "slow_noise_rms_mv": 0.0957939550280571,
    "slow_vm_mv": -80.5570297241211,
    "specimen_id": 382982932,
    "stimulus_absolute_amplitude": 669.999999924897,
    "stimulus_description": "C1SSFINEST150112[0]",
    "stimulus_duration": 0.002995,
    "stimulus_interval": 0.0,
    "stimulus_name": "Short Square",
    "stimulus_relative_amplitude": 6.7,
    "stimulus_start_time": 0.92,
    "stimulus_units": "pA",
    "sweep_number": 19,
    "vm_delta_mv": 0.134788513183594
  },
  {
    "bridge_balance_mohm": 12.2710618972778,
    "id": 396428573,
    "leak_pa": 0.0,
    "num_spikes": 0,
    "peak_deflection": -77.84375,
    "post_noise_rms_mv": 0.0351985469460487,
    "post_vm_mv": -80.1985321044922,
    "pre_noise_rms_mv": 0.0356155447661877,
    "pre_vm_mv": -80.4480514526367,
    "slow_noise_rms_mv": 0.175343453884125,
    "slow_vm_mv": -80.4480514526367,
    "specimen_id": 382982932,
    "stimulus_absolute_amplitude": 9.99999996004197,
    "stimulus_description": "C1LSCOARSE150216[6]",
    "stimulus_duration": 0.999995,
    "stimulus_interval": 0.0,
    "stimulus_name": "Long Square",
    "stimulus_relative_amplitude": 1.0,
    "stimulus_start_time": 0.92,
    "stimulus_units": "pA",
    "sweep_number": 30,
    "vm_delta_mv": 0.249519348144531
  },
  {
    "bridge_balance_mohm": 12.2710618972778,
    "id": 396428535,
    "leak_pa": 0.0,
    "num_spikes": 0,
    "peak_deflection": 0.0,
    "post_noise_rms_mv": 0.0422170981764793,
    "post_vm_mv": -80.7299270629883,
    "pre_noise_rms_mv": 0.0365606807172298,
    "pre_vm_mv": -80.7349014282227,
    "slow_noise_rms_mv": 0.0915984064340591,
    "slow_vm_mv": -80.7349014282227,
    "specimen_id": 382982932,
    "stimulus_absolute_amplitude": 599.999994133071,
    "stimulus_description": "C1SSCOARSE150112[5]",
    "stimulus_duration": 0.002995,
    "stimulus_interval": 0.0,
    "stimulus_name": "Short Square",
    "stimulus_relative_amplitude": 1.0,
    "stimulus_start_time": 0.92,
    "stimulus_units": "pA",
    "sweep_number": 13,
    "vm_delta_mv": 0.004974365234375
  },
  {
    "bridge_balance_mohm": 12.2710618972778,
    "id": 396428647,
    "leak_pa": 0.0,
    "num_spikes": 1,
    "peak_deflection": 0.0,
    "post_noise_rms_mv": 0.0383970662951469,
    "post_vm_mv": -81.0209655761719,
    "pre_noise_rms_mv": 0.0435326620936394,
    "pre_vm_mv": -81.1106262207031,
    "slow_noise_rms_mv": 0.123607851564884,
    "slow_vm_mv": -81.1106262207031,
    "specimen_id": 382982932,
    "stimulus_absolute_amplitude": 170.000000188075,
    "stimulus_description": "C2SQRHELNG150216[0]",
    "stimulus_duration": 1.999995,
    "stimulus_interval": 0.0,
    "stimulus_name": "Square - 2s Suprathreshold",
    "stimulus_relative_amplitude": 1.7,
    "stimulus_start_time": 0.92,
    "stimulus_units": "pA",
    "sweep_number": 64,
    "vm_delta_mv": 0.08966064453125
  },
  {
    "bridge_balance_mohm": 12.2710618972778,
    "id": 396428611,
    "leak_pa": 0.0,
    "num_spikes": 0,
    "peak_deflection": -44.3125,
    "post_noise_rms_mv": 0.0387843772768974,
    "post_vm_mv": -81.1525039672852,
    "pre_noise_rms_mv": 0.0367337092757225,
    "pre_vm_mv": -81.0988464355469,
    "slow_noise_rms_mv": 0.0937302634119987,
    "slow_vm_mv": -81.0988464355469,
    "specimen_id": 382982932,
    "stimulus_absolute_amplitude": 159.999999360672,
    "stimulus_description": "C1LSFINEST150112[0]",
    "stimulus_duration": 0.999995,
    "stimulus_interval": 0.0,
    "stimulus_name": "Long Square",
    "stimulus_relative_amplitude": 1.6,
    "stimulus_start_time": 0.92,
    "stimulus_units": "pA",
    "sweep_number": 48,
    "vm_delta_mv": 0.0536575317382812
  },
  {
    "bridge_balance_mohm": 12.2710618972778,
    "id": 396428543,
    "leak_pa": 0.0,
    "num_spikes": 1,
    "peak_deflection": 0.0,
    "post_noise_rms_mv": 0.036743737757206,
    "post_vm_mv": -79.7867431640625,
    "pre_noise_rms_mv": 0.0459617078304291,
    "pre_vm_mv": -79.6628112792969,
    "slow_noise_rms_mv": 0.0857147872447968,
    "slow_vm_mv": -79.6628112792969,
    "specimen_id": 382982932,
    "stimulus_absolute_amplitude": 659.999999097494,
    "stimulus_description": "C1SSFINEST150112[0]",
    "stimulus_duration": 0.002995,
    "stimulus_interval": 0.0,
    "stimulus_name": "Short Square",
    "stimulus_relative_amplitude": 6.6,
    "stimulus_start_time": 0.92,
    "stimulus_units": "pA",
    "sweep_number": 17,
    "vm_delta_mv": 0.123931884765625
  },
  {
    "bridge_balance_mohm": 12.2710618972778,
    "id": 396428587,
    "leak_pa": 0.0,
    "num_spikes": 6,
    "peak_deflection": 0.0,
    "post_noise_rms_mv": 0.0387389622628689,
    "post_vm_mv": -80.1515426635742,
    "pre_noise_rms_mv": 0.0421356745064259,
    "pre_vm_mv": -80.1745147705078,
    "slow_noise_rms_mv": 0.112478457391262,
    "slow_vm_mv": -80.1745147705078,
    "specimen_id": 382982932,
    "stimulus_absolute_amplitude": 149.999998533268,
    "stimulus_description": "C1LSCOARSE150216[13]",
    "stimulus_duration": 0.999995,
    "stimulus_interval": 0.0,
    "stimulus_name": "Long Square",
    "stimulus_relative_amplitude": 1.0,
    "stimulus_start_time": 0.92,
    "stimulus_units": "pA",
    "sweep_number": 37,
    "vm_delta_mv": 0.0229721069335938
  },
  {
    "bridge_balance_mohm": 12.2710618972778,
    "id": 396428595,
    "leak_pa": 0.0,
    "num_spikes": 22,
    "peak_deflection": 0.0,
    "post_noise_rms_mv": 0.0409699119627476,
    "post_vm_mv": -80.5697402954102,
    "pre_noise_rms_mv": 0.0451110824942589,
    "pre_vm_mv": -80.8153305053711,
    "slow_noise_rms_mv": 0.0863939672708511,
    "slow_vm_mv": -80.8153305053711,
    "specimen_id": 382982932,
    "stimulus_absolute_amplitude": 210.00000349769,
    "stimulus_description": "C1LSCOARSE150216[16]",
    "stimulus_duration": 0.999995,
    "stimulus_interval": 0.0,
    "stimulus_name": "Long Square",
    "stimulus_relative_amplitude": 1.0,
    "stimulus_start_time": 0.92,
    "stimulus_units": "pA",
    "sweep_number": 40,
    "vm_delta_mv": 0.245590209960938
  },
  {
    "bridge_balance_mohm": 12.2710618972778,
    "id": 396428673,
    "leak_pa": 0.0,
    "num_spikes": 12,
    "peak_deflection": 0.0,
    "post_noise_rms_mv": 0.0412528328597546,
    "post_vm_mv": -81.0242080688477,
    "pre_noise_rms_mv": 0.0429691672325134,
    "pre_vm_mv": -81.238525390625,
    "slow_noise_rms_mv": 0.0785714834928513,
    "slow_vm_mv": -81.238525390625,
    "specimen_id": 382982932,
    "stimulus_absolute_amplitude": 289.999996239132,
    "stimulus_description": "C2SQRHELNG150216[0]",
    "stimulus_duration": 1.999995,
    "stimulus_interval": 0.0,
    "stimulus_name": "Square - 2s Suprathreshold",
    "stimulus_relative_amplitude": 2.9,
    "stimulus_start_time": 0.92,
    "stimulus_units": "pA",
    "sweep_number": 76,
    "vm_delta_mv": 0.214317321777344
  },
  {
    "bridge_balance_mohm": 12.2710618972778,
    "id": 396428541,
    "leak_pa": 0.0,
    "num_spikes": 1,
    "peak_deflection": 0.0,
    "post_noise_rms_mv": 0.0393292345106602,
    "post_vm_mv": -80.2650680541992,
    "pre_noise_rms_mv": 0.0360879972577095,
    "pre_vm_mv": -80.3784408569336,
    "slow_noise_rms_mv": 0.114547990262508,
    "slow_vm_mv": -80.3784408569336,
    "specimen_id": 382982932,
    "stimulus_absolute_amplitude": 669.999999924897,
    "stimulus_description": "C1SSFINEST150112[0]",
    "stimulus_duration": 0.002995,
    "stimulus_interval": 0.0,
    "stimulus_name": "Short Square",
    "stimulus_relative_amplitude": 6.7,
    "stimulus_start_time": 0.92,
    "stimulus_units": "pA",
    "sweep_number": 16,
    "vm_delta_mv": 0.113372802734375
  },
  {
    "bridge_balance_mohm": 0.0,
    "id": 396428689,
    "leak_pa": 0.0,
    "num_spikes": 0,
    "peak_deflection": 0.0,
    "post_noise_rms_mv": 0.0,
    "post_vm_mv": 0.0,
    "pre_noise_rms_mv": 0.0,
    "pre_vm_mv": 0.0,
    "slow_noise_rms_mv": 0.0,
    "slow_vm_mv": 0.0,
    "specimen_id": 382982932,
    "stimulus_absolute_amplitude": 9.99999977648258,
    "stimulus_description": "EXTPEXPEND141203[0]",
    "stimulus_duration": 0.069995,
    "stimulus_interval": 0.05,
    "stimulus_name": "Test",
    "stimulus_relative_amplitude": 1.0,
    "stimulus_start_time": 0.03,
    "stimulus_units": "mV",
    "sweep_number": 83,
    "vm_delta_mv": 0.0
  },
  {
    "bridge_balance_mohm": 12.2710618972778,
    "id": 396428633,
    "leak_pa": 0.0,
    "num_spikes": 60,
    "peak_deflection": 0.0,
    "post_noise_rms_mv": 0.0387362092733383,
    "post_vm_mv": -81.3224716186523,
    "pre_noise_rms_mv": 0.0413127914071083,
    "pre_vm_mv": -81.2856063842773,
    "slow_noise_rms_mv": 0.0785415917634964,
    "slow_vm_mv": -81.2856063842773,
    "specimen_id": 382982932,
    "stimulus_absolute_amplitude": 400.749988749283,
    "stimulus_description": "C1NSSEED_2150216[0]",
    "stimulus_duration": 18.999995,
    "stimulus_interval": 5.0,
    "stimulus_name": "Noise 2",
    "stimulus_relative_amplitude": 1.7,
    "stimulus_start_time": 1.92,
    "stimulus_units": "pA",
    "sweep_number": 58,
    "vm_delta_mv": 0.036865234375
  },
  {
    "bridge_balance_mohm": 12.2710618972778,
    "id": 396428563,
    "leak_pa": 0.0,
    "num_spikes": 0,
    "peak_deflection": -93.1562576293945,
    "post_noise_rms_mv": 0.0387913398444653,
    "post_vm_mv": -79.9274978637695,
    "pre_noise_rms_mv": 0.0508826375007629,
    "pre_vm_mv": -79.7940979003906,
    "slow_noise_rms_mv": 0.104875564575195,
    "slow_vm_mv": -79.7940979003906,
    "specimen_id": 382982932,
    "stimulus_absolute_amplitude": -69.9999988529321,
    "stimulus_description": "C1LSCOARSE150216[2]",
    "stimulus_duration": 0.999995,
    "stimulus_interval": 0.0,
    "stimulus_name": "Long Square",
    "stimulus_relative_amplitude": 1.0,
    "stimulus_start_time": 0.92,
    "stimulus_units": "pA",
    "sweep_number": 26,
    "vm_delta_mv": 0.133399963378906
  },
  {
    "bridge_balance_mohm": 12.2710618972778,
    "id": 396428679,
    "leak_pa": 0.0,
    "num_spikes": 8,
    "peak_deflection": 0.0,
    "post_noise_rms_mv": 0.0351244136691093,
    "post_vm_mv": -80.7135620117188,
    "pre_noise_rms_mv": 0.0403672829270363,
    "pre_vm_mv": -80.8877868652344,
    "slow_noise_rms_mv": 0.316389411687851,
    "slow_vm_mv": -80.8877868652344,
    "specimen_id": 382982932,
    "stimulus_absolute_amplitude": 289.999996239132,
    "stimulus_description": "C2SQRHELNG150216[0]",
    "stimulus_duration": 1.999995,
    "stimulus_interval": 0.0,
    "stimulus_name": "Square - 2s Suprathreshold",
    "stimulus_relative_amplitude": 2.9,
    "stimulus_start_time": 0.92,
    "stimulus_units": "pA",
    "sweep_number": 79,
    "vm_delta_mv": 0.174224853515625
  },
  {
    "bridge_balance_mohm": 12.2710618972778,
    "id": 396428537,
    "leak_pa": 0.0,
    "num_spikes": 1,
    "peak_deflection": 0.0,
    "post_noise_rms_mv": 0.0308620687574148,
    "post_vm_mv": -80.5138626098633,
    "pre_noise_rms_mv": 0.040571853518486,
    "pre_vm_mv": -80.7454299926758,
    "slow_noise_rms_mv": 0.108953833580017,
    "slow_vm_mv": -80.7454299926758,
    "specimen_id": 382982932,
    "stimulus_absolute_amplitude": 700.000002407108,
    "stimulus_description": "C1SSCOARSE150112[6]",
    "stimulus_duration": 0.002995,
    "stimulus_interval": 0.0,
    "stimulus_name": "Short Square",
    "stimulus_relative_amplitude": 1.0,
    "stimulus_start_time": 0.92,
    "stimulus_units": "pA",
    "sweep_number": 14,
    "vm_delta_mv": 0.2315673828125
  },
  {
    "bridge_balance_mohm": 0.0,
    "id": 396428593,
    "leak_pa": 0.0,
    "num_spikes": 0,
    "peak_deflection": 0.0,
    "post_noise_rms_mv": 0.0,
    "post_vm_mv": 0.0,
    "pre_noise_rms_mv": 0.0,
    "pre_vm_mv": 0.0,
    "slow_noise_rms_mv": 0.0,
    "slow_vm_mv": 0.0,
    "specimen_id": 382982932,
    "stimulus_absolute_amplitude": 9.99999977648258,
    "stimulus_description": "EXTPBREAKN141203[0]",
    "stimulus_duration": 0.069995,
    "stimulus_interval": 0.05,
    "stimulus_name": "Test",
    "stimulus_relative_amplitude": 1.0,
    "stimulus_start_time": 0.03,
    "stimulus_units": "mV",
    "sweep_number": 4,
    "vm_delta_mv": 0.0
  },
  {
    "bridge_balance_mohm": 12.2710618972778,
    "id": 396428597,
    "leak_pa": 0.0,
    "num_spikes": 25,
    "peak_deflection": 0.0,
    "post_noise_rms_mv": 0.0377438254654408,
    "post_vm_mv": -81.5731887817383,
    "pre_noise_rms_mv": 0.0438861958682537,
    "pre_vm_mv": -81.6159210205078,
    "slow_noise_rms_mv": 0.104901880025864,
    "slow_vm_mv": -81.6159210205078,
    "specimen_id": 382982932,
    "stimulus_absolute_amplitude": 230.000005152498,
    "stimulus_description": "C1LSCOARSE150216[17]",
    "stimulus_duration": 0.999995,
    "stimulus_interval": 0.0,
    "stimulus_name": "Long Square",
    "stimulus_relative_amplitude": 1.0,
    "stimulus_start_time": 0.92,
    "stimulus_units": "pA",
    "sweep_number": 41,
    "vm_delta_mv": 0.0427322387695312
  },
  {
    "bridge_balance_mohm": 12.2710618972778,
    "id": 396428529,
    "leak_pa": 0.0,
    "num_spikes": 0,
    "peak_deflection": 0.0,
    "post_noise_rms_mv": 0.048091072589159,
    "post_vm_mv": -80.1651611328125,
    "pre_noise_rms_mv": 0.0390002168715,
    "pre_vm_mv": -80.2833023071289,
    "slow_noise_rms_mv": 0.0933029353618622,
    "slow_vm_mv": -80.2833023071289,
    "specimen_id": 382982932,
    "stimulus_absolute_amplitude": 299.999997066536,
    "stimulus_description": "C1SSCOARSE150112[2]",
    "stimulus_duration": 0.002995,
    "stimulus_interval": 0.0,
    "stimulus_name": "Short Square",
    "stimulus_relative_amplitude": 1.0,
    "stimulus_start_time": 0.92,
    "stimulus_units": "pA",
    "sweep_number": 10,
    "vm_delta_mv": 0.118141174316406
  },
  {
    "bridge_balance_mohm": 12.2710618972778,
    "id": 396428579,
    "leak_pa": 0.0,
    "num_spikes": 0,
    "peak_deflection": -63.65625,
    "post_noise_rms_mv": 0.0457932278513908,
    "post_vm_mv": -80.1657867431641,
    "pre_noise_rms_mv": 0.0458071380853653,
    "pre_vm_mv": -80.8734359741211,
    "slow_noise_rms_mv": 0.072312131524086,
    "slow_vm_mv": -80.8734359741211,
    "specimen_id": 382982932,
    "stimulus_absolute_amplitude": 69.9999988529321,
    "stimulus_description": "C1LSCOARSE150216[9]",
    "stimulus_duration": 0.999995,
    "stimulus_interval": 0.0,
    "stimulus_name": "Long Square",
    "stimulus_relative_amplitude": 1.0,
    "stimulus_start_time": 0.92,
    "stimulus_units": "pA",
    "sweep_number": 33,
    "vm_delta_mv": 0.707649230957031
  },
  {
    "bridge_balance_mohm": 12.2710618972778,
    "id": 396428677,
    "leak_pa": 0.0,
    "num_spikes": 11,
    "peak_deflection": 0.0,
    "post_noise_rms_mv": 0.0305717177689075,
    "post_vm_mv": -80.6457672119141,
    "pre_noise_rms_mv": 0.0375839620828629,
    "pre_vm_mv": -81.1155471801758,
    "slow_noise_rms_mv": 0.0892821699380875,
    "slow_vm_mv": -81.1155471801758,
    "specimen_id": 382982932,
    "stimulus_absolute_amplitude": 289.999996239132,
    "stimulus_description": "C2SQRHELNG150216[0]",
    "stimulus_duration": 1.999995,
    "stimulus_interval": 0.0,
    "stimulus_name": "Square - 2s Suprathreshold",
    "stimulus_relative_amplitude": 2.9,
    "stimulus_start_time": 0.92,
    "stimulus_units": "pA",
    "sweep_number": 78,
    "vm_delta_mv": 0.469779968261719
  },
  {
    "bridge_balance_mohm": 12.2710618972778,
    "id": 396428539,
    "leak_pa": 0.0,
    "num_spikes": 0,
    "peak_deflection": 0.0,
    "post_noise_rms_mv": 0.0399622060358524,
    "post_vm_mv": -80.4635314941406,
    "pre_noise_rms_mv": 0.0372698940336704,
    "pre_vm_mv": -80.4913177490234,
    "slow_noise_rms_mv": 0.0823544338345528,
    "slow_vm_mv": -80.4913177490234,
    "specimen_id": 382982932,
    "stimulus_absolute_amplitude": 649.99999827009,
    "stimulus_description": "C1SSFINEST150112[0]",
    "stimulus_duration": 0.002995,
    "stimulus_interval": 0.0,
    "stimulus_name": "Short Square",
    "stimulus_relative_amplitude": 6.5,
    "stimulus_start_time": 0.92,
    "stimulus_units": "pA",
    "sweep_number": 15,
    "vm_delta_mv": 0.0277862548828125
  },
  {
    "bridge_balance_mohm": 12.2710618972778,
    "id": 396428669,
    "leak_pa": 0.0,
    "num_spikes": 2,
    "peak_deflection": 0.0,
    "post_noise_rms_mv": 0.0416745319962502,
    "post_vm_mv": -81.7856521606445,
    "pre_noise_rms_mv": 0.0406200550496578,
    "pre_vm_mv": -81.5219116210938,
    "slow_noise_rms_mv": 0.116174027323723,
    "slow_vm_mv": -81.5219116210938,
    "specimen_id": 382982932,
    "stimulus_absolute_amplitude": 249.999992929517,
    "stimulus_description": "C2SQRHELNG150216[0]",
    "stimulus_duration": 1.999995,
    "stimulus_interval": 0.0,
    "stimulus_name": "Square - 2s Suprathreshold",
    "stimulus_relative_amplitude": 2.5,
    "stimulus_start_time": 0.92,
    "stimulus_units": "pA",
    "sweep_number": 74,
    "vm_delta_mv": 0.263740539550781
  },
  {
    "bridge_balance_mohm": 12.2710618972778,
    "id": 396428635,
    "leak_pa": 0.0,
    "num_spikes": 53,
    "peak_deflection": 0.0,
    "post_noise_rms_mv": 0.033416036516428,
    "post_vm_mv": -81.5638732910156,
    "pre_noise_rms_mv": 0.0410074777901173,
    "pre_vm_mv": -81.4975967407227,
    "slow_noise_rms_mv": 0.103956423699856,
    "slow_vm_mv": -81.4975967407227,
    "specimen_id": 382982932,
    "stimulus_absolute_amplitude": 393.999999293015,
    "stimulus_description": "C1NSSEED_1150216[0]",
    "stimulus_duration": 18.999995,
    "stimulus_interval": 5.0,
    "stimulus_name": "Noise 1",
    "stimulus_relative_amplitude": 1.7,
    "stimulus_start_time": 1.92,
    "stimulus_units": "pA",
    "sweep_number": 59,
    "vm_delta_mv": 0.0662765502929688
  },
  {
    "bridge_balance_mohm": 12.2710618972778,
    "id": 396428575,
    "leak_pa": 0.0,
    "num_spikes": 0,
    "peak_deflection": -73.40625,
    "post_noise_rms_mv": 0.0374493971467018,
    "post_vm_mv": -80.3625640869141,
    "pre_noise_rms_mv": 0.0387765057384968,
    "pre_vm_mv": -80.4214935302734,
    "slow_noise_rms_mv": 0.0898581594228745,
    "slow_vm_mv": -80.4214935302734,
    "specimen_id": 382982932,
    "stimulus_absolute_amplitude": 29.9999990127642,
    "stimulus_description": "C1LSCOARSE150216[7]",
    "stimulus_duration": 0.999995,
    "stimulus_interval": 0.0,
    "stimulus_name": "Long Square",
    "stimulus_relative_amplitude": 1.0,
    "stimulus_start_time": 0.92,
    "stimulus_units": "pA",
    "sweep_number": 31,
    "vm_delta_mv": 0.058929443359375
  },
  {
    "bridge_balance_mohm": 12.2710618972778,
    "id": 396428609,
    "leak_pa": 0.0,
    "num_spikes": 0,
    "peak_deflection": -48.90625,
    "post_noise_rms_mv": 0.0388378612697124,
    "post_vm_mv": -81.50537109375,
    "pre_noise_rms_mv": 0.0330105610191822,
    "pre_vm_mv": -81.4913482666016,
    "slow_noise_rms_mv": 0.080467514693737,
    "slow_vm_mv": -81.4913482666016,
    "specimen_id": 382982932,
    "stimulus_absolute_amplitude": 149.999998533268,
    "stimulus_description": "C1LSFINEST150112[0]",
    "stimulus_duration": 0.999995,
    "stimulus_interval": 0.0,
    "stimulus_name": "Long Square",
    "stimulus_relative_amplitude": 1.5,
    "stimulus_start_time": 0.92,
    "stimulus_units": "pA",
    "sweep_number": 47,
    "vm_delta_mv": 0.0140228271484375
  },
  {
    "bridge_balance_mohm": 12.2710618972778,
    "id": 396428577,
    "leak_pa": 0.0,
    "num_spikes": 0,
    "peak_deflection": -68.78125,
    "post_noise_rms_mv": 0.0397556312382221,
    "post_vm_mv": -80.6342620849609,
    "pre_noise_rms_mv": 0.0457381419837475,
    "pre_vm_mv": -80.5458526611328,
    "slow_noise_rms_mv": 0.060840055346489,
    "slow_vm_mv": -80.5458526611328,
    "specimen_id": 382982932,
    "stimulus_absolute_amplitude": 50.0000006675716,
    "stimulus_description": "C1LSCOARSE150216[8]",
    "stimulus_duration": 0.999995,
    "stimulus_interval": 0.0,
    "stimulus_name": "Long Square",
    "stimulus_relative_amplitude": 1.0,
    "stimulus_start_time": 0.92,
    "stimulus_units": "pA",
    "sweep_number": 32,
    "vm_delta_mv": 0.088409423828125
  },
  {
    "bridge_balance_mohm": 12.2710618972778,
    "id": 396428565,
    "leak_pa": 0.0,
    "num_spikes": 0,
    "peak_deflection": -90.15625,
    "post_noise_rms_mv": 0.0381391607224941,
    "post_vm_mv": -79.8762664794922,
    "pre_noise_rms_mv": 0.0327848829329014,
    "pre_vm_mv": -80.1895065307617,
    "slow_noise_rms_mv": 0.0891109704971313,
    "slow_vm_mv": -80.1895065307617,
    "specimen_id": 382982932,
    "stimulus_absolute_amplitude": -50.0000006675716,
    "stimulus_description": "C1LSCOARSE150216[3]",
    "stimulus_duration": 0.999995,
    "stimulus_interval": 0.0,
    "stimulus_name": "Long Square",
    "stimulus_relative_amplitude": 1.0,
    "stimulus_start_time": 0.92,
    "stimulus_units": "pA",
    "sweep_number": 27,
    "vm_delta_mv": 0.313240051269531
  },
  {
    "bridge_balance_mohm": 12.2710618972778,
    "id": 396428567,
    "leak_pa": 0.0,
    "num_spikes": 0,
    "peak_deflection": -86.9062576293945,
    "post_noise_rms_mv": 0.0417673774063587,
    "post_vm_mv": -80.3614959716797,
    "pre_noise_rms_mv": 0.0421935468912125,
    "pre_vm_mv": -80.6087112426758,
    "slow_noise_rms_mv": 0.102744571864605,
    "slow_vm_mv": -80.6087112426758,
    "specimen_id": 382982932,
    "stimulus_absolute_amplitude": -29.9999990127642,
    "stimulus_description": "C1LSCOARSE150216[4]",
    "stimulus_duration": 0.999995,
    "stimulus_interval": 0.0,
    "stimulus_name": "Long Square",
    "stimulus_relative_amplitude": 1.0,
    "stimulus_start_time": 0.92,
    "stimulus_units": "pA",
    "sweep_number": 28,
    "vm_delta_mv": 0.247215270996094
  },
  {
    "bridge_balance_mohm": 0.0,
    "id": 396428693,
    "leak_pa": 0.0,
    "num_spikes": 0,
    "peak_deflection": 0.0,
    "post_noise_rms_mv": 0.023565387353301,
    "post_vm_mv": 1.00232005119324,
    "pre_noise_rms_mv": 0.0414478629827499,
    "pre_vm_mv": 0.899950742721558,
    "slow_noise_rms_mv": 0.0936167761683464,
    "slow_vm_mv": 0.899950742721558,
    "specimen_id": 382982932,
    "stimulus_absolute_amplitude": 0.0,
    "stimulus_description": "EXTPBLWOUT141203[0]",
    "stimulus_duration": 0.0,
    "stimulus_interval": 0.0,
    "stimulus_name": "Test",
    "stimulus_relative_amplitude": 1.0,
    "stimulus_start_time": 0.0,
    "stimulus_units": "pA",
    "sweep_number": 85,
    "vm_delta_mv": 0.10236930847168
  },
  {
    "bridge_balance_mohm": 12.2710618972778,
    "id": 396428603,
    "leak_pa": 0.0,
    "num_spikes": 0,
    "peak_deflection": -55.6250038146973,
    "post_noise_rms_mv": 0.0456014722585678,
    "post_vm_mv": -80.8747711181641,
    "pre_noise_rms_mv": 0.038046158850193,
    "pre_vm_mv": -80.9383316040039,
    "slow_noise_rms_mv": 0.0764445289969444,
    "slow_vm_mv": -80.9383316040039,
    "specimen_id": 382982932,
    "stimulus_absolute_amplitude": 119.999996051057,
    "stimulus_description": "C1LSFINEST150112[0]",
    "stimulus_duration": 0.999995,
    "stimulus_interval": 0.0,
    "stimulus_name": "Long Square",
    "stimulus_relative_amplitude": 1.2,
    "stimulus_start_time": 0.92,
    "stimulus_units": "pA",
    "sweep_number": 44,
    "vm_delta_mv": 0.0635604858398438
  },
  {
    "bridge_balance_mohm": 12.2710618972778,
    "id": 396428665,
    "leak_pa": 0.0,
    "num_spikes": 4,
    "peak_deflection": 0.0,
    "post_noise_rms_mv": 0.038894809782505,
    "post_vm_mv": -81.405403137207,
    "pre_noise_rms_mv": 0.0419195033609867,
    "pre_vm_mv": -81.3414840698242,
    "slow_noise_rms_mv": 0.158791974186897,
    "slow_vm_mv": -81.3414840698242,
    "specimen_id": 382982932,
    "stimulus_absolute_amplitude": 249.999992929517,
    "stimulus_description": "C2SQRHELNG150216[0]",
    "stimulus_duration": 1.999995,
    "stimulus_interval": 0.0,
    "stimulus_name": "Square - 2s Suprathreshold",
    "stimulus_relative_amplitude": 2.5,
    "stimulus_start_time": 0.92,
    "stimulus_units": "pA",
    "sweep_number": 72,
    "vm_delta_mv": 0.0639190673828125
  },
  {
    "bridge_balance_mohm": 12.2710618972778,
    "id": 396428629,
    "leak_pa": 0.0,
    "num_spikes": 64,
    "peak_deflection": 0.0,
    "post_noise_rms_mv": 0.0399388708174229,
    "post_vm_mv": -81.4439468383789,
    "pre_noise_rms_mv": 0.0328050032258034,
    "pre_vm_mv": -81.3139572143555,
    "slow_noise_rms_mv": 0.107092149555683,
    "slow_vm_mv": -81.3139572143555,
    "specimen_id": 382982932,
    "stimulus_absolute_amplitude": 400.749988749283,
    "stimulus_description": "C1NSSEED_2150216[0]",
    "stimulus_duration": 18.999995,
    "stimulus_interval": 5.0,
    "stimulus_name": "Noise 2",
    "stimulus_relative_amplitude": 1.7,
    "stimulus_start_time": 1.92,
    "stimulus_units": "pA",
    "sweep_number": 56,
    "vm_delta_mv": 0.129989624023438
  },
  {
    "bridge_balance_mohm": 12.2710618972778,
    "id": 396428681,
    "leak_pa": 0.0,
    "num_spikes": 0,
    "peak_deflection": 0.0,
    "post_noise_rms_mv": 0.0417796261608601,
    "post_vm_mv": -80.6996078491211,
    "pre_noise_rms_mv": 0.0337231308221817,
    "pre_vm_mv": -80.8760528564453,
    "slow_noise_rms_mv": 0.0897794142365456,
    "slow_vm_mv": -80.8760528564453,
    "specimen_id": 382982932,
    "stimulus_absolute_amplitude": 100.000001335143,
    "stimulus_description": "C1SSCOARSE150112[0]",
    "stimulus_duration": 0.002995,
    "stimulus_interval": 0.0,
    "stimulus_name": "Short Square",
    "stimulus_relative_amplitude": 1.0,
    "stimulus_start_time": 0.92,
    "stimulus_units": "pA",
    "sweep_number": 8,
    "vm_delta_mv": 0.176445007324219
  },
  {
    "bridge_balance_mohm": 12.2710618972778,
    "id": 396428643,
    "leak_pa": 0.0,
    "num_spikes": 0,
    "peak_deflection": 0.0,
    "post_noise_rms_mv": 0.0348450616002083,
    "post_vm_mv": -81.0323867797852,
    "pre_noise_rms_mv": 0.0408962480723858,
    "pre_vm_mv": -81.1641998291016,
    "slow_noise_rms_mv": 0.23035404086113,
    "slow_vm_mv": -81.1641998291016,
    "specimen_id": 382982932,
    "stimulus_absolute_amplitude": -200.000002670286,
    "stimulus_description": "C1SQCAPCHK141203[0]",
    "stimulus_duration": 7.819995,
    "stimulus_interval": 0.2,
    "stimulus_name": "Square - 0.5ms Subthreshold",
    "stimulus_relative_amplitude": 1.0,
    "stimulus_start_time": 0.12,
    "stimulus_units": "pA",
    "sweep_number": 62,
    "vm_delta_mv": 0.131813049316406
  },
  {
    "bridge_balance_mohm": 12.2710618972778,
    "id": 396428553,
    "leak_pa": 0.0,
    "num_spikes": 1,
    "peak_deflection": 0.0,
    "post_noise_rms_mv": 0.0397323183715343,
    "post_vm_mv": -80.5282440185547,
    "pre_noise_rms_mv": 0.0396347008645535,
    "pre_vm_mv": -80.458251953125,
    "slow_noise_rms_mv": 0.089486725628376,
    "slow_vm_mv": -80.458251953125,
    "specimen_id": 382982932,
    "stimulus_absolute_amplitude": 669.999999924897,
    "stimulus_description": "C1SSFINEST150112[0]",
    "stimulus_duration": 0.002995,
    "stimulus_interval": 0.0,
    "stimulus_name": "Short Square",
    "stimulus_relative_amplitude": 6.7,
    "stimulus_start_time": 0.92,
    "stimulus_units": "pA",
    "sweep_number": 21,
    "vm_delta_mv": 0.0699920654296875
  },
  {
    "bridge_balance_mohm": 12.2710618972778,
    "id": 396428555,
    "leak_pa": 0.0,
    "num_spikes": 1,
    "peak_deflection": 0.0,
    "post_noise_rms_mv": 0.040879875421524,
    "post_vm_mv": -80.1122436523438,
    "pre_noise_rms_mv": 0.0416410155594349,
    "pre_vm_mv": -80.178596496582,
    "slow_noise_rms_mv": 0.190740644931793,
    "slow_vm_mv": -80.178596496582,
    "specimen_id": 382982932,
    "stimulus_absolute_amplitude": 669.999999924897,
    "stimulus_description": "C1SSFINEST150112[0]",
    "stimulus_duration": 0.002995,
    "stimulus_interval": 0.0,
    "stimulus_name": "Short Square",
    "stimulus_relative_amplitude": 6.7,
    "stimulus_start_time": 0.92,
    "stimulus_units": "pA",
    "sweep_number": 22,
    "vm_delta_mv": 0.0663528442382812
  },
  {
    "bridge_balance_mohm": 0.0,
    "id": 396428549,
    "leak_pa": 0.0,
    "num_spikes": 0,
    "peak_deflection": 0.0,
    "post_noise_rms_mv": 0.0,
    "post_vm_mv": 0.0,
    "pre_noise_rms_mv": 0.0,
    "pre_vm_mv": 0.0,
    "slow_noise_rms_mv": 0.0,
    "slow_vm_mv": 0.0,
    "specimen_id": 382982932,
    "stimulus_absolute_amplitude": 9.99999977648258,
    "stimulus_description": "EXTPCllATT141203[0]",
    "stimulus_duration": 0.069995,
    "stimulus_interval": 0.05,
    "stimulus_name": "Test",
    "stimulus_relative_amplitude": 1.0,
    "stimulus_start_time": 0.03,
    "stimulus_units": "mV",
    "sweep_number": 2,
    "vm_delta_mv": 0.0
  },
  {
    "bridge_balance_mohm": 12.2710618972778,
    "id": 396428619,
    "leak_pa": 0.0,
    "num_spikes": 1,
    "peak_deflection": 0.0,
    "post_noise_rms_mv": 0.0385198630392551,
    "post_vm_mv": -80.7073745727539,
    "pre_noise_rms_mv": 0.0476403944194317,
    "pre_vm_mv": -80.7223663330078,
    "slow_noise_rms_mv": 0.124913245439529,
    "slow_vm_mv": -80.7223663330078,
    "specimen_id": 382982932,
    "stimulus_absolute_amplitude": 170.000000188075,
    "stimulus_description": "C1LSFINEST150112[0]",
    "stimulus_duration": 0.999995,
    "stimulus_interval": 0.0,
    "stimulus_name": "Long Square",
    "stimulus_relative_amplitude": 1.7,
    "stimulus_start_time": 0.92,
    "stimulus_units": "pA",
    "sweep_number": 51,
    "vm_delta_mv": 0.0149917602539062
  },
  {
    "bridge_balance_mohm": 12.2710618972778,
    "id": 396428613,
    "leak_pa": 0.0,
    "num_spikes": 1,
    "peak_deflection": 0.0,
    "post_noise_rms_mv": 0.0392352528870106,
    "post_vm_mv": -80.7737197875977,
    "pre_noise_rms_mv": 0.0384341590106487,
    "pre_vm_mv": -81.0986633300781,
    "slow_noise_rms_mv": 0.0712525993585587,
    "slow_vm_mv": -81.0986633300781,
    "specimen_id": 382982932,
    "stimulus_absolute_amplitude": 170.000000188075,
    "stimulus_description": "C1LSFINEST150112[0]",
    "stimulus_duration": 0.999995,
    "stimulus_interval": 0.0,
    "stimulus_name": "Long Square",
    "stimulus_relative_amplitude": 1.7,
    "stimulus_start_time": 0.92,
    "stimulus_units": "pA",
    "sweep_number": 49,
    "vm_delta_mv": 0.324943542480469
  },
  {
    "bridge_balance_mohm": 12.2710618972778,
    "id": 396428695,
    "leak_pa": 0.0,
    "num_spikes": 0,
    "peak_deflection": 0.0,
    "post_noise_rms_mv": 0.0369856469333172,
    "post_vm_mv": -80.4860076904297,
    "pre_noise_rms_mv": 0.0379675514996052,
    "pre_vm_mv": -80.3844833374023,
    "slow_noise_rms_mv": 0.108507454395294,
    "slow_vm_mv": -80.3844833374023,
    "specimen_id": 382982932,
    "stimulus_absolute_amplitude": 200.000002670286,
    "stimulus_description": "C1SSCOARSE150112[1]",
    "stimulus_duration": 0.002995,
    "stimulus_interval": 0.0,
    "stimulus_name": "Short Square",
    "stimulus_relative_amplitude": 1.0,
    "stimulus_start_time": 0.92,
    "stimulus_units": "pA",
    "sweep_number": 9,
    "vm_delta_mv": 0.101524353027344
  },
  {
    "bridge_balance_mohm": 12.2710618972778,
    "id": 396428651,
    "leak_pa": 0.0,
    "num_spikes": 0,
    "peak_deflection": 0.0,
    "post_noise_rms_mv": 0.0384240671992302,
    "post_vm_mv": -81.1940536499023,
    "pre_noise_rms_mv": 0.0411006137728691,
    "pre_vm_mv": -80.9347152709961,
    "slow_noise_rms_mv": 0.205684408545494,
    "slow_vm_mv": -80.9347152709961,
    "specimen_id": 382982932,
    "stimulus_absolute_amplitude": 190.000001842883,
    "stimulus_description": "C2SQRHELNG150216[0]",
    "stimulus_duration": 1.999995,
    "stimulus_interval": 0.0,
    "stimulus_name": "Square - 2s Suprathreshold",
    "stimulus_relative_amplitude": 1.9,
    "stimulus_start_time": 0.92,
    "stimulus_units": "pA",
    "sweep_number": 66,
    "vm_delta_mv": 0.25933837890625
  },
  {
    "bridge_balance_mohm": 12.2710618972778,
    "id": 396428589,
    "leak_pa": 0.0,
    "num_spikes": 14,
    "peak_deflection": 0.0,
    "post_noise_rms_mv": 0.042577400803566,
    "post_vm_mv": -80.7301025390625,
    "pre_noise_rms_mv": 0.0396213978528976,
    "pre_vm_mv": -80.8636856079102,
    "slow_noise_rms_mv": 0.088345967233181,
    "slow_vm_mv": -80.8636856079102,
    "specimen_id": 382982932,
    "stimulus_absolute_amplitude": 170.000000188075,
    "stimulus_description": "C1LSCOARSE150216[14]",
    "stimulus_duration": 0.999995,
    "stimulus_interval": 0.0,
    "stimulus_name": "Long Square",
    "stimulus_relative_amplitude": 1.0,
    "stimulus_start_time": 0.92,
    "stimulus_units": "pA",
    "sweep_number": 38,
    "vm_delta_mv": 0.133583068847656
  },
  {
    "bridge_balance_mohm": 12.2710618972778,
    "id": 396428671,
    "leak_pa": 0.0,
    "num_spikes": 4,
    "peak_deflection": 0.0,
    "post_noise_rms_mv": 0.0342209972441196,
    "post_vm_mv": -81.2713775634766,
    "pre_noise_rms_mv": 0.035840667784214,
    "pre_vm_mv": -81.1936264038086,
    "slow_noise_rms_mv": 0.0843197852373123,
    "slow_vm_mv": -81.1936264038086,
    "specimen_id": 382982932,
    "stimulus_absolute_amplitude": 249.999992929517,
    "stimulus_description": "C2SQRHELNG150216[0]",
    "stimulus_duration": 1.999995,
    "stimulus_interval": 0.0,
    "stimulus_name": "Square - 2s Suprathreshold",
    "stimulus_relative_amplitude": 2.5,
    "stimulus_start_time": 0.92,
    "stimulus_units": "pA",
    "sweep_number": 75,
    "vm_delta_mv": 0.0777511596679688
  },
  {
    "bridge_balance_mohm": 12.2710618972778,
    "id": 396428551,
    "leak_pa": 0.0,
    "num_spikes": 1,
    "peak_deflection": 0.0,
    "post_noise_rms_mv": 0.0354563072323799,
    "post_vm_mv": -80.4232940673828,
    "pre_noise_rms_mv": 0.0425609946250916,
    "pre_vm_mv": -80.4863433837891,
    "slow_noise_rms_mv": 0.0826051980257034,
    "slow_vm_mv": -80.4863433837891,
    "specimen_id": 382982932,
    "stimulus_absolute_amplitude": 669.999999924897,
    "stimulus_description": "C1SSFINEST150112[0]",
    "stimulus_duration": 0.002995,
    "stimulus_interval": 0.0,
    "stimulus_name": "Short Square",
    "stimulus_relative_amplitude": 6.7,
    "stimulus_start_time": 0.92,
    "stimulus_units": "pA",
    "sweep_number": 20,
    "vm_delta_mv": 0.06304931640625
  },
  {
    "bridge_balance_mohm": 12.2710618972778,
    "id": 396428621,
    "leak_pa": 0.0,
    "num_spikes": 1,
    "peak_deflection": 0.0,
    "post_noise_rms_mv": 0.0400277227163315,
    "post_vm_mv": -81.4067077636719,
    "pre_noise_rms_mv": 0.0411481410264969,
    "pre_vm_mv": -81.1124954223633,
    "slow_noise_rms_mv": 0.101165868341923,
    "slow_vm_mv": -81.1124954223633,
    "specimen_id": 382982932,
    "stimulus_absolute_amplitude": 170.000000188075,
    "stimulus_description": "C1LSFINEST150112[0]",
    "stimulus_duration": 0.999995,
    "stimulus_interval": 0.0,
    "stimulus_name": "Long Square",
    "stimulus_relative_amplitude": 1.7,
    "stimulus_start_time": 0.92,
    "stimulus_units": "pA",
    "sweep_number": 52,
    "vm_delta_mv": 0.294212341308594
  },
  {
    "bridge_balance_mohm": 12.2710618972778,
    "id": 396428667,
    "leak_pa": 0.0,
    "num_spikes": 3,
    "peak_deflection": 0.0,
    "post_noise_rms_mv": 0.0379024408757687,
    "post_vm_mv": -81.110954284668,
    "pre_noise_rms_mv": 0.0385382957756519,
    "pre_vm_mv": -81.1967391967773,
    "slow_noise_rms_mv": 0.155508756637573,
    "slow_vm_mv": -81.1967391967773,
    "specimen_id": 382982932,
    "stimulus_absolute_amplitude": 249.999992929517,
    "stimulus_description": "C2SQRHELNG150216[0]",
    "stimulus_duration": 1.999995,
    "stimulus_interval": 0.0,
    "stimulus_name": "Square - 2s Suprathreshold",
    "stimulus_relative_amplitude": 2.5,
    "stimulus_start_time": 0.92,
    "stimulus_units": "pA",
    "sweep_number": 73,
    "vm_delta_mv": 0.085784912109375
  },
  {
    "bridge_balance_mohm": 12.2710618972778,
    "id": 396428581,
    "leak_pa": 0.0,
    "num_spikes": 0,
    "peak_deflection": -57.96875,
    "post_noise_rms_mv": 0.0393642857670784,
    "post_vm_mv": -80.3032913208008,
    "pre_noise_rms_mv": 0.0397658683359623,
    "pre_vm_mv": -80.3029937744141,
    "slow_noise_rms_mv": 0.0827824771404266,
    "slow_vm_mv": -80.3029937744141,
    "specimen_id": 382982932,
    "stimulus_absolute_amplitude": 90.0000005077395,
    "stimulus_description": "C1LSCOARSE150216[10]",
    "stimulus_duration": 0.999995,
    "stimulus_interval": 0.0,
    "stimulus_name": "Long Square",
    "stimulus_relative_amplitude": 1.0,
    "stimulus_start_time": 0.92,
    "stimulus_units": "pA",
    "sweep_number": 34,
    "vm_delta_mv": 0.00029754638671875
  },
  {
    "bridge_balance_mohm": 12.2710618972778,
    "id": 396428607,
    "leak_pa": 0.0,
    "num_spikes": 0,
    "peak_deflection": -51.1562538146973,
    "post_noise_rms_mv": 0.0434100478887558,
    "post_vm_mv": -81.0071563720703,
    "pre_noise_rms_mv": 0.0393047742545605,
    "pre_vm_mv": -81.2116775512695,
    "slow_noise_rms_mv": 0.0686360150575638,
    "slow_vm_mv": -81.2116775512695,
    "specimen_id": 382982932,
    "stimulus_absolute_amplitude": 139.999997705864,
    "stimulus_description": "C1LSFINEST150112[0]",
    "stimulus_duration": 0.999995,
    "stimulus_interval": 0.0,
    "stimulus_name": "Long Square",
    "stimulus_relative_amplitude": 1.4,
    "stimulus_start_time": 0.92,
    "stimulus_units": "pA",
    "sweep_number": 46,
    "vm_delta_mv": 0.204521179199219
  },
  {
    "bridge_balance_mohm": 12.2710618972778,
    "id": 396428653,
    "leak_pa": 0.0,
    "num_spikes": 0,
    "peak_deflection": 0.0,
    "post_noise_rms_mv": 0.0437135808169842,
    "post_vm_mv": -81.3284530639648,
    "pre_noise_rms_mv": 0.0329762287437916,
    "pre_vm_mv": -81.4776382446289,
    "slow_noise_rms_mv": 0.0744483023881912,
    "slow_vm_mv": -81.4776382446289,
    "specimen_id": 382982932,
    "stimulus_absolute_amplitude": 200.000002670286,
    "stimulus_description": "C2SQRHELNG150216[0]",
    "stimulus_duration": 1.999995,
    "stimulus_interval": 0.0,
    "stimulus_name": "Square - 2s Suprathreshold",
    "stimulus_relative_amplitude": 2.0,
    "stimulus_start_time": 0.92,
    "stimulus_units": "pA",
    "sweep_number": 67,
    "vm_delta_mv": 0.149185180664062
  },
  {
    "bridge_balance_mohm": 12.2710618972778,
    "id": 396428617,
    "leak_pa": 0.0,
    "num_spikes": 1,
    "peak_deflection": 0.0,
    "post_noise_rms_mv": 0.0382727161049843,
    "post_vm_mv": -80.6054534912109,
    "pre_noise_rms_mv": 0.0437915697693825,
    "pre_vm_mv": -80.6317443847656,
    "slow_noise_rms_mv": 0.0757068321108818,
    "slow_vm_mv": -80.6317443847656,
    "specimen_id": 382982932,
    "stimulus_absolute_amplitude": 170.000000188075,
    "stimulus_description": "C1LSFINEST150112[0]",
    "stimulus_duration": 0.999995,
    "stimulus_interval": 0.0,
    "stimulus_name": "Long Square",
    "stimulus_relative_amplitude": 1.7,
    "stimulus_start_time": 0.92,
    "stimulus_units": "pA",
    "sweep_number": 50,
    "vm_delta_mv": 0.0262908935546875
  },
  {
    "bridge_balance_mohm": 12.2710618972778,
    "id": 396428569,
    "leak_pa": 0.0,
    "num_spikes": 0,
    "peak_deflection": -83.0000076293945,
    "post_noise_rms_mv": 0.0413608364760876,
    "post_vm_mv": -80.4718017578125,
    "pre_noise_rms_mv": 0.0413164608180523,
    "pre_vm_mv": -80.6714859008789,
    "slow_noise_rms_mv": 0.091571182012558,
    "slow_vm_mv": -80.6714859008789,
    "specimen_id": 382982932,
    "stimulus_absolute_amplitude": -9.99999996004197,
    "stimulus_description": "C1LSCOARSE150216[5]",
    "stimulus_duration": 0.999995,
    "stimulus_interval": 0.0,
    "stimulus_name": "Long Square",
    "stimulus_relative_amplitude": 1.0,
    "stimulus_start_time": 0.92,
    "stimulus_units": "pA",
    "sweep_number": 29,
    "vm_delta_mv": 0.199684143066406
  },
  {
    "bridge_balance_mohm": 0.0,
    "id": 396428527,
    "leak_pa": 0.0,
    "num_spikes": 0,
    "peak_deflection": 0.0,
    "post_noise_rms_mv": 0.0,
    "post_vm_mv": 0.0,
    "pre_noise_rms_mv": 0.0,
    "pre_vm_mv": 0.0,
    "slow_noise_rms_mv": 0.0,
    "slow_vm_mv": 0.0,
    "specimen_id": 382982932,
    "stimulus_absolute_amplitude": 9.99999977648258,
    "stimulus_description": "EXTPINBATH141203[0]",
    "stimulus_duration": 0.069995,
    "stimulus_interval": 0.05,
    "stimulus_name": "Test",
    "stimulus_relative_amplitude": 1.0,
    "stimulus_start_time": 0.03,
    "stimulus_units": "mV",
    "sweep_number": 1,
    "vm_delta_mv": 0.0
  },
  {
    "bridge_balance_mohm": 12.2710618972778,
    "id": 396428615,
    "leak_pa": 0.0,
    "num_spikes": 6,
    "peak_deflection": 0.0,
    "post_noise_rms_mv": 0.0,
    "post_vm_mv": 0.0,
    "pre_noise_rms_mv": 0.03801454231143,
    "pre_vm_mv": -81.1759262084961,
    "slow_noise_rms_mv": 0.0903314054012299,
    "slow_vm_mv": -81.1759262084961,
    "specimen_id": 382982932,
    "stimulus_absolute_amplitude": 800.000010681146,
    "stimulus_description": "C1RP25PR1S141203[0]",
    "stimulus_duration": 31.997495,
    "stimulus_interval": 0.0,
    "stimulus_name": "Ramp",
    "stimulus_relative_amplitude": 1.0,
    "stimulus_start_time": 0.9225,
    "stimulus_units": "pA",
    "sweep_number": 5,
    "vm_delta_mv": 0.0
  },
  {
    "bridge_balance_mohm": 12.2710618972778,
    "id": 396428583,
    "leak_pa": 0.0,
    "num_spikes": 0,
    "peak_deflection": -51.1875,
    "post_noise_rms_mv": 0.0382973589003086,
    "post_vm_mv": -79.8390121459961,
    "pre_noise_rms_mv": 0.0303489752113819,
    "pre_vm_mv": -80.0350112915039,
    "slow_noise_rms_mv": 0.095321886241436,
    "slow_vm_mv": -80.0350112915039,
    "specimen_id": 382982932,
    "stimulus_absolute_amplitude": 110.000002162547,
    "stimulus_description": "C1LSCOARSE150216[11]",
    "stimulus_duration": 0.999995,
    "stimulus_interval": 0.0,
    "stimulus_name": "Long Square",
    "stimulus_relative_amplitude": 1.0,
    "stimulus_start_time": 0.92,
    "stimulus_units": "pA",
    "sweep_number": 35,
    "vm_delta_mv": 0.195999145507812
  },
  {
    "bridge_balance_mohm": 12.2710618972778,
    "id": 396428591,
    "leak_pa": 0.0,
    "num_spikes": 18,
    "peak_deflection": 0.0,
    "post_noise_rms_mv": 0.0404711216688156,
    "post_vm_mv": -80.6932144165039,
    "pre_noise_rms_mv": 0.0403568670153618,
    "pre_vm_mv": -81.0055694580078,
    "slow_noise_rms_mv": 0.0822648480534554,
    "slow_vm_mv": -81.0055694580078,
    "specimen_id": 382982932,
    "stimulus_absolute_amplitude": 190.000001842883,
    "stimulus_description": "C1LSCOARSE150216[15]",
    "stimulus_duration": 0.999995,
    "stimulus_interval": 0.0,
    "stimulus_name": "Long Square",
    "stimulus_relative_amplitude": 1.0,
    "stimulus_start_time": 0.92,
    "stimulus_units": "pA",
    "sweep_number": 39,
    "vm_delta_mv": 0.312355041503906
  },
  {
    "bridge_balance_mohm": 12.2710618972778,
    "id": 396428599,
    "leak_pa": 0.0,
    "num_spikes": 29,
    "peak_deflection": 0.0,
    "post_noise_rms_mv": 0.039975494146347,
    "post_vm_mv": -81.2061233520508,
    "pre_noise_rms_mv": 0.0353332795202732,
    "pre_vm_mv": -81.3868713378906,
    "slow_noise_rms_mv": 0.0834023430943489,
    "slow_vm_mv": -81.3868713378906,
    "specimen_id": 382982932,
    "stimulus_absolute_amplitude": 249.999992929517,
    "stimulus_description": "C1LSCOARSE150216[18]",
    "stimulus_duration": 0.999995,
    "stimulus_interval": 0.0,
    "stimulus_name": "Long Square",
    "stimulus_relative_amplitude": 1.0,
    "stimulus_start_time": 0.92,
    "stimulus_units": "pA",
    "sweep_number": 42,
    "vm_delta_mv": 0.180747985839844
  },
  {
    "bridge_balance_mohm": 12.2710618972778,
    "id": 396428601,
    "leak_pa": 0.0,
    "num_spikes": 32,
    "peak_deflection": 0.0,
    "post_noise_rms_mv": 0.038869347423315,
    "post_vm_mv": -81.0199127197266,
    "pre_noise_rms_mv": 0.0316871032118797,
    "pre_vm_mv": -80.9205627441406,
    "slow_noise_rms_mv": 0.0933125838637352,
    "slow_vm_mv": -80.9205627441406,
    "specimen_id": 382982932,
    "stimulus_absolute_amplitude": 269.999994584325,
    "stimulus_description": "C1LSCOARSE150216[19]",
    "stimulus_duration": 0.999995,
    "stimulus_interval": 0.0,
    "stimulus_name": "Long Square",
    "stimulus_relative_amplitude": 1.0,
    "stimulus_start_time": 0.92,
    "stimulus_units": "pA",
    "sweep_number": 43,
    "vm_delta_mv": 0.0993499755859375
  },
  {
    "bridge_balance_mohm": 12.2710618972778,
    "id": 396428531,
    "leak_pa": 0.0,
    "num_spikes": 0,
    "peak_deflection": 0.0,
    "post_noise_rms_mv": 0.0374420471489429,
    "post_vm_mv": -80.4614715576172,
    "pre_noise_rms_mv": 0.0397657305002213,
    "pre_vm_mv": -80.6869735717773,
    "slow_noise_rms_mv": 0.116847671568394,
    "slow_vm_mv": -80.6869735717773,
    "specimen_id": 382982932,
    "stimulus_absolute_amplitude": 400.000005340573,
    "stimulus_description": "C1SSCOARSE150112[3]",
    "stimulus_duration": 0.002995,
    "stimulus_interval": 0.0,
    "stimulus_name": "Short Square",
    "stimulus_relative_amplitude": 1.0,
    "stimulus_start_time": 0.92,
    "stimulus_units": "pA",
    "sweep_number": 11,
    "vm_delta_mv": 0.225502014160156
  },
  {
    "bridge_balance_mohm": 12.2710618972778,
    "id": 396428557,
    "leak_pa": 0.0,
    "num_spikes": 1,
    "peak_deflection": 0.0,
    "post_noise_rms_mv": 0.0395257249474525,
    "post_vm_mv": -80.5926132202148,
    "pre_noise_rms_mv": 0.0343475863337517,
    "pre_vm_mv": -80.5806503295898,
    "slow_noise_rms_mv": 0.0749504268169403,
    "slow_vm_mv": -80.5806503295898,
    "specimen_id": 382982932,
    "stimulus_absolute_amplitude": 669.999999924897,
    "stimulus_description": "C1SSFINEST150112[0]",
    "stimulus_duration": 0.002995,
    "stimulus_interval": 0.0,
    "stimulus_name": "Short Square",
    "stimulus_relative_amplitude": 6.7,
    "stimulus_start_time": 0.92,
    "stimulus_units": "pA",
    "sweep_number": 23,
    "vm_delta_mv": 0.011962890625
  },
  {
    "bridge_balance_mohm": 12.2710618972778,
    "id": 396428675,
    "leak_pa": 0.0,
    "num_spikes": 14,
    "peak_deflection": 0.0,
    "post_noise_rms_mv": 0.0428558997809887,
    "post_vm_mv": -80.4555740356445,
    "pre_noise_rms_mv": 0.0391048975288868,
    "pre_vm_mv": -81.1979827880859,
    "slow_noise_rms_mv": 0.161301866173744,
    "slow_vm_mv": -81.1979827880859,
    "specimen_id": 382982932,
    "stimulus_absolute_amplitude": 289.999996239132,
    "stimulus_description": "C2SQRHELNG150216[0]",
    "stimulus_duration": 1.999995,
    "stimulus_interval": 0.0,
    "stimulus_name": "Square - 2s Suprathreshold",
    "stimulus_relative_amplitude": 2.9,
    "stimulus_start_time": 0.92,
    "stimulus_units": "pA",
    "sweep_number": 77,
    "vm_delta_mv": 0.742408752441406
  },
  {
    "bridge_balance_mohm": 12.2710618972778,
    "id": 396428559,
    "leak_pa": 0.0,
    "num_spikes": 0,
    "peak_deflection": -98.96875,
    "post_noise_rms_mv": 0.0329895354807377,
    "post_vm_mv": -79.7427215576172,
    "pre_noise_rms_mv": 0.0373954176902771,
    "pre_vm_mv": -80.3451766967773,
    "slow_noise_rms_mv": 0.0968099609017372,
    "slow_vm_mv": -80.3451766967773,
    "specimen_id": 382982932,
    "stimulus_absolute_amplitude": -110.000002162547,
    "stimulus_description": "C1LSCOARSE150216[0]",
    "stimulus_duration": 0.999995,
    "stimulus_interval": 0.0,
    "stimulus_name": "Long Square",
    "stimulus_relative_amplitude": 1.0,
    "stimulus_start_time": 0.92,
    "stimulus_units": "pA",
    "sweep_number": 24,
    "vm_delta_mv": 0.602455139160156
  },
  {
    "bridge_balance_mohm": 12.2710618972778,
    "id": 396428627,
    "leak_pa": 0.0,
    "num_spikes": 70,
    "peak_deflection": 0.0,
    "post_noise_rms_mv": 0.038332000374794,
    "post_vm_mv": -81.4731826782227,
    "pre_noise_rms_mv": 0.0381780304014683,
    "pre_vm_mv": -81.4817428588867,
    "slow_noise_rms_mv": 0.0791444405913353,
    "slow_vm_mv": -81.4817428588867,
    "specimen_id": 382982932,
    "stimulus_absolute_amplitude": 393.999999293015,
    "stimulus_description": "C1NSSEED_1150216[0]",
    "stimulus_duration": 18.999995,
    "stimulus_interval": 5.0,
    "stimulus_name": "Noise 1",
    "stimulus_relative_amplitude": 1.7,
    "stimulus_start_time": 1.92,
    "stimulus_units": "pA",
    "sweep_number": 55,
    "vm_delta_mv": 0.0085601806640625
  },
  {
    "bridge_balance_mohm": 12.2710618972778,
    "id": 396428561,
    "leak_pa": 0.0,
    "num_spikes": 0,
    "peak_deflection": -95.9375076293945,
    "post_noise_rms_mv": 0.0386351868510246,
    "post_vm_mv": -79.0266571044922,
    "pre_noise_rms_mv": 0.0429495759308338,
    "pre_vm_mv": -79.5343170166016,
    "slow_noise_rms_mv": 0.0635664388537407,
    "slow_vm_mv": -79.5343170166016,
    "specimen_id": 382982932,
    "stimulus_absolute_amplitude": -90.0000005077395,
    "stimulus_description": "C1LSCOARSE150216[1]",
    "stimulus_duration": 0.999995,
    "stimulus_interval": 0.0,
    "stimulus_name": "Long Square",
    "stimulus_relative_amplitude": 1.0,
    "stimulus_start_time": 0.92,
    "stimulus_units": "pA",
    "sweep_number": 25,
    "vm_delta_mv": 0.507659912109375
  },
  {
    "bridge_balance_mohm": 12.2710618972778,
    "id": 396428657,
    "leak_pa": 0.0,
    "num_spikes": 1,
    "peak_deflection": 0.0,
    "post_noise_rms_mv": 0.045096144080162,
    "post_vm_mv": -81.0814971923828,
    "pre_noise_rms_mv": 0.0429598465561867,
    "pre_vm_mv": -80.8898162841797,
    "slow_noise_rms_mv": 0.12891797721386,
    "slow_vm_mv": -80.8898162841797,
    "specimen_id": 382982932,
    "stimulus_absolute_amplitude": 210.00000349769,
    "stimulus_description": "C2SQRHELNG150216[0]",
    "stimulus_duration": 1.999995,
    "stimulus_interval": 0.0,
    "stimulus_name": "Square - 2s Suprathreshold",
    "stimulus_relative_amplitude": 2.1,
    "stimulus_start_time": 0.92,
    "stimulus_units": "pA",
    "sweep_number": 69,
    "vm_delta_mv": 0.191680908203125
  },
  {
    "bridge_balance_mohm": 12.2710618972778,
    "id": 396428663,
    "leak_pa": 0.0,
    "num_spikes": 1,
    "peak_deflection": 0.0,
    "post_noise_rms_mv": 0.0400878302752972,
    "post_vm_mv": -81.0994720458984,
    "pre_noise_rms_mv": 0.0452112518250942,
    "pre_vm_mv": -81.0145797729492,
    "slow_noise_rms_mv": 0.115813292562962,
    "slow_vm_mv": -81.0145797729492,
    "specimen_id": 382982932,
    "stimulus_absolute_amplitude": 210.00000349769,
    "stimulus_description": "C2SQRHELNG150216[0]",
    "stimulus_duration": 1.999995,
    "stimulus_interval": 0.0,
    "stimulus_name": "Square - 2s Suprathreshold",
    "stimulus_relative_amplitude": 2.1,
    "stimulus_start_time": 0.92,
    "stimulus_units": "pA",
    "sweep_number": 71,
    "vm_delta_mv": 0.0848922729492188
  },
  {
    "bridge_balance_mohm": 12.2710618972778,
    "id": 396428639,
    "leak_pa": 0.0,
    "num_spikes": 57,
    "peak_deflection": 0.0,
    "post_noise_rms_mv": 0.0443494394421577,
    "post_vm_mv": -80.1723022460938,
    "pre_noise_rms_mv": 0.036694660782814,
    "pre_vm_mv": -80.9754791259766,
    "slow_noise_rms_mv": 0.106286995112896,
    "slow_vm_mv": -80.9754791259766,
    "specimen_id": 382982932,
    "stimulus_absolute_amplitude": 400.749988749283,
    "stimulus_description": "C1NSSEED_2150216[0]",
    "stimulus_duration": 18.999995,
    "stimulus_interval": 5.0,
    "stimulus_name": "Noise 2",
    "stimulus_relative_amplitude": 1.7,
    "stimulus_start_time": 1.92,
    "stimulus_units": "pA",
    "sweep_number": 60,
    "vm_delta_mv": 0.803176879882812
  },
  {
    "bridge_balance_mohm": 12.2710618972778,
    "id": 396428605,
    "leak_pa": 0.0,
    "num_spikes": 0,
    "peak_deflection": -53.5625,
    "post_noise_rms_mv": 0.0319405719637871,
    "post_vm_mv": -80.9440765380859,
    "pre_noise_rms_mv": 0.0393600091338158,
    "pre_vm_mv": -80.9674758911133,
    "slow_noise_rms_mv": 0.0822316855192184,
    "slow_vm_mv": -80.9674758911133,
    "specimen_id": 382982932,
    "stimulus_absolute_amplitude": 129.99999687846,
    "stimulus_description": "C1LSFINEST150112[0]",
    "stimulus_duration": 0.999995,
    "stimulus_interval": 0.0,
    "stimulus_name": "Long Square",
    "stimulus_relative_amplitude": 1.3,
    "stimulus_start_time": 0.92,
    "stimulus_units": "pA",
    "sweep_number": 45,
    "vm_delta_mv": 0.0233993530273438
  },
  {
    "bridge_balance_mohm": 12.2710618972778,
    "id": 396428659,
    "leak_pa": 0.0,
    "num_spikes": 14,
    "peak_deflection": 0.0,
    "post_noise_rms_mv": 0.0,
    "post_vm_mv": 0.0,
    "pre_noise_rms_mv": 0.043323490768671,
    "pre_vm_mv": -81.0683135986328,
    "slow_noise_rms_mv": 0.0987682640552521,
    "slow_vm_mv": -81.0683135986328,
    "specimen_id": 382982932,
    "stimulus_absolute_amplitude": 800.000010681146,
    "stimulus_description": "C1RP25PR1S141203[0]",
    "stimulus_duration": 31.997495,
    "stimulus_interval": 0.0,
    "stimulus_name": "Ramp",
    "stimulus_relative_amplitude": 1.0,
    "stimulus_start_time": 0.9225,
    "stimulus_units": "pA",
    "sweep_number": 7,
    "vm_delta_mv": 0.0
  },
  {
    "bridge_balance_mohm": 12.2710618972778,
    "id": 396428533,
    "leak_pa": 0.0,
    "num_spikes": 0,
    "peak_deflection": 0.0,
    "post_noise_rms_mv": 0.040330782532692,
    "post_vm_mv": -80.2849426269531,
    "pre_noise_rms_mv": 0.0424198918044567,
    "pre_vm_mv": -80.5106964111328,
    "slow_noise_rms_mv": 0.130453333258629,
    "slow_vm_mv": -80.5106964111328,
    "specimen_id": 382982932,
    "stimulus_absolute_amplitude": 499.999985859034,
    "stimulus_description": "C1SSCOARSE150112[4]",
    "stimulus_duration": 0.002995,
    "stimulus_interval": 0.0,
    "stimulus_name": "Short Square",
    "stimulus_relative_amplitude": 1.0,
    "stimulus_start_time": 0.92,
    "stimulus_units": "pA",
    "sweep_number": 12,
    "vm_delta_mv": 0.225753784179688
  },
  {
    "bridge_balance_mohm": 12.2710618972778,
    "id": 396428683,
    "leak_pa": 0.0,
    "num_spikes": 162,
    "peak_deflection": 0.0,
    "post_noise_rms_mv": 0.0403185673058033,
    "post_vm_mv": -82.0898132324219,
    "pre_noise_rms_mv": 0.0384839698672295,
    "pre_vm_mv": -81.3607025146484,
    "slow_noise_rms_mv": 0.118681758642197,
    "slow_vm_mv": -81.3607025146484,
    "specimen_id": 382982932,
    "stimulus_absolute_amplitude": 711.749992277078,
    "stimulus_description": "C2NSRMPRH2150216[0]",
    "stimulus_duration": 31.99998,
    "stimulus_interval": 3.5e-05,
    "stimulus_name": "Ramp to Rheobase",
    "stimulus_relative_amplitude": 2.1,
    "stimulus_start_time": 1.920015,
    "stimulus_units": "pA",
    "sweep_number": 80,
    "vm_delta_mv": 0.729110717773438
  }
]