[
  {
    "bridge_balance_mohm": 13.2478628158569,
    "id": 464293877,
    "leak_pa": 0.0,
    "num_spikes": 0,
    "peak_deflection": -58.46875,
    "post_noise_rms_mv": 0.04321363940835,
    "post_vm_mv": -78.8611373901367,
    "pre_noise_rms_mv": 0.0380591228604317,
    "pre_vm_mv": -78.9168090820312,
    "slow_noise_rms_mv": 0.146637946367264,
    "slow_vm_mv": -78.9168090820312,
    "specimen_id": 370351753,
    "stimulus_absolute_amplitude": 69.9999988529321,
    "stimulus_description": "C1LSCOARSE150216[9]",
    "stimulus_duration": 0.999995,
    "stimulus_interval": 0.0,
    "stimulus_name": "Long Square",
    "stimulus_relative_amplitude": 1.0,
    "stimulus_start_time": 0.92,
    "stimulus_units": "pA",
    "sweep_number": 37,
    "vm_delta_mv": 0.0556716918945312
  },
  {
    "bridge_balance_mohm": 13.2478628158569,
    "id": 464293967,
    "leak_pa": 0.0,
    "num_spikes": 27,
    "peak_deflection": 0.0,
    "post_noise_rms_mv": 0.0403872542083263,
    "post_vm_mv": -79.9979553222656,
    "pre_noise_rms_mv": 0.0388861261308193,
    "pre_vm_mv": -79.4600372314453,
    "slow_noise_rms_mv": 0.131249085068703,
    "slow_vm_mv": -79.4600372314453,
    "specimen_id": 370351753,
    "stimulus_absolute_amplitude": 474.499994851385,
    "stimulus_description": "C2NSRMPRH2150216[0]",
    "stimulus_duration": 31.999975,
    "stimulus_interval": 5.5e-05,
    "stimulus_name": "Ramp to Rheobase",
    "stimulus_relative_amplitude": 1.4,
    "stimulus_start_time": 1.92002,
    "stimulus_units": "pA",
    "sweep_number": 78,
    "vm_delta_mv": 0.537918090820312
  },
  {
    "bridge_balance_mohm": 0.0,
    "id": 464293979,
    "leak_pa": 0.0,
    "num_spikes": 0,
    "peak_deflection": 0.0,
    "post_noise_rms_mv": 0.0,
    "post_vm_mv": 0.0,
    "pre_noise_rms_mv": 0.0,
    "pre_vm_mv": 0.0,
    "slow_noise_rms_mv": 0.0,
    "slow_vm_mv": 0.0,
    "specimen_id": 370351753,
    "stimulus_absolute_amplitude": 9.99999977648258,
    "stimulus_description": "EXTPGGAEND141203[0]",
    "stimulus_duration": 0.069995,
    "stimulus_interval": 0.05,
    "stimulus_name": "Test",
    "stimulus_relative_amplitude": 1.0,
    "stimulus_start_time": 0.03,
    "stimulus_units": "mV",
    "sweep_number": 83,
    "vm_delta_mv": 0.0
  },
  {
    "bridge_balance_mohm": 13.2478628158569,
    "id": 464293925,
    "leak_pa": 0.0,
    "num_spikes": 24,
    "peak_deflection": 0.0,
    "post_noise_rms_mv": 0.0323387868702412,
    "post_vm_mv": -80.3459320068359,
    "pre_noise_rms_mv": 0.0466072894632816,
    "pre_vm_mv": -79.7078018188477,
    "slow_noise_rms_mv": 0.107191748917103,
    "slow_vm_mv": -79.7078018188477,
    "specimen_id": 370351753,
    "stimulus_absolute_amplitude": 324.500010195905,
    "stimulus_description": "C1NSSEED_1150216[0]",
    "stimulus_duration": 18.999995,
    "stimulus_interval": 5.0,
    "stimulus_name": "Noise 1",
    "stimulus_relative_amplitude": 1.4,
    "stimulus_start_time": 1.92,
    "stimulus_units": "pA",
    "sweep_number": 59,
    "vm_delta_mv": 0.638130187988281
  },
  {
    "bridge_balance_mohm": 13.2478628158569,
    "id": 464293873,
    "leak_pa": 0.0,
    "num_spikes": 0,
    "peak_deflection": -69.25,
    "post_noise_rms_mv": 0.0401682928204536,
    "post_vm_mv": -78.0169677734375,
    "pre_noise_rms_mv": 0.0378851220011711,
    "pre_vm_mv": -77.9166870117188,
    "slow_noise_rms_mv": 0.138094320893288,
    "slow_vm_mv": -77.9166870117188,
    "specimen_id": 370351753,
    "stimulus_absolute_amplitude": 29.9999990127642,
    "stimulus_description": "C1LSCOARSE150216[7]",
    "stimulus_duration": 0.999995,
    "stimulus_interval": 0.0,
    "stimulus_name": "Long Square",
    "stimulus_relative_amplitude": 1.0,
    "stimulus_start_time": 0.92,
    "stimulus_units": "pA",
    "sweep_number": 35,
    "vm_delta_mv": 0.10028076171875
  },
  {
    "bridge_balance_mohm": 13.2478628158569,
    "id": 464293953,
    "leak_pa": 0.0,
    "num_spikes": 3,
    "peak_deflection": 0.0,
    "post_noise_rms_mv": 0.0415513552725315,
    "post_vm_mv": -80.4695434570312,
    "pre_noise_rms_mv": 0.0425335578620434,
    "pre_vm_mv": -79.7461853027344,
    "slow_noise_rms_mv": 0.157812312245369,
    "slow_vm_mv": -79.7461853027344,
    "specimen_id": 370351753,
    "stimulus_absolute_amplitude": 180.000001015479,
    "stimulus_description": "C2SQRHELNG150216[0]",
    "stimulus_duration": 1.999995,
    "stimulus_interval": 0.0,
    "stimulus_name": "Square - 2s Suprathreshold",
    "stimulus_relative_amplitude": 1.8,
    "stimulus_start_time": 0.92,
    "stimulus_units": "pA",
    "sweep_number": 71,
    "vm_delta_mv": 0.723358154296875
  },
  {
    "bridge_balance_mohm": 13.2478628158569,
    "id": 464293835,
    "leak_pa": 0.0,
    "num_spikes": 0,
    "peak_deflection": 0.0,
    "post_noise_rms_mv": 0.0403254441916943,
    "post_vm_mv": -78.9296722412109,
    "pre_noise_rms_mv": 0.0411778800189495,
    "pre_vm_mv": -78.9757385253906,
    "slow_noise_rms_mv": 0.0621461682021618,
    "slow_vm_mv": -78.9757385253906,
    "specimen_id": 370351753,
    "stimulus_absolute_amplitude": 870.000016472972,
    "stimulus_description": "C1SSFINEST150112[0]",
    "stimulus_duration": 0.002995,
    "stimulus_interval": 0.0,
    "stimulus_name": "Short Square",
    "stimulus_relative_amplitude": 8.7,
    "stimulus_start_time": 0.92,
    "stimulus_units": "pA",
    "sweep_number": 18,
    "vm_delta_mv": 0.0460662841796875
  },
  {
    "bridge_balance_mohm": 13.2478628158569,
    "id": 464293933,
    "leak_pa": 0.0,
    "num_spikes": 21,
    "peak_deflection": 0.0,
    "post_noise_rms_mv": 0.0402604416012764,
    "post_vm_mv": -79.6807708740234,
    "pre_noise_rms_mv": 0.0448154509067535,
    "pre_vm_mv": -79.3248977661133,
    "slow_noise_rms_mv": 0.123515866696835,
    "slow_vm_mv": -79.3248977661133,
    "specimen_id": 370351753,
    "stimulus_absolute_amplitude": 330.12501066132,
    "stimulus_description": "C1NSSEED_2150216[0]",
    "stimulus_duration": 18.999995,
    "stimulus_interval": 5.0,
    "stimulus_name": "Noise 2",
    "stimulus_relative_amplitude": 1.4,
    "stimulus_start_time": 1.92,
    "stimulus_units": "pA",
    "sweep_number": 62,
    "vm_delta_mv": 0.355873107910156
  },
  {
    "bridge_balance_mohm": 13.2478628158569,
    "id": 464293963,
    "leak_pa": 0.0,
    "num_spikes": 8,
    "peak_deflection": 0.0,
    "post_noise_rms_mv": 0.0391010046005249,
    "post_vm_mv": -78.9517974853516,
    "pre_noise_rms_mv": 0.0425418466329575,
    "pre_vm_mv": -78.9658813476562,
    "slow_noise_rms_mv": 0.132296949625015,
    "slow_vm_mv": -78.9658813476562,
    "specimen_id": 370351753,
    "stimulus_absolute_amplitude": 220.000004325094,
    "stimulus_description": "C2SQRHELNG150216[0]",
    "stimulus_duration": 1.999995,
    "stimulus_interval": 0.0,
    "stimulus_name": "Square - 2s Suprathreshold",
    "stimulus_relative_amplitude": 2.2,
    "stimulus_start_time": 0.92,
    "stimulus_units": "pA",
    "sweep_number": 76,
    "vm_delta_mv": 0.0140838623046875
  },
  {
    "bridge_balance_mohm": 13.2478628158569,
    "id": 464293867,
    "leak_pa": 0.0,
    "num_spikes": 0,
    "peak_deflection": -85.90625,
    "post_noise_rms_mv": 0.0369254164397717,
    "post_vm_mv": -79.1324462890625,
    "pre_noise_rms_mv": 0.0426626093685627,
    "pre_vm_mv": -78.57861328125,
    "slow_noise_rms_mv": 0.0912999212741852,
    "slow_vm_mv": -78.57861328125,
    "specimen_id": 370351753,
    "stimulus_absolute_amplitude": -29.9999990127642,
    "stimulus_description": "C1LSCOARSE150216[4]",
    "stimulus_duration": 0.999995,
    "stimulus_interval": 0.0,
    "stimulus_name": "Long Square",
    "stimulus_relative_amplitude": 1.0,
    "stimulus_start_time": 0.92,
    "stimulus_units": "pA",
    "sweep_number": 32,
    "vm_delta_mv": 0.5538330078125
  },
  {
    "bridge_balance_mohm": 13.2478628158569,
    "id": 464293823,
    "leak_pa": 0.0,
    "num_spikes": 0,
    "peak_deflection": 0.0,
    "post_noise_rms_mv": 0.043767161667347,
    "post_vm_mv": -79.2468719482422,
    "pre_noise_rms_mv": 0.0434640012681484,
    "pre_vm_mv": -79.2580871582031,
    "slow_noise_rms_mv": 0.0692165940999985,
    "slow_vm_mv": -79.2580871582031,
    "specimen_id": 370351753,
    "stimulus_absolute_amplitude": 499.999985859034,
    "stimulus_description": "C1SSCOARSE150112[4]",
    "stimulus_duration": 0.002995,
    "stimulus_interval": 0.0,
    "stimulus_name": "Short Square",
    "stimulus_relative_amplitude": 1.0,
    "stimulus_start_time": 0.92,
    "stimulus_units": "pA",
    "sweep_number": 12,
    "vm_delta_mv": 0.0112152099609375
  },
  {
    "bridge_balance_mohm": 0.0,
    "id": 464293883,
    "leak_pa": 0.0,
    "num_spikes": 0,
    "peak_deflection": 0.0,
    "post_noise_rms_mv": 0.0,
    "post_vm_mv": 0.0,
    "pre_noise_rms_mv": 0.0,
    "pre_vm_mv": 0.0,
    "slow_noise_rms_mv": 0.0,
    "slow_vm_mv": 0.0,
    "specimen_id": 370351753,
    "stimulus_absolute_amplitude": 9.99999977648258,
    "stimulus_description": "EXTPBREAKN141203[0]",
    "stimulus_duration": 0.069995,
    "stimulus_interval": 0.05,
    "stimulus_name": "Test",
    "stimulus_relative_amplitude": 1.0,
    "stimulus_start_time": 0.03,
    "stimulus_units": "mV",
    "sweep_number": 4,
    "vm_delta_mv": 0.0
  },
  {
    "bridge_balance_mohm": 13.2478628158569,
    "id": 464293857,
    "leak_pa": 0.0,
    "num_spikes": 0,
    "peak_deflection": -97.21875,
    "post_noise_rms_mv": 0.0384716093540192,
    "post_vm_mv": -78.1531829833984,
    "pre_noise_rms_mv": 0.0397502072155476,
    "pre_vm_mv": -78.6379547119141,
    "slow_noise_rms_mv": 0.109240181744099,
    "slow_vm_mv": -78.6379547119141,
    "specimen_id": 370351753,
    "stimulus_absolute_amplitude": -110.000002162547,
    "stimulus_description": "C1LSCOARSE150216[0]",
    "stimulus_duration": 0.999995,
    "stimulus_interval": 0.0,
    "stimulus_name": "Long Square",
    "stimulus_relative_amplitude": 1.0,
    "stimulus_start_time": 0.92,
    "stimulus_units": "pA",
    "sweep_number": 28,
    "vm_delta_mv": 0.484771728515625
  },
  {
    "bridge_balance_mohm": 13.2478628158569,
    "id": 464293915,
    "leak_pa": 0.0,
    "num_spikes": 0,
    "peak_deflection": -40.125,
    "post_noise_rms_mv": 0.0415446497499943,
    "post_vm_mv": -79.0910415649414,
    "pre_noise_rms_mv": 0.0405714586377144,
    "pre_vm_mv": -79.2965927124023,
    "slow_noise_rms_mv": 0.157530084252357,
    "slow_vm_mv": -79.2965927124023,
    "specimen_id": 370351753,
    "stimulus_absolute_amplitude": 139.999997705864,
    "stimulus_description": "C1LSFINEST150112[0]",
    "stimulus_duration": 0.999995,
    "stimulus_interval": 0.0,
    "stimulus_name": "Long Square",
    "stimulus_relative_amplitude": 1.4,
    "stimulus_start_time": 0.92,
    "stimulus_units": "pA",
    "sweep_number": 54,
    "vm_delta_mv": 0.205551147460938
  },
  {
    "bridge_balance_mohm": 13.2478628158569,
    "id": 464293869,
    "leak_pa": 0.0,
    "num_spikes": 0,
    "peak_deflection": -81.9375,
    "post_noise_rms_mv": 0.0451913438737392,
    "post_vm_mv": -78.5819625854492,
    "pre_noise_rms_mv": 0.0328450761735439,
    "pre_vm_mv": -79.0637130737305,
    "slow_noise_rms_mv": 0.109733007848263,
    "slow_vm_mv": -79.0637130737305,
    "specimen_id": 370351753,
    "stimulus_absolute_amplitude": -9.99999996004197,
    "stimulus_description": "C1LSCOARSE150216[5]",
    "stimulus_duration": 0.999995,
    "stimulus_interval": 0.0,
    "stimulus_name": "Long Square",
    "stimulus_relative_amplitude": 1.0,
    "stimulus_start_time": 0.92,
    "stimulus_units": "pA",
    "sweep_number": 33,
    "vm_delta_mv": 0.48175048828125
  },
  {
    "bridge_balance_mohm": 13.2478628158569,
    "id": 464293837,
    "leak_pa": 0.0,
    "num_spikes": 0,
    "peak_deflection": 0.0,
    "post_noise_rms_mv": 0.0407596901059151,
    "post_vm_mv": -78.7469635009766,
    "pre_noise_rms_mv": 0.0467940755188465,
    "pre_vm_mv": -78.7734909057617,
    "slow_noise_rms_mv": 0.0871416106820107,
    "slow_vm_mv": -78.7734909057617,
    "specimen_id": 370351753,
    "stimulus_absolute_amplitude": 890.000018127779,
    "stimulus_description": "C1SSFINEST150112[0]",
    "stimulus_duration": 0.002995,
    "stimulus_interval": 0.0,
    "stimulus_name": "Short Square",
    "stimulus_relative_amplitude": 8.9,
    "stimulus_start_time": 0.92,
    "stimulus_units": "pA",
    "sweep_number": 19,
    "vm_delta_mv": 0.0265274047851562
  },
  {
    "bridge_balance_mohm": 13.2478628158569,
    "id": 464293831,
    "leak_pa": 0.0,
    "num_spikes": 1,
    "peak_deflection": 0.0,
    "post_noise_rms_mv": 0.0424430444836617,
    "post_vm_mv": -78.6831817626953,
    "pre_noise_rms_mv": 0.0386406145989895,
    "pre_vm_mv": -78.5209732055664,
    "slow_noise_rms_mv": 0.206017389893532,
    "slow_vm_mv": -78.5209732055664,
    "specimen_id": 370351753,
    "stimulus_absolute_amplitude": 900.000018955183,
    "stimulus_description": "C1SSCOARSE150112[8]",
    "stimulus_duration": 0.002995,
    "stimulus_interval": 0.0,
    "stimulus_name": "Short Square",
    "stimulus_relative_amplitude": 1.0,
    "stimulus_start_time": 0.92,
    "stimulus_units": "pA",
    "sweep_number": 16,
    "vm_delta_mv": 0.162208557128906
  },
  {
    "bridge_balance_mohm": 13.2478628158569,
    "id": 464293983,
    "leak_pa": 0.0,
    "num_spikes": 0,
    "peak_deflection": 0.0,
    "post_noise_rms_mv": 0.0403020232915878,
    "post_vm_mv": -78.4320678710938,
    "pre_noise_rms_mv": 0.0410544835031033,
    "pre_vm_mv": -78.7700119018555,
    "slow_noise_rms_mv": 0.193270906805992,
    "slow_vm_mv": -78.7700119018555,
    "specimen_id": 370351753,
    "stimulus_absolute_amplitude": 200.000002670286,
    "stimulus_description": "C1SSCOARSE150112[1]",
    "stimulus_duration": 0.002995,
    "stimulus_interval": 0.0,
    "stimulus_name": "Short Square",
    "stimulus_relative_amplitude": 1.0,
    "stimulus_start_time": 0.92,
    "stimulus_units": "pA",
    "sweep_number": 9,
    "vm_delta_mv": 0.337944030761719
  },
  {
    "bridge_balance_mohm": 13.2478628158569,
    "id": 464293919,
    "leak_pa": 0.0,
    "num_spikes": 27,
    "peak_deflection": 0.0,
    "post_noise_rms_mv": 0.0421191267669201,
    "post_vm_mv": -79.5793075561523,
    "pre_noise_rms_mv": 0.0398430190980434,
    "pre_vm_mv": -79.5980987548828,
    "slow_noise_rms_mv": 0.0871210321784019,
    "slow_vm_mv": -79.5980987548828,
    "specimen_id": 370351753,
    "stimulus_absolute_amplitude": 330.12501066132,
    "stimulus_description": "C1NSSEED_2150216[0]",
    "stimulus_duration": 18.999995,
    "stimulus_interval": 5.0,
    "stimulus_name": "Noise 2",
    "stimulus_relative_amplitude": 1.4,
    "stimulus_start_time": 1.92,
    "stimulus_units": "pA",
    "sweep_number": 56,
    "vm_delta_mv": 0.0187911987304688
  },
  {
    "bridge_balance_mohm": 13.2478628158569,
    "id": 464293931,
    "leak_pa": 0.0,
    "num_spikes": 22,
    "peak_deflection": 0.0,
    "post_noise_rms_mv": 0.0447510406374931,
    "post_vm_mv": -79.679817199707,
    "pre_noise_rms_mv": 0.0451057590544224,
    "pre_vm_mv": -79.5941619873047,
    "slow_noise_rms_mv": 0.185657918453217,
    "slow_vm_mv": -79.5941619873047,
    "specimen_id": 370351753,
    "stimulus_absolute_amplitude": 324.500010195905,
    "stimulus_description": "C1NSSEED_1150216[0]",
    "stimulus_duration": 18.999995,
    "stimulus_interval": 5.0,
    "stimulus_name": "Noise 1",
    "stimulus_relative_amplitude": 1.4,
    "stimulus_start_time": 1.92,
    "stimulus_units": "pA",
    "sweep_number": 61,
    "vm_delta_mv": 0.0856552124023438
  },
  {
    "bridge_balance_mohm": 13.2478628158569,
    "id": 464293879,
    "leak_pa": 0.0,
    "num_spikes": 0,
    "peak_deflection": -51.96875,
    "post_noise_rms_mv": 0.0426834262907505,
    "post_vm_mv": -79.0486907958984,
    "pre_noise_rms_mv": 0.0299820769578218,
    "pre_vm_mv": -78.9562759399414,
    "slow_noise_rms_mv": 0.0921591445803642,
    "slow_vm_mv": -78.9562759399414,
    "specimen_id": 370351753,
    "stimulus_absolute_amplitude": 90.0000005077395,
    "stimulus_description": "C1LSCOARSE150216[10]",
    "stimulus_duration": 0.999995,
    "stimulus_interval": 0.0,
    "stimulus_name": "Long Square",
    "stimulus_relative_amplitude": 1.0,
    "stimulus_start_time": 0.92,
    "stimulus_units": "pA",
    "sweep_number": 38,
    "vm_delta_mv": 0.0924148559570312
  },
  {
    "bridge_balance_mohm": 13.2478628158569,
    "id": 464293921,
    "leak_pa": 0.0,
    "num_spikes": 26,
    "peak_deflection": 0.0,
    "post_noise_rms_mv": 0.0410846285521984,
    "post_vm_mv": -80.3893051147461,
    "pre_noise_rms_mv": 0.0432031936943531,
    "pre_vm_mv": -79.7373275756836,
    "slow_noise_rms_mv": 0.108592048287392,
    "slow_vm_mv": -79.7373275756836,
    "specimen_id": 370351753,
    "stimulus_absolute_amplitude": 324.500010195905,
    "stimulus_description": "C1NSSEED_1150216[0]",
    "stimulus_duration": 18.999995,
    "stimulus_interval": 5.0,
    "stimulus_name": "Noise 1",
    "stimulus_relative_amplitude": 1.4,
    "stimulus_start_time": 1.92,
    "stimulus_units": "pA",
    "sweep_number": 57,
    "vm_delta_mv": 0.6519775390625
  },
  {
    "bridge_balance_mohm": 13.2478628158569,
    "id": 464293833,
    "leak_pa": 0.0,
    "num_spikes": 0,
    "peak_deflection": 0.0,
    "post_noise_rms_mv": 0.0425345748662949,
    "post_vm_mv": -78.6904067993164,
    "pre_noise_rms_mv": 0.0359129868447781,
    "pre_vm_mv": -78.7621612548828,
    "slow_noise_rms_mv": 0.0758690014481544,
    "slow_vm_mv": -78.7621612548828,
    "specimen_id": 370351753,
    "stimulus_absolute_amplitude": 850.000014818164,
    "stimulus_description": "C1SSFINEST150112[0]",
    "stimulus_duration": 0.002995,
    "stimulus_interval": 0.0,
    "stimulus_name": "Short Square",
    "stimulus_relative_amplitude": 8.5,
    "stimulus_start_time": 0.92,
    "stimulus_units": "pA",
    "sweep_number": 17,
    "vm_delta_mv": 0.0717544555664062
  },
  {
    "bridge_balance_mohm": 13.2478628158569,
    "id": 464293851,
    "leak_pa": 0.0,
    "num_spikes": 0,
    "peak_deflection": 0.0,
    "post_noise_rms_mv": 0.0386350601911545,
    "post_vm_mv": -78.8859939575195,
    "pre_noise_rms_mv": 0.0379741154611111,
    "pre_vm_mv": -78.9523696899414,
    "slow_noise_rms_mv": 0.0632226392626762,
    "slow_vm_mv": -78.9523696899414,
    "specimen_id": 370351753,
    "stimulus_absolute_amplitude": 900.000018955183,
    "stimulus_description": "C1SSFINEST150112[0]",
    "stimulus_duration": 0.002995,
    "stimulus_interval": 0.0,
    "stimulus_name": "Short Square",
    "stimulus_relative_amplitude": 9.0,
    "stimulus_start_time": 0.92,
    "stimulus_units": "pA",
    "sweep_number": 25,
    "vm_delta_mv": 0.066375732421875
  },
  {
    "bridge_balance_mohm": 13.2478628158569,
    "id": 464293847,
    "leak_pa": 0.0,
    "num_spikes": 0,
    "peak_deflection": 0.0,
    "post_noise_rms_mv": 0.0460842475295067,
    "post_vm_mv": -78.9972305297852,
    "pre_noise_rms_mv": 0.0416508093476295,
    "pre_vm_mv": -79.1134185791016,
    "slow_noise_rms_mv": 0.0786834508180618,
    "slow_vm_mv": -79.1134185791016,
    "specimen_id": 370351753,
    "stimulus_absolute_amplitude": 900.000018955183,
    "stimulus_description": "C1SSFINEST150112[0]",
    "stimulus_duration": 0.002995,
    "stimulus_interval": 0.0,
    "stimulus_name": "Short Square",
    "stimulus_relative_amplitude": 9.0,
    "stimulus_start_time": 0.92,
    "stimulus_units": "pA",
    "sweep_number": 23,
    "vm_delta_mv": 0.116188049316406
  },
  {
    "bridge_balance_mohm": 13.2478628158569,
    "id": 464293971,
    "leak_pa": 0.0,
    "num_spikes": 0,
    "peak_deflection": 0.0,
    "post_noise_rms_mv": 0.0389040447771549,
    "post_vm_mv": -79.1784973144531,
    "pre_noise_rms_mv": 0.0418879836797714,
    "pre_vm_mv": -79.3232116699219,
    "slow_noise_rms_mv": 0.0803280174732208,
    "slow_vm_mv": -79.3232116699219,
    "specimen_id": 370351753,
    "stimulus_absolute_amplitude": 100.000001335143,
    "stimulus_description": "C1SSCOARSE150112[0]",
    "stimulus_duration": 0.002995,
    "stimulus_interval": 0.0,
    "stimulus_name": "Short Square",
    "stimulus_relative_amplitude": 1.0,
    "stimulus_start_time": 0.92,
    "stimulus_units": "pA",
    "sweep_number": 8,
    "vm_delta_mv": 0.14471435546875
  },
  {
    "bridge_balance_mohm": 13.2478628158569,
    "id": 464293843,
    "leak_pa": 0.0,
    "num_spikes": 1,
    "peak_deflection": 0.0,
    "post_noise_rms_mv": 0.0292570982128382,
    "post_vm_mv": -79.000846862793,
    "pre_noise_rms_mv": 0.0448382534086704,
    "pre_vm_mv": -78.8460235595703,
    "slow_noise_rms_mv": 0.0905132815241814,
    "slow_vm_mv": -78.8460235595703,
    "specimen_id": 370351753,
    "stimulus_absolute_amplitude": 900.000018955183,
    "stimulus_description": "C1SSFINEST150112[0]",
    "stimulus_duration": 0.002995,
    "stimulus_interval": 0.0,
    "stimulus_name": "Short Square",
    "stimulus_relative_amplitude": 9.0,
    "stimulus_start_time": 0.92,
    "stimulus_units": "pA",
    "sweep_number": 21,
    "vm_delta_mv": 0.154823303222656
  },
  {
    "bridge_balance_mohm": 13.2478628158569,
    "id": 464293849,
    "leak_pa": 0.0,
    "num_spikes": 1,
    "peak_deflection": 0.0,
    "post_noise_rms_mv": 0.0425655655562878,
    "post_vm_mv": -79.0328063964844,
    "pre_noise_rms_mv": 0.0446855463087559,
    "pre_vm_mv": -79.065788269043,
    "slow_noise_rms_mv": 0.0609539858996868,
    "slow_vm_mv": -79.065788269043,
    "specimen_id": 370351753,
    "stimulus_absolute_amplitude": 900.000018955183,
    "stimulus_description": "C1SSFINEST150112[0]",
    "stimulus_duration": 0.002995,
    "stimulus_interval": 0.0,
    "stimulus_name": "Short Square",
    "stimulus_relative_amplitude": 9.0,
    "stimulus_start_time": 0.92,
    "stimulus_units": "pA",
    "sweep_number": 24,
    "vm_delta_mv": 0.0329818725585938
  },
  {
    "bridge_balance_mohm": 13.2478628158569,
    "id": 464293875,
    "leak_pa": 0.0,
    "num_spikes": 0,
    "peak_deflection": -63.6875038146973,
    "post_noise_rms_mv": 0.0390930436551571,
    "post_vm_mv": -78.5656204223633,
    "pre_noise_rms_mv": 0.03911517187953,
    "pre_vm_mv": -78.3581085205078,
    "slow_noise_rms_mv": 0.100391954183578,
    "slow_vm_mv": -78.3581085205078,
    "specimen_id": 370351753,
    "stimulus_absolute_amplitude": 50.0000006675716,
    "stimulus_description": "C1LSCOARSE150216[8]",
    "stimulus_duration": 0.999995,
    "stimulus_interval": 0.0,
    "stimulus_name": "Long Square",
    "stimulus_relative_amplitude": 1.0,
    "stimulus_start_time": 0.92,
    "stimulus_units": "pA",
    "sweep_number": 36,
    "vm_delta_mv": 0.207511901855469
  },
  {
    "bridge_balance_mohm": 13.2478628158569,
    "id": 464293871,
    "leak_pa": 0.0,
    "num_spikes": 0,
    "peak_deflection": -75.0,
    "post_noise_rms_mv": 0.0389409586787224,
    "post_vm_mv": -77.9244842529297,
    "pre_noise_rms_mv": 0.0445295311510563,
    "pre_vm_mv": -78.1652374267578,
    "slow_noise_rms_mv": 0.120716288685799,
    "slow_vm_mv": -78.1652374267578,
    "specimen_id": 370351753,
    "stimulus_absolute_amplitude": 9.99999996004197,
    "stimulus_description": "C1LSCOARSE150216[6]",
    "stimulus_duration": 0.999995,
    "stimulus_interval": 0.0,
    "stimulus_name": "Long Square",
    "stimulus_relative_amplitude": 1.0,
    "stimulus_start_time": 0.92,
    "stimulus_units": "pA",
    "sweep_number": 34,
    "vm_delta_mv": 0.240753173828125
  },
  {
    "bridge_balance_mohm": 13.2478628158569,
    "id": 464293955,
    "leak_pa": 0.0,
    "num_spikes": 4,
    "peak_deflection": 0.0,
    "post_noise_rms_mv": 0.0383964627981186,
    "post_vm_mv": -79.5477447509766,
    "pre_noise_rms_mv": 0.0483480617403984,
    "pre_vm_mv": -79.4000778198242,
    "slow_noise_rms_mv": 0.149156123399734,
    "slow_vm_mv": -79.4000778198242,
    "specimen_id": 370351753,
    "stimulus_absolute_amplitude": 180.000001015479,
    "stimulus_description": "C2SQRHELNG150216[0]",
    "stimulus_duration": 1.999995,
    "stimulus_interval": 0.0,
    "stimulus_name": "Square - 2s Suprathreshold",
    "stimulus_relative_amplitude": 1.8,
    "stimulus_start_time": 0.92,
    "stimulus_units": "pA",
    "sweep_number": 72,
    "vm_delta_mv": 0.147666931152344
  },
  {
    "bridge_balance_mohm": 13.2478628158569,
    "id": 464293913,
    "leak_pa": 0.0,
    "num_spikes": 1,
    "peak_deflection": 0.0,
    "post_noise_rms_mv": 0.0398563034832478,
    "post_vm_mv": -79.0171966552734,
    "pre_noise_rms_mv": 0.0397598445415497,
    "pre_vm_mv": -78.8370819091797,
    "slow_noise_rms_mv": 0.216753095388412,
    "slow_vm_mv": -78.8370819091797,
    "specimen_id": 370351753,
    "stimulus_absolute_amplitude": 139.999997705864,
    "stimulus_description": "C1LSFINEST150112[0]",
    "stimulus_duration": 0.999995,
    "stimulus_interval": 0.0,
    "stimulus_name": "Long Square",
    "stimulus_relative_amplitude": 1.4,
    "stimulus_start_time": 0.92,
    "stimulus_units": "pA",
    "sweep_number": 53,
    "vm_delta_mv": 0.18011474609375
  },
  {
    "bridge_balance_mohm": 13.2478628158569,
    "id": 464293853,
    "leak_pa": 0.0,
    "num_spikes": 0,
    "peak_deflection": 0.0,
    "post_noise_rms_mv": 0.0409397520124912,
    "post_vm_mv": -78.7751617431641,
    "pre_noise_rms_mv": 0.0378703512251377,
    "pre_vm_mv": -78.8956985473633,
    "slow_noise_rms_mv": 0.0795917883515358,
    "slow_vm_mv": -78.8956985473633,
    "specimen_id": 370351753,
    "stimulus_absolute_amplitude": 900.000018955183,
    "stimulus_description": "C1SSFINEST150112[0]",
    "stimulus_duration": 0.002995,
    "stimulus_interval": 0.0,
    "stimulus_name": "Short Square",
    "stimulus_relative_amplitude": 9.0,
    "stimulus_start_time": 0.92,
    "stimulus_units": "pA",
    "sweep_number": 26,
    "vm_delta_mv": 0.120536804199219
  },
  {
    "bridge_balance_mohm": 13.2478628158569,
    "id": 464293959,
    "leak_pa": 0.0,
    "num_spikes": 8,
    "peak_deflection": 0.0,
    "post_noise_rms_mv": 0.0375439152121544,
    "post_vm_mv": -79.592903137207,
    "pre_noise_rms_mv": 0.042762603610754,
    "pre_vm_mv": -79.2202758789062,
    "slow_noise_rms_mv": 0.229582831263542,
    "slow_vm_mv": -79.2202758789062,
    "specimen_id": 370351753,
    "stimulus_absolute_amplitude": 220.000004325094,
    "stimulus_description": "C2SQRHELNG150216[0]",
    "stimulus_duration": 1.999995,
    "stimulus_interval": 0.0,
    "stimulus_name": "Square - 2s Suprathreshold",
    "stimulus_relative_amplitude": 2.2,
    "stimulus_start_time": 0.92,
    "stimulus_units": "pA",
    "sweep_number": 74,
    "vm_delta_mv": 0.372627258300781
  },
  {
    "bridge_balance_mohm": 13.2478628158569,
    "id": 464293927,
    "leak_pa": 0.0,
    "num_spikes": 5,
    "peak_deflection": 0.0,
    "post_noise_rms_mv": 0.0,
    "post_vm_mv": 0.0,
    "pre_noise_rms_mv": 0.0413663126528263,
    "pre_vm_mv": -78.878303527832,
    "slow_noise_rms_mv": 0.080323614180088,
    "slow_vm_mv": -78.878303527832,
    "specimen_id": 370351753,
    "stimulus_absolute_amplitude": 800.000010681146,
    "stimulus_description": "C1RP25PR1S141203[0]",
    "stimulus_duration": 31.997495,
    "stimulus_interval": 0.0,
    "stimulus_name": "Ramp",
    "stimulus_relative_amplitude": 1.0,
    "stimulus_start_time": 0.9225,
    "stimulus_units": "pA",
    "sweep_number": 6,
    "vm_delta_mv": 0.0
  },
  {
    "bridge_balance_mohm": 0.0,
    "id": 464293839,
    "leak_pa": 0.0,
    "num_spikes": 0,
    "peak_deflection": 0.0,
    "post_noise_rms_mv": 0.0,
    "post_vm_mv": 0.0,
    "pre_noise_rms_mv": 0.0,
    "pre_vm_mv": 0.0,
    "slow_noise_rms_mv": 0.0,
    "slow_vm_mv": 0.0,
    "specimen_id": 370351753,
    "stimulus_absolute_amplitude": 9.99999977648258,
    "stimulus_description": "EXTPCllATT141203[0]",
    "stimulus_duration": 0.069995,
    "stimulus_interval": 0.05,
    "stimulus_name": "Test",
    "stimulus_relative_amplitude": 1.0,
    "stimulus_start_time": 0.03,
    "stimulus_units": "mV",
    "sweep_number": 2,
    "vm_delta_mv": 0.0
  },
  {
    "bridge_balance_mohm": 13.2478628158569,
    "id": 464293943,
    "leak_pa": 0.0,
    "num_spikes": 1,
    "peak_deflection": 0.0,
    "post_noise_rms_mv": 0.0364216715097427,
    "post_vm_mv": -79.901481628418,
    "pre_noise_rms_mv": 0.0490980371832848,
    "pre_vm_mv": -79.2793731689453,
    "slow_noise_rms_mv": 0.146937534213066,
    "slow_vm_mv": -79.2793731689453,
    "specimen_id": 370351753,
    "stimulus_absolute_amplitude": 139.999997705864,
    "stimulus_description": "C2SQRHELNG150216[0]",
    "stimulus_duration": 1.999995,
    "stimulus_interval": 0.0,
    "stimulus_name": "Square - 2s Suprathreshold",
    "stimulus_relative_amplitude": 1.4,
    "stimulus_start_time": 0.92,
    "stimulus_units": "pA",
    "sweep_number": 67,
    "vm_delta_mv": 0.622108459472656
  },
  {
    "bridge_balance_mohm": 13.2478628158569,
    "id": 464293865,
    "leak_pa": 0.0,
    "num_spikes": 0,
    "peak_deflection": -89.59375,
    "post_noise_rms_mv": 0.0319311432540417,
    "post_vm_mv": -78.589111328125,
    "pre_noise_rms_mv": 0.0441195107996464,
    "pre_vm_mv": -78.8355941772461,
    "slow_noise_rms_mv": 0.0733863860368729,
    "slow_vm_mv": -78.8355941772461,
    "specimen_id": 370351753,
    "stimulus_absolute_amplitude": -50.0000006675716,
    "stimulus_description": "C1LSCOARSE150216[3]",
    "stimulus_duration": 0.999995,
    "stimulus_interval": 0.0,
    "stimulus_name": "Long Square",
    "stimulus_relative_amplitude": 1.0,
    "stimulus_start_time": 0.92,
    "stimulus_units": "pA",
    "sweep_number": 31,
    "vm_delta_mv": 0.246482849121094
  },
  {
    "bridge_balance_mohm": 13.2478628158569,
    "id": 464293961,
    "leak_pa": 0.0,
    "num_spikes": 9,
    "peak_deflection": 0.0,
    "post_noise_rms_mv": 0.0423472784459591,
    "post_vm_mv": -79.672477722168,
    "pre_noise_rms_mv": 0.0393474586308002,
    "pre_vm_mv": -79.5003890991211,
    "slow_noise_rms_mv": 0.23263181746006,
    "slow_vm_mv": -79.5003890991211,
    "specimen_id": 370351753,
    "stimulus_absolute_amplitude": 220.000004325094,
    "stimulus_description": "C2SQRHELNG150216[0]",
    "stimulus_duration": 1.999995,
    "stimulus_interval": 0.0,
    "stimulus_name": "Square - 2s Suprathreshold",
    "stimulus_relative_amplitude": 2.2,
    "stimulus_start_time": 0.92,
    "stimulus_units": "pA",
    "sweep_number": 75,
    "vm_delta_mv": 0.172088623046875
  },
  {
    "bridge_balance_mohm": 13.2478628158569,
    "id": 464293889,
    "leak_pa": 0.0,
    "num_spikes": 13,
    "peak_deflection": 0.0,
    "post_noise_rms_mv": 0.043161291629076,
    "post_vm_mv": -78.6489791870117,
    "pre_noise_rms_mv": 0.040958508849144,
    "pre_vm_mv": -78.8450164794922,
    "slow_noise_rms_mv": 0.107385359704494,
    "slow_vm_mv": -78.8450164794922,
    "specimen_id": 370351753,
    "stimulus_absolute_amplitude": 170.000000188075,
    "stimulus_description": "C1LSCOARSE150216[14]",
    "stimulus_duration": 0.999995,
    "stimulus_interval": 0.0,
    "stimulus_name": "Long Square",
    "stimulus_relative_amplitude": 1.0,
    "stimulus_start_time": 0.92,
    "stimulus_units": "pA",
    "sweep_number": 42,
    "vm_delta_mv": 0.196037292480469
  },
  {
    "bridge_balance_mohm": 0.0,
    "id": 464293981,
    "leak_pa": 0.0,
    "num_spikes": 0,
    "peak_deflection": 0.0,
    "post_noise_rms_mv": 0.0375237241387367,
    "post_vm_mv": -0.400837808847427,
    "pre_noise_rms_mv": 0.0363377518951893,
    "pre_vm_mv": -0.426743388175964,
    "slow_noise_rms_mv": 0.0495449863374233,
    "slow_vm_mv": -0.426743388175964,
    "specimen_id": 370351753,
    "stimulus_absolute_amplitude": 0.0,
    "stimulus_description": "EXTPBLWOUT141203[0]",
    "stimulus_duration": 0.0,
    "stimulus_interval": 0.0,
    "stimulus_name": "Test",
    "stimulus_relative_amplitude": 1.0,
    "stimulus_start_time": 0.0,
    "stimulus_units": "pA",
    "sweep_number": 84,
    "vm_delta_mv": 0.025905579328537
  },
  {
    "bridge_balance_mohm": 0.0,
    "id": 464293817,
    "leak_pa": 0.0,
    "num_spikes": 0,
    "peak_deflection": 0.0,
    "post_noise_rms_mv": 0.0,
    "post_vm_mv": 0.0,
    "pre_noise_rms_mv": 0.0,
    "pre_vm_mv": 0.0,
    "slow_noise_rms_mv": 0.0,
    "slow_vm_mv": 0.0,
    "specimen_id": 370351753,
    "stimulus_absolute_amplitude": 9.99999977648258,
    "stimulus_description": "EXTPINBATH141203[0]",
    "stimulus_duration": 0.069995,
    "stimulus_interval": 0.05,
    "stimulus_name": "Test",
    "stimulus_relative_amplitude": 1.0,
    "stimulus_start_time": 0.03,
    "stimulus_units": "mV",
    "sweep_number": 1,
    "vm_delta_mv": 0.0
  },
  {
    "bridge_balance_mohm": 13.2478628158569,
    "id": 464293951,
    "leak_pa": 0.0,
    "num_spikes": 6,
    "peak_deflection": 0.0,
    "post_noise_rms_mv": 0.0404613949358463,
    "post_vm_mv": -80.4865112304688,
    "pre_noise_rms_mv": 0.0484866350889206,
    "pre_vm_mv": -79.6071929931641,
    "slow_noise_rms_mv": 0.122442781925201,
    "slow_vm_mv": -79.6071929931641,
    "specimen_id": 370351753,
    "stimulus_absolute_amplitude": 180.000001015479,
    "stimulus_description": "C2SQRHELNG150216[0]",
    "stimulus_duration": 1.999995,
    "stimulus_interval": 0.0,
    "stimulus_name": "Square - 2s Suprathreshold",
    "stimulus_relative_amplitude": 1.8,
    "stimulus_start_time": 0.92,
    "stimulus_units": "pA",
    "sweep_number": 70,
    "vm_delta_mv": 0.879318237304688
  },
  {
    "bridge_balance_mohm": 13.2478628158569,
    "id": 464293855,
    "leak_pa": 0.0,
    "num_spikes": 1,
    "peak_deflection": 0.0,
    "post_noise_rms_mv": 0.0436902716755867,
    "post_vm_mv": -78.8048858642578,
    "pre_noise_rms_mv": 0.0471143089234829,
    "pre_vm_mv": -78.8676528930664,
    "slow_noise_rms_mv": 0.11623128503561,
    "slow_vm_mv": -78.8676528930664,
    "specimen_id": 370351753,
    "stimulus_absolute_amplitude": 900.000018955183,
    "stimulus_description": "C1SSFINEST150112[0]",
    "stimulus_duration": 0.002995,
    "stimulus_interval": 0.0,
    "stimulus_name": "Short Square",
    "stimulus_relative_amplitude": 9.0,
    "stimulus_start_time": 0.92,
    "stimulus_units": "pA",
    "sweep_number": 27,
    "vm_delta_mv": 0.0627670288085938
  },
  {
    "bridge_balance_mohm": 13.2478628158569,
    "id": 464293941,
    "leak_pa": 0.0,
    "num_spikes": 1,
    "peak_deflection": 0.0,
    "post_noise_rms_mv": 0.0403557047247887,
    "post_vm_mv": -79.9951019287109,
    "pre_noise_rms_mv": 0.0393561273813248,
    "pre_vm_mv": -79.3568649291992,
    "slow_noise_rms_mv": 0.153206557035446,
    "slow_vm_mv": -79.3568649291992,
    "specimen_id": 370351753,
    "stimulus_absolute_amplitude": 139.999997705864,
    "stimulus_description": "C2SQRHELNG150216[0]",
    "stimulus_duration": 1.999995,
    "stimulus_interval": 0.0,
    "stimulus_name": "Square - 2s Suprathreshold",
    "stimulus_relative_amplitude": 1.4,
    "stimulus_start_time": 0.92,
    "stimulus_units": "pA",
    "sweep_number": 66,
    "vm_delta_mv": 0.638236999511719
  },
  {
    "bridge_balance_mohm": 13.2478628158569,
    "id": 464293929,
    "leak_pa": 0.0,
    "num_spikes": 25,
    "peak_deflection": 0.0,
    "post_noise_rms_mv": 0.0428245477378368,
    "post_vm_mv": -79.2066116333008,
    "pre_noise_rms_mv": 0.0439733043313026,
    "pre_vm_mv": -79.3178329467773,
    "slow_noise_rms_mv": 0.185688570141792,
    "slow_vm_mv": -79.3178329467773,
    "specimen_id": 370351753,
    "stimulus_absolute_amplitude": 330.12501066132,
    "stimulus_description": "C1NSSEED_2150216[0]",
    "stimulus_duration": 18.999995,
    "stimulus_interval": 5.0,
    "stimulus_name": "Noise 2",
    "stimulus_relative_amplitude": 1.4,
    "stimulus_start_time": 1.92,
    "stimulus_units": "pA",
    "sweep_number": 60,
    "vm_delta_mv": 0.111221313476562
  },
  {
    "bridge_balance_mohm": 13.2478628158569,
    "id": 464293905,
    "leak_pa": 0.0,
    "num_spikes": 6,
    "peak_deflection": 0.0,
    "post_noise_rms_mv": 0.0,
    "post_vm_mv": 0.0,
    "pre_noise_rms_mv": 0.0413015931844711,
    "pre_vm_mv": -78.6760177612305,
    "slow_noise_rms_mv": 0.0940717160701752,
    "slow_vm_mv": -78.6760177612305,
    "specimen_id": 370351753,
    "stimulus_absolute_amplitude": 800.000010681146,
    "stimulus_description": "C1RP25PR1S141203[0]",
    "stimulus_duration": 31.997495,
    "stimulus_interval": 0.0,
    "stimulus_name": "Ramp",
    "stimulus_relative_amplitude": 1.0,
    "stimulus_start_time": 0.9225,
    "stimulus_units": "pA",
    "sweep_number": 5,
    "vm_delta_mv": 0.0
  },
  {
    "bridge_balance_mohm": 13.2478628158569,
    "id": 464293939,
    "leak_pa": 0.0,
    "num_spikes": 0,
    "peak_deflection": 0.0,
    "post_noise_rms_mv": 0.0403408631682396,
    "post_vm_mv": -79.2301025390625,
    "pre_noise_rms_mv": 0.0449272133409977,
    "pre_vm_mv": -79.1926879882812,
    "slow_noise_rms_mv": 0.246714770793915,
    "slow_vm_mv": -79.1926879882812,
    "specimen_id": 370351753,
    "stimulus_absolute_amplitude": -200.000002670286,
    "stimulus_description": "C1SQCAPCHK141203[0]",
    "stimulus_duration": 7.819995,
    "stimulus_interval": 0.2,
    "stimulus_name": "Square - 0.5ms Subthreshold",
    "stimulus_relative_amplitude": 1.0,
    "stimulus_start_time": 0.12,
    "stimulus_units": "pA",
    "sweep_number": 65,
    "vm_delta_mv": 0.03741455078125
  },
  {
    "bridge_balance_mohm": 13.2478628158569,
    "id": 464293845,
    "leak_pa": 0.0,
    "num_spikes": 0,
    "peak_deflection": 0.0,
    "post_noise_rms_mv": 0.0416766665875912,
    "post_vm_mv": -78.7870483398438,
    "pre_noise_rms_mv": 0.0437475778162479,
    "pre_vm_mv": -78.6185073852539,
    "slow_noise_rms_mv": 0.122799634933472,
    "slow_vm_mv": -78.6185073852539,
    "specimen_id": 370351753,
    "stimulus_absolute_amplitude": 890.000018127779,
    "stimulus_description": "C1SSFINEST150112[0]",
    "stimulus_duration": 0.002995,
    "stimulus_interval": 0.0,
    "stimulus_name": "Short Square",
    "stimulus_relative_amplitude": 8.9,
    "stimulus_start_time": 0.92,
    "stimulus_units": "pA",
    "sweep_number": 22,
    "vm_delta_mv": 0.168540954589844
  },
  {
    "bridge_balance_mohm": 0.0,
    "id": 464293977,
    "leak_pa": 0.0,
    "num_spikes": 0,
    "peak_deflection": 0.0,
    "post_noise_rms_mv": 0.0,
    "post_vm_mv": 0.0,
    "pre_noise_rms_mv": 0.0,
    "pre_vm_mv": 0.0,
    "slow_noise_rms_mv": 0.0,
    "slow_vm_mv": 0.0,
    "specimen_id": 370351753,
    "stimulus_absolute_amplitude": 9.99999977648258,
    "stimulus_description": "EXTPEXPEND141203[0]",
    "stimulus_duration": 0.069995,
    "stimulus_interval": 0.05,
    "stimulus_name": "Test",
    "stimulus_relative_amplitude": 1.0,
    "stimulus_start_time": 0.03,
    "stimulus_units": "mV",
    "sweep_number": 82,
    "vm_delta_mv": 0.0
  },
  {
    "bridge_balance_mohm": 13.2478628158569,
    "id": 464293945,
    "leak_pa": 0.0,
    "num_spikes": 1,
    "peak_deflection": 0.0,
    "post_noise_rms_mv": 0.0465526543557644,
    "post_vm_mv": -79.261833190918,
    "pre_noise_rms_mv": 0.0364242009818554,
    "pre_vm_mv": -79.0767364501953,
    "slow_noise_rms_mv": 0.146755173802376,
    "slow_vm_mv": -79.0767364501953,
    "specimen_id": 370351753,
    "stimulus_absolute_amplitude": 139.999997705864,
    "stimulus_description": "C2SQRHELNG150216[0]",
    "stimulus_duration": 1.999995,
    "stimulus_interval": 0.0,
    "stimulus_name": "Square - 2s Suprathreshold",
    "stimulus_relative_amplitude": 1.4,
    "stimulus_start_time": 0.92,
    "stimulus_units": "pA",
    "sweep_number": 68,
    "vm_delta_mv": 0.185096740722656
  },
  {
    "bridge_balance_mohm": 13.2478628158569,
    "id": 464293957,
    "leak_pa": 0.0,
    "num_spikes": 4,
    "peak_deflection": 0.0,
    "post_noise_rms_mv": 0.0503614991903305,
    "post_vm_mv": -79.9288482666016,
    "pre_noise_rms_mv": 0.0400493592023849,
    "pre_vm_mv": -79.5404586791992,
    "slow_noise_rms_mv": 0.17602701485157,
    "slow_vm_mv": -79.5404586791992,
    "specimen_id": 370351753,
    "stimulus_absolute_amplitude": 180.000001015479,
    "stimulus_description": "C2SQRHELNG150216[0]",
    "stimulus_duration": 1.999995,
    "stimulus_interval": 0.0,
    "stimulus_name": "Square - 2s Suprathreshold",
    "stimulus_relative_amplitude": 1.8,
    "stimulus_start_time": 0.92,
    "stimulus_units": "pA",
    "sweep_number": 73,
    "vm_delta_mv": 0.388389587402344
  },
  {
    "bridge_balance_mohm": 13.2478628158569,
    "id": 464293923,
    "leak_pa": 0.0,
    "num_spikes": 29,
    "peak_deflection": 0.0,
    "post_noise_rms_mv": 0.0387051030993462,
    "post_vm_mv": -79.2583694458008,
    "pre_noise_rms_mv": 0.0419042408466339,
    "pre_vm_mv": -79.8043823242188,
    "slow_noise_rms_mv": 0.148679122328758,
    "slow_vm_mv": -79.8043823242188,
    "specimen_id": 370351753,
    "stimulus_absolute_amplitude": 330.12501066132,
    "stimulus_description": "C1NSSEED_2150216[0]",
    "stimulus_duration": 18.999995,
    "stimulus_interval": 5.0,
    "stimulus_name": "Noise 2",
    "stimulus_relative_amplitude": 1.4,
    "stimulus_start_time": 1.92,
    "stimulus_units": "pA",
    "sweep_number": 58,
    "vm_delta_mv": 0.546012878417969
  },
  {
    "bridge_balance_mohm": 13.2478628158569,
    "id": 464293881,
    "leak_pa": 0.0,
    "num_spikes": 1,
    "peak_deflection": 0.0,
    "post_noise_rms_mv": 0.0457475483417511,
    "post_vm_mv": -79.042839050293,
    "pre_noise_rms_mv": 0.045378040522337,
    "pre_vm_mv": -79.5883560180664,
    "slow_noise_rms_mv": 0.0682936534285545,
    "slow_vm_mv": -79.5883560180664,
    "specimen_id": 370351753,
    "stimulus_absolute_amplitude": 110.000002162547,
    "stimulus_description": "C1LSCOARSE150216[11]",
    "stimulus_duration": 0.999995,
    "stimulus_interval": 0.0,
    "stimulus_name": "Long Square",
    "stimulus_relative_amplitude": 1.0,
    "stimulus_start_time": 0.92,
    "stimulus_units": "pA",
    "sweep_number": 39,
    "vm_delta_mv": 0.545516967773438
  },
  {
    "bridge_balance_mohm": 13.2478628158569,
    "id": 464293825,
    "leak_pa": 0.0,
    "num_spikes": 0,
    "peak_deflection": 0.0,
    "post_noise_rms_mv": 0.0448611080646515,
    "post_vm_mv": -80.0151214599609,
    "pre_noise_rms_mv": 0.0433939211070538,
    "pre_vm_mv": -79.9188385009766,
    "slow_noise_rms_mv": 0.0879580825567245,
    "slow_vm_mv": -79.9188385009766,
    "specimen_id": 370351753,
    "stimulus_absolute_amplitude": 599.999994133071,
    "stimulus_description": "C1SSCOARSE150112[5]",
    "stimulus_duration": 0.002995,
    "stimulus_interval": 0.0,
    "stimulus_name": "Short Square",
    "stimulus_relative_amplitude": 1.0,
    "stimulus_start_time": 0.92,
    "stimulus_units": "pA",
    "sweep_number": 13,
    "vm_delta_mv": 0.096282958984375
  },
  {
    "bridge_balance_mohm": 0.0,
    "id": 464293815,
    "leak_pa": 0.0,
    "num_spikes": 0,
    "peak_deflection": 0.0,
    "post_noise_rms_mv": 0.0,
    "post_vm_mv": 0.0,
    "pre_noise_rms_mv": 0.0,
    "pre_vm_mv": 0.0,
    "slow_noise_rms_mv": 0.0,
    "slow_vm_mv": 0.0,
    "specimen_id": 370351753,
    "stimulus_absolute_amplitude": 9.99999977648258,
    "stimulus_description": "EXTPSMOKET141203[0]",
    "stimulus_duration": 0.069995,
    "stimulus_interval": 0.05,
    "stimulus_name": "Test",
    "stimulus_relative_amplitude": 1.0,
    "stimulus_start_time": 0.03,
    "stimulus_units": "mV",
    "sweep_number": 0,
    "vm_delta_mv": 0.0
  },
  {
    "bridge_balance_mohm": 13.2478628158569,
    "id": 464293949,
    "leak_pa": 0.0,
    "num_spikes": 5,
    "peak_deflection": 0.0,
    "post_noise_rms_mv": 0.0,
    "post_vm_mv": 0.0,
    "pre_noise_rms_mv": 0.0351030342280865,
    "pre_vm_mv": -79.329231262207,
    "slow_noise_rms_mv": 0.0867150202393532,
    "slow_vm_mv": -79.329231262207,
    "specimen_id": 370351753,
    "stimulus_absolute_amplitude": 800.000010681146,
    "stimulus_description": "C1RP25PR1S141203[0]",
    "stimulus_duration": 31.997495,
    "stimulus_interval": 0.0,
    "stimulus_name": "Ramp",
    "stimulus_relative_amplitude": 1.0,
    "stimulus_start_time": 0.9225,
    "stimulus_units": "pA",
    "sweep_number": 7,
    "vm_delta_mv": 0.0
  },
  {
    "bridge_balance_mohm": 13.2478628158569,
    "id": 464293885,
    "leak_pa": 0.0,
    "num_spikes": 8,
    "peak_deflection": 0.0,
    "post_noise_rms_mv": 0.0414443276822567,
    "post_vm_mv": -79.0690612792969,
    "pre_noise_rms_mv": 0.0334966257214546,
    "pre_vm_mv": -79.1824264526367,
    "slow_noise_rms_mv": 0.148789778351784,
    "slow_vm_mv": -79.1824264526367,
    "specimen_id": 370351753,
    "stimulus_absolute_amplitude": 129.99999687846,
    "stimulus_description": "C1LSCOARSE150216[12]",
    "stimulus_duration": 0.999995,
    "stimulus_interval": 0.0,
    "stimulus_name": "Long Square",
    "stimulus_relative_amplitude": 1.0,
    "stimulus_start_time": 0.92,
    "stimulus_units": "pA",
    "sweep_number": 40,
    "vm_delta_mv": 0.113365173339844
  },
  {
    "bridge_balance_mohm": 13.2478628158569,
    "id": 464293841,
    "leak_pa": 0.0,
    "num_spikes": 1,
    "peak_deflection": 0.0,
    "post_noise_rms_mv": 0.0459637008607388,
    "post_vm_mv": -78.7276992797852,
    "pre_noise_rms_mv": 0.0409854054450989,
    "pre_vm_mv": -78.7817535400391,
    "slow_noise_rms_mv": 0.0667156800627708,
    "slow_vm_mv": -78.7817535400391,
    "specimen_id": 370351753,
    "stimulus_absolute_amplitude": 910.000019782586,
    "stimulus_description": "C1SSFINEST150112[0]",
    "stimulus_duration": 0.002995,
    "stimulus_interval": 0.0,
    "stimulus_name": "Short Square",
    "stimulus_relative_amplitude": 9.1,
    "stimulus_start_time": 0.92,
    "stimulus_units": "pA",
    "sweep_number": 20,
    "vm_delta_mv": 0.0540542602539062
  },
  {
    "bridge_balance_mohm": 13.2478628158569,
    "id": 464293893,
    "leak_pa": 0.0,
    "num_spikes": 16,
    "peak_deflection": 0.0,
    "post_noise_rms_mv": 0.0407686606049538,
    "post_vm_mv": -78.2361831665039,
    "pre_noise_rms_mv": 0.0383666269481182,
    "pre_vm_mv": -78.6293029785156,
    "slow_noise_rms_mv": 0.112173274159431,
    "slow_vm_mv": -78.6293029785156,
    "specimen_id": 370351753,
    "stimulus_absolute_amplitude": 210.00000349769,
    "stimulus_description": "C1LSCOARSE150216[16]",
    "stimulus_duration": 0.999995,
    "stimulus_interval": 0.0,
    "stimulus_name": "Long Square",
    "stimulus_relative_amplitude": 1.0,
    "stimulus_start_time": 0.92,
    "stimulus_units": "pA",
    "sweep_number": 44,
    "vm_delta_mv": 0.393119812011719
  },
  {
    "bridge_balance_mohm": 13.2478628158569,
    "id": 464293917,
    "leak_pa": 0.0,
    "num_spikes": 31,
    "peak_deflection": 0.0,
    "post_noise_rms_mv": 0.0346371829509735,
    "post_vm_mv": -79.5462112426758,
    "pre_noise_rms_mv": 0.0407912321388721,
    "pre_vm_mv": -79.1777725219727,
    "slow_noise_rms_mv": 0.0800563618540764,
    "slow_vm_mv": -79.1777725219727,
    "specimen_id": 370351753,
    "stimulus_absolute_amplitude": 324.500010195905,
    "stimulus_description": "C1NSSEED_1150216[0]",
    "stimulus_duration": 18.999995,
    "stimulus_interval": 5.0,
    "stimulus_name": "Noise 1",
    "stimulus_relative_amplitude": 1.4,
    "stimulus_start_time": 1.92,
    "stimulus_units": "pA",
    "sweep_number": 55,
    "vm_delta_mv": 0.368438720703125
  },
  {
    "bridge_balance_mohm": 13.2478628158569,
    "id": 464293937,
    "leak_pa": 0.0,
    "num_spikes": 0,
    "peak_deflection": 0.0,
    "post_noise_rms_mv": 0.0412185117602348,
    "post_vm_mv": -79.0329437255859,
    "pre_noise_rms_mv": 0.0434598922729492,
    "pre_vm_mv": -79.4447860717773,
    "slow_noise_rms_mv": 0.242132008075714,
    "slow_vm_mv": -79.4447860717773,
    "specimen_id": 370351753,
    "stimulus_absolute_amplitude": -200.000002670286,
    "stimulus_description": "C1SQCAPCHK141203[0]",
    "stimulus_duration": 7.819995,
    "stimulus_interval": 0.2,
    "stimulus_name": "Square - 0.5ms Subthreshold",
    "stimulus_relative_amplitude": 1.0,
    "stimulus_start_time": 0.12,
    "stimulus_units": "pA",
    "sweep_number": 64,
    "vm_delta_mv": 0.411842346191406
  },
  {
    "bridge_balance_mohm": 13.2478628158569,
    "id": 464293829,
    "leak_pa": 0.0,
    "num_spikes": 0,
    "peak_deflection": 0.0,
    "post_noise_rms_mv": 0.0410017557442188,
    "post_vm_mv": -78.8258590698242,
    "pre_noise_rms_mv": 0.0455250702798367,
    "pre_vm_mv": -78.9450607299805,
    "slow_noise_rms_mv": 0.11963177472353,
    "slow_vm_mv": -78.9450607299805,
    "specimen_id": 370351753,
    "stimulus_absolute_amplitude": 800.000010681146,
    "stimulus_description": "C1SSCOARSE150112[7]",
    "stimulus_duration": 0.002995,
    "stimulus_interval": 0.0,
    "stimulus_name": "Short Square",
    "stimulus_relative_amplitude": 1.0,
    "stimulus_start_time": 0.92,
    "stimulus_units": "pA",
    "sweep_number": 15,
    "vm_delta_mv": 0.11920166015625
  },
  {
    "bridge_balance_mohm": 13.2478628158569,
    "id": 464293897,
    "leak_pa": 0.0,
    "num_spikes": 21,
    "peak_deflection": 0.0,
    "post_noise_rms_mv": 0.043728269636631,
    "post_vm_mv": -77.7178268432617,
    "pre_noise_rms_mv": 0.0416891537606716,
    "pre_vm_mv": -78.3022766113281,
    "slow_noise_rms_mv": 0.145141378045082,
    "slow_vm_mv": -78.3022766113281,
    "specimen_id": 370351753,
    "stimulus_absolute_amplitude": 249.999992929517,
    "stimulus_description": "C1LSCOARSE150216[18]",
    "stimulus_duration": 0.999995,
    "stimulus_interval": 0.0,
    "stimulus_name": "Long Square",
    "stimulus_relative_amplitude": 1.0,
    "stimulus_start_time": 0.92,
    "stimulus_units": "pA",
    "sweep_number": 46,
    "vm_delta_mv": 0.584449768066406
  },
  {
    "bridge_balance_mohm": 13.2478628158569,
    "id": 464293895,
    "leak_pa": 0.0,
    "num_spikes": 19,
    "peak_deflection": 0.0,
    "post_noise_rms_mv": 0.0350281223654747,
    "post_vm_mv": -78.1245651245117,
    "pre_noise_rms_mv": 0.0369768105447292,
    "pre_vm_mv": -78.6269073486328,
    "slow_noise_rms_mv": 0.107491545379162,
    "slow_vm_mv": -78.6269073486328,
    "specimen_id": 370351753,
    "stimulus_absolute_amplitude": 230.000005152498,
    "stimulus_description": "C1LSCOARSE150216[17]",
    "stimulus_duration": 0.999995,
    "stimulus_interval": 0.0,
    "stimulus_name": "Long Square",
    "stimulus_relative_amplitude": 1.0,
    "stimulus_start_time": 0.92,
    "stimulus_units": "pA",
    "sweep_number": 45,
    "vm_delta_mv": 0.502342224121094
  },
  {
    "bridge_balance_mohm": 13.2478628158569,
    "id": 464293909,
    "leak_pa": 0.0,
    "num_spikes": 1,
    "peak_deflection": 0.0,
    "post_noise_rms_mv": 0.0431087389588356,
    "post_vm_mv": -78.2402648925781,
    "pre_noise_rms_mv": 0.0411527678370476,
    "pre_vm_mv": -78.5787048339844,
    "slow_noise_rms_mv": 0.153724908828735,
    "slow_vm_mv": -78.5787048339844,
    "specimen_id": 370351753,
    "stimulus_absolute_amplitude": 139.999997705864,
    "stimulus_description": "C1LSFINEST150112[0]",
    "stimulus_duration": 0.999995,
    "stimulus_interval": 0.0,
    "stimulus_name": "Long Square",
    "stimulus_relative_amplitude": 1.4,
    "stimulus_start_time": 0.92,
    "stimulus_units": "pA",
    "sweep_number": 51,
    "vm_delta_mv": 0.33843994140625
  },
  {
    "bridge_balance_mohm": 13.2478628158569,
    "id": 464293911,
    "leak_pa": 0.0,
    "num_spikes": 1,
    "peak_deflection": 0.0,
    "post_noise_rms_mv": 0.0468055605888367,
    "post_vm_mv": -78.7996139526367,
    "pre_noise_rms_mv": 0.0425186343491077,
    "pre_vm_mv": -78.9549407958984,
    "slow_noise_rms_mv": 0.135337829589844,
    "slow_vm_mv": -78.9549407958984,
    "specimen_id": 370351753,
    "stimulus_absolute_amplitude": 139.999997705864,
    "stimulus_description": "C1LSFINEST150112[0]",
    "stimulus_duration": 0.999995,
    "stimulus_interval": 0.0,
    "stimulus_name": "Long Square",
    "stimulus_relative_amplitude": 1.4,
    "stimulus_start_time": 0.92,
    "stimulus_units": "pA",
    "sweep_number": 52,
    "vm_delta_mv": 0.155326843261719
  },
  {
    "bridge_balance_mohm": 13.2478628158569,
    "id": 464293965,
    "leak_pa": 0.0,
    "num_spikes": 8,
    "peak_deflection": 0.0,
    "post_noise_rms_mv": 0.0324212983250618,
    "post_vm_mv": -79.0965270996094,
    "pre_noise_rms_mv": 0.0342294685542583,
    "pre_vm_mv": -79.1800842285156,
    "slow_noise_rms_mv": 0.182980954647064,
    "slow_vm_mv": -79.1800842285156,
    "specimen_id": 370351753,
    "stimulus_absolute_amplitude": 220.000004325094,
    "stimulus_description": "C2SQRHELNG150216[0]",
    "stimulus_duration": 1.999995,
    "stimulus_interval": 0.0,
    "stimulus_name": "Square - 2s Suprathreshold",
    "stimulus_relative_amplitude": 2.2,
    "stimulus_start_time": 0.92,
    "stimulus_units": "pA",
    "sweep_number": 77,
    "vm_delta_mv": 0.08355712890625
  },
  {
    "bridge_balance_mohm": 13.2478628158569,
    "id": 464293891,
    "leak_pa": 0.0,
    "num_spikes": 15,
    "peak_deflection": 0.0,
    "post_noise_rms_mv": 0.0392290279269218,
    "post_vm_mv": -78.2311477661133,
    "pre_noise_rms_mv": 0.0349185988306999,
    "pre_vm_mv": -78.9749908447266,
    "slow_noise_rms_mv": 0.139066576957703,
    "slow_vm_mv": -78.9749908447266,
    "specimen_id": 370351753,
    "stimulus_absolute_amplitude": 190.000001842883,
    "stimulus_description": "C1LSCOARSE150216[15]",
    "stimulus_duration": 0.999995,
    "stimulus_interval": 0.0,
    "stimulus_name": "Long Square",
    "stimulus_relative_amplitude": 1.0,
    "stimulus_start_time": 0.92,
    "stimulus_units": "pA",
    "sweep_number": 43,
    "vm_delta_mv": 0.743843078613281
  },
  {
    "bridge_balance_mohm": 13.2478628158569,
    "id": 464293821,
    "leak_pa": 0.0,
    "num_spikes": 0,
    "peak_deflection": 0.0,
    "post_noise_rms_mv": 0.0405594184994698,
    "post_vm_mv": -78.9499588012695,
    "pre_noise_rms_mv": 0.0263164453208447,
    "pre_vm_mv": -79.0281219482422,
    "slow_noise_rms_mv": 0.0941582471132278,
    "slow_vm_mv": -79.0281219482422,
    "specimen_id": 370351753,
    "stimulus_absolute_amplitude": 400.000005340573,
    "stimulus_description": "C1SSCOARSE150112[3]",
    "stimulus_duration": 0.002995,
    "stimulus_interval": 0.0,
    "stimulus_name": "Short Square",
    "stimulus_relative_amplitude": 1.0,
    "stimulus_start_time": 0.92,
    "stimulus_units": "pA",
    "sweep_number": 11,
    "vm_delta_mv": 0.0781631469726562
  },
  {
    "bridge_balance_mohm": 13.2478628158569,
    "id": 464293863,
    "leak_pa": 0.0,
    "num_spikes": 0,
    "peak_deflection": -92.0625,
    "post_noise_rms_mv": 0.0361251570284367,
    "post_vm_mv": -77.9486923217773,
    "pre_noise_rms_mv": 0.041839137673378,
    "pre_vm_mv": -77.8008575439453,
    "slow_noise_rms_mv": 0.129218012094498,
    "slow_vm_mv": -77.8008575439453,
    "specimen_id": 370351753,
    "stimulus_absolute_amplitude": -69.9999988529321,
    "stimulus_description": "C1LSCOARSE150216[2]",
    "stimulus_duration": 0.999995,
    "stimulus_interval": 0.0,
    "stimulus_name": "Long Square",
    "stimulus_relative_amplitude": 1.0,
    "stimulus_start_time": 0.92,
    "stimulus_units": "pA",
    "sweep_number": 30,
    "vm_delta_mv": 0.147834777832031
  },
  {
    "bridge_balance_mohm": 13.2478628158569,
    "id": 464293819,
    "leak_pa": 0.0,
    "num_spikes": 0,
    "peak_deflection": 0.0,
    "post_noise_rms_mv": 0.0411217696964741,
    "post_vm_mv": -78.5869522094727,
    "pre_noise_rms_mv": 0.0336141586303711,
    "pre_vm_mv": -78.4978713989258,
    "slow_noise_rms_mv": 0.092472530901432,
    "slow_vm_mv": -78.4978713989258,
    "specimen_id": 370351753,
    "stimulus_absolute_amplitude": 299.999997066536,
    "stimulus_description": "C1SSCOARSE150112[2]",
    "stimulus_duration": 0.002995,
    "stimulus_interval": 0.0,
    "stimulus_name": "Short Square",
    "stimulus_relative_amplitude": 1.0,
    "stimulus_start_time": 0.92,
    "stimulus_units": "pA",
    "sweep_number": 10,
    "vm_delta_mv": 0.089080810546875
  },
  {
    "bridge_balance_mohm": 13.2478628158569,
    "id": 464293887,
    "leak_pa": 0.0,
    "num_spikes": 10,
    "peak_deflection": 0.0,
    "post_noise_rms_mv": 0.0386802181601524,
    "post_vm_mv": -79.001091003418,
    "pre_noise_rms_mv": 0.0386203490197659,
    "pre_vm_mv": -79.2903594970703,
    "slow_noise_rms_mv": 0.151328012347221,
    "slow_vm_mv": -79.2903594970703,
    "specimen_id": 370351753,
    "stimulus_absolute_amplitude": 149.999998533268,
    "stimulus_description": "C1LSCOARSE150216[13]",
    "stimulus_duration": 0.999995,
    "stimulus_interval": 0.0,
    "stimulus_name": "Long Square",
    "stimulus_relative_amplitude": 1.0,
    "stimulus_start_time": 0.92,
    "stimulus_units": "pA",
    "sweep_number": 41,
    "vm_delta_mv": 0.289268493652344
  }
]