{
  "passive": [
    {
      "ra": 40.56, 
      "cm": [
        {
          "section": "soma", 
          "cm": 1.0
        }, 
        {
          "section": "axon", 
          "cm": 1.0
        }, 
        {
          "section": "apic", 
          "cm": 2.46
        }, 
        {
          "section": "dend", 
          "cm": 2.46
        }
      ], 
      "e_pas": -90.75083414713542
    }
  ], 
  "axon_morph": [
    {
      "delete_axon": [
        "forsec axonal{delete_section()}", 
        "  create axon[2]", 
        "  axon[0]{", 
        "    L= 30", 
        "    diam = 1", 
        "    nseg = 1+2*int(L/40)", 
        "    all.append()", 
        "    axonal.append()", 
        "  }", 
        "  axon[1]{", 
        "    L= 30", 
        "    diam = 1", 
        "    nseg = 1+2*int(L/40)", 
        "    all.append()", 
        "    axonal.append()", 
        "  }", 
        "", 
        "nSecAxonal = 2", 
        "connect axon(0), soma(0.5)", 
        "connect axon[1](0), axon[0](1) ", 
        "access soma"
      ], 
      "setup_line": "create soma[1], dend[1], apic[1], axon[1]"
    }
  ], 
  "fitting": [
    {
      "sweeps_2": [
        66, 
        67, 
        68
      ], 
      "junction_potential": -14.0, 
      "sweeps": [
        69, 
        70, 
        71
      ]
    }
  ], 
  "conditions": [
    {
      "celsius": 34.0, 
      "erev": [
        {
          "ena": 53.0, 
          "section": "soma", 
          "ek": -107.0
        }
      ], 
      "v_init": -90.75083414713542
    }
  ], 
  "genome": [
    {
      "value": 5.3925071183099999e-05, 
      "section": "soma", 
      "name": "gbar_Im", 
      "mechanism": "Im"
    }, 
    {
      "value": 4.8259520819399997e-05, 
      "section": "soma", 
      "name": "gbar_Ih", 
      "mechanism": "Ih"
    }, 
    {
      "value": 0.40814503943499997, 
      "section": "soma", 
      "name": "gbar_NaTs", 
      "mechanism": "NaTs"
    }, 
    {
      "value": 0.00037577985893400001, 
      "section": "soma", 
      "name": "gbar_Nap", 
      "mechanism": "Nap"
    }, 
    {
      "value": 0.032204478337799998, 
      "section": "soma", 
      "name": "gbar_K_P", 
      "mechanism": "K_P"
    }, 
    {
      "value": 0.0016342605777, 
      "section": "soma", 
      "name": "gbar_K_T", 
      "mechanism": "K_T"
    }, 
    {
      "value": 0.0047443481271400006, 
      "section": "soma", 
      "name": "gbar_SK", 
      "mechanism": "SK"
    }, 
    {
      "value": 0.183086679305, 
      "section": "soma", 
      "name": "gbar_Kv3_1", 
      "mechanism": "Kv3_1"
    }, 
    {
      "value": 0.00088908873000300012, 
      "section": "soma", 
      "name": "gbar_Ca_HVA", 
      "mechanism": "Ca_HVA"
    }, 
    {
      "value": 0.00031576483255699997, 
      "section": "soma", 
      "name": "gbar_Ca_LVA", 
      "mechanism": "Ca_LVA"
    }, 
    {
      "value": 0.00042605594689899996, 
      "section": "soma", 
      "name": "gamma_CaDynamics", 
      "mechanism": "CaDynamics"
    }, 
    {
      "value": 930.25829517600005, 
      "section": "soma", 
      "name": "decay_CaDynamics", 
      "mechanism": "CaDynamics"
    }, 
    {
      "value": 0.00010884697518000001, 
      "section": "soma", 
      "name": "g_pas", 
      "mechanism": ""
    }, 
    {
      "value": 0.00048518615932599996, 
      "section": "axon", 
      "name": "g_pas", 
      "mechanism": ""
    }, 
    {
      "value": 1.2184136676899999e-05, 
      "section": "dend", 
      "name": "g_pas", 
      "mechanism": ""
    }, 
    {
      "value": 0.000159058118123, 
      "section": "apic", 
      "name": "g_pas", 
      "mechanism": ""
    }
  ]
}