{"id":471087975,"name":"Biophysical - perisomatic_Rorb-IRES2-Cre-D;Ai14(IVSCC)-168053.06.01.01","neuronal_model_template_id":329230710,"specimen_id":314822529,"well_known_files":[{"attachable_id":471087975,"attachable_type":"NeuronalModel","download_link":"/api/v2/well_known_file_download/475325282","id":475325282,"path":"/external/mousecelltypes/prod277/neuronal_model_471087975/471087975_fit.json","well_known_file_type_id":329230374,"well_known_file_type":{"id":329230374,"name":"NeuronalModelParameters"}}],"neuronal_model_template":{"description":"Biophys neuronal model template","id":329230710,"name":"Biophysical - perisomatic","well_known_files":[{"attachable_id":305094322,"attachable_type":"Product","download_link":"/api/v2/well_known_file_download/395337062","id":395337062,"path":"/external/mousecelltypes/prod210/project_in vitro Single Cell Characterization_T301/Kv3_1.mod","well_known_file_type_id":292178729,"well_known_file_type":{"id":292178729,"name":"BiophysicalModelDescription"}},{"attachable_id":305094322,"attachable_type":"Product","download_link":"/api/v2/well_known_file_download/395337293","id":395337293,"path":"/external/mousecelltypes/prod210/project_in vitro Single Cell Characterization_T301/SK.mod","well_known_file_type_id":292178729,"well_known_file_type":{"id":292178729,"name":"BiophysicalModelDescription"}},{"attachable_id":305094322,"attachable_type":"Product","download_link":"/api/v2/well_known_file_download/395337054","id":395337054,"path":"/external/mousecelltypes/prod210/project_in vitro Single Cell Characterization_T301/Kd.mod","well_known_file_type_id":292178729,"well_known_file_type":{"id":292178729,"name":"BiophysicalModelDescription"}},{"attachable_id":305094322,"attachable_type":"Product","download_link":"/api/v2/well_known_file_download/395337070","id":395337070,"path":"/external/mousecelltypes/prod210/project_in vitro Single Cell Characterization_T301/NaTa.mod","well_known_file_type_id":292178729,"well_known_file_type":{"id":292178729,"name":"BiophysicalModelDescription"}},{"attachable_id":305094322,"attachable_type":"Product","download_link":"/api/v2/well_known_file_download/395337225","id":395337225,"path":"/external/mousecelltypes/prod210/project_in vitro Single Cell Characterization_T301/NaTs.mod","well_known_file_type_id":292178729,"well_known_file_type":{"id":292178729,"name":"BiophysicalModelDescription"}},{"attachable_id":305094322,"attachable_type":"Product","download_link":"/api/v2/well_known_file_download/395337019","id":395337019,"path":"/external/mousecelltypes/prod210/project_in vitro Single Cell Characterization_T301/Im.mod","well_known_file_type_id":292178729,"well_known_file_type":{"id":292178729,"name":"BiophysicalModelDescription"}},{"attachable_id":305094322,"attachable_type":"Product","download_link":"/api/v2/well_known_file_download/395337003","id":395337003,"path":"/external/mousecelltypes/prod210/project_in vitro Single Cell Characterization_T301/Ca_HVA.mod","well_known_file_type_id":292178729,"well_known_file_type":{"id":292178729,"name":"BiophysicalModelDescription"}},{"attachable_id":305094322,"attachable_type":"Product","download_link":"/api/v2/well_known_file_download/395337050","id":395337050,"path":"/external/mousecelltypes/prod210/project_in vitro Single Cell Characterization_T301/K_T.mod","well_known_file_type_id":292178729,"well_known_file_type":{"id":292178729,"name":"BiophysicalModelDescription"}},{"attachable_id":305094322,"attachable_type":"Product","download_link":"/api/v2/well_known_file_download/395337042","id":395337042,"path":"/external/mousecelltypes/prod210/project_in vitro Single Cell Characterization_T301/Im_v2.mod","well_known_file_type_id":292178729,"well_known_file_type":{"id":292178729,"name":"BiophysicalModelDescription"}},{"attachable_id":305094322,"attachable_type":"Product","download_link":"/api/v2/well_known_file_download/395337058","id":395337058,"path":"/external/mousecelltypes/prod210/project_in vitro Single Cell Characterization_T301/Kv2like.mod","well_known_file_type_id":292178729,"well_known_file_type":{"id":292178729,"name":"BiophysicalModelDescription"}},{"attachable_id":305094322,"attachable_type":"Product","download_link":"/api/v2/well_known_file_download/395337011","id":395337011,"path":"/external/mousecelltypes/prod210/project_in vitro Single Cell Characterization_T301/CaDynamics.mod","well_known_file_type_id":292178729,"well_known_file_type":{"id":292178729,"name":"BiophysicalModelDescription"}},{"attachable_id":305094322,"attachable_type":"Product","download_link":"/api/v2/well_known_file_download/395337046","id":395337046,"path":"/external/mousecelltypes/prod210/project_in vitro Single Cell Characterization_T301/K_P.mod","well_known_file_type_id":292178729,"well_known_file_type":{"id":292178729,"name":"BiophysicalModelDescription"}},{"attachable_id":305094322,"attachable_type":"Product","download_link":"/api/v2/well_known_file_download/395337015","id":395337015,"path":"/external/mousecelltypes/prod210/project_in vitro Single Cell Characterization_T301/Ih.mod","well_known_file_type_id":292178729,"well_known_file_type":{"id":292178729,"name":"BiophysicalModelDescription"}},{"attachable_id":305094322,"attachable_type":"Product","download_link":"/api/v2/well_known_file_download/395337066","id":395337066,"path":"/external/mousecelltypes/prod210/project_in vitro Single Cell Characterization_T301/Nap.mod","well_known_file_type_id":292178729,"well_known_file_type":{"id":292178729,"name":"BiophysicalModelDescription"}},{"attachable_id":305094322,"attachable_type":"Product","download_link":"/api/v2/well_known_file_download/464138096","id":464138096,"path":"/external/mousecelltypes/prod251/project_in vitro Single Cell Characterization_T301/NaV.mod","well_known_file_type_id":292178729,"well_known_file_type":{"id":292178729,"name":"BiophysicalModelDescription"}},{"attachable_id":305094322,"attachable_type":"Product","download_link":"/api/v2/well_known_file_download/395337007","id":395337007,"path":"/external/mousecelltypes/prod210/project_in vitro Single Cell Characterization_T301/Ca_LVA.mod","well_known_file_type_id":292178729,"well_known_file_type":{"id":292178729,"name":"BiophysicalModelDescription"}}]},"specimen":{"donor_id":313403626,"ephys_result_id":314822527,"external_specimen_name":null,"failed_facet":734881840,"hemisphere":"left","id":314822529,"is_cell_specimen":true,"is_ish":false,"name":"Rorb-IRES2-Cre-D;Ai14(IVSCC)-168053.06.01.01","parent_id":314794545,"parent_x_coord":0,"parent_y_coord":0,"parent_z_coord":1,"rna_integrity_number":null,"specimen_id_path":"/313403628/314792907/314794545/314822529/","sphinx_id":47548,"structure_id":778,"tissue_ph":null,"weight":9000,"neuron_reconstructions":[{"average_bifurcation_angle_local":77.0507,"average_bifurcation_angle_remote":64.4975,"average_contraction":0.819748,"average_diameter":0.452185,"average_fragmentation":37.9817,"average_parent_daughter_ratio":0.957343,"hausdorff_dimension":1.25132,"id":469628773,"max_branch_order":12.0,"max_euclidean_distance":710.532,"max_path_distance":957.704,"number_bifurcations":50,"number_branches":109,"number_nodes":4250,"number_stems":7,"number_tips":60,"overall_depth":95.4797,"overall_height":544.773,"overall_width":851.594,"scale_factor_x":0.1144,"scale_factor_y":0.1144,"scale_factor_z":0.28,"soma_surface":961.695,"specimen_id":314822529,"tags":"3D Neuron Reconstruction morphology","total_length":5157.46,"total_surface":7327.24,"total_volume":944.544,"well_known_files":[{"attachable_id":469628773,"attachable_type":"NeuronReconstruction","download_link":"/api/v2/well_known_file_download/469628775","id":469628775,"path":"/external/mousecelltypes/prod149/specimen_314822529/Rorb-IRES2-Cre-D_Ai14_IVSCC_-168053.06.01.01_469628773_m.swc","well_known_file_type_id":303941301,"well_known_file_type":{"id":303941301,"name":"3DNeuronReconstruction"}}]}]}}