[
  {
    "bridge_balance_mohm": 13.0036630630493,
    "id": 466346919,
    "leak_pa": 0.0,
    "num_spikes": 0,
    "peak_deflection": 0.0,
    "post_noise_rms_mv": 0.0507401973009109,
    "post_vm_mv": -70.3432235717773,
    "pre_noise_rms_mv": 0.0312341693788767,
    "pre_vm_mv": -70.6981506347656,
    "slow_noise_rms_mv": 0.305559158325195,
    "slow_vm_mv": -70.6981506347656,
    "specimen_id": 466245544,
    "stimulus_absolute_amplitude": 360.000002030958,
    "stimulus_description": "C1SSFINEST150112[0]",
    "stimulus_duration": 0.002995,
    "stimulus_interval": 0.0,
    "stimulus_name": "Short Square",
    "stimulus_relative_amplitude": 3.6,
    "stimulus_start_time": 0.92,
    "stimulus_units": "pA",
    "sweep_number": 12,
    "vm_delta_mv": 0.354927062988281
  },
  {
    "bridge_balance_mohm": 13.0036630630493,
    "id": 466347032,
    "leak_pa": 0.0,
    "num_spikes": 137,
    "peak_deflection": 0.0,
    "post_noise_rms_mv": 0.055195439606905,
    "post_vm_mv": -71.4440383911133,
    "pre_noise_rms_mv": 0.0433469861745834,
    "pre_vm_mv": -70.1749801635742,
    "slow_noise_rms_mv": 0.174382254481316,
    "slow_vm_mv": -70.1749801635742,
    "specimen_id": 466245544,
    "stimulus_absolute_amplitude": 309.999997893939,
    "stimulus_description": "C1LSCOARSE150112[21]",
    "stimulus_duration": 0.999995,
    "stimulus_interval": 0.0,
    "stimulus_name": "Long Square",
    "stimulus_relative_amplitude": 1.0,
    "stimulus_start_time": 0.92,
    "stimulus_units": "pA",
    "sweep_number": 42,
    "vm_delta_mv": 1.26905822753906
  },
  {
    "bridge_balance_mohm": 13.0036630630493,
    "id": 466347036,
    "leak_pa": 0.0,
    "num_spikes": 7,
    "peak_deflection": 0.0,
    "post_noise_rms_mv": 0.0421344749629498,
    "post_vm_mv": -70.4324035644531,
    "pre_noise_rms_mv": 0.0356326252222061,
    "pre_vm_mv": -69.8939971923828,
    "slow_noise_rms_mv": 0.195208355784416,
    "slow_vm_mv": -69.8939971923828,
    "specimen_id": 466245544,
    "stimulus_absolute_amplitude": 180.000001015479,
    "stimulus_description": "C1LSFINEST150112[0]",
    "stimulus_duration": 0.999995,
    "stimulus_interval": 0.0,
    "stimulus_name": "Long Square",
    "stimulus_relative_amplitude": 1.8,
    "stimulus_start_time": 0.92,
    "stimulus_units": "pA",
    "sweep_number": 43,
    "vm_delta_mv": 0.538406372070312
  },
  {
    "bridge_balance_mohm": 13.0036630630493,
    "id": 466347229,
    "leak_pa": 0.0,
    "num_spikes": 0,
    "peak_deflection": 0.0,
    "post_noise_rms_mv": 0.0421063266694546,
    "post_vm_mv": -70.2870483398438,
    "pre_noise_rms_mv": 0.0394954904913902,
    "pre_vm_mv": -70.324333190918,
    "slow_noise_rms_mv": 0.470721542835236,
    "slow_vm_mv": -70.324333190918,
    "specimen_id": 466245544,
    "stimulus_absolute_amplitude": 200.000002670286,
    "stimulus_description": "C1SSCOARSE150112[1]",
    "stimulus_duration": 0.002995,
    "stimulus_interval": 0.0,
    "stimulus_name": "Short Square",
    "stimulus_relative_amplitude": 1.0,
    "stimulus_start_time": 0.92,
    "stimulus_units": "pA",
    "sweep_number": 8,
    "vm_delta_mv": 0.0372848510742188
  },
  {
    "bridge_balance_mohm": 13.0036630630493,
    "id": 466347115,
    "leak_pa": 0.0,
    "num_spikes": 0,
    "peak_deflection": 0.0,
    "post_noise_rms_mv": 0.0611559338867664,
    "post_vm_mv": -80.8810501098633,
    "pre_noise_rms_mv": 0.0437811203300953,
    "pre_vm_mv": -80.779296875,
    "slow_noise_rms_mv": 0.267947733402252,
    "slow_vm_mv": -80.779296875,
    "specimen_id": 466245544,
    "stimulus_absolute_amplitude": 599.999994133071,
    "stimulus_description": "C2SSHM80CS150112[5]",
    "stimulus_duration": 0.002995,
    "stimulus_interval": 0.0,
    "stimulus_name": "Short Square - Hold -80mV",
    "stimulus_relative_amplitude": 1.0,
    "stimulus_start_time": 0.92,
    "stimulus_units": "pA",
    "sweep_number": 64,
    "vm_delta_mv": 0.101753234863281
  },
  {
    "bridge_balance_mohm": 13.0036630630493,
    "id": 466347232,
    "leak_pa": 0.0,
    "num_spikes": 1,
    "peak_deflection": 0.0,
    "post_noise_rms_mv": 0.041887566447258,
    "post_vm_mv": -58.9012985229492,
    "pre_noise_rms_mv": 0.0490599349141121,
    "pre_vm_mv": -58.8742408752441,
    "slow_noise_rms_mv": 0.284495323896408,
    "slow_vm_mv": -58.8742408752441,
    "specimen_id": 466245544,
    "stimulus_absolute_amplitude": 170.000000188075,
    "stimulus_description": "C2SSHM60FN150112[0]",
    "stimulus_duration": 0.002995,
    "stimulus_interval": 0.0,
    "stimulus_name": "Short Square - Hold -60mV",
    "stimulus_relative_amplitude": 1.7,
    "stimulus_start_time": 0.92,
    "stimulus_units": "pA",
    "sweep_number": 80,
    "vm_delta_mv": 0.0270576477050781
  },
  {
    "bridge_balance_mohm": 0.0,
    "id": 466346942,
    "leak_pa": 0.0,
    "num_spikes": 0,
    "peak_deflection": 0.0,
    "post_noise_rms_mv": 0.0,
    "post_vm_mv": 0.0,
    "pre_noise_rms_mv": 0.0,
    "pre_vm_mv": 0.0,
    "slow_noise_rms_mv": 0.0,
    "slow_vm_mv": 0.0,
    "specimen_id": 466245544,
    "stimulus_absolute_amplitude": 9.99999977648258,
    "stimulus_description": "EXTPCllATT141203[0]",
    "stimulus_duration": 0.069995,
    "stimulus_interval": 0.05,
    "stimulus_name": "Test",
    "stimulus_relative_amplitude": 1.0,
    "stimulus_start_time": 0.03,
    "stimulus_units": "mV",
    "sweep_number": 2,
    "vm_delta_mv": 0.0
  },
  {
    "bridge_balance_mohm": 13.0036630630493,
    "id": 466347006,
    "leak_pa": 0.0,
    "num_spikes": 15,
    "peak_deflection": 0.0,
    "post_noise_rms_mv": 0.0348709225654602,
    "post_vm_mv": -70.4558639526367,
    "pre_noise_rms_mv": 0.0419417582452297,
    "pre_vm_mv": -70.2369613647461,
    "slow_noise_rms_mv": 0.253776103258133,
    "slow_vm_mv": -70.2369613647461,
    "specimen_id": 466245544,
    "stimulus_absolute_amplitude": 190.000001842883,
    "stimulus_description": "C1LSCOARSE150112[15]",
    "stimulus_duration": 0.999995,
    "stimulus_interval": 0.0,
    "stimulus_name": "Long Square",
    "stimulus_relative_amplitude": 1.0,
    "stimulus_start_time": 0.92,
    "stimulus_units": "pA",
    "sweep_number": 36,
    "vm_delta_mv": 0.218902587890625
  },
  {
    "bridge_balance_mohm": 13.0036630630493,
    "id": 466346966,
    "leak_pa": 0.0,
    "num_spikes": 0,
    "peak_deflection": -73.28125,
    "post_noise_rms_mv": 0.0532719567418098,
    "post_vm_mv": -70.7400894165039,
    "pre_noise_rms_mv": 0.0430425629019737,
    "pre_vm_mv": -71.4995956420898,
    "slow_noise_rms_mv": 0.257017135620117,
    "slow_vm_mv": -71.4995956420898,
    "specimen_id": 466245544,
    "stimulus_absolute_amplitude": -9.99999996004197,
    "stimulus_description": "C1LSCOARSE150112[5]",
    "stimulus_duration": 0.999995,
    "stimulus_interval": 0.0,
    "stimulus_name": "Long Square",
    "stimulus_relative_amplitude": 1.0,
    "stimulus_start_time": 0.92,
    "stimulus_units": "pA",
    "sweep_number": 26,
    "vm_delta_mv": 0.759506225585938
  },
  {
    "bridge_balance_mohm": 13.0036630630493,
    "id": 466347226,
    "leak_pa": 0.0,
    "num_spikes": 0,
    "peak_deflection": 0.0,
    "post_noise_rms_mv": 0.0372881256043911,
    "post_vm_mv": -59.1972885131836,
    "pre_noise_rms_mv": 0.0357667915523052,
    "pre_vm_mv": -58.9468955993652,
    "slow_noise_rms_mv": 0.285776346921921,
    "slow_vm_mv": -58.9468955993652,
    "specimen_id": 466245544,
    "stimulus_absolute_amplitude": 149.999998533268,
    "stimulus_description": "C2SSHM60FN150112[0]",
    "stimulus_duration": 0.002995,
    "stimulus_interval": 0.0,
    "stimulus_name": "Short Square - Hold -60mV",
    "stimulus_relative_amplitude": 1.5,
    "stimulus_start_time": 0.92,
    "stimulus_units": "pA",
    "sweep_number": 79,
    "vm_delta_mv": 0.250392913818359
  },
  {
    "bridge_balance_mohm": 13.0036630630493,
    "id": 466346934,
    "leak_pa": 0.0,
    "num_spikes": 0,
    "peak_deflection": 0.0,
    "post_noise_rms_mv": 0.0472357086837292,
    "post_vm_mv": -71.0031661987305,
    "pre_noise_rms_mv": 0.0551631599664688,
    "pre_vm_mv": -71.4217147827148,
    "slow_noise_rms_mv": 0.275705128908157,
    "slow_vm_mv": -71.4217147827148,
    "specimen_id": 466245544,
    "stimulus_absolute_amplitude": 430.000007822784,
    "stimulus_description": "C1SSFINEST150112[0]",
    "stimulus_duration": 0.002995,
    "stimulus_interval": 0.0,
    "stimulus_name": "Short Square",
    "stimulus_relative_amplitude": 4.3,
    "stimulus_start_time": 0.92,
    "stimulus_units": "pA",
    "sweep_number": 18,
    "vm_delta_mv": 0.418548583984375
  },
  {
    "bridge_balance_mohm": 13.0036630630493,
    "id": 466347019,
    "leak_pa": 0.0,
    "num_spikes": 58,
    "peak_deflection": 0.0,
    "post_noise_rms_mv": 0.0,
    "post_vm_mv": 0.0,
    "pre_noise_rms_mv": 0.0405667722225189,
    "pre_vm_mv": -71.8122482299805,
    "slow_noise_rms_mv": 0.224346965551376,
    "slow_vm_mv": -71.8122482299805,
    "specimen_id": 466245544,
    "stimulus_absolute_amplitude": 800.000010681146,
    "stimulus_description": "C1RP25PR1S141203[0]",
    "stimulus_duration": 31.997495,
    "stimulus_interval": 0.0,
    "stimulus_name": "Ramp",
    "stimulus_relative_amplitude": 1.0,
    "stimulus_start_time": 0.9225,
    "stimulus_units": "pA",
    "sweep_number": 4,
    "vm_delta_mv": 0.0
  },
  {
    "bridge_balance_mohm": 13.0036630630493,
    "id": 466346959,
    "leak_pa": 0.0,
    "num_spikes": 0,
    "peak_deflection": -78.0,
    "post_noise_rms_mv": 0.0372718013823032,
    "post_vm_mv": -70.8556365966797,
    "pre_noise_rms_mv": 0.0484766326844692,
    "pre_vm_mv": -70.6905822753906,
    "slow_noise_rms_mv": 0.334672182798386,
    "slow_vm_mv": -70.6905822753906,
    "specimen_id": 466245544,
    "stimulus_absolute_amplitude": -50.0000006675716,
    "stimulus_description": "C1LSCOARSE150112[3]",
    "stimulus_duration": 0.999995,
    "stimulus_interval": 0.0,
    "stimulus_name": "Long Square",
    "stimulus_relative_amplitude": 1.0,
    "stimulus_start_time": 0.92,
    "stimulus_units": "pA",
    "sweep_number": 24,
    "vm_delta_mv": 0.165054321289062
  },
  {
    "bridge_balance_mohm": 13.0036630630493,
    "id": 466346928,
    "leak_pa": 0.0,
    "num_spikes": 1,
    "peak_deflection": 0.0,
    "post_noise_rms_mv": 0.0336520038545132,
    "post_vm_mv": -72.002067565918,
    "pre_noise_rms_mv": 0.0362837314605713,
    "pre_vm_mv": -71.3114166259766,
    "slow_noise_rms_mv": 0.351507723331451,
    "slow_vm_mv": -71.3114166259766,
    "specimen_id": 466245544,
    "stimulus_absolute_amplitude": 430.000007822784,
    "stimulus_description": "C1SSFINEST150112[0]",
    "stimulus_duration": 0.002995,
    "stimulus_interval": 0.0,
    "stimulus_name": "Short Square",
    "stimulus_relative_amplitude": 4.3,
    "stimulus_start_time": 0.92,
    "stimulus_units": "pA",
    "sweep_number": 15,
    "vm_delta_mv": 0.690650939941406
  },
  {
    "bridge_balance_mohm": 13.0036630630493,
    "id": 466347111,
    "leak_pa": 0.0,
    "num_spikes": 0,
    "peak_deflection": 0.0,
    "post_noise_rms_mv": 0.0444281697273254,
    "post_vm_mv": -80.7832870483398,
    "pre_noise_rms_mv": 0.03800318390131,
    "pre_vm_mv": -80.5974578857422,
    "slow_noise_rms_mv": 0.274418324232101,
    "slow_vm_mv": -80.5974578857422,
    "specimen_id": 466245544,
    "stimulus_absolute_amplitude": 499.999985859034,
    "stimulus_description": "C2SSHM80CS150112[4]",
    "stimulus_duration": 0.002995,
    "stimulus_interval": 0.0,
    "stimulus_name": "Short Square - Hold -80mV",
    "stimulus_relative_amplitude": 1.0,
    "stimulus_start_time": 0.92,
    "stimulus_units": "pA",
    "sweep_number": 63,
    "vm_delta_mv": 0.185829162597656
  },
  {
    "bridge_balance_mohm": 13.0036630630493,
    "id": 466347118,
    "leak_pa": 0.0,
    "num_spikes": 1,
    "peak_deflection": 0.0,
    "post_noise_rms_mv": 0.0379059240221977,
    "post_vm_mv": -82.287841796875,
    "pre_noise_rms_mv": 0.0474832616746426,
    "pre_vm_mv": -81.9311752319336,
    "slow_noise_rms_mv": 0.236552208662033,
    "slow_vm_mv": -81.9311752319336,
    "specimen_id": 466245544,
    "stimulus_absolute_amplitude": 700.000002407108,
    "stimulus_description": "C2SSHM80CS150112[6]",
    "stimulus_duration": 0.002995,
    "stimulus_interval": 0.0,
    "stimulus_name": "Short Square - Hold -80mV",
    "stimulus_relative_amplitude": 1.0,
    "stimulus_start_time": 0.92,
    "stimulus_units": "pA",
    "sweep_number": 65,
    "vm_delta_mv": 0.356666564941406
  },
  {
    "bridge_balance_mohm": 13.0036630630493,
    "id": 466347135,
    "leak_pa": 0.0,
    "num_spikes": 0,
    "peak_deflection": 0.0,
    "post_noise_rms_mv": 0.041142039000988,
    "post_vm_mv": -70.1635284423828,
    "pre_noise_rms_mv": 0.0400757677853107,
    "pre_vm_mv": -70.6641159057617,
    "slow_noise_rms_mv": 0.293237388134003,
    "slow_vm_mv": -70.6641159057617,
    "specimen_id": 466245544,
    "stimulus_absolute_amplitude": 100.000001335143,
    "stimulus_description": "C1SSCOARSE150112[0]",
    "stimulus_duration": 0.002995,
    "stimulus_interval": 0.0,
    "stimulus_name": "Short Square",
    "stimulus_relative_amplitude": 1.0,
    "stimulus_start_time": 0.92,
    "stimulus_units": "pA",
    "sweep_number": 7,
    "vm_delta_mv": 0.500587463378906
  },
  {
    "bridge_balance_mohm": 0.0,
    "id": 466346878,
    "leak_pa": 0.0,
    "num_spikes": 0,
    "peak_deflection": 0.0,
    "post_noise_rms_mv": 0.0,
    "post_vm_mv": 0.0,
    "pre_noise_rms_mv": 0.0,
    "pre_vm_mv": 0.0,
    "slow_noise_rms_mv": 0.0,
    "slow_vm_mv": 0.0,
    "specimen_id": 466245544,
    "stimulus_absolute_amplitude": 9.99999977648258,
    "stimulus_description": "EXTPSMOKET141203[0]",
    "stimulus_duration": 0.069995,
    "stimulus_interval": 0.05,
    "stimulus_name": "Test",
    "stimulus_relative_amplitude": 1.0,
    "stimulus_start_time": 0.03,
    "stimulus_units": "mV",
    "sweep_number": 0,
    "vm_delta_mv": 0.0
  },
  {
    "bridge_balance_mohm": 13.0036630630493,
    "id": 466347162,
    "leak_pa": 0.0,
    "num_spikes": 0,
    "peak_deflection": 0.0,
    "post_noise_rms_mv": 0.0408804975450039,
    "post_vm_mv": -58.221794128418,
    "pre_noise_rms_mv": 0.0347159840166569,
    "pre_vm_mv": -57.7729797363281,
    "slow_noise_rms_mv": 0.305691599845886,
    "slow_vm_mv": -57.7729797363281,
    "specimen_id": 466245544,
    "stimulus_absolute_amplitude": 119.999996051057,
    "stimulus_description": "C2SSHM60FN150112[0]",
    "stimulus_duration": 0.002995,
    "stimulus_interval": 0.0,
    "stimulus_name": "Short Square - Hold -60mV",
    "stimulus_relative_amplitude": 1.2,
    "stimulus_start_time": 0.92,
    "stimulus_units": "pA",
    "sweep_number": 77,
    "vm_delta_mv": 0.448814392089844
  },
  {
    "bridge_balance_mohm": 13.0036630630493,
    "id": 466347145,
    "leak_pa": 0.0,
    "num_spikes": 1,
    "peak_deflection": 0.0,
    "post_noise_rms_mv": 0.0417000241577625,
    "post_vm_mv": -81.6168212890625,
    "pre_noise_rms_mv": 0.0453909896314144,
    "pre_vm_mv": -81.4289321899414,
    "slow_noise_rms_mv": 0.327841013669968,
    "slow_vm_mv": -81.4289321899414,
    "specimen_id": 466245544,
    "stimulus_absolute_amplitude": 659.999999097494,
    "stimulus_description": "C2SSHM80FN150112[0]",
    "stimulus_duration": 0.002995,
    "stimulus_interval": 0.0,
    "stimulus_name": "Short Square - Hold -80mV",
    "stimulus_relative_amplitude": 6.6,
    "stimulus_start_time": 0.92,
    "stimulus_units": "pA",
    "sweep_number": 72,
    "vm_delta_mv": 0.187889099121094
  },
  {
    "bridge_balance_mohm": 13.0036630630493,
    "id": 466347247,
    "leak_pa": 0.0,
    "num_spikes": 1,
    "peak_deflection": 0.0,
    "post_noise_rms_mv": 0.0448308251798153,
    "post_vm_mv": -58.8185997009277,
    "pre_noise_rms_mv": 0.0433673784136772,
    "pre_vm_mv": -58.7394104003906,
    "slow_noise_rms_mv": 0.261139273643494,
    "slow_vm_mv": -58.7394104003906,
    "specimen_id": 466245544,
    "stimulus_absolute_amplitude": 170.000000188075,
    "stimulus_description": "C2SSHM60FN150112[0]",
    "stimulus_duration": 0.002995,
    "stimulus_interval": 0.0,
    "stimulus_name": "Short Square - Hold -60mV",
    "stimulus_relative_amplitude": 1.7,
    "stimulus_start_time": 0.92,
    "stimulus_units": "pA",
    "sweep_number": 84,
    "vm_delta_mv": 0.0791893005371094
  },
  {
    "bridge_balance_mohm": 13.0036630630493,
    "id": 466347149,
    "leak_pa": 0.0,
    "num_spikes": 1,
    "peak_deflection": 0.0,
    "post_noise_rms_mv": 0.0378443896770477,
    "post_vm_mv": -81.6016464233398,
    "pre_noise_rms_mv": 0.038313265889883,
    "pre_vm_mv": -81.5811767578125,
    "slow_noise_rms_mv": 0.270377069711685,
    "slow_vm_mv": -81.5811767578125,
    "specimen_id": 466245544,
    "stimulus_absolute_amplitude": 659.999999097494,
    "stimulus_description": "C2SSHM80FN150112[0]",
    "stimulus_duration": 0.002995,
    "stimulus_interval": 0.0,
    "stimulus_name": "Short Square - Hold -80mV",
    "stimulus_relative_amplitude": 6.6,
    "stimulus_start_time": 0.92,
    "stimulus_units": "pA",
    "sweep_number": 73,
    "vm_delta_mv": 0.0204696655273438
  },
  {
    "bridge_balance_mohm": 13.0036630630493,
    "id": 466347108,
    "leak_pa": 0.0,
    "num_spikes": 0,
    "peak_deflection": 0.0,
    "post_noise_rms_mv": 0.047857865691185,
    "post_vm_mv": -79.7413864135742,
    "pre_noise_rms_mv": 0.0520090498030186,
    "pre_vm_mv": -80.3361663818359,
    "slow_noise_rms_mv": 0.338411629199982,
    "slow_vm_mv": -80.3361663818359,
    "specimen_id": 466245544,
    "stimulus_absolute_amplitude": 400.000005340573,
    "stimulus_description": "C2SSHM80CS150112[3]",
    "stimulus_duration": 0.002995,
    "stimulus_interval": 0.0,
    "stimulus_name": "Short Square - Hold -80mV",
    "stimulus_relative_amplitude": 1.0,
    "stimulus_start_time": 0.92,
    "stimulus_units": "pA",
    "sweep_number": 62,
    "vm_delta_mv": 0.594779968261719
  },
  {
    "bridge_balance_mohm": 13.0036630630493,
    "id": 466346996,
    "leak_pa": 0.0,
    "num_spikes": 0,
    "peak_deflection": -46.90625,
    "post_noise_rms_mv": 0.0356711633503437,
    "post_vm_mv": -71.6562118530273,
    "pre_noise_rms_mv": 0.0321796834468842,
    "pre_vm_mv": -71.4078979492188,
    "slow_noise_rms_mv": 0.293025732040405,
    "slow_vm_mv": -71.4078979492188,
    "specimen_id": 466245544,
    "stimulus_absolute_amplitude": 129.99999687846,
    "stimulus_description": "C1LSCOARSE150112[12]",
    "stimulus_duration": 0.999995,
    "stimulus_interval": 0.0,
    "stimulus_name": "Long Square",
    "stimulus_relative_amplitude": 1.0,
    "stimulus_start_time": 0.92,
    "stimulus_units": "pA",
    "sweep_number": 33,
    "vm_delta_mv": 0.248313903808594
  },
  {
    "bridge_balance_mohm": 13.0036630630493,
    "id": 466346973,
    "leak_pa": 0.0,
    "num_spikes": 0,
    "peak_deflection": -65.40625,
    "post_noise_rms_mv": 0.043576642870903,
    "post_vm_mv": -71.084342956543,
    "pre_noise_rms_mv": 0.0403931736946106,
    "pre_vm_mv": -71.5366668701172,
    "slow_noise_rms_mv": 0.287913590669632,
    "slow_vm_mv": -71.5366668701172,
    "specimen_id": 466245544,
    "stimulus_absolute_amplitude": 29.9999990127642,
    "stimulus_description": "C1LSCOARSE150112[7]",
    "stimulus_duration": 0.999995,
    "stimulus_interval": 0.0,
    "stimulus_name": "Long Square",
    "stimulus_relative_amplitude": 1.0,
    "stimulus_start_time": 0.92,
    "stimulus_units": "pA",
    "sweep_number": 28,
    "vm_delta_mv": 0.452323913574219
  },
  {
    "bridge_balance_mohm": 13.0036630630493,
    "id": 466347009,
    "leak_pa": 0.0,
    "num_spikes": 42,
    "peak_deflection": 0.0,
    "post_noise_rms_mv": 0.0352838076651096,
    "post_vm_mv": -71.1491470336914,
    "pre_noise_rms_mv": 0.0394021086394787,
    "pre_vm_mv": -70.4984359741211,
    "slow_noise_rms_mv": 0.21775957942009,
    "slow_vm_mv": -70.4984359741211,
    "specimen_id": 466245544,
    "stimulus_absolute_amplitude": 210.00000349769,
    "stimulus_description": "C1LSCOARSE150112[16]",
    "stimulus_duration": 0.999995,
    "stimulus_interval": 0.0,
    "stimulus_name": "Long Square",
    "stimulus_relative_amplitude": 1.0,
    "stimulus_start_time": 0.92,
    "stimulus_units": "pA",
    "sweep_number": 37,
    "vm_delta_mv": 0.650711059570312
  },
  {
    "bridge_balance_mohm": 13.0036630630493,
    "id": 466346963,
    "leak_pa": 0.0,
    "num_spikes": 0,
    "peak_deflection": -76.1875,
    "post_noise_rms_mv": 0.0362881980836391,
    "post_vm_mv": -71.3566436767578,
    "pre_noise_rms_mv": 0.0533189065754414,
    "pre_vm_mv": -71.3629837036133,
    "slow_noise_rms_mv": 0.280096769332886,
    "slow_vm_mv": -71.3629837036133,
    "specimen_id": 466245544,
    "stimulus_absolute_amplitude": -29.9999990127642,
    "stimulus_description": "C1LSCOARSE150112[4]",
    "stimulus_duration": 0.999995,
    "stimulus_interval": 0.0,
    "stimulus_name": "Long Square",
    "stimulus_relative_amplitude": 1.0,
    "stimulus_start_time": 0.92,
    "stimulus_units": "pA",
    "sweep_number": 25,
    "vm_delta_mv": 0.00634002685546875
  },
  {
    "bridge_balance_mohm": 13.0036630630493,
    "id": 466346989,
    "leak_pa": 0.0,
    "num_spikes": 0,
    "peak_deflection": -57.03125,
    "post_noise_rms_mv": 0.0470364950597286,
    "post_vm_mv": -71.2050170898438,
    "pre_noise_rms_mv": 0.0561513379216194,
    "pre_vm_mv": -71.9806823730469,
    "slow_noise_rms_mv": 0.141492694616318,
    "slow_vm_mv": -71.9806823730469,
    "specimen_id": 466245544,
    "stimulus_absolute_amplitude": 90.0000005077395,
    "stimulus_description": "C1LSCOARSE150112[10]",
    "stimulus_duration": 0.999995,
    "stimulus_interval": 0.0,
    "stimulus_name": "Long Square",
    "stimulus_relative_amplitude": 1.0,
    "stimulus_start_time": 0.92,
    "stimulus_units": "pA",
    "sweep_number": 31,
    "vm_delta_mv": 0.775665283203125
  },
  {
    "bridge_balance_mohm": 13.0036630630493,
    "id": 466347128,
    "leak_pa": 0.0,
    "num_spikes": 1,
    "peak_deflection": 0.0,
    "post_noise_rms_mv": 0.0420556627213955,
    "post_vm_mv": -81.3224868774414,
    "pre_noise_rms_mv": 0.0391431376338005,
    "pre_vm_mv": -81.5378341674805,
    "slow_noise_rms_mv": 0.177702948451042,
    "slow_vm_mv": -81.5378341674805,
    "specimen_id": 466245544,
    "stimulus_absolute_amplitude": 659.999999097494,
    "stimulus_description": "C2SSHM80FN150112[0]",
    "stimulus_duration": 0.002995,
    "stimulus_interval": 0.0,
    "stimulus_name": "Short Square - Hold -80mV",
    "stimulus_relative_amplitude": 6.6,
    "stimulus_start_time": 0.92,
    "stimulus_units": "pA",
    "sweep_number": 68,
    "vm_delta_mv": 0.215347290039062
  },
  {
    "bridge_balance_mohm": 0.0,
    "id": 466346882,
    "leak_pa": 0.0,
    "num_spikes": 0,
    "peak_deflection": 0.0,
    "post_noise_rms_mv": 0.0,
    "post_vm_mv": 0.0,
    "pre_noise_rms_mv": 0.0,
    "pre_vm_mv": 0.0,
    "slow_noise_rms_mv": 0.0,
    "slow_vm_mv": 0.0,
    "specimen_id": 466245544,
    "stimulus_absolute_amplitude": 9.99999977648258,
    "stimulus_description": "EXTPINBATH141203[0]",
    "stimulus_duration": 0.069995,
    "stimulus_interval": 0.05,
    "stimulus_name": "Test",
    "stimulus_relative_amplitude": 1.0,
    "stimulus_start_time": 0.03,
    "stimulus_units": "mV",
    "sweep_number": 1,
    "vm_delta_mv": 0.0
  },
  {
    "bridge_balance_mohm": 13.0036630630493,
    "id": 466346921,
    "leak_pa": 0.0,
    "num_spikes": 0,
    "peak_deflection": 0.0,
    "post_noise_rms_mv": 0.0416364334523678,
    "post_vm_mv": -71.503662109375,
    "pre_noise_rms_mv": 0.0646733492612839,
    "pre_vm_mv": -70.7945938110352,
    "slow_noise_rms_mv": 0.332676351070404,
    "slow_vm_mv": -70.7945938110352,
    "specimen_id": 466245544,
    "stimulus_absolute_amplitude": 380.000003685765,
    "stimulus_description": "C1SSFINEST150112[0]",
    "stimulus_duration": 0.002995,
    "stimulus_interval": 0.0,
    "stimulus_name": "Short Square",
    "stimulus_relative_amplitude": 3.8,
    "stimulus_start_time": 0.92,
    "stimulus_units": "pA",
    "sweep_number": 13,
    "vm_delta_mv": 0.709068298339844
  },
  {
    "bridge_balance_mohm": 13.0036630630493,
    "id": 466346932,
    "leak_pa": 0.0,
    "num_spikes": 0,
    "peak_deflection": 0.0,
    "post_noise_rms_mv": 0.0454560220241547,
    "post_vm_mv": -71.7051620483398,
    "pre_noise_rms_mv": 0.0340143926441669,
    "pre_vm_mv": -71.0787734985352,
    "slow_noise_rms_mv": 0.425309181213379,
    "slow_vm_mv": -71.0787734985352,
    "specimen_id": 466245544,
    "stimulus_absolute_amplitude": 430.000007822784,
    "stimulus_description": "C1SSFINEST150112[0]",
    "stimulus_duration": 0.002995,
    "stimulus_interval": 0.0,
    "stimulus_name": "Short Square",
    "stimulus_relative_amplitude": 4.3,
    "stimulus_start_time": 0.92,
    "stimulus_units": "pA",
    "sweep_number": 17,
    "vm_delta_mv": 0.626388549804688
  },
  {
    "bridge_balance_mohm": 13.0036630630493,
    "id": 466346953,
    "leak_pa": 0.0,
    "num_spikes": 0,
    "peak_deflection": -82.65625,
    "post_noise_rms_mv": 0.0428124219179153,
    "post_vm_mv": -70.4480209350586,
    "pre_noise_rms_mv": 0.0577406696975231,
    "pre_vm_mv": -71.0207366943359,
    "slow_noise_rms_mv": 0.227560788393021,
    "slow_vm_mv": -71.0207366943359,
    "specimen_id": 466245544,
    "stimulus_absolute_amplitude": -90.0000005077395,
    "stimulus_description": "C1LSCOARSE150112[1]",
    "stimulus_duration": 0.999995,
    "stimulus_interval": 0.0,
    "stimulus_name": "Long Square",
    "stimulus_relative_amplitude": 1.0,
    "stimulus_start_time": 0.92,
    "stimulus_units": "pA",
    "sweep_number": 22,
    "vm_delta_mv": 0.572715759277344
  },
  {
    "bridge_balance_mohm": 13.0036630630493,
    "id": 466346946,
    "leak_pa": 0.0,
    "num_spikes": 1,
    "peak_deflection": 0.0,
    "post_noise_rms_mv": 0.047503937035799,
    "post_vm_mv": -71.1777725219727,
    "pre_noise_rms_mv": 0.036481287330389,
    "pre_vm_mv": -70.658447265625,
    "slow_noise_rms_mv": 0.252167016267776,
    "slow_vm_mv": -70.658447265625,
    "specimen_id": 466245544,
    "stimulus_absolute_amplitude": 430.000007822784,
    "stimulus_description": "C1SSFINEST150112[0]",
    "stimulus_duration": 0.002995,
    "stimulus_interval": 0.0,
    "stimulus_name": "Short Square",
    "stimulus_relative_amplitude": 4.3,
    "stimulus_start_time": 0.92,
    "stimulus_units": "pA",
    "sweep_number": 20,
    "vm_delta_mv": 0.519325256347656
  },
  {
    "bridge_balance_mohm": 13.0036630630493,
    "id": 466347069,
    "leak_pa": 0.0,
    "num_spikes": 20,
    "peak_deflection": 0.0,
    "post_noise_rms_mv": 0.0632503107190132,
    "post_vm_mv": -72.1965637207031,
    "pre_noise_rms_mv": 0.0485935434699059,
    "pre_vm_mv": -71.5175933837891,
    "slow_noise_rms_mv": 0.239655777812004,
    "slow_vm_mv": -71.5175933837891,
    "specimen_id": 466245544,
    "stimulus_absolute_amplitude": 180.000001015479,
    "stimulus_description": "C2SQRHELNG150112[0]",
    "stimulus_duration": 1.999995,
    "stimulus_interval": 0.0,
    "stimulus_name": "Square - 2s Suprathreshold",
    "stimulus_relative_amplitude": 1.8,
    "stimulus_start_time": 0.92,
    "stimulus_units": "pA",
    "sweep_number": 52,
    "vm_delta_mv": 0.678970336914062
  },
  {
    "bridge_balance_mohm": 13.0036630630493,
    "id": 466347121,
    "leak_pa": 0.0,
    "num_spikes": 1,
    "peak_deflection": 0.0,
    "post_noise_rms_mv": 0.0354526489973068,
    "post_vm_mv": -81.952507019043,
    "pre_noise_rms_mv": 0.0395952314138412,
    "pre_vm_mv": -82.0395431518555,
    "slow_noise_rms_mv": 0.204708561301231,
    "slow_vm_mv": -82.0395431518555,
    "specimen_id": 466245544,
    "stimulus_absolute_amplitude": 800.000010681146,
    "stimulus_description": "C2SSHM80CS150112[7]",
    "stimulus_duration": 0.002995,
    "stimulus_interval": 0.0,
    "stimulus_name": "Short Square - Hold -80mV",
    "stimulus_relative_amplitude": 1.0,
    "stimulus_start_time": 0.92,
    "stimulus_units": "pA",
    "sweep_number": 66,
    "vm_delta_mv": 0.0870361328125
  },
  {
    "bridge_balance_mohm": 13.0036630630493,
    "id": 466347223,
    "leak_pa": 0.0,
    "num_spikes": 0,
    "peak_deflection": 0.0,
    "post_noise_rms_mv": 0.0435980409383774,
    "post_vm_mv": -58.9881553649902,
    "pre_noise_rms_mv": 0.0430621132254601,
    "pre_vm_mv": -58.609073638916,
    "slow_noise_rms_mv": 0.437519878149033,
    "slow_vm_mv": -58.609073638916,
    "specimen_id": 466245544,
    "stimulus_absolute_amplitude": 139.999997705864,
    "stimulus_description": "C2SSHM60FN150112[0]",
    "stimulus_duration": 0.002995,
    "stimulus_interval": 0.0,
    "stimulus_name": "Short Square - Hold -60mV",
    "stimulus_relative_amplitude": 1.4,
    "stimulus_start_time": 0.92,
    "stimulus_units": "pA",
    "sweep_number": 78,
    "vm_delta_mv": 0.379081726074219
  },
  {
    "bridge_balance_mohm": 13.0036630630493,
    "id": 466347105,
    "leak_pa": 0.0,
    "num_spikes": 0,
    "peak_deflection": 0.0,
    "post_noise_rms_mv": 0.047552976757288,
    "post_vm_mv": -78.9807281494141,
    "pre_noise_rms_mv": 0.0319098643958569,
    "pre_vm_mv": -79.4234237670898,
    "slow_noise_rms_mv": 0.438627988100052,
    "slow_vm_mv": -79.4234237670898,
    "specimen_id": 466245544,
    "stimulus_absolute_amplitude": 299.999997066536,
    "stimulus_description": "C2SSHM80CS150112[2]",
    "stimulus_duration": 0.002995,
    "stimulus_interval": 0.0,
    "stimulus_name": "Short Square - Hold -80mV",
    "stimulus_relative_amplitude": 1.0,
    "stimulus_start_time": 0.92,
    "stimulus_units": "pA",
    "sweep_number": 61,
    "vm_delta_mv": 0.442695617675781
  },
  {
    "bridge_balance_mohm": 13.0036630630493,
    "id": 466346894,
    "leak_pa": 0.0,
    "num_spikes": 0,
    "peak_deflection": 0.0,
    "post_noise_rms_mv": 0.0409898646175861,
    "post_vm_mv": -71.4530639648438,
    "pre_noise_rms_mv": 0.041152149438858,
    "pre_vm_mv": -71.4746322631836,
    "slow_noise_rms_mv": 0.314793020486832,
    "slow_vm_mv": -71.4746322631836,
    "specimen_id": 466245544,
    "stimulus_absolute_amplitude": 329.999999548747,
    "stimulus_description": "C1SSFINEST150112[0]",
    "stimulus_duration": 0.002995,
    "stimulus_interval": 0.0,
    "stimulus_name": "Short Square",
    "stimulus_relative_amplitude": 3.3,
    "stimulus_start_time": 0.92,
    "stimulus_units": "pA",
    "sweep_number": 11,
    "vm_delta_mv": 0.0215682983398438
  },
  {
    "bridge_balance_mohm": 13.0036630630493,
    "id": 466347152,
    "leak_pa": 0.0,
    "num_spikes": 0,
    "peak_deflection": 0.0,
    "post_noise_rms_mv": 0.0450209900736809,
    "post_vm_mv": -58.1351203918457,
    "pre_noise_rms_mv": 0.0441768653690815,
    "pre_vm_mv": -58.1149139404297,
    "slow_noise_rms_mv": 0.328341454267502,
    "slow_vm_mv": -58.1149139404297,
    "specimen_id": 466245544,
    "stimulus_absolute_amplitude": 100.000001335143,
    "stimulus_description": "C2SSHM60CS150112[0]",
    "stimulus_duration": 0.002995,
    "stimulus_interval": 0.0,
    "stimulus_name": "Short Square - Hold -60mV",
    "stimulus_relative_amplitude": 1.0,
    "stimulus_start_time": 0.92,
    "stimulus_units": "pA",
    "sweep_number": 74,
    "vm_delta_mv": 0.0202064514160156
  },
  {
    "bridge_balance_mohm": 13.0036630630493,
    "id": 466347062,
    "leak_pa": 0.0,
    "num_spikes": 23,
    "peak_deflection": 0.0,
    "post_noise_rms_mv": 0.0409710593521595,
    "post_vm_mv": -72.063346862793,
    "pre_noise_rms_mv": 0.0434260442852974,
    "pre_vm_mv": -71.7568893432617,
    "slow_noise_rms_mv": 0.325820177793503,
    "slow_vm_mv": -71.7568893432617,
    "specimen_id": 466245544,
    "stimulus_absolute_amplitude": 180.000001015479,
    "stimulus_description": "C2SQRHELNG150112[0]",
    "stimulus_duration": 1.999995,
    "stimulus_interval": 0.0,
    "stimulus_name": "Square - 2s Suprathreshold",
    "stimulus_relative_amplitude": 1.8,
    "stimulus_start_time": 0.92,
    "stimulus_units": "pA",
    "sweep_number": 50,
    "vm_delta_mv": 0.30645751953125
  },
  {
    "bridge_balance_mohm": 13.0036630630493,
    "id": 466347267,
    "leak_pa": 0.0,
    "num_spikes": 0,
    "peak_deflection": 0.0,
    "post_noise_rms_mv": 0.0420394167304039,
    "post_vm_mv": -69.8959350585938,
    "pre_noise_rms_mv": 0.0346744172275066,
    "pre_vm_mv": -69.9776077270508,
    "slow_noise_rms_mv": 0.193912759423256,
    "slow_vm_mv": -69.9776077270508,
    "specimen_id": 466245544,
    "stimulus_absolute_amplitude": 299.999997066536,
    "stimulus_description": "C1SSCOARSE150112[2]",
    "stimulus_duration": 0.002995,
    "stimulus_interval": 0.0,
    "stimulus_name": "Short Square",
    "stimulus_relative_amplitude": 1.0,
    "stimulus_start_time": 0.92,
    "stimulus_units": "pA",
    "sweep_number": 9,
    "vm_delta_mv": 0.0816726684570312
  },
  {
    "bridge_balance_mohm": 13.0036630630493,
    "id": 466347239,
    "leak_pa": 0.0,
    "num_spikes": 1,
    "peak_deflection": 0.0,
    "post_noise_rms_mv": 0.0382002890110016,
    "post_vm_mv": -59.1199760437012,
    "pre_noise_rms_mv": 0.0431628599762917,
    "pre_vm_mv": -58.7538642883301,
    "slow_noise_rms_mv": 0.348447144031525,
    "slow_vm_mv": -58.7538642883301,
    "specimen_id": 466245544,
    "stimulus_absolute_amplitude": 170.000000188075,
    "stimulus_description": "C2SSHM60FN150112[0]",
    "stimulus_duration": 0.002995,
    "stimulus_interval": 0.0,
    "stimulus_name": "Short Square - Hold -60mV",
    "stimulus_relative_amplitude": 1.7,
    "stimulus_start_time": 0.92,
    "stimulus_units": "pA",
    "sweep_number": 82,
    "vm_delta_mv": 0.366111755371094
  },
  {
    "bridge_balance_mohm": 13.0036630630493,
    "id": 466346986,
    "leak_pa": 0.0,
    "num_spikes": 0,
    "peak_deflection": -59.5312538146973,
    "post_noise_rms_mv": 0.041088342666626,
    "post_vm_mv": -72.1160583496094,
    "pre_noise_rms_mv": 0.0508364923298359,
    "pre_vm_mv": -71.7766036987305,
    "slow_noise_rms_mv": 0.245861738920212,
    "slow_vm_mv": -71.7766036987305,
    "specimen_id": 466245544,
    "stimulus_absolute_amplitude": 69.9999988529321,
    "stimulus_description": "C1LSCOARSE150112[9]",
    "stimulus_duration": 0.999995,
    "stimulus_interval": 0.0,
    "stimulus_name": "Long Square",
    "stimulus_relative_amplitude": 1.0,
    "stimulus_start_time": 0.92,
    "stimulus_units": "pA",
    "sweep_number": 30,
    "vm_delta_mv": 0.339454650878906
  },
  {
    "bridge_balance_mohm": 13.0036630630493,
    "id": 466347098,
    "leak_pa": 0.0,
    "num_spikes": 68,
    "peak_deflection": 0.0,
    "post_noise_rms_mv": 0.0,
    "post_vm_mv": 0.0,
    "pre_noise_rms_mv": 0.0509654507040977,
    "pre_vm_mv": -71.8397827148438,
    "slow_noise_rms_mv": 0.198028594255447,
    "slow_vm_mv": -71.8397827148438,
    "specimen_id": 466245544,
    "stimulus_absolute_amplitude": 800.000010681146,
    "stimulus_description": "C1RP25PR1S141203[0]",
    "stimulus_duration": 31.997495,
    "stimulus_interval": 0.0,
    "stimulus_name": "Ramp",
    "stimulus_relative_amplitude": 1.0,
    "stimulus_start_time": 0.9225,
    "stimulus_units": "pA",
    "sweep_number": 6,
    "vm_delta_mv": 0.0
  },
  {
    "bridge_balance_mohm": 13.0036630630493,
    "id": 466346970,
    "leak_pa": 0.0,
    "num_spikes": 0,
    "peak_deflection": -67.65625,
    "post_noise_rms_mv": 0.0362552404403687,
    "post_vm_mv": -70.7322387695312,
    "pre_noise_rms_mv": 0.0326224155724049,
    "pre_vm_mv": -70.7468338012695,
    "slow_noise_rms_mv": 0.427118390798569,
    "slow_vm_mv": -70.7468338012695,
    "specimen_id": 466245544,
    "stimulus_absolute_amplitude": 9.99999996004197,
    "stimulus_description": "C1LSCOARSE150112[6]",
    "stimulus_duration": 0.999995,
    "stimulus_interval": 0.0,
    "stimulus_name": "Long Square",
    "stimulus_relative_amplitude": 1.0,
    "stimulus_start_time": 0.92,
    "stimulus_units": "pA",
    "sweep_number": 27,
    "vm_delta_mv": 0.0145950317382812
  },
  {
    "bridge_balance_mohm": 13.0036630630493,
    "id": 466346993,
    "leak_pa": 0.0,
    "num_spikes": 0,
    "peak_deflection": -52.21875,
    "post_noise_rms_mv": 0.0670183002948761,
    "post_vm_mv": -71.5118789672852,
    "pre_noise_rms_mv": 0.0412664040923119,
    "pre_vm_mv": -71.7678604125977,
    "slow_noise_rms_mv": 0.256184846162796,
    "slow_vm_mv": -71.7678604125977,
    "specimen_id": 466245544,
    "stimulus_absolute_amplitude": 110.000002162547,
    "stimulus_description": "C1LSCOARSE150112[11]",
    "stimulus_duration": 0.999995,
    "stimulus_interval": 0.0,
    "stimulus_name": "Long Square",
    "stimulus_relative_amplitude": 1.0,
    "stimulus_start_time": 0.92,
    "stimulus_units": "pA",
    "sweep_number": 32,
    "vm_delta_mv": 0.2559814453125
  },
  {
    "bridge_balance_mohm": 13.0036630630493,
    "id": 466347101,
    "leak_pa": 0.0,
    "num_spikes": 0,
    "peak_deflection": 0.0,
    "post_noise_rms_mv": 0.059954822063446,
    "post_vm_mv": -78.5021667480469,
    "pre_noise_rms_mv": 0.0627022981643677,
    "pre_vm_mv": -78.9404907226562,
    "slow_noise_rms_mv": 0.477930814027786,
    "slow_vm_mv": -78.9404907226562,
    "specimen_id": 466245544,
    "stimulus_absolute_amplitude": 200.000002670286,
    "stimulus_description": "C2SSHM80CS150112[1]",
    "stimulus_duration": 0.002995,
    "stimulus_interval": 0.0,
    "stimulus_name": "Short Square - Hold -80mV",
    "stimulus_relative_amplitude": 1.0,
    "stimulus_start_time": 0.92,
    "stimulus_units": "pA",
    "sweep_number": 60,
    "vm_delta_mv": 0.438323974609375
  },
  {
    "bridge_balance_mohm": 13.0036630630493,
    "id": 466347244,
    "leak_pa": 0.0,
    "num_spikes": 1,
    "peak_deflection": 0.0,
    "post_noise_rms_mv": 0.0375748127698898,
    "post_vm_mv": -59.1766014099121,
    "pre_noise_rms_mv": 0.0427044369280338,
    "pre_vm_mv": -59.3093338012695,
    "slow_noise_rms_mv": 0.306309133768082,
    "slow_vm_mv": -59.3093338012695,
    "specimen_id": 466245544,
    "stimulus_absolute_amplitude": 170.000000188075,
    "stimulus_description": "C2SSHM60FN150112[0]",
    "stimulus_duration": 0.002995,
    "stimulus_interval": 0.0,
    "stimulus_name": "Short Square - Hold -60mV",
    "stimulus_relative_amplitude": 1.7,
    "stimulus_start_time": 0.92,
    "stimulus_units": "pA",
    "sweep_number": 83,
    "vm_delta_mv": 0.132732391357422
  },
  {
    "bridge_balance_mohm": 13.0036630630493,
    "id": 466347159,
    "leak_pa": 0.0,
    "num_spikes": 1,
    "peak_deflection": 0.0,
    "post_noise_rms_mv": 0.0378524959087372,
    "post_vm_mv": -58.0956916809082,
    "pre_noise_rms_mv": 0.0619118623435497,
    "pre_vm_mv": -57.7584266662598,
    "slow_noise_rms_mv": 0.458850890398026,
    "slow_vm_mv": -57.7584266662598,
    "specimen_id": 466245544,
    "stimulus_absolute_amplitude": 149.999998533268,
    "stimulus_description": "C2SSHM60FN150112[0]",
    "stimulus_duration": 0.002995,
    "stimulus_interval": 0.0,
    "stimulus_name": "Short Square - Hold -60mV",
    "stimulus_relative_amplitude": 1.5,
    "stimulus_start_time": 0.92,
    "stimulus_units": "pA",
    "sweep_number": 76,
    "vm_delta_mv": 0.337265014648438
  },
  {
    "bridge_balance_mohm": 13.0036630630493,
    "id": 466347003,
    "leak_pa": 0.0,
    "num_spikes": 2,
    "peak_deflection": 0.0,
    "post_noise_rms_mv": 0.0383052937686443,
    "post_vm_mv": -72.123161315918,
    "pre_noise_rms_mv": 0.0375682264566422,
    "pre_vm_mv": -72.0438766479492,
    "slow_noise_rms_mv": 0.333690524101257,
    "slow_vm_mv": -72.0438766479492,
    "specimen_id": 466245544,
    "stimulus_absolute_amplitude": 170.000000188075,
    "stimulus_description": "C1LSCOARSE150112[14]",
    "stimulus_duration": 0.999995,
    "stimulus_interval": 0.0,
    "stimulus_name": "Long Square",
    "stimulus_relative_amplitude": 1.0,
    "stimulus_start_time": 0.92,
    "stimulus_units": "pA",
    "sweep_number": 35,
    "vm_delta_mv": 0.07928466796875
  },
  {
    "bridge_balance_mohm": 13.0036630630493,
    "id": 466346977,
    "leak_pa": 0.0,
    "num_spikes": 0,
    "peak_deflection": -63.4687538146973,
    "post_noise_rms_mv": 0.0524003431200981,
    "post_vm_mv": -71.5341796875,
    "pre_noise_rms_mv": 0.0338493697345257,
    "pre_vm_mv": -71.5440902709961,
    "slow_noise_rms_mv": 0.265528231859207,
    "slow_vm_mv": -71.5440902709961,
    "specimen_id": 466245544,
    "stimulus_absolute_amplitude": 50.0000006675716,
    "stimulus_description": "C1LSCOARSE150112[8]",
    "stimulus_duration": 0.999995,
    "stimulus_interval": 0.0,
    "stimulus_name": "Long Square",
    "stimulus_relative_amplitude": 1.0,
    "stimulus_start_time": 0.92,
    "stimulus_units": "pA",
    "sweep_number": 29,
    "vm_delta_mv": 0.00991058349609375
  },
  {
    "bridge_balance_mohm": 0.0,
    "id": 466346982,
    "leak_pa": 0.0,
    "num_spikes": 0,
    "peak_deflection": 0.0,
    "post_noise_rms_mv": 0.0,
    "post_vm_mv": 0.0,
    "pre_noise_rms_mv": 0.0,
    "pre_vm_mv": 0.0,
    "slow_noise_rms_mv": 0.0,
    "slow_vm_mv": 0.0,
    "specimen_id": 466245544,
    "stimulus_absolute_amplitude": 9.99999977648258,
    "stimulus_description": "EXTPBREAKN141203[0]",
    "stimulus_duration": 0.069995,
    "stimulus_interval": 0.05,
    "stimulus_name": "Test",
    "stimulus_relative_amplitude": 1.0,
    "stimulus_start_time": 0.03,
    "stimulus_units": "mV",
    "sweep_number": 3,
    "vm_delta_mv": 0.0
  },
  {
    "bridge_balance_mohm": 13.0036630630493,
    "id": 466346999,
    "leak_pa": 0.0,
    "num_spikes": 0,
    "peak_deflection": -43.3125,
    "post_noise_rms_mv": 0.0375400483608246,
    "post_vm_mv": -71.4629821777344,
    "pre_noise_rms_mv": 0.0411818772554398,
    "pre_vm_mv": -71.6472778320312,
    "slow_noise_rms_mv": 0.213161110877991,
    "slow_vm_mv": -71.6472778320312,
    "specimen_id": 466245544,
    "stimulus_absolute_amplitude": 149.999998533268,
    "stimulus_description": "C1LSCOARSE150112[13]",
    "stimulus_duration": 0.999995,
    "stimulus_interval": 0.0,
    "stimulus_name": "Long Square",
    "stimulus_relative_amplitude": 1.0,
    "stimulus_start_time": 0.92,
    "stimulus_units": "pA",
    "sweep_number": 34,
    "vm_delta_mv": 0.184295654296875
  },
  {
    "bridge_balance_mohm": 13.0036630630493,
    "id": 466346956,
    "leak_pa": 0.0,
    "num_spikes": 0,
    "peak_deflection": -80.4375,
    "post_noise_rms_mv": 0.0388373248279095,
    "post_vm_mv": -71.1180572509766,
    "pre_noise_rms_mv": 0.0469452925026417,
    "pre_vm_mv": -70.9427795410156,
    "slow_noise_rms_mv": 0.333992391824722,
    "slow_vm_mv": -70.9427795410156,
    "specimen_id": 466245544,
    "stimulus_absolute_amplitude": -69.9999988529321,
    "stimulus_description": "C1LSCOARSE150112[2]",
    "stimulus_duration": 0.999995,
    "stimulus_interval": 0.0,
    "stimulus_name": "Long Square",
    "stimulus_relative_amplitude": 1.0,
    "stimulus_start_time": 0.92,
    "stimulus_units": "pA",
    "sweep_number": 23,
    "vm_delta_mv": 0.175277709960938
  },
  {
    "bridge_balance_mohm": 13.0036630630493,
    "id": 466347138,
    "leak_pa": 0.0,
    "num_spikes": 1,
    "peak_deflection": 0.0,
    "post_noise_rms_mv": 0.0278047379106283,
    "post_vm_mv": -81.6285552978516,
    "pre_noise_rms_mv": 0.0399133190512657,
    "pre_vm_mv": -81.5494613647461,
    "slow_noise_rms_mv": 0.20786426961422,
    "slow_vm_mv": -81.5494613647461,
    "specimen_id": 466245544,
    "stimulus_absolute_amplitude": 659.999999097494,
    "stimulus_description": "C2SSHM80FN150112[0]",
    "stimulus_duration": 0.002995,
    "stimulus_interval": 0.0,
    "stimulus_name": "Short Square - Hold -80mV",
    "stimulus_relative_amplitude": 6.6,
    "stimulus_start_time": 0.92,
    "stimulus_units": "pA",
    "sweep_number": 70,
    "vm_delta_mv": 0.0790939331054688
  },
  {
    "bridge_balance_mohm": 0.0,
    "id": 466347258,
    "leak_pa": 0.0,
    "num_spikes": 0,
    "peak_deflection": 0.0,
    "post_noise_rms_mv": 0.0,
    "post_vm_mv": 0.0,
    "pre_noise_rms_mv": 0.0,
    "pre_vm_mv": 0.0,
    "slow_noise_rms_mv": 0.0,
    "slow_vm_mv": 0.0,
    "specimen_id": 466245544,
    "stimulus_absolute_amplitude": 9.99999977648258,
    "stimulus_description": "EXTPEXPEND141203[0]",
    "stimulus_duration": 0.069995,
    "stimulus_interval": 0.05,
    "stimulus_name": "Test",
    "stimulus_relative_amplitude": 1.0,
    "stimulus_start_time": 0.03,
    "stimulus_units": "mV",
    "sweep_number": 87,
    "vm_delta_mv": 0.0
  },
  {
    "bridge_balance_mohm": 13.0036630630493,
    "id": 466347013,
    "leak_pa": 0.0,
    "num_spikes": 64,
    "peak_deflection": 0.0,
    "post_noise_rms_mv": 0.0313503332436085,
    "post_vm_mv": -71.0233612060547,
    "pre_noise_rms_mv": 0.033302690833807,
    "pre_vm_mv": -70.4392929077148,
    "slow_noise_rms_mv": 0.165613517165184,
    "slow_vm_mv": -70.4392929077148,
    "specimen_id": 466245544,
    "stimulus_absolute_amplitude": 230.000005152498,
    "stimulus_description": "C1LSCOARSE150112[17]",
    "stimulus_duration": 0.999995,
    "stimulus_interval": 0.0,
    "stimulus_name": "Long Square",
    "stimulus_relative_amplitude": 1.0,
    "stimulus_start_time": 0.92,
    "stimulus_units": "pA",
    "sweep_number": 38,
    "vm_delta_mv": 0.584068298339844
  },
  {
    "bridge_balance_mohm": 13.0036630630493,
    "id": 466346949,
    "leak_pa": 0.0,
    "num_spikes": 0,
    "peak_deflection": -85.4687576293945,
    "post_noise_rms_mv": 0.0399944484233856,
    "post_vm_mv": -71.0342712402344,
    "pre_noise_rms_mv": 0.0428304262459278,
    "pre_vm_mv": -71.0547714233398,
    "slow_noise_rms_mv": 0.340291053056717,
    "slow_vm_mv": -71.0547714233398,
    "specimen_id": 466245544,
    "stimulus_absolute_amplitude": -110.000002162547,
    "stimulus_description": "C1LSCOARSE150112[0]",
    "stimulus_duration": 0.999995,
    "stimulus_interval": 0.0,
    "stimulus_name": "Long Square",
    "stimulus_relative_amplitude": 1.0,
    "stimulus_start_time": 0.92,
    "stimulus_units": "pA",
    "sweep_number": 21,
    "vm_delta_mv": 0.0205001831054688
  },
  {
    "bridge_balance_mohm": 13.0036630630493,
    "id": 466347024,
    "leak_pa": 0.0,
    "num_spikes": 113,
    "peak_deflection": 0.0,
    "post_noise_rms_mv": 0.027969578281045,
    "post_vm_mv": -71.4753723144531,
    "pre_noise_rms_mv": 0.0397444404661655,
    "pre_vm_mv": -69.8780517578125,
    "slow_noise_rms_mv": 0.400635987520218,
    "slow_vm_mv": -69.8780517578125,
    "specimen_id": 466245544,
    "stimulus_absolute_amplitude": 269.999994584325,
    "stimulus_description": "C1LSCOARSE150112[19]",
    "stimulus_duration": 0.999995,
    "stimulus_interval": 0.0,
    "stimulus_name": "Long Square",
    "stimulus_relative_amplitude": 1.0,
    "stimulus_start_time": 0.92,
    "stimulus_units": "pA",
    "sweep_number": 40,
    "vm_delta_mv": 1.59732055664062
  },
  {
    "bridge_balance_mohm": 13.0036630630493,
    "id": 466347065,
    "leak_pa": 0.0,
    "num_spikes": 25,
    "peak_deflection": 0.0,
    "post_noise_rms_mv": 0.035364743322134,
    "post_vm_mv": -72.0585098266602,
    "pre_noise_rms_mv": 0.0389663614332676,
    "pre_vm_mv": -71.8996276855469,
    "slow_noise_rms_mv": 0.183375716209412,
    "slow_vm_mv": -71.8996276855469,
    "specimen_id": 466245544,
    "stimulus_absolute_amplitude": 180.000001015479,
    "stimulus_description": "C2SQRHELNG150112[0]",
    "stimulus_duration": 1.999995,
    "stimulus_interval": 0.0,
    "stimulus_name": "Square - 2s Suprathreshold",
    "stimulus_relative_amplitude": 1.8,
    "stimulus_start_time": 0.92,
    "stimulus_units": "pA",
    "sweep_number": 51,
    "vm_delta_mv": 0.158882141113281
  },
  {
    "bridge_balance_mohm": 0.0,
    "id": 466347264,
    "leak_pa": 0.0,
    "num_spikes": 0,
    "peak_deflection": 0.0,
    "post_noise_rms_mv": 0.0428826287388802,
    "post_vm_mv": 1.65382504463196,
    "pre_noise_rms_mv": 0.0296132266521454,
    "pre_vm_mv": 1.59252798557281,
    "slow_noise_rms_mv": 0.0603183098137379,
    "slow_vm_mv": 1.59252798557281,
    "specimen_id": 466245544,
    "stimulus_absolute_amplitude": 0.0,
    "stimulus_description": "EXTPBLWOUT141203[0]",
    "stimulus_duration": 0.0,
    "stimulus_interval": 0.0,
    "stimulus_name": "Test",
    "stimulus_relative_amplitude": 1.0,
    "stimulus_start_time": 0.0,
    "stimulus_units": "pA",
    "sweep_number": 89,
    "vm_delta_mv": 0.0612970590591431
  },
  {
    "bridge_balance_mohm": 0.0,
    "id": 466347261,
    "leak_pa": 0.0,
    "num_spikes": 0,
    "peak_deflection": 0.0,
    "post_noise_rms_mv": 0.0,
    "post_vm_mv": 0.0,
    "pre_noise_rms_mv": 0.0,
    "pre_vm_mv": 0.0,
    "slow_noise_rms_mv": 0.0,
    "slow_vm_mv": 0.0,
    "specimen_id": 466245544,
    "stimulus_absolute_amplitude": 9.99999977648258,
    "stimulus_description": "EXTPGGAEND141203[0]",
    "stimulus_duration": 0.069995,
    "stimulus_interval": 0.05,
    "stimulus_name": "Test",
    "stimulus_relative_amplitude": 1.0,
    "stimulus_start_time": 0.03,
    "stimulus_units": "mV",
    "sweep_number": 88,
    "vm_delta_mv": 0.0
  },
  {
    "bridge_balance_mohm": 13.0036630630493,
    "id": 466347255,
    "leak_pa": 0.0,
    "num_spikes": 0,
    "peak_deflection": 0.0,
    "post_noise_rms_mv": 0.0379349775612354,
    "post_vm_mv": -68.5484313964844,
    "pre_noise_rms_mv": 0.0440588109195232,
    "pre_vm_mv": -68.6342163085938,
    "slow_noise_rms_mv": 0.321985900402069,
    "slow_vm_mv": -68.6342163085938,
    "specimen_id": 466245544,
    "stimulus_absolute_amplitude": -200000002980.232,
    "stimulus_description": "C1SQCAPCHK141203[0]",
    "stimulus_duration": 7.819995,
    "stimulus_interval": 0.2,
    "stimulus_name": "Square - 0.5ms Subthreshold",
    "stimulus_relative_amplitude": 1.0,
    "stimulus_start_time": 0.12,
    "stimulus_units": "pA",
    "sweep_number": 86,
    "vm_delta_mv": 0.085784912109375
  },
  {
    "bridge_balance_mohm": 13.0036630630493,
    "id": 466347125,
    "leak_pa": 0.0,
    "num_spikes": 0,
    "peak_deflection": 0.0,
    "post_noise_rms_mv": 0.0406507030129433,
    "post_vm_mv": -81.3819122314453,
    "pre_noise_rms_mv": 0.0378976352512836,
    "pre_vm_mv": -81.2949066162109,
    "slow_noise_rms_mv": 0.218707427382469,
    "slow_vm_mv": -81.2949066162109,
    "specimen_id": 466245544,
    "stimulus_absolute_amplitude": 629.999996615282,
    "stimulus_description": "C2SSHM80FN150112[0]",
    "stimulus_duration": 0.002995,
    "stimulus_interval": 0.0,
    "stimulus_name": "Short Square - Hold -80mV",
    "stimulus_relative_amplitude": 6.3,
    "stimulus_start_time": 0.92,
    "stimulus_units": "pA",
    "sweep_number": 67,
    "vm_delta_mv": 0.087005615234375
  },
  {
    "bridge_balance_mohm": 13.0036630630493,
    "id": 466347059,
    "leak_pa": 0.0,
    "num_spikes": 85,
    "peak_deflection": 0.0,
    "post_noise_rms_mv": 0.0,
    "post_vm_mv": 0.0,
    "pre_noise_rms_mv": 0.0408377088606358,
    "pre_vm_mv": -72.9336318969727,
    "slow_noise_rms_mv": 0.354532957077026,
    "slow_vm_mv": -72.9336318969727,
    "specimen_id": 466245544,
    "stimulus_absolute_amplitude": 800.000010681146,
    "stimulus_description": "C1RP25PR1S141203[0]",
    "stimulus_duration": 31.997495,
    "stimulus_interval": 0.0,
    "stimulus_name": "Ramp",
    "stimulus_relative_amplitude": 1.0,
    "stimulus_start_time": 0.9225,
    "stimulus_units": "pA",
    "sweep_number": 5,
    "vm_delta_mv": 0.0
  },
  {
    "bridge_balance_mohm": 13.0036630630493,
    "id": 466347236,
    "leak_pa": 0.0,
    "num_spikes": 1,
    "peak_deflection": 0.0,
    "post_noise_rms_mv": 0.0315602011978626,
    "post_vm_mv": -59.2662315368652,
    "pre_noise_rms_mv": 0.04405253008008,
    "pre_vm_mv": -59.3107566833496,
    "slow_noise_rms_mv": 0.330374628305435,
    "slow_vm_mv": -59.3107566833496,
    "specimen_id": 466245544,
    "stimulus_absolute_amplitude": 170.000000188075,
    "stimulus_description": "C2SSHM60FN150112[0]",
    "stimulus_duration": 0.002995,
    "stimulus_interval": 0.0,
    "stimulus_name": "Short Square - Hold -60mV",
    "stimulus_relative_amplitude": 1.7,
    "stimulus_start_time": 0.92,
    "stimulus_units": "pA",
    "sweep_number": 81,
    "vm_delta_mv": 0.044525146484375
  },
  {
    "bridge_balance_mohm": 13.0036630630493,
    "id": 466347142,
    "leak_pa": 0.0,
    "num_spikes": 1,
    "peak_deflection": 0.0,
    "post_noise_rms_mv": 0.0479819402098656,
    "post_vm_mv": -81.5383682250977,
    "pre_noise_rms_mv": 0.0367090702056885,
    "pre_vm_mv": -81.485595703125,
    "slow_noise_rms_mv": 0.211776033043861,
    "slow_vm_mv": -81.485595703125,
    "specimen_id": 466245544,
    "stimulus_absolute_amplitude": 659.999999097494,
    "stimulus_description": "C2SSHM80FN150112[0]",
    "stimulus_duration": 0.002995,
    "stimulus_interval": 0.0,
    "stimulus_name": "Short Square - Hold -80mV",
    "stimulus_relative_amplitude": 6.6,
    "stimulus_start_time": 0.92,
    "stimulus_units": "pA",
    "sweep_number": 71,
    "vm_delta_mv": 0.0527725219726562
  }
]