{
  "passive": [
    {
      "ra": 277.21, 
      "cm": [
        {
          "section": "soma", 
          "cm": 1.0
        }, 
        {
          "section": "axon", 
          "cm": 1.0
        }, 
        {
          "section": "apic", 
          "cm": 3.56
        }, 
        {
          "section": "dend", 
          "cm": 3.56
        }
      ], 
      "e_pas": -75.50920867919922
    }
  ], 
  "axon_morph": [
    {
      "delete_axon": [
        "forsec axonal{delete_section()}", 
        "  create axon[2]", 
        "  axon[0]{", 
        "    L= 30", 
        "    diam = 1", 
        "    nseg = 1+2*int(L/40)", 
        "    all.append()", 
        "    axonal.append()", 
        "  }", 
        "  axon[1]{", 
        "    L= 30", 
        "    diam = 1", 
        "    nseg = 1+2*int(L/40)", 
        "    all.append()", 
        "    axonal.append()", 
        "  }", 
        "", 
        "nSecAxonal = 2", 
        "connect axon(0), soma(0.5)", 
        "connect axon[1](0), axon[0](1) ", 
        "access soma"
      ], 
      "setup_line": "create soma[1], dend[1], apic[1], axon[1]"
    }
  ], 
  "fitting": [
    {
      "junction_potential": -14.0, 
      "sweeps": [
        55
      ]
    }
  ], 
  "conditions": [
    {
      "celsius": 34.0, 
      "erev": [
        {
          "ena": 53.0, 
          "section": "soma", 
          "ek": -107.0
        }
      ], 
      "v_init": -75.50920867919922
    }
  ], 
  "genome": [
    {
      "value": 0.0052481996180499995, 
      "section": "soma", 
      "name": "gbar_Im", 
      "mechanism": "Im"
    }, 
    {
      "value": 0.012950051916200002, 
      "section": "soma", 
      "name": "gbar_Ih", 
      "mechanism": "Ih"
    }, 
    {
      "value": 0.265872985063, 
      "section": "soma", 
      "name": "gbar_NaTs", 
      "mechanism": "NaTs"
    }, 
    {
      "value": 0.0013365135070899999, 
      "section": "soma", 
      "name": "gbar_Nap", 
      "mechanism": "Nap"
    }, 
    {
      "value": 0.00842095789919, 
      "section": "soma", 
      "name": "gbar_K_P", 
      "mechanism": "K_P"
    }, 
    {
      "value": 0.00044367576575999999, 
      "section": "soma", 
      "name": "gbar_K_T", 
      "mechanism": "K_T"
    }, 
    {
      "value": 0.000325566690042, 
      "section": "soma", 
      "name": "gbar_SK", 
      "mechanism": "SK"
    }, 
    {
      "value": 0.0070762698628999993, 
      "section": "soma", 
      "name": "gbar_Kv3_1", 
      "mechanism": "Kv3_1"
    }, 
    {
      "value": 0.000323393009987, 
      "section": "soma", 
      "name": "gbar_Ca_HVA", 
      "mechanism": "Ca_HVA"
    }, 
    {
      "value": 0.0023332429045500001, 
      "section": "soma", 
      "name": "gbar_Ca_LVA", 
      "mechanism": "Ca_LVA"
    }, 
    {
      "value": 0.0016936870374300002, 
      "section": "soma", 
      "name": "gamma_CaDynamics", 
      "mechanism": "CaDynamics"
    }, 
    {
      "value": 903.772354823, 
      "section": "soma", 
      "name": "decay_CaDynamics", 
      "mechanism": "CaDynamics"
    }, 
    {
      "value": 0.00088256442870800005, 
      "section": "soma", 
      "name": "g_pas", 
      "mechanism": ""
    }, 
    {
      "value": 0.00028096175735000002, 
      "section": "axon", 
      "name": "g_pas", 
      "mechanism": ""
    }, 
    {
      "value": 0.00068249687224600003, 
      "section": "dend", 
      "name": "g_pas", 
      "mechanism": ""
    }, 
    {
      "value": 0.00055955009698099997, 
      "section": "apic", 
      "name": "g_pas", 
      "mechanism": ""
    }
  ]
}