[
  {
    "bridge_balance_mohm": 10.1953601837158,
    "id": 396302646,
    "leak_pa": 0.0,
    "num_spikes": 0,
    "peak_deflection": -53.5,
    "post_noise_rms_mv": 0.0515519045293331,
    "post_vm_mv": -64.8491973876953,
    "pre_noise_rms_mv": 0.0448706187307835,
    "pre_vm_mv": -65.0649337768555,
    "slow_noise_rms_mv": 0.306558340787888,
    "slow_vm_mv": -65.0649337768555,
    "specimen_id": 313862022,
    "stimulus_absolute_amplitude": 110.000002162547,
    "stimulus_description": "C1LSCOARSE141203[11]",
    "stimulus_duration": 0.999995,
    "stimulus_interval": 0.0,
    "stimulus_name": "Long Square",
    "stimulus_relative_amplitude": 1.0,
    "stimulus_start_time": 0.92,
    "stimulus_units": "pA",
    "sweep_number": 46,
    "vm_delta_mv": 0.215736389160156
  },
  {
    "bridge_balance_mohm": 10.1953601837158,
    "id": 396302686,
    "leak_pa": 0.0,
    "num_spikes": 93,
    "peak_deflection": 0.0,
    "post_noise_rms_mv": 0.0408608801662922,
    "post_vm_mv": -59.753475189209,
    "pre_noise_rms_mv": 0.0451743006706238,
    "pre_vm_mv": -59.1807403564453,
    "slow_noise_rms_mv": 0.429866164922714,
    "slow_vm_mv": -59.1807403564453,
    "specimen_id": 313862022,
    "stimulus_absolute_amplitude": 440.374986476755,
    "stimulus_description": "C1NSSEED_1141203[0]",
    "stimulus_duration": 18.999995,
    "stimulus_interval": 5.0,
    "stimulus_name": "Noise 1",
    "stimulus_relative_amplitude": 1.9,
    "stimulus_start_time": 1.92,
    "stimulus_units": "pA",
    "sweep_number": 64,
    "vm_delta_mv": 0.572734832763672
  },
  {
    "bridge_balance_mohm": 10.1953601837158,
    "id": 396302656,
    "leak_pa": 0.0,
    "num_spikes": 0,
    "peak_deflection": -41.84375,
    "post_noise_rms_mv": 0.0486926548182964,
    "post_vm_mv": -64.5166625976562,
    "pre_noise_rms_mv": 0.0307538993656635,
    "pre_vm_mv": -64.9176025390625,
    "slow_noise_rms_mv": 0.255740255117416,
    "slow_vm_mv": -64.9176025390625,
    "specimen_id": 313862022,
    "stimulus_absolute_amplitude": 190.000001842883,
    "stimulus_description": "C1LSCOARSE141203[15]",
    "stimulus_duration": 0.999995,
    "stimulus_interval": 0.0,
    "stimulus_name": "Long Square",
    "stimulus_relative_amplitude": 1.0,
    "stimulus_start_time": 0.92,
    "stimulus_units": "pA",
    "sweep_number": 50,
    "vm_delta_mv": 0.40093994140625
  },
  {
    "bridge_balance_mohm": 10.1953601837158,
    "id": 396302614,
    "leak_pa": 0.0,
    "num_spikes": 0,
    "peak_deflection": 0.0,
    "post_noise_rms_mv": 0.0421025045216084,
    "post_vm_mv": -63.0278434753418,
    "pre_noise_rms_mv": 0.0481892451643944,
    "pre_vm_mv": -63.4248580932617,
    "slow_noise_rms_mv": 0.463454961776733,
    "slow_vm_mv": -63.4248580932617,
    "specimen_id": 313862022,
    "stimulus_absolute_amplitude": 509.999986686438,
    "stimulus_description": "C1SSFINEST141203[0]",
    "stimulus_duration": 0.002995,
    "stimulus_interval": 0.0,
    "stimulus_name": "Short Square",
    "stimulus_relative_amplitude": 5.1,
    "stimulus_start_time": 0.92,
    "stimulus_units": "pA",
    "sweep_number": 31,
    "vm_delta_mv": 0.397014617919922
  },
  {
    "bridge_balance_mohm": 10.1953601837158,
    "id": 396302664,
    "leak_pa": 0.0,
    "num_spikes": 11,
    "peak_deflection": 0.0,
    "post_noise_rms_mv": 0.0580993890762329,
    "post_vm_mv": -61.780590057373,
    "pre_noise_rms_mv": 0.0397668145596981,
    "pre_vm_mv": -61.6195335388184,
    "slow_noise_rms_mv": 0.387480199337006,
    "slow_vm_mv": -61.6195335388184,
    "specimen_id": 313862022,
    "stimulus_absolute_amplitude": 269.999994584325,
    "stimulus_description": "C1LSCOARSE141203[19]",
    "stimulus_duration": 0.999995,
    "stimulus_interval": 0.0,
    "stimulus_name": "Long Square",
    "stimulus_relative_amplitude": 1.0,
    "stimulus_start_time": 0.92,
    "stimulus_units": "pA",
    "sweep_number": 54,
    "vm_delta_mv": 0.161056518554688
  },
  {
    "bridge_balance_mohm": 10.1953601837158,
    "id": 396302574,
    "leak_pa": 0.0,
    "num_spikes": 0,
    "peak_deflection": 0.0,
    "post_noise_rms_mv": 0.0385802462697029,
    "post_vm_mv": -63.0760040283203,
    "pre_noise_rms_mv": 0.0380027443170547,
    "pre_vm_mv": -62.5112915039062,
    "slow_noise_rms_mv": 0.352415442466736,
    "slow_vm_mv": -62.5112915039062,
    "specimen_id": 313862022,
    "stimulus_absolute_amplitude": 200.000002670286,
    "stimulus_description": "C1SSCOARSE141203[1]",
    "stimulus_duration": 0.002995,
    "stimulus_interval": 0.0,
    "stimulus_name": "Short Square",
    "stimulus_relative_amplitude": 1.0,
    "stimulus_start_time": 0.92,
    "stimulus_units": "pA",
    "sweep_number": 13,
    "vm_delta_mv": 0.564712524414062
  },
  {
    "bridge_balance_mohm": 10.1953601837158,
    "id": 396302706,
    "leak_pa": 0.0,
    "num_spikes": 0,
    "peak_deflection": 0.0,
    "post_noise_rms_mv": 0.0471269935369492,
    "post_vm_mv": -57.4072799682617,
    "pre_noise_rms_mv": 0.0337694808840752,
    "pre_vm_mv": -57.6003646850586,
    "slow_noise_rms_mv": 0.294640600681305,
    "slow_vm_mv": -57.6003646850586,
    "specimen_id": 313862022,
    "stimulus_absolute_amplitude": 100.000001335143,
    "stimulus_description": "C1SSCOARSE141203[0]",
    "stimulus_duration": 0.002995,
    "stimulus_interval": 0.0,
    "stimulus_name": "Short Square",
    "stimulus_relative_amplitude": 1.0,
    "stimulus_start_time": 0.92,
    "stimulus_units": "pA",
    "sweep_number": 8,
    "vm_delta_mv": 0.193084716796875
  },
  {
    "bridge_balance_mohm": 10.1953601837158,
    "id": 396302666,
    "leak_pa": 0.0,
    "num_spikes": 17,
    "peak_deflection": 0.0,
    "post_noise_rms_mv": 0.0416317209601402,
    "post_vm_mv": -60.8734283447266,
    "pre_noise_rms_mv": 0.0392081364989281,
    "pre_vm_mv": -61.8337249755859,
    "slow_noise_rms_mv": 0.390074908733368,
    "slow_vm_mv": -61.8337249755859,
    "specimen_id": 313862022,
    "stimulus_absolute_amplitude": 289.999996239132,
    "stimulus_description": "C1LSCOARSE141203[20]",
    "stimulus_duration": 0.999995,
    "stimulus_interval": 0.0,
    "stimulus_name": "Long Square",
    "stimulus_relative_amplitude": 1.0,
    "stimulus_start_time": 0.92,
    "stimulus_units": "pA",
    "sweep_number": 55,
    "vm_delta_mv": 0.960296630859375
  },
  {
    "bridge_balance_mohm": 0.0,
    "id": 396302700,
    "leak_pa": 0.0,
    "num_spikes": 0,
    "peak_deflection": 0.0,
    "post_noise_rms_mv": 0.0,
    "post_vm_mv": 0.0,
    "pre_noise_rms_mv": 0.0,
    "pre_vm_mv": 0.0,
    "slow_noise_rms_mv": 0.0,
    "slow_vm_mv": 0.0,
    "specimen_id": 313862022,
    "stimulus_absolute_amplitude": 9.99999977648258,
    "stimulus_description": "EXTPEXPEND141203[0]",
    "stimulus_duration": 0.069995,
    "stimulus_interval": 0.05,
    "stimulus_name": "Test",
    "stimulus_relative_amplitude": 1.0,
    "stimulus_start_time": 0.03,
    "stimulus_units": "mV",
    "sweep_number": 70,
    "vm_delta_mv": 0.0
  },
  {
    "bridge_balance_mohm": 0.0,
    "id": 396302704,
    "leak_pa": 0.0,
    "num_spikes": 0,
    "peak_deflection": 0.0,
    "post_noise_rms_mv": 0.0396928265690804,
    "post_vm_mv": 1.30463778972626,
    "pre_noise_rms_mv": 0.0393980033695698,
    "pre_vm_mv": 1.3601405620575,
    "slow_noise_rms_mv": 0.0691221505403519,
    "slow_vm_mv": 1.3601405620575,
    "specimen_id": 313862022,
    "stimulus_absolute_amplitude": 0.0,
    "stimulus_description": "EXTPBLWOUT141203[0]",
    "stimulus_duration": 0.0,
    "stimulus_interval": 0.0,
    "stimulus_name": "Test",
    "stimulus_relative_amplitude": 1.0,
    "stimulus_start_time": 0.0,
    "stimulus_units": "pA",
    "sweep_number": 72,
    "vm_delta_mv": 0.0555027723312378
  },
  {
    "bridge_balance_mohm": 10.1953601837158,
    "id": 396302698,
    "leak_pa": 0.0,
    "num_spikes": 0,
    "peak_deflection": 0.0,
    "post_noise_rms_mv": 0.0440071150660515,
    "post_vm_mv": -56.8265342712402,
    "pre_noise_rms_mv": 0.0426057241857052,
    "pre_vm_mv": -56.7927742004395,
    "slow_noise_rms_mv": 0.424161583185196,
    "slow_vm_mv": -56.7927742004395,
    "specimen_id": 313862022,
    "stimulus_absolute_amplitude": 100.000001335143,
    "stimulus_description": "C1SSCOARSE141203[0]",
    "stimulus_duration": 0.002995,
    "stimulus_interval": 0.0,
    "stimulus_name": "Short Square",
    "stimulus_relative_amplitude": 1.0,
    "stimulus_start_time": 0.92,
    "stimulus_units": "pA",
    "sweep_number": 7,
    "vm_delta_mv": 0.0337600708007812
  },
  {
    "bridge_balance_mohm": 10.1953601837158,
    "id": 396302606,
    "leak_pa": 0.0,
    "num_spikes": 0,
    "peak_deflection": 0.0,
    "post_noise_rms_mv": 0.0380767956376076,
    "post_vm_mv": -63.3738784790039,
    "pre_noise_rms_mv": 0.0381462946534157,
    "pre_vm_mv": -63.7552680969238,
    "slow_noise_rms_mv": 0.355153977870941,
    "slow_vm_mv": -63.7552680969238,
    "specimen_id": 313862022,
    "stimulus_absolute_amplitude": 499.999985859034,
    "stimulus_description": "C1SSFINEST141203[0]",
    "stimulus_duration": 0.002995,
    "stimulus_interval": 0.0,
    "stimulus_name": "Short Square",
    "stimulus_relative_amplitude": 5.0,
    "stimulus_start_time": 0.92,
    "stimulus_units": "pA",
    "sweep_number": 28,
    "vm_delta_mv": 0.381389617919922
  },
  {
    "bridge_balance_mohm": 10.1953601837158,
    "id": 396302668,
    "leak_pa": 0.0,
    "num_spikes": 20,
    "peak_deflection": 0.0,
    "post_noise_rms_mv": 0.0413295403122902,
    "post_vm_mv": -60.5730781555176,
    "pre_noise_rms_mv": 0.0546470806002617,
    "pre_vm_mv": -59.0505599975586,
    "slow_noise_rms_mv": 0.430142015218735,
    "slow_vm_mv": -59.0505599975586,
    "specimen_id": 313862022,
    "stimulus_absolute_amplitude": 309.999997893939,
    "stimulus_description": "C1LSCOARSE141203[21]",
    "stimulus_duration": 0.999995,
    "stimulus_interval": 0.0,
    "stimulus_name": "Long Square",
    "stimulus_relative_amplitude": 1.0,
    "stimulus_start_time": 0.92,
    "stimulus_units": "pA",
    "sweep_number": 56,
    "vm_delta_mv": 1.52251815795898
  },
  {
    "bridge_balance_mohm": 10.1953601837158,
    "id": 396302640,
    "leak_pa": 0.0,
    "num_spikes": 0,
    "peak_deflection": -59.03125,
    "post_noise_rms_mv": 0.0394574701786041,
    "post_vm_mv": -64.870979309082,
    "pre_noise_rms_mv": 0.0428721606731415,
    "pre_vm_mv": -64.6480941772461,
    "slow_noise_rms_mv": 0.377703666687012,
    "slow_vm_mv": -64.6480941772461,
    "specimen_id": 313862022,
    "stimulus_absolute_amplitude": 50.0000006675716,
    "stimulus_description": "C1LSCOARSE141203[8]",
    "stimulus_duration": 0.999995,
    "stimulus_interval": 0.0,
    "stimulus_name": "Long Square",
    "stimulus_relative_amplitude": 1.0,
    "stimulus_start_time": 0.92,
    "stimulus_units": "pA",
    "sweep_number": 43,
    "vm_delta_mv": 0.222885131835938
  },
  {
    "bridge_balance_mohm": 10.1953601837158,
    "id": 396302678,
    "leak_pa": 0.0,
    "num_spikes": 1,
    "peak_deflection": 0.0,
    "post_noise_rms_mv": 0.0359935685992241,
    "post_vm_mv": -62.8279113769531,
    "pre_noise_rms_mv": 0.0409341230988503,
    "pre_vm_mv": -62.9963989257812,
    "slow_noise_rms_mv": 0.321063995361328,
    "slow_vm_mv": -62.9963989257812,
    "specimen_id": 313862022,
    "stimulus_absolute_amplitude": 190.000001842883,
    "stimulus_description": "C1LSFINEST141203[0]",
    "stimulus_duration": 0.999995,
    "stimulus_interval": 0.0,
    "stimulus_name": "Long Square",
    "stimulus_relative_amplitude": 1.9,
    "stimulus_start_time": 0.92,
    "stimulus_units": "pA",
    "sweep_number": 60,
    "vm_delta_mv": 0.168487548828125
  },
  {
    "bridge_balance_mohm": 10.1953601837158,
    "id": 396302578,
    "leak_pa": 0.0,
    "num_spikes": 0,
    "peak_deflection": 0.0,
    "post_noise_rms_mv": 0.0347173288464546,
    "post_vm_mv": -63.9172515869141,
    "pre_noise_rms_mv": 0.056799340993166,
    "pre_vm_mv": -63.3682594299316,
    "slow_noise_rms_mv": 0.395753473043442,
    "slow_vm_mv": -63.3682594299316,
    "specimen_id": 313862022,
    "stimulus_absolute_amplitude": 400.000005340573,
    "stimulus_description": "C1SSCOARSE141203[3]",
    "stimulus_duration": 0.002995,
    "stimulus_interval": 0.0,
    "stimulus_name": "Short Square",
    "stimulus_relative_amplitude": 1.0,
    "stimulus_start_time": 0.92,
    "stimulus_units": "pA",
    "sweep_number": 15,
    "vm_delta_mv": 0.548992156982422
  },
  {
    "bridge_balance_mohm": 0.0,
    "id": 396302702,
    "leak_pa": 0.0,
    "num_spikes": 0,
    "peak_deflection": 0.0,
    "post_noise_rms_mv": 0.0,
    "post_vm_mv": 0.0,
    "pre_noise_rms_mv": 0.0,
    "pre_vm_mv": 0.0,
    "slow_noise_rms_mv": 0.0,
    "slow_vm_mv": 0.0,
    "specimen_id": 313862022,
    "stimulus_absolute_amplitude": 9.99999977648258,
    "stimulus_description": "EXTPGGAEND141203[0]",
    "stimulus_duration": 0.069995,
    "stimulus_interval": 0.05,
    "stimulus_name": "Test",
    "stimulus_relative_amplitude": 1.0,
    "stimulus_start_time": 0.03,
    "stimulus_units": "mV",
    "sweep_number": 71,
    "vm_delta_mv": 0.0
  },
  {
    "bridge_balance_mohm": 10.1953601837158,
    "id": 396302576,
    "leak_pa": 0.0,
    "num_spikes": 0,
    "peak_deflection": 0.0,
    "post_noise_rms_mv": 0.0384310521185398,
    "post_vm_mv": -62.1498336791992,
    "pre_noise_rms_mv": 0.047742523252964,
    "pre_vm_mv": -62.5516014099121,
    "slow_noise_rms_mv": 0.426359117031097,
    "slow_vm_mv": -62.5516014099121,
    "specimen_id": 313862022,
    "stimulus_absolute_amplitude": 299.999997066536,
    "stimulus_description": "C1SSCOARSE141203[2]",
    "stimulus_duration": 0.002995,
    "stimulus_interval": 0.0,
    "stimulus_name": "Short Square",
    "stimulus_relative_amplitude": 1.0,
    "stimulus_start_time": 0.92,
    "stimulus_units": "pA",
    "sweep_number": 14,
    "vm_delta_mv": 0.401767730712891
  },
  {
    "bridge_balance_mohm": 10.1953601837158,
    "id": 396302624,
    "leak_pa": 0.0,
    "num_spikes": 0,
    "peak_deflection": -70.90625,
    "post_noise_rms_mv": 0.0585644356906414,
    "post_vm_mv": -62.1292114257812,
    "pre_noise_rms_mv": 0.0438111200928688,
    "pre_vm_mv": -62.9249496459961,
    "slow_noise_rms_mv": 0.494776874780655,
    "slow_vm_mv": -62.9249496459961,
    "specimen_id": 313862022,
    "stimulus_absolute_amplitude": -90.0000005077395,
    "stimulus_description": "C1LSCOARSE141203[1]",
    "stimulus_duration": 0.999995,
    "stimulus_interval": 0.0,
    "stimulus_name": "Long Square",
    "stimulus_relative_amplitude": 1.0,
    "stimulus_start_time": 0.92,
    "stimulus_units": "pA",
    "sweep_number": 36,
    "vm_delta_mv": 0.795738220214844
  },
  {
    "bridge_balance_mohm": 10.1953601837158,
    "id": 396302644,
    "leak_pa": 0.0,
    "num_spikes": 0,
    "peak_deflection": -55.09375,
    "post_noise_rms_mv": 0.04438666254282,
    "post_vm_mv": -65.8392639160156,
    "pre_noise_rms_mv": 0.0397598296403885,
    "pre_vm_mv": -65.3299255371094,
    "slow_noise_rms_mv": 0.349933505058289,
    "slow_vm_mv": -65.3299255371094,
    "specimen_id": 313862022,
    "stimulus_absolute_amplitude": 90.0000005077395,
    "stimulus_description": "C1LSCOARSE141203[10]",
    "stimulus_duration": 0.999995,
    "stimulus_interval": 0.0,
    "stimulus_name": "Long Square",
    "stimulus_relative_amplitude": 1.0,
    "stimulus_start_time": 0.92,
    "stimulus_units": "pA",
    "sweep_number": 45,
    "vm_delta_mv": 0.50933837890625
  },
  {
    "bridge_balance_mohm": 10.1953601837158,
    "id": 396302596,
    "leak_pa": 0.0,
    "num_spikes": 0,
    "peak_deflection": 0.0,
    "post_noise_rms_mv": 0.0452420264482498,
    "post_vm_mv": -61.3689155578613,
    "pre_noise_rms_mv": 0.0348909050226212,
    "pre_vm_mv": -62.0086898803711,
    "slow_noise_rms_mv": 0.280646026134491,
    "slow_vm_mv": -62.0086898803711,
    "specimen_id": 313862022,
    "stimulus_absolute_amplitude": 450.000009477591,
    "stimulus_description": "C1SSFINEST141203[0]",
    "stimulus_duration": 0.002995,
    "stimulus_interval": 0.0,
    "stimulus_name": "Short Square",
    "stimulus_relative_amplitude": 4.5,
    "stimulus_start_time": 0.92,
    "stimulus_units": "pA",
    "sweep_number": 23,
    "vm_delta_mv": 0.639774322509766
  },
  {
    "bridge_balance_mohm": 10.1953601837158,
    "id": 396302616,
    "leak_pa": 0.0,
    "num_spikes": 1,
    "peak_deflection": 0.0,
    "post_noise_rms_mv": 0.0245557315647602,
    "post_vm_mv": -63.3322868347168,
    "pre_noise_rms_mv": 0.044411264359951,
    "pre_vm_mv": -64.0474624633789,
    "slow_noise_rms_mv": 0.445628792047501,
    "slow_vm_mv": -64.0474624633789,
    "specimen_id": 313862022,
    "stimulus_absolute_amplitude": 509.999986686438,
    "stimulus_description": "C1SSFINEST141203[0]",
    "stimulus_duration": 0.002995,
    "stimulus_interval": 0.0,
    "stimulus_name": "Short Square",
    "stimulus_relative_amplitude": 5.1,
    "stimulus_start_time": 0.92,
    "stimulus_units": "pA",
    "sweep_number": 32,
    "vm_delta_mv": 0.715175628662109
  },
  {
    "bridge_balance_mohm": 10.1953601837158,
    "id": 396302570,
    "leak_pa": 0.0,
    "num_spikes": 1,
    "peak_deflection": 0.0,
    "post_noise_rms_mv": 0.0370357669889927,
    "post_vm_mv": -58.0785217285156,
    "pre_noise_rms_mv": 0.0514554381370544,
    "pre_vm_mv": -58.3380546569824,
    "slow_noise_rms_mv": 0.375582486391068,
    "slow_vm_mv": -58.3380546569824,
    "specimen_id": 313862022,
    "stimulus_absolute_amplitude": 400.000005340573,
    "stimulus_description": "C1SSCOARSE141203[3]",
    "stimulus_duration": 0.002995,
    "stimulus_interval": 0.0,
    "stimulus_name": "Short Square",
    "stimulus_relative_amplitude": 1.0,
    "stimulus_start_time": 0.92,
    "stimulus_units": "pA",
    "sweep_number": 11,
    "vm_delta_mv": 0.259532928466797
  },
  {
    "bridge_balance_mohm": 10.1953601837158,
    "id": 396302652,
    "leak_pa": 0.0,
    "num_spikes": 0,
    "peak_deflection": -45.9375,
    "post_noise_rms_mv": 0.0423805415630341,
    "post_vm_mv": -64.1073684692383,
    "pre_noise_rms_mv": 0.0446641519665718,
    "pre_vm_mv": -64.8984298706055,
    "slow_noise_rms_mv": 0.363464862108231,
    "slow_vm_mv": -64.8984298706055,
    "specimen_id": 313862022,
    "stimulus_absolute_amplitude": 170.000000188075,
    "stimulus_description": "C1LSCOARSE141203[14]",
    "stimulus_duration": 0.999995,
    "stimulus_interval": 0.0,
    "stimulus_name": "Long Square",
    "stimulus_relative_amplitude": 1.0,
    "stimulus_start_time": 0.92,
    "stimulus_units": "pA",
    "sweep_number": 49,
    "vm_delta_mv": 0.791061401367188
  },
  {
    "bridge_balance_mohm": 10.1953601837158,
    "id": 396302626,
    "leak_pa": 0.0,
    "num_spikes": 0,
    "peak_deflection": -69.9375076293945,
    "post_noise_rms_mv": 0.0397111661732197,
    "post_vm_mv": -63.2233848571777,
    "pre_noise_rms_mv": 0.045500073581934,
    "pre_vm_mv": -62.5012550354004,
    "slow_noise_rms_mv": 0.220319479703903,
    "slow_vm_mv": -62.5012550354004,
    "specimen_id": 313862022,
    "stimulus_absolute_amplitude": -69.9999988529321,
    "stimulus_description": "C1LSCOARSE141203[2]",
    "stimulus_duration": 0.999995,
    "stimulus_interval": 0.0,
    "stimulus_name": "Long Square",
    "stimulus_relative_amplitude": 1.0,
    "stimulus_start_time": 0.92,
    "stimulus_units": "pA",
    "sweep_number": 37,
    "vm_delta_mv": 0.722129821777344
  },
  {
    "bridge_balance_mohm": 10.1953601837158,
    "id": 396302636,
    "leak_pa": 0.0,
    "num_spikes": 0,
    "peak_deflection": -61.5625,
    "post_noise_rms_mv": 0.0336800664663315,
    "post_vm_mv": -64.1628036499023,
    "pre_noise_rms_mv": 0.0302206110209227,
    "pre_vm_mv": -63.1780815124512,
    "slow_noise_rms_mv": 0.335334002971649,
    "slow_vm_mv": -63.1780815124512,
    "specimen_id": 313862022,
    "stimulus_absolute_amplitude": 9.99999996004197,
    "stimulus_description": "C1LSCOARSE141203[6]",
    "stimulus_duration": 0.999995,
    "stimulus_interval": 0.0,
    "stimulus_name": "Long Square",
    "stimulus_relative_amplitude": 1.0,
    "stimulus_start_time": 0.92,
    "stimulus_units": "pA",
    "sweep_number": 41,
    "vm_delta_mv": 0.984722137451172
  },
  {
    "bridge_balance_mohm": 10.1953601837158,
    "id": 396302630,
    "leak_pa": 0.0,
    "num_spikes": 0,
    "peak_deflection": -67.4375,
    "post_noise_rms_mv": 0.0426994301378727,
    "post_vm_mv": -63.9190063476562,
    "pre_noise_rms_mv": 0.0384772568941116,
    "pre_vm_mv": -63.8159637451172,
    "slow_noise_rms_mv": 0.307021409273148,
    "slow_vm_mv": -63.8159637451172,
    "specimen_id": 313862022,
    "stimulus_absolute_amplitude": -29.9999990127642,
    "stimulus_description": "C1LSCOARSE141203[4]",
    "stimulus_duration": 0.999995,
    "stimulus_interval": 0.0,
    "stimulus_name": "Long Square",
    "stimulus_relative_amplitude": 1.0,
    "stimulus_start_time": 0.92,
    "stimulus_units": "pA",
    "sweep_number": 39,
    "vm_delta_mv": 0.103042602539062
  },
  {
    "bridge_balance_mohm": 10.1953601837158,
    "id": 396302628,
    "leak_pa": 0.0,
    "num_spikes": 0,
    "peak_deflection": -68.6875,
    "post_noise_rms_mv": 0.0513172708451748,
    "post_vm_mv": -64.1783752441406,
    "pre_noise_rms_mv": 0.0425707660615444,
    "pre_vm_mv": -63.3471603393555,
    "slow_noise_rms_mv": 0.276192903518677,
    "slow_vm_mv": -63.3471603393555,
    "specimen_id": 313862022,
    "stimulus_absolute_amplitude": -50.0000006675716,
    "stimulus_description": "C1LSCOARSE141203[3]",
    "stimulus_duration": 0.999995,
    "stimulus_interval": 0.0,
    "stimulus_name": "Long Square",
    "stimulus_relative_amplitude": 1.0,
    "stimulus_start_time": 0.92,
    "stimulus_units": "pA",
    "sweep_number": 38,
    "vm_delta_mv": 0.831214904785156
  },
  {
    "bridge_balance_mohm": 10.1953601837158,
    "id": 396302660,
    "leak_pa": 0.0,
    "num_spikes": 4,
    "peak_deflection": 0.0,
    "post_noise_rms_mv": 0.0380260311067104,
    "post_vm_mv": -64.7948989868164,
    "pre_noise_rms_mv": 0.0392789281904697,
    "pre_vm_mv": -63.2608261108398,
    "slow_noise_rms_mv": 0.315223813056946,
    "slow_vm_mv": -63.2608261108398,
    "specimen_id": 313862022,
    "stimulus_absolute_amplitude": 230.000005152498,
    "stimulus_description": "C1LSCOARSE141203[17]",
    "stimulus_duration": 0.999995,
    "stimulus_interval": 0.0,
    "stimulus_name": "Long Square",
    "stimulus_relative_amplitude": 1.0,
    "stimulus_start_time": 0.92,
    "stimulus_units": "pA",
    "sweep_number": 52,
    "vm_delta_mv": 1.53407287597656
  },
  {
    "bridge_balance_mohm": 0.0,
    "id": 396302566,
    "leak_pa": 0.0,
    "num_spikes": 0,
    "peak_deflection": 0.0,
    "post_noise_rms_mv": 0.0,
    "post_vm_mv": 0.0,
    "pre_noise_rms_mv": 0.0,
    "pre_vm_mv": 0.0,
    "slow_noise_rms_mv": 0.0,
    "slow_vm_mv": 0.0,
    "specimen_id": 313862022,
    "stimulus_absolute_amplitude": 9.99999977648258,
    "stimulus_description": "EXTPINBATH141203[0]",
    "stimulus_duration": 0.069995,
    "stimulus_interval": 0.05,
    "stimulus_name": "Test",
    "stimulus_relative_amplitude": 1.0,
    "stimulus_start_time": 0.03,
    "stimulus_units": "mV",
    "sweep_number": 1,
    "vm_delta_mv": 0.0
  },
  {
    "bridge_balance_mohm": 10.1953601837158,
    "id": 396302696,
    "leak_pa": 0.0,
    "num_spikes": 0,
    "peak_deflection": 0.0,
    "post_noise_rms_mv": 0.0354009307920933,
    "post_vm_mv": -64.2763519287109,
    "pre_noise_rms_mv": 0.0486218966543674,
    "pre_vm_mv": -63.8795356750488,
    "slow_noise_rms_mv": 0.323416382074356,
    "slow_vm_mv": -63.8795356750488,
    "specimen_id": 313862022,
    "stimulus_absolute_amplitude": -200.000002670286,
    "stimulus_description": "C1SQCAPCHK141203[0]",
    "stimulus_duration": 7.819995,
    "stimulus_interval": 0.2,
    "stimulus_name": "Square - 0.5ms Subthreshold",
    "stimulus_relative_amplitude": 1.0,
    "stimulus_start_time": 0.12,
    "stimulus_units": "pA",
    "sweep_number": 69,
    "vm_delta_mv": 0.396816253662109
  },
  {
    "bridge_balance_mohm": 10.1953601837158,
    "id": 396302568,
    "leak_pa": 0.0,
    "num_spikes": 0,
    "peak_deflection": 0.0,
    "post_noise_rms_mv": 0.031228318810463,
    "post_vm_mv": -58.2218208312988,
    "pre_noise_rms_mv": 0.0343550704419613,
    "pre_vm_mv": -57.7875366210938,
    "slow_noise_rms_mv": 0.351560801267624,
    "slow_vm_mv": -57.7875366210938,
    "specimen_id": 313862022,
    "stimulus_absolute_amplitude": 299.999997066536,
    "stimulus_description": "C1SSCOARSE141203[2]",
    "stimulus_duration": 0.002995,
    "stimulus_interval": 0.0,
    "stimulus_name": "Short Square",
    "stimulus_relative_amplitude": 1.0,
    "stimulus_start_time": 0.92,
    "stimulus_units": "pA",
    "sweep_number": 10,
    "vm_delta_mv": 0.434284210205078
  },
  {
    "bridge_balance_mohm": 10.1953601837158,
    "id": 396302592,
    "leak_pa": 0.0,
    "num_spikes": 0,
    "peak_deflection": 0.0,
    "post_noise_rms_mv": 0.0406069904565811,
    "post_vm_mv": -62.2919960021973,
    "pre_noise_rms_mv": 0.0327924191951752,
    "pre_vm_mv": -63.010139465332,
    "slow_noise_rms_mv": 0.402258068323135,
    "slow_vm_mv": -63.010139465332,
    "specimen_id": 313862022,
    "stimulus_absolute_amplitude": 400.000005340573,
    "stimulus_description": "C1SSCOARSE141203[3]",
    "stimulus_duration": 0.002995,
    "stimulus_interval": 0.0,
    "stimulus_name": "Short Square",
    "stimulus_relative_amplitude": 1.0,
    "stimulus_start_time": 0.92,
    "stimulus_units": "pA",
    "sweep_number": 21,
    "vm_delta_mv": 0.718143463134766
  },
  {
    "bridge_balance_mohm": 10.1953601837158,
    "id": 396302632,
    "leak_pa": 0.0,
    "num_spikes": 17,
    "peak_deflection": 0.0,
    "post_noise_rms_mv": 0.0,
    "post_vm_mv": 0.0,
    "pre_noise_rms_mv": 0.0512409806251526,
    "pre_vm_mv": -60.3938446044922,
    "slow_noise_rms_mv": 0.304394990205765,
    "slow_vm_mv": -60.3938446044922,
    "specimen_id": 313862022,
    "stimulus_absolute_amplitude": 800.000010681146,
    "stimulus_description": "C1RP25PR1S141203[0]",
    "stimulus_duration": 31.997495,
    "stimulus_interval": 0.0,
    "stimulus_name": "Ramp",
    "stimulus_relative_amplitude": 1.0,
    "stimulus_start_time": 0.9225,
    "stimulus_units": "pA",
    "sweep_number": 4,
    "vm_delta_mv": 0.0
  },
  {
    "bridge_balance_mohm": 0.0,
    "id": 396302564,
    "leak_pa": 0.0,
    "num_spikes": 0,
    "peak_deflection": 0.0,
    "post_noise_rms_mv": 0.0,
    "post_vm_mv": 0.0,
    "pre_noise_rms_mv": 0.0,
    "pre_vm_mv": 0.0,
    "slow_noise_rms_mv": 0.0,
    "slow_vm_mv": 0.0,
    "specimen_id": 313862022,
    "stimulus_absolute_amplitude": 9.99999977648258,
    "stimulus_description": "EXTPSMOKET141203[0]",
    "stimulus_duration": 0.069995,
    "stimulus_interval": 0.05,
    "stimulus_name": "Test",
    "stimulus_relative_amplitude": 1.0,
    "stimulus_start_time": 0.03,
    "stimulus_units": "mV",
    "sweep_number": 0,
    "vm_delta_mv": 0.0
  },
  {
    "bridge_balance_mohm": 10.1953601837158,
    "id": 396302642,
    "leak_pa": 0.0,
    "num_spikes": 0,
    "peak_deflection": -57.40625,
    "post_noise_rms_mv": 0.0504088774323463,
    "post_vm_mv": -64.9076614379883,
    "pre_noise_rms_mv": 0.0375449545681477,
    "pre_vm_mv": -64.3983764648438,
    "slow_noise_rms_mv": 0.247961789369583,
    "slow_vm_mv": -64.3983764648438,
    "specimen_id": 313862022,
    "stimulus_absolute_amplitude": 69.9999988529321,
    "stimulus_description": "C1LSCOARSE141203[9]",
    "stimulus_duration": 0.999995,
    "stimulus_interval": 0.0,
    "stimulus_name": "Long Square",
    "stimulus_relative_amplitude": 1.0,
    "stimulus_start_time": 0.92,
    "stimulus_units": "pA",
    "sweep_number": 44,
    "vm_delta_mv": 0.509284973144531
  },
  {
    "bridge_balance_mohm": 10.1953601837158,
    "id": 396302572,
    "leak_pa": 0.0,
    "num_spikes": 0,
    "peak_deflection": 0.0,
    "post_noise_rms_mv": 0.0426122285425663,
    "post_vm_mv": -62.0837707519531,
    "pre_noise_rms_mv": 0.0420910939574242,
    "pre_vm_mv": -61.801456451416,
    "slow_noise_rms_mv": 0.230676531791687,
    "slow_vm_mv": -61.801456451416,
    "specimen_id": 313862022,
    "stimulus_absolute_amplitude": 100.000001335143,
    "stimulus_description": "C1SSCOARSE141203[0]",
    "stimulus_duration": 0.002995,
    "stimulus_interval": 0.0,
    "stimulus_name": "Short Square",
    "stimulus_relative_amplitude": 1.0,
    "stimulus_start_time": 0.92,
    "stimulus_units": "pA",
    "sweep_number": 12,
    "vm_delta_mv": 0.282314300537109
  },
  {
    "bridge_balance_mohm": 10.1953601837158,
    "id": 396302672,
    "leak_pa": 0.0,
    "num_spikes": 24,
    "peak_deflection": 0.0,
    "post_noise_rms_mv": 0.0404557771980762,
    "post_vm_mv": -62.348560333252,
    "pre_noise_rms_mv": 0.0432785674929619,
    "pre_vm_mv": -61.8858604431152,
    "slow_noise_rms_mv": 0.446644484996796,
    "slow_vm_mv": -61.8858604431152,
    "specimen_id": 313862022,
    "stimulus_absolute_amplitude": 350.000001203554,
    "stimulus_description": "C1LSCOARSE141203[23]",
    "stimulus_duration": 0.999995,
    "stimulus_interval": 0.0,
    "stimulus_name": "Long Square",
    "stimulus_relative_amplitude": 1.0,
    "stimulus_start_time": 0.92,
    "stimulus_units": "pA",
    "sweep_number": 58,
    "vm_delta_mv": 0.462699890136719
  },
  {
    "bridge_balance_mohm": 10.1953601837158,
    "id": 396302586,
    "leak_pa": 0.0,
    "num_spikes": 0,
    "peak_deflection": 0.0,
    "post_noise_rms_mv": 0.0415215380489826,
    "post_vm_mv": -63.6492614746094,
    "pre_noise_rms_mv": 0.0601796917617321,
    "pre_vm_mv": -63.9749946594238,
    "slow_noise_rms_mv": 0.339851289987564,
    "slow_vm_mv": -63.9749946594238,
    "specimen_id": 313862022,
    "stimulus_absolute_amplitude": 200.000002670286,
    "stimulus_description": "C1SSCOARSE141203[1]",
    "stimulus_duration": 0.002995,
    "stimulus_interval": 0.0,
    "stimulus_name": "Short Square",
    "stimulus_relative_amplitude": 1.0,
    "stimulus_start_time": 0.92,
    "stimulus_units": "pA",
    "sweep_number": 19,
    "vm_delta_mv": 0.325733184814453
  },
  {
    "bridge_balance_mohm": 10.1953601837158,
    "id": 396302690,
    "leak_pa": 0.0,
    "num_spikes": 73,
    "peak_deflection": 0.0,
    "post_noise_rms_mv": 0.0506260395050049,
    "post_vm_mv": -64.2463455200195,
    "pre_noise_rms_mv": 0.0567796938121319,
    "pre_vm_mv": -64.2027359008789,
    "slow_noise_rms_mv": 0.420089989900589,
    "slow_vm_mv": -64.2027359008789,
    "specimen_id": 313862022,
    "stimulus_absolute_amplitude": 440.374986476755,
    "stimulus_description": "C1NSSEED_1141203[0]",
    "stimulus_duration": 18.999995,
    "stimulus_interval": 5.0,
    "stimulus_name": "Noise 1",
    "stimulus_relative_amplitude": 1.9,
    "stimulus_start_time": 1.92,
    "stimulus_units": "pA",
    "sweep_number": 66,
    "vm_delta_mv": 0.043609619140625
  },
  {
    "bridge_balance_mohm": 10.1953601837158,
    "id": 396302580,
    "leak_pa": 0.0,
    "num_spikes": 0,
    "peak_deflection": 0.0,
    "post_noise_rms_mv": 0.0474051721394062,
    "post_vm_mv": -63.8345909118652,
    "pre_noise_rms_mv": 0.0490888841450214,
    "pre_vm_mv": -64.4863357543945,
    "slow_noise_rms_mv": 0.487249463796616,
    "slow_vm_mv": -64.4863357543945,
    "specimen_id": 313862022,
    "stimulus_absolute_amplitude": 499.999985859034,
    "stimulus_description": "C1SSCOARSE141203[4]",
    "stimulus_duration": 0.002995,
    "stimulus_interval": 0.0,
    "stimulus_name": "Short Square",
    "stimulus_relative_amplitude": 1.0,
    "stimulus_start_time": 0.92,
    "stimulus_units": "pA",
    "sweep_number": 16,
    "vm_delta_mv": 0.651744842529297
  },
  {
    "bridge_balance_mohm": 10.1953601837158,
    "id": 396302650,
    "leak_pa": 0.0,
    "num_spikes": 0,
    "peak_deflection": -49.0625,
    "post_noise_rms_mv": 0.0470926314592361,
    "post_vm_mv": -65.0235824584961,
    "pre_noise_rms_mv": 0.0588064938783646,
    "pre_vm_mv": -65.4476013183594,
    "slow_noise_rms_mv": 0.332925826311111,
    "slow_vm_mv": -65.4476013183594,
    "specimen_id": 313862022,
    "stimulus_absolute_amplitude": 149.999998533268,
    "stimulus_description": "C1LSCOARSE141203[13]",
    "stimulus_duration": 0.999995,
    "stimulus_interval": 0.0,
    "stimulus_name": "Long Square",
    "stimulus_relative_amplitude": 1.0,
    "stimulus_start_time": 0.92,
    "stimulus_units": "pA",
    "sweep_number": 48,
    "vm_delta_mv": 0.424018859863281
  },
  {
    "bridge_balance_mohm": 0.0,
    "id": 396302610,
    "leak_pa": 0.0,
    "num_spikes": 0,
    "peak_deflection": 0.0,
    "post_noise_rms_mv": 0.0,
    "post_vm_mv": 0.0,
    "pre_noise_rms_mv": 0.0,
    "pre_vm_mv": 0.0,
    "slow_noise_rms_mv": 0.0,
    "slow_vm_mv": 0.0,
    "specimen_id": 313862022,
    "stimulus_absolute_amplitude": 9.99999977648258,
    "stimulus_description": "EXTPBREAKN141203[0]",
    "stimulus_duration": 0.069995,
    "stimulus_interval": 0.05,
    "stimulus_name": "Test",
    "stimulus_relative_amplitude": 1.0,
    "stimulus_start_time": 0.03,
    "stimulus_units": "mV",
    "sweep_number": 3,
    "vm_delta_mv": 0.0
  },
  {
    "bridge_balance_mohm": 10.1953601837158,
    "id": 396302648,
    "leak_pa": 0.0,
    "num_spikes": 0,
    "peak_deflection": -50.6875,
    "post_noise_rms_mv": 0.05056307092309,
    "post_vm_mv": -64.4917831420898,
    "pre_noise_rms_mv": 0.0311929564923048,
    "pre_vm_mv": -64.232177734375,
    "slow_noise_rms_mv": 0.206999287009239,
    "slow_vm_mv": -64.232177734375,
    "specimen_id": 313862022,
    "stimulus_absolute_amplitude": 129.99999687846,
    "stimulus_description": "C1LSCOARSE141203[12]",
    "stimulus_duration": 0.999995,
    "stimulus_interval": 0.0,
    "stimulus_name": "Long Square",
    "stimulus_relative_amplitude": 1.0,
    "stimulus_start_time": 0.92,
    "stimulus_units": "pA",
    "sweep_number": 47,
    "vm_delta_mv": 0.259605407714844
  },
  {
    "bridge_balance_mohm": 10.1953601837158,
    "id": 396302658,
    "leak_pa": 0.0,
    "num_spikes": 1,
    "peak_deflection": 0.0,
    "post_noise_rms_mv": 0.0311057139188051,
    "post_vm_mv": -65.7150955200195,
    "pre_noise_rms_mv": 0.0367834232747555,
    "pre_vm_mv": -65.0645065307617,
    "slow_noise_rms_mv": 0.385694295167923,
    "slow_vm_mv": -65.0645065307617,
    "specimen_id": 313862022,
    "stimulus_absolute_amplitude": 210.00000349769,
    "stimulus_description": "C1LSCOARSE141203[16]",
    "stimulus_duration": 0.999995,
    "stimulus_interval": 0.0,
    "stimulus_name": "Long Square",
    "stimulus_relative_amplitude": 1.0,
    "stimulus_start_time": 0.92,
    "stimulus_units": "pA",
    "sweep_number": 51,
    "vm_delta_mv": 0.650588989257812
  },
  {
    "bridge_balance_mohm": 10.1953601837158,
    "id": 396302598,
    "leak_pa": 0.0,
    "num_spikes": 0,
    "peak_deflection": 0.0,
    "post_noise_rms_mv": 0.0476561114192009,
    "post_vm_mv": -61.3846740722656,
    "pre_noise_rms_mv": 0.040011715143919,
    "pre_vm_mv": -62.3420867919922,
    "slow_noise_rms_mv": 0.469545871019363,
    "slow_vm_mv": -62.3420867919922,
    "specimen_id": 313862022,
    "stimulus_absolute_amplitude": 469.999983376823,
    "stimulus_description": "C1SSFINEST141203[0]",
    "stimulus_duration": 0.002995,
    "stimulus_interval": 0.0,
    "stimulus_name": "Short Square",
    "stimulus_relative_amplitude": 4.7,
    "stimulus_start_time": 0.92,
    "stimulus_units": "pA",
    "sweep_number": 24,
    "vm_delta_mv": 0.957412719726562
  },
  {
    "bridge_balance_mohm": 10.1953601837158,
    "id": 396302604,
    "leak_pa": 0.0,
    "num_spikes": 0,
    "peak_deflection": 0.0,
    "post_noise_rms_mv": 0.0406223796308041,
    "post_vm_mv": -64.1840591430664,
    "pre_noise_rms_mv": 0.0399758704006672,
    "pre_vm_mv": -64.8039474487305,
    "slow_noise_rms_mv": 0.426299691200256,
    "slow_vm_mv": -64.8039474487305,
    "specimen_id": 313862022,
    "stimulus_absolute_amplitude": 499.999985859034,
    "stimulus_description": "C1SSFINEST141203[0]",
    "stimulus_duration": 0.002995,
    "stimulus_interval": 0.0,
    "stimulus_name": "Short Square",
    "stimulus_relative_amplitude": 5.0,
    "stimulus_start_time": 0.92,
    "stimulus_units": "pA",
    "sweep_number": 27,
    "vm_delta_mv": 0.619888305664062
  },
  {
    "bridge_balance_mohm": 0.0,
    "id": 396302588,
    "leak_pa": 0.0,
    "num_spikes": 0,
    "peak_deflection": 0.0,
    "post_noise_rms_mv": 0.0,
    "post_vm_mv": 0.0,
    "pre_noise_rms_mv": 0.0,
    "pre_vm_mv": 0.0,
    "slow_noise_rms_mv": 0.0,
    "slow_vm_mv": 0.0,
    "specimen_id": 313862022,
    "stimulus_absolute_amplitude": 9.99999977648258,
    "stimulus_description": "EXTPCllATT141203[0]",
    "stimulus_duration": 0.069995,
    "stimulus_interval": 0.05,
    "stimulus_name": "Test",
    "stimulus_relative_amplitude": 1.0,
    "stimulus_start_time": 0.03,
    "stimulus_units": "mV",
    "sweep_number": 2,
    "vm_delta_mv": 0.0
  }
]