[
  {
    "bridge_balance_mohm": 15.384614944458,
    "id": 464189248,
    "leak_pa": 0.0,
    "num_spikes": 4,
    "peak_deflection": 0.0,
    "post_noise_rms_mv": 0.0336654968559742,
    "post_vm_mv": -77.9290313720703,
    "pre_noise_rms_mv": 0.0404213629662991,
    "pre_vm_mv": -77.8412933349609,
    "slow_noise_rms_mv": 0.113718554377556,
    "slow_vm_mv": -77.8412933349609,
    "specimen_id": 464188580,
    "stimulus_absolute_amplitude": 170.000000188075,
    "stimulus_description": "C1LSCOARSE150216[14]",
    "stimulus_duration": 0.999995,
    "stimulus_interval": 0.0,
    "stimulus_name": "Long Square",
    "stimulus_relative_amplitude": 1.0,
    "stimulus_start_time": 0.92,
    "stimulus_units": "pA",
    "sweep_number": 39,
    "vm_delta_mv": 0.087738037109375
  },
  {
    "bridge_balance_mohm": 15.384614944458,
    "id": 464189360,
    "leak_pa": 0.0,
    "num_spikes": 3,
    "peak_deflection": 0.0,
    "post_noise_rms_mv": 0.0374420844018459,
    "post_vm_mv": -77.4332122802734,
    "pre_noise_rms_mv": 0.0339172445237637,
    "pre_vm_mv": -77.5751571655273,
    "slow_noise_rms_mv": 0.146901622414589,
    "slow_vm_mv": -77.5751571655273,
    "specimen_id": 464188580,
    "stimulus_absolute_amplitude": 820.000012335953,
    "stimulus_description": "C2SSTRIPLE141203[6]",
    "stimulus_duration": 0.064995,
    "stimulus_interval": 0.028,
    "stimulus_name": "Short Square - Triple",
    "stimulus_relative_amplitude": 8.2,
    "stimulus_start_time": 1.92,
    "stimulus_units": "pA",
    "sweep_number": 88,
    "vm_delta_mv": 0.141944885253906
  },
  {
    "bridge_balance_mohm": 15.384614944458,
    "id": 464189270,
    "leak_pa": 0.0,
    "num_spikes": 0,
    "peak_deflection": -42.8125,
    "post_noise_rms_mv": 0.0382271818816662,
    "post_vm_mv": -77.6807022094727,
    "pre_noise_rms_mv": 0.0403914228081703,
    "pre_vm_mv": -77.6592178344727,
    "slow_noise_rms_mv": 0.194218054413795,
    "slow_vm_mv": -77.6592178344727,
    "specimen_id": 464188580,
    "stimulus_absolute_amplitude": 170.000000188075,
    "stimulus_description": "C1LSFINEST150112[0]",
    "stimulus_duration": 0.999995,
    "stimulus_interval": 0.0,
    "stimulus_name": "Long Square",
    "stimulus_relative_amplitude": 1.7,
    "stimulus_start_time": 0.92,
    "stimulus_units": "pA",
    "sweep_number": 49,
    "vm_delta_mv": 0.021484375
  },
  {
    "bridge_balance_mohm": 15.384614944458,
    "id": 464189328,
    "leak_pa": 0.0,
    "num_spikes": 31,
    "peak_deflection": 0.0,
    "post_noise_rms_mv": 0.0478317849338055,
    "post_vm_mv": -77.872917175293,
    "pre_noise_rms_mv": 0.0418841950595379,
    "pre_vm_mv": -78.1814422607422,
    "slow_noise_rms_mv": 0.112403996288776,
    "slow_vm_mv": -78.1814422607422,
    "specimen_id": 464188580,
    "stimulus_absolute_amplitude": 269.999994584325,
    "stimulus_description": "C2SQRHELNG150216[0]",
    "stimulus_duration": 1.999995,
    "stimulus_interval": 0.0,
    "stimulus_name": "Square - 2s Suprathreshold",
    "stimulus_relative_amplitude": 2.7,
    "stimulus_start_time": 0.92,
    "stimulus_units": "pA",
    "sweep_number": 75,
    "vm_delta_mv": 0.308525085449219
  },
  {
    "bridge_balance_mohm": 15.384614944458,
    "id": 464189190,
    "leak_pa": 0.0,
    "num_spikes": 0,
    "peak_deflection": 0.0,
    "post_noise_rms_mv": 0.0431218557059765,
    "post_vm_mv": -78.3640365600586,
    "pre_noise_rms_mv": 0.0357375182211399,
    "pre_vm_mv": -78.3624496459961,
    "slow_noise_rms_mv": 0.235359743237495,
    "slow_vm_mv": -78.3624496459961,
    "specimen_id": 464188580,
    "stimulus_absolute_amplitude": 599.999994133071,
    "stimulus_description": "C1SSCOARSE150112[5]",
    "stimulus_duration": 0.002995,
    "stimulus_interval": 0.0,
    "stimulus_name": "Short Square",
    "stimulus_relative_amplitude": 1.0,
    "stimulus_start_time": 0.92,
    "stimulus_units": "pA",
    "sweep_number": 12,
    "vm_delta_mv": 0.0015869140625
  },
  {
    "bridge_balance_mohm": 15.384614944458,
    "id": 464189316,
    "leak_pa": 0.0,
    "num_spikes": 0,
    "peak_deflection": 0.0,
    "post_noise_rms_mv": 0.0397398211061954,
    "post_vm_mv": -79.0961227416992,
    "pre_noise_rms_mv": 0.0434043854475021,
    "pre_vm_mv": -79.3092575073242,
    "slow_noise_rms_mv": 0.138812825083733,
    "slow_vm_mv": -79.3092575073242,
    "specimen_id": 464188580,
    "stimulus_absolute_amplitude": 100.000001335143,
    "stimulus_description": "C1SSCOARSE150112[0]",
    "stimulus_duration": 0.002995,
    "stimulus_interval": 0.0,
    "stimulus_name": "Short Square",
    "stimulus_relative_amplitude": 1.0,
    "stimulus_start_time": 0.92,
    "stimulus_units": "pA",
    "sweep_number": 7,
    "vm_delta_mv": 0.213134765625
  },
  {
    "bridge_balance_mohm": 15.384614944458,
    "id": 464189340,
    "leak_pa": 0.0,
    "num_spikes": 163,
    "peak_deflection": 0.0,
    "post_noise_rms_mv": 0.0369608215987682,
    "post_vm_mv": -78.9501800537109,
    "pre_noise_rms_mv": 0.0390762463212013,
    "pre_vm_mv": -78.5558471679688,
    "slow_noise_rms_mv": 0.081212155520916,
    "slow_vm_mv": -78.5558471679688,
    "specimen_id": 464188580,
    "stimulus_absolute_amplitude": 644.000019978108,
    "stimulus_description": "C2NSRMPRH2150216[0]",
    "stimulus_duration": 31.99998,
    "stimulus_interval": 4.5e-05,
    "stimulus_name": "Ramp to Rheobase",
    "stimulus_relative_amplitude": 1.9,
    "stimulus_start_time": 1.920015,
    "stimulus_units": "pA",
    "sweep_number": 80,
    "vm_delta_mv": 0.394332885742188
  },
  {
    "bridge_balance_mohm": 15.384614944458,
    "id": 464189220,
    "leak_pa": 0.0,
    "num_spikes": 0,
    "peak_deflection": -89.6875,
    "post_noise_rms_mv": 0.0380891226232052,
    "post_vm_mv": -78.2125015258789,
    "pre_noise_rms_mv": 0.0371593311429024,
    "pre_vm_mv": -78.6635131835938,
    "slow_noise_rms_mv": 0.159293621778488,
    "slow_vm_mv": -78.6635131835938,
    "specimen_id": 464188580,
    "stimulus_absolute_amplitude": -90.0000005077395,
    "stimulus_description": "C1LSCOARSE150216[1]",
    "stimulus_duration": 0.999995,
    "stimulus_interval": 0.0,
    "stimulus_name": "Long Square",
    "stimulus_relative_amplitude": 1.0,
    "stimulus_start_time": 0.92,
    "stimulus_units": "pA",
    "sweep_number": 26,
    "vm_delta_mv": 0.451011657714844
  },
  {
    "bridge_balance_mohm": 0.0,
    "id": 464189182,
    "leak_pa": 0.0,
    "num_spikes": 0,
    "peak_deflection": 0.0,
    "post_noise_rms_mv": 0.0,
    "post_vm_mv": 0.0,
    "pre_noise_rms_mv": 0.0,
    "pre_vm_mv": 0.0,
    "slow_noise_rms_mv": 0.0,
    "slow_vm_mv": 0.0,
    "specimen_id": 464188580,
    "stimulus_absolute_amplitude": 9.99999977648258,
    "stimulus_description": "EXTPEXPEND141203[0]",
    "stimulus_duration": 0.069995,
    "stimulus_interval": 0.05,
    "stimulus_name": "Test",
    "stimulus_relative_amplitude": 1.0,
    "stimulus_start_time": 0.03,
    "stimulus_units": "mV",
    "sweep_number": 106,
    "vm_delta_mv": 0.0
  },
  {
    "bridge_balance_mohm": 15.384614944458,
    "id": 464189226,
    "leak_pa": 0.0,
    "num_spikes": 0,
    "peak_deflection": -83.40625,
    "post_noise_rms_mv": 0.0322217009961605,
    "post_vm_mv": -78.9523773193359,
    "pre_noise_rms_mv": 0.0373033061623573,
    "pre_vm_mv": -78.8464202880859,
    "slow_noise_rms_mv": 0.175275608897209,
    "slow_vm_mv": -78.8464202880859,
    "specimen_id": 464188580,
    "stimulus_absolute_amplitude": -30.0000024822111,
    "stimulus_description": "C1LSCOARSE150216[4]",
    "stimulus_duration": 0.999995,
    "stimulus_interval": 0.0,
    "stimulus_name": "Long Square",
    "stimulus_relative_amplitude": 1.0,
    "stimulus_start_time": 0.92,
    "stimulus_units": "pA",
    "sweep_number": 29,
    "vm_delta_mv": 0.10595703125
  },
  {
    "bridge_balance_mohm": 15.384614944458,
    "id": 464189234,
    "leak_pa": 0.0,
    "num_spikes": 0,
    "peak_deflection": -71.9375,
    "post_noise_rms_mv": 0.0371826849877834,
    "post_vm_mv": -78.0620880126953,
    "pre_noise_rms_mv": 0.050807286053896,
    "pre_vm_mv": -78.2929611206055,
    "slow_noise_rms_mv": 0.0803090110421181,
    "slow_vm_mv": -78.2929611206055,
    "specimen_id": 464188580,
    "stimulus_absolute_amplitude": 30.0000024822111,
    "stimulus_description": "C1LSCOARSE150216[7]",
    "stimulus_duration": 0.999995,
    "stimulus_interval": 0.0,
    "stimulus_name": "Long Square",
    "stimulus_relative_amplitude": 1.0,
    "stimulus_start_time": 0.92,
    "stimulus_units": "pA",
    "sweep_number": 32,
    "vm_delta_mv": 0.230873107910156
  },
  {
    "bridge_balance_mohm": 0.0,
    "id": 464189154,
    "leak_pa": 0.0,
    "num_spikes": 0,
    "peak_deflection": 0.0,
    "post_noise_rms_mv": 0.0,
    "post_vm_mv": 0.0,
    "pre_noise_rms_mv": 0.0,
    "pre_vm_mv": 0.0,
    "slow_noise_rms_mv": 0.0,
    "slow_vm_mv": 0.0,
    "specimen_id": 464188580,
    "stimulus_absolute_amplitude": 9.99999977648258,
    "stimulus_description": "EXTPINBATH141203[0]",
    "stimulus_duration": 0.069995,
    "stimulus_interval": 0.05,
    "stimulus_name": "Test",
    "stimulus_relative_amplitude": 1.0,
    "stimulus_start_time": 0.03,
    "stimulus_units": "mV",
    "sweep_number": 1,
    "vm_delta_mv": 0.0
  },
  {
    "bridge_balance_mohm": 15.384614944458,
    "id": 464189204,
    "leak_pa": 0.0,
    "num_spikes": 1,
    "peak_deflection": 0.0,
    "post_noise_rms_mv": 0.0362480506300926,
    "post_vm_mv": -78.760383605957,
    "pre_noise_rms_mv": 0.0390590280294418,
    "pre_vm_mv": -78.7757186889648,
    "slow_noise_rms_mv": 0.146371647715569,
    "slow_vm_mv": -78.7757186889648,
    "specimen_id": 464188580,
    "stimulus_absolute_amplitude": 820.000012335953,
    "stimulus_description": "C1SSFINEST150112[0]",
    "stimulus_duration": 0.002995,
    "stimulus_interval": 0.0,
    "stimulus_name": "Short Square",
    "stimulus_relative_amplitude": 8.2,
    "stimulus_start_time": 0.92,
    "stimulus_units": "pA",
    "sweep_number": 19,
    "vm_delta_mv": 0.0153350830078125
  },
  {
    "bridge_balance_mohm": 15.384614944458,
    "id": 464189268,
    "leak_pa": 0.0,
    "num_spikes": 1,
    "peak_deflection": 0.0,
    "post_noise_rms_mv": 0.0369653701782227,
    "post_vm_mv": -77.1500396728516,
    "pre_noise_rms_mv": 0.0412577576935291,
    "pre_vm_mv": -77.3653030395508,
    "slow_noise_rms_mv": 0.0719095170497894,
    "slow_vm_mv": -77.3653030395508,
    "specimen_id": 464188580,
    "stimulus_absolute_amplitude": 170.000000188075,
    "stimulus_description": "C1LSFINEST150112[0]",
    "stimulus_duration": 0.999995,
    "stimulus_interval": 0.0,
    "stimulus_name": "Long Square",
    "stimulus_relative_amplitude": 1.7,
    "stimulus_start_time": 0.92,
    "stimulus_units": "pA",
    "sweep_number": 48,
    "vm_delta_mv": 0.215263366699219
  },
  {
    "bridge_balance_mohm": 15.384614944458,
    "id": 464189356,
    "leak_pa": 0.0,
    "num_spikes": 2,
    "peak_deflection": 0.0,
    "post_noise_rms_mv": 0.0378163754940033,
    "post_vm_mv": -77.5240478515625,
    "pre_noise_rms_mv": 0.0418655388057232,
    "pre_vm_mv": -77.5004577636719,
    "slow_noise_rms_mv": 0.158269956707954,
    "slow_vm_mv": -77.5004577636719,
    "specimen_id": 464188580,
    "stimulus_absolute_amplitude": 820.000012335953,
    "stimulus_description": "C2SSTRIPLE141203[4]",
    "stimulus_duration": 0.048995,
    "stimulus_interval": 0.02,
    "stimulus_name": "Short Square - Triple",
    "stimulus_relative_amplitude": 8.2,
    "stimulus_start_time": 1.92,
    "stimulus_units": "pA",
    "sweep_number": 86,
    "vm_delta_mv": 0.023590087890625
  },
  {
    "bridge_balance_mohm": 15.384614944458,
    "id": 464189218,
    "leak_pa": 0.0,
    "num_spikes": 0,
    "peak_deflection": -91.75,
    "post_noise_rms_mv": 0.0434856861829758,
    "post_vm_mv": -78.7793426513672,
    "pre_noise_rms_mv": 0.0385865420103073,
    "pre_vm_mv": -79.1702728271484,
    "slow_noise_rms_mv": 0.075207807123661,
    "slow_vm_mv": -79.1702728271484,
    "specimen_id": 464188580,
    "stimulus_absolute_amplitude": -110.000002162547,
    "stimulus_description": "C1LSCOARSE150216[0]",
    "stimulus_duration": 0.999995,
    "stimulus_interval": 0.0,
    "stimulus_name": "Long Square",
    "stimulus_relative_amplitude": 1.0,
    "stimulus_start_time": 0.92,
    "stimulus_units": "pA",
    "sweep_number": 25,
    "vm_delta_mv": 0.39093017578125
  },
  {
    "bridge_balance_mohm": 15.384614944458,
    "id": 464189334,
    "leak_pa": 0.0,
    "num_spikes": 30,
    "peak_deflection": 0.0,
    "post_noise_rms_mv": 0.0288560464978218,
    "post_vm_mv": -76.9763793945312,
    "pre_noise_rms_mv": 0.0362660102546215,
    "pre_vm_mv": -77.6466979980469,
    "slow_noise_rms_mv": 0.125631004571915,
    "slow_vm_mv": -77.6466979980469,
    "specimen_id": 464188580,
    "stimulus_absolute_amplitude": 269.999994584325,
    "stimulus_description": "C2SQRHELNG150216[0]",
    "stimulus_duration": 1.999995,
    "stimulus_interval": 0.0,
    "stimulus_name": "Square - 2s Suprathreshold",
    "stimulus_relative_amplitude": 2.7,
    "stimulus_start_time": 0.92,
    "stimulus_units": "pA",
    "sweep_number": 78,
    "vm_delta_mv": 0.670318603515625
  },
  {
    "bridge_balance_mohm": 15.384614944458,
    "id": 464189358,
    "leak_pa": 0.0,
    "num_spikes": 2,
    "peak_deflection": 0.0,
    "post_noise_rms_mv": 0.0366660766303539,
    "post_vm_mv": -77.3971786499023,
    "pre_noise_rms_mv": 0.0384163223206997,
    "pre_vm_mv": -77.2972793579102,
    "slow_noise_rms_mv": 0.107940554618835,
    "slow_vm_mv": -77.2972793579102,
    "specimen_id": 464188580,
    "stimulus_absolute_amplitude": 820.000012335953,
    "stimulus_description": "C2SSTRIPLE141203[5]",
    "stimulus_duration": 0.056995,
    "stimulus_interval": 0.024,
    "stimulus_name": "Short Square - Triple",
    "stimulus_relative_amplitude": 8.2,
    "stimulus_start_time": 1.92,
    "stimulus_units": "pA",
    "sweep_number": 87,
    "vm_delta_mv": 0.0998992919921875
  },
  {
    "bridge_balance_mohm": 15.384614944458,
    "id": 464189198,
    "leak_pa": 0.0,
    "num_spikes": 1,
    "peak_deflection": 0.0,
    "post_noise_rms_mv": 0.0368867702782154,
    "post_vm_mv": -78.4947967529297,
    "pre_noise_rms_mv": 0.0379721410572529,
    "pre_vm_mv": -78.3913040161133,
    "slow_noise_rms_mv": 0.207383751869202,
    "slow_vm_mv": -78.3913040161133,
    "specimen_id": 464188580,
    "stimulus_absolute_amplitude": 850.000014818164,
    "stimulus_description": "C1SSFINEST150112[0]",
    "stimulus_duration": 0.002995,
    "stimulus_interval": 0.0,
    "stimulus_name": "Short Square",
    "stimulus_relative_amplitude": 8.5,
    "stimulus_start_time": 0.92,
    "stimulus_units": "pA",
    "sweep_number": 16,
    "vm_delta_mv": 0.103492736816406
  },
  {
    "bridge_balance_mohm": 15.384614944458,
    "id": 464189378,
    "leak_pa": 0.0,
    "num_spikes": 2,
    "peak_deflection": 0.0,
    "post_noise_rms_mv": 0.0421970151364803,
    "post_vm_mv": -77.6645278930664,
    "pre_noise_rms_mv": 0.0382124185562134,
    "pre_vm_mv": -77.5954666137695,
    "slow_noise_rms_mv": 0.124887607991695,
    "slow_vm_mv": -77.5954666137695,
    "specimen_id": 464188580,
    "stimulus_absolute_amplitude": 820.000012335953,
    "stimulus_description": "C2SSTRIPLE141203[6]",
    "stimulus_duration": 0.064995,
    "stimulus_interval": 0.028,
    "stimulus_name": "Short Square - Triple",
    "stimulus_relative_amplitude": 8.2,
    "stimulus_start_time": 1.92,
    "stimulus_units": "pA",
    "sweep_number": 96,
    "vm_delta_mv": 0.069061279296875
  },
  {
    "bridge_balance_mohm": 15.384614944458,
    "id": 464189202,
    "leak_pa": 0.0,
    "num_spikes": 0,
    "peak_deflection": 0.0,
    "post_noise_rms_mv": 0.0439354926347733,
    "post_vm_mv": -78.4631500244141,
    "pre_noise_rms_mv": 0.046866200864315,
    "pre_vm_mv": -78.6986846923828,
    "slow_noise_rms_mv": 0.192913010716438,
    "slow_vm_mv": -78.6986846923828,
    "specimen_id": 464188580,
    "stimulus_absolute_amplitude": 810.000067019701,
    "stimulus_description": "C1SSFINEST150112[0]",
    "stimulus_duration": 0.002995,
    "stimulus_interval": 0.0,
    "stimulus_name": "Short Square",
    "stimulus_relative_amplitude": 8.1,
    "stimulus_start_time": 0.92,
    "stimulus_units": "pA",
    "sweep_number": 18,
    "vm_delta_mv": 0.23553466796875
  },
  {
    "bridge_balance_mohm": 15.384614944458,
    "id": 464189350,
    "leak_pa": 0.0,
    "num_spikes": 2,
    "peak_deflection": 0.0,
    "post_noise_rms_mv": 0.0291696414351463,
    "post_vm_mv": -77.9750442504883,
    "pre_noise_rms_mv": 0.0406057648360729,
    "pre_vm_mv": -78.3552093505859,
    "slow_noise_rms_mv": 0.10168495029211,
    "slow_vm_mv": -78.3552093505859,
    "specimen_id": 464188580,
    "stimulus_absolute_amplitude": 820.000012335953,
    "stimulus_description": "C2SSTRIPLE141203[1]",
    "stimulus_duration": 0.024995,
    "stimulus_interval": 0.008,
    "stimulus_name": "Short Square - Triple",
    "stimulus_relative_amplitude": 8.2,
    "stimulus_start_time": 1.92,
    "stimulus_units": "pA",
    "sweep_number": 83,
    "vm_delta_mv": 0.380165100097656
  },
  {
    "bridge_balance_mohm": 15.384614944458,
    "id": 464189238,
    "leak_pa": 0.0,
    "num_spikes": 0,
    "peak_deflection": -66.0,
    "post_noise_rms_mv": 0.0398307777941227,
    "post_vm_mv": -78.7341690063477,
    "pre_noise_rms_mv": 0.0433587431907654,
    "pre_vm_mv": -78.7352523803711,
    "slow_noise_rms_mv": 0.0870309248566628,
    "slow_vm_mv": -78.7352523803711,
    "specimen_id": 464188580,
    "stimulus_absolute_amplitude": 69.9999988529321,
    "stimulus_description": "C1LSCOARSE150216[9]",
    "stimulus_duration": 0.999995,
    "stimulus_interval": 0.0,
    "stimulus_name": "Long Square",
    "stimulus_relative_amplitude": 1.0,
    "stimulus_start_time": 0.92,
    "stimulus_units": "pA",
    "sweep_number": 34,
    "vm_delta_mv": 0.0010833740234375
  },
  {
    "bridge_balance_mohm": 15.384614944458,
    "id": 464189164,
    "leak_pa": 0.0,
    "num_spikes": 2,
    "peak_deflection": 0.0,
    "post_noise_rms_mv": 0.03907236084342,
    "post_vm_mv": -77.42724609375,
    "pre_noise_rms_mv": 0.0418775863945484,
    "pre_vm_mv": -77.1689529418945,
    "slow_noise_rms_mv": 0.111520126461983,
    "slow_vm_mv": -77.1689529418945,
    "specimen_id": 464188580,
    "stimulus_absolute_amplitude": 820.000012335953,
    "stimulus_description": "C2SSTRIPLE141203[3]",
    "stimulus_duration": 0.040995,
    "stimulus_interval": 0.016,
    "stimulus_name": "Short Square - Triple",
    "stimulus_relative_amplitude": 8.2,
    "stimulus_start_time": 1.92,
    "stimulus_units": "pA",
    "sweep_number": 101,
    "vm_delta_mv": 0.258293151855469
  },
  {
    "bridge_balance_mohm": 15.384614944458,
    "id": 464189240,
    "leak_pa": 0.0,
    "num_spikes": 0,
    "peak_deflection": -61.71875,
    "post_noise_rms_mv": 0.0457919985055923,
    "post_vm_mv": -79.3710861206055,
    "pre_noise_rms_mv": 0.0391726233065128,
    "pre_vm_mv": -78.9330062866211,
    "slow_noise_rms_mv": 0.127244681119919,
    "slow_vm_mv": -78.9330062866211,
    "specimen_id": 464188580,
    "stimulus_absolute_amplitude": 90.0000005077395,
    "stimulus_description": "C1LSCOARSE150216[10]",
    "stimulus_duration": 0.999995,
    "stimulus_interval": 0.0,
    "stimulus_name": "Long Square",
    "stimulus_relative_amplitude": 1.0,
    "stimulus_start_time": 0.92,
    "stimulus_units": "pA",
    "sweep_number": 35,
    "vm_delta_mv": 0.438079833984375
  },
  {
    "bridge_balance_mohm": 15.384614944458,
    "id": 464189282,
    "leak_pa": 0.0,
    "num_spikes": 1,
    "peak_deflection": 0.0,
    "post_noise_rms_mv": 0.0388115532696247,
    "post_vm_mv": -78.2266693115234,
    "pre_noise_rms_mv": 0.0414185300469398,
    "pre_vm_mv": -78.2677536010742,
    "slow_noise_rms_mv": 0.113185837864876,
    "slow_vm_mv": -78.2677536010742,
    "specimen_id": 464188580,
    "stimulus_absolute_amplitude": 180.000001015479,
    "stimulus_description": "C1LSFINEST150112[0]",
    "stimulus_duration": 0.999995,
    "stimulus_interval": 0.0,
    "stimulus_name": "Long Square",
    "stimulus_relative_amplitude": 1.8,
    "stimulus_start_time": 0.92,
    "stimulus_units": "pA",
    "sweep_number": 54,
    "vm_delta_mv": 0.0410842895507812
  },
  {
    "bridge_balance_mohm": 15.384614944458,
    "id": 464189260,
    "leak_pa": 0.0,
    "num_spikes": 21,
    "peak_deflection": 0.0,
    "post_noise_rms_mv": 0.0390216447412968,
    "post_vm_mv": -78.6116027832031,
    "pre_noise_rms_mv": 0.0406789183616638,
    "pre_vm_mv": -78.6022720336914,
    "slow_noise_rms_mv": 0.112941078841686,
    "slow_vm_mv": -78.6022720336914,
    "specimen_id": 464188580,
    "stimulus_absolute_amplitude": 269.999994584325,
    "stimulus_description": "C1LSCOARSE150216[19]",
    "stimulus_duration": 0.999995,
    "stimulus_interval": 0.0,
    "stimulus_name": "Long Square",
    "stimulus_relative_amplitude": 1.0,
    "stimulus_start_time": 0.92,
    "stimulus_units": "pA",
    "sweep_number": 44,
    "vm_delta_mv": 0.00933074951171875
  },
  {
    "bridge_balance_mohm": 15.384614944458,
    "id": 464189304,
    "leak_pa": 0.0,
    "num_spikes": 0,
    "peak_deflection": 0.0,
    "post_noise_rms_mv": 0.0333658680319786,
    "post_vm_mv": -78.411506652832,
    "pre_noise_rms_mv": 0.0396210066974163,
    "pre_vm_mv": -78.81298828125,
    "slow_noise_rms_mv": 0.226332694292068,
    "slow_vm_mv": -78.81298828125,
    "specimen_id": 464188580,
    "stimulus_absolute_amplitude": -200.000002670286,
    "stimulus_description": "C1SQCAPCHK141203[0]",
    "stimulus_duration": 7.819995,
    "stimulus_interval": 0.2,
    "stimulus_name": "Square - 0.5ms Subthreshold",
    "stimulus_relative_amplitude": 1.0,
    "stimulus_start_time": 0.12,
    "stimulus_units": "pA",
    "sweep_number": 64,
    "vm_delta_mv": 0.401481628417969
  },
  {
    "bridge_balance_mohm": 15.384614944458,
    "id": 464189308,
    "leak_pa": 0.0,
    "num_spikes": 0,
    "peak_deflection": 0.0,
    "post_noise_rms_mv": 0.0443719439208508,
    "post_vm_mv": -77.6681823730469,
    "pre_noise_rms_mv": 0.0390494428575039,
    "pre_vm_mv": -77.7729568481445,
    "slow_noise_rms_mv": 0.0885999426245689,
    "slow_vm_mv": -77.7729568481445,
    "specimen_id": 464188580,
    "stimulus_absolute_amplitude": 180.000001015479,
    "stimulus_description": "C2SQRHELNG150216[0]",
    "stimulus_duration": 1.999995,
    "stimulus_interval": 0.0,
    "stimulus_name": "Square - 2s Suprathreshold",
    "stimulus_relative_amplitude": 1.8,
    "stimulus_start_time": 0.92,
    "stimulus_units": "pA",
    "sweep_number": 66,
    "vm_delta_mv": 0.104774475097656
  },
  {
    "bridge_balance_mohm": 15.384614944458,
    "id": 464189326,
    "leak_pa": 0.0,
    "num_spikes": 20,
    "peak_deflection": 0.0,
    "post_noise_rms_mv": 0.0350625663995743,
    "post_vm_mv": -78.1648864746094,
    "pre_noise_rms_mv": 0.0334042198956013,
    "pre_vm_mv": -78.4486312866211,
    "slow_noise_rms_mv": 0.068247877061367,
    "slow_vm_mv": -78.4486312866211,
    "specimen_id": 464188580,
    "stimulus_absolute_amplitude": 230.000005152498,
    "stimulus_description": "C2SQRHELNG150216[0]",
    "stimulus_duration": 1.999995,
    "stimulus_interval": 0.0,
    "stimulus_name": "Square - 2s Suprathreshold",
    "stimulus_relative_amplitude": 2.3,
    "stimulus_start_time": 0.92,
    "stimulus_units": "pA",
    "sweep_number": 74,
    "vm_delta_mv": 0.283744812011719
  },
  {
    "bridge_balance_mohm": 15.384614944458,
    "id": 464189156,
    "leak_pa": 0.0,
    "num_spikes": 0,
    "peak_deflection": 0.0,
    "post_noise_rms_mv": 0.0401736386120319,
    "post_vm_mv": -78.5306930541992,
    "pre_noise_rms_mv": 0.0365391969680786,
    "pre_vm_mv": -78.7201919555664,
    "slow_noise_rms_mv": 0.124311424791813,
    "slow_vm_mv": -78.7201919555664,
    "specimen_id": 464188580,
    "stimulus_absolute_amplitude": 400.000005340573,
    "stimulus_description": "C1SSCOARSE150112[3]",
    "stimulus_duration": 0.002995,
    "stimulus_interval": 0.0,
    "stimulus_name": "Short Square",
    "stimulus_relative_amplitude": 1.0,
    "stimulus_start_time": 0.92,
    "stimulus_units": "pA",
    "sweep_number": 10,
    "vm_delta_mv": 0.189498901367188
  },
  {
    "bridge_balance_mohm": 15.384614944458,
    "id": 464189208,
    "leak_pa": 0.0,
    "num_spikes": 0,
    "peak_deflection": 0.0,
    "post_noise_rms_mv": 0.0328836850821972,
    "post_vm_mv": -78.9160919189453,
    "pre_noise_rms_mv": 0.0357051678001881,
    "pre_vm_mv": -78.8511047363281,
    "slow_noise_rms_mv": 0.172692954540253,
    "slow_vm_mv": -78.8511047363281,
    "specimen_id": 464188580,
    "stimulus_absolute_amplitude": 820.000012335953,
    "stimulus_description": "C1SSFINEST150112[0]",
    "stimulus_duration": 0.002995,
    "stimulus_interval": 0.0,
    "stimulus_name": "Short Square",
    "stimulus_relative_amplitude": 8.2,
    "stimulus_start_time": 0.92,
    "stimulus_units": "pA",
    "sweep_number": 20,
    "vm_delta_mv": 0.0649871826171875
  },
  {
    "bridge_balance_mohm": 15.384614944458,
    "id": 464189354,
    "leak_pa": 0.0,
    "num_spikes": 2,
    "peak_deflection": 0.0,
    "post_noise_rms_mv": 0.0418250896036625,
    "post_vm_mv": -77.4399871826172,
    "pre_noise_rms_mv": 0.0372297838330269,
    "pre_vm_mv": -77.5313186645508,
    "slow_noise_rms_mv": 0.109512127935886,
    "slow_vm_mv": -77.5313186645508,
    "specimen_id": 464188580,
    "stimulus_absolute_amplitude": 820.000012335953,
    "stimulus_description": "C2SSTRIPLE141203[3]",
    "stimulus_duration": 0.040995,
    "stimulus_interval": 0.016,
    "stimulus_name": "Short Square - Triple",
    "stimulus_relative_amplitude": 8.2,
    "stimulus_start_time": 1.92,
    "stimulus_units": "pA",
    "sweep_number": 85,
    "vm_delta_mv": 0.0913314819335938
  },
  {
    "bridge_balance_mohm": 15.384614944458,
    "id": 464189188,
    "leak_pa": 0.0,
    "num_spikes": 0,
    "peak_deflection": 0.0,
    "post_noise_rms_mv": 0.043368749320507,
    "post_vm_mv": -78.8408813476562,
    "pre_noise_rms_mv": 0.0495959110558033,
    "pre_vm_mv": -78.87158203125,
    "slow_noise_rms_mv": 0.147325232625008,
    "slow_vm_mv": -78.87158203125,
    "specimen_id": 464188580,
    "stimulus_absolute_amplitude": 499.999985859034,
    "stimulus_description": "C1SSCOARSE150112[4]",
    "stimulus_duration": 0.002995,
    "stimulus_interval": 0.0,
    "stimulus_name": "Short Square",
    "stimulus_relative_amplitude": 1.0,
    "stimulus_start_time": 0.92,
    "stimulus_units": "pA",
    "sweep_number": 11,
    "vm_delta_mv": 0.03070068359375
  },
  {
    "bridge_balance_mohm": 15.384614944458,
    "id": 464189180,
    "leak_pa": 0.0,
    "num_spikes": 3,
    "peak_deflection": 0.0,
    "post_noise_rms_mv": 0.0378987789154053,
    "post_vm_mv": -78.3190765380859,
    "pre_noise_rms_mv": 0.0432022996246815,
    "pre_vm_mv": -78.3189163208008,
    "slow_noise_rms_mv": 0.113520212471485,
    "slow_vm_mv": -78.3189163208008,
    "specimen_id": 464188580,
    "stimulus_absolute_amplitude": 820.000012335953,
    "stimulus_description": "C2SSTRIPLE141203[7]",
    "stimulus_duration": 0.072995,
    "stimulus_interval": 0.032,
    "stimulus_name": "Short Square - Triple",
    "stimulus_relative_amplitude": 8.2,
    "stimulus_start_time": 1.92,
    "stimulus_units": "pA",
    "sweep_number": 105,
    "vm_delta_mv": 0.00016021728515625
  },
  {
    "bridge_balance_mohm": 0.0,
    "id": 464189184,
    "leak_pa": 0.0,
    "num_spikes": 0,
    "peak_deflection": 0.0,
    "post_noise_rms_mv": 0.0,
    "post_vm_mv": 0.0,
    "pre_noise_rms_mv": 0.0,
    "pre_vm_mv": 0.0,
    "slow_noise_rms_mv": 0.0,
    "slow_vm_mv": 0.0,
    "specimen_id": 464188580,
    "stimulus_absolute_amplitude": 9.99999977648258,
    "stimulus_description": "EXTPGGAEND141203[0]",
    "stimulus_duration": 0.069995,
    "stimulus_interval": 0.05,
    "stimulus_name": "Test",
    "stimulus_relative_amplitude": 1.0,
    "stimulus_start_time": 0.03,
    "stimulus_units": "mV",
    "sweep_number": 107,
    "vm_delta_mv": 0.0
  },
  {
    "bridge_balance_mohm": 15.384614944458,
    "id": 464189168,
    "leak_pa": 0.0,
    "num_spikes": 2,
    "peak_deflection": 0.0,
    "post_noise_rms_mv": 0.0401574335992336,
    "post_vm_mv": -77.4543533325195,
    "pre_noise_rms_mv": 0.0367984138429165,
    "pre_vm_mv": -77.3119812011719,
    "slow_noise_rms_mv": 0.165872007608414,
    "slow_vm_mv": -77.3119812011719,
    "specimen_id": 464188580,
    "stimulus_absolute_amplitude": 820.000012335953,
    "stimulus_description": "C2SSTRIPLE141203[4]",
    "stimulus_duration": 0.048995,
    "stimulus_interval": 0.02,
    "stimulus_name": "Short Square - Triple",
    "stimulus_relative_amplitude": 8.2,
    "stimulus_start_time": 1.92,
    "stimulus_units": "pA",
    "sweep_number": 102,
    "vm_delta_mv": 0.142372131347656
  },
  {
    "bridge_balance_mohm": 15.384614944458,
    "id": 464189322,
    "leak_pa": 0.0,
    "num_spikes": 20,
    "peak_deflection": 0.0,
    "post_noise_rms_mv": 0.038887944072485,
    "post_vm_mv": -78.399284362793,
    "pre_noise_rms_mv": 0.0412346087396145,
    "pre_vm_mv": -78.0715103149414,
    "slow_noise_rms_mv": 0.0993556901812553,
    "slow_vm_mv": -78.0715103149414,
    "specimen_id": 464188580,
    "stimulus_absolute_amplitude": 230.000005152498,
    "stimulus_description": "C2SQRHELNG150216[0]",
    "stimulus_duration": 1.999995,
    "stimulus_interval": 0.0,
    "stimulus_name": "Square - 2s Suprathreshold",
    "stimulus_relative_amplitude": 2.3,
    "stimulus_start_time": 0.92,
    "stimulus_units": "pA",
    "sweep_number": 72,
    "vm_delta_mv": 0.327774047851562
  },
  {
    "bridge_balance_mohm": 15.384614944458,
    "id": 464189312,
    "leak_pa": 0.0,
    "num_spikes": 2,
    "peak_deflection": 0.0,
    "post_noise_rms_mv": 0.0397008918225765,
    "post_vm_mv": -77.6058578491211,
    "pre_noise_rms_mv": 0.0392987281084061,
    "pre_vm_mv": -77.5968933105469,
    "slow_noise_rms_mv": 0.0847235545516014,
    "slow_vm_mv": -77.5968933105469,
    "specimen_id": 464188580,
    "stimulus_absolute_amplitude": 190.000001842883,
    "stimulus_description": "C2SQRHELNG150216[0]",
    "stimulus_duration": 1.999995,
    "stimulus_interval": 0.0,
    "stimulus_name": "Square - 2s Suprathreshold",
    "stimulus_relative_amplitude": 1.9,
    "stimulus_start_time": 0.92,
    "stimulus_units": "pA",
    "sweep_number": 68,
    "vm_delta_mv": 0.00896453857421875
  },
  {
    "bridge_balance_mohm": 15.384614944458,
    "id": 464189276,
    "leak_pa": 0.0,
    "num_spikes": 1,
    "peak_deflection": 0.0,
    "post_noise_rms_mv": 0.041086982935667,
    "post_vm_mv": -77.5587615966797,
    "pre_noise_rms_mv": 0.0402373299002647,
    "pre_vm_mv": -77.6970367431641,
    "slow_noise_rms_mv": 0.155808240175247,
    "slow_vm_mv": -77.6970367431641,
    "specimen_id": 464188580,
    "stimulus_absolute_amplitude": 180.000001015479,
    "stimulus_description": "C1LSFINEST150112[0]",
    "stimulus_duration": 0.999995,
    "stimulus_interval": 0.0,
    "stimulus_name": "Long Square",
    "stimulus_relative_amplitude": 1.8,
    "stimulus_start_time": 0.92,
    "stimulus_units": "pA",
    "sweep_number": 51,
    "vm_delta_mv": 0.138275146484375
  },
  {
    "bridge_balance_mohm": 15.384614944458,
    "id": 464189172,
    "leak_pa": 0.0,
    "num_spikes": 2,
    "peak_deflection": 0.0,
    "post_noise_rms_mv": 0.0430976934731007,
    "post_vm_mv": -77.6435241699219,
    "pre_noise_rms_mv": 0.0388501174747944,
    "pre_vm_mv": -77.5815811157227,
    "slow_noise_rms_mv": 0.148692384362221,
    "slow_vm_mv": -77.5815811157227,
    "specimen_id": 464188580,
    "stimulus_absolute_amplitude": 820.000012335953,
    "stimulus_description": "C2SSTRIPLE141203[5]",
    "stimulus_duration": 0.056995,
    "stimulus_interval": 0.024,
    "stimulus_name": "Short Square - Triple",
    "stimulus_relative_amplitude": 8.2,
    "stimulus_start_time": 1.92,
    "stimulus_units": "pA",
    "sweep_number": 103,
    "vm_delta_mv": 0.0619430541992188
  },
  {
    "bridge_balance_mohm": 15.384614944458,
    "id": 464189310,
    "leak_pa": 0.0,
    "num_spikes": 1,
    "peak_deflection": 0.0,
    "post_noise_rms_mv": 0.0421939268708229,
    "post_vm_mv": -77.2761383056641,
    "pre_noise_rms_mv": 0.0420909374952316,
    "pre_vm_mv": -77.5921020507812,
    "slow_noise_rms_mv": 0.0842734053730965,
    "slow_vm_mv": -77.5921020507812,
    "specimen_id": 464188580,
    "stimulus_absolute_amplitude": 190.000001842883,
    "stimulus_description": "C2SQRHELNG150216[0]",
    "stimulus_duration": 1.999995,
    "stimulus_interval": 0.0,
    "stimulus_name": "Square - 2s Suprathreshold",
    "stimulus_relative_amplitude": 1.9,
    "stimulus_start_time": 0.92,
    "stimulus_units": "pA",
    "sweep_number": 67,
    "vm_delta_mv": 0.315963745117188
  },
  {
    "bridge_balance_mohm": 15.384614944458,
    "id": 464189320,
    "leak_pa": 0.0,
    "num_spikes": 22,
    "peak_deflection": 0.0,
    "post_noise_rms_mv": 0.0337015762925148,
    "post_vm_mv": -77.8946990966797,
    "pre_noise_rms_mv": 0.0366055034101009,
    "pre_vm_mv": -77.7313995361328,
    "slow_noise_rms_mv": 0.119250394403934,
    "slow_vm_mv": -77.7313995361328,
    "specimen_id": 464188580,
    "stimulus_absolute_amplitude": 230.000005152498,
    "stimulus_description": "C2SQRHELNG150216[0]",
    "stimulus_duration": 1.999995,
    "stimulus_interval": 0.0,
    "stimulus_name": "Square - 2s Suprathreshold",
    "stimulus_relative_amplitude": 2.3,
    "stimulus_start_time": 0.92,
    "stimulus_units": "pA",
    "sweep_number": 71,
    "vm_delta_mv": 0.163299560546875
  },
  {
    "bridge_balance_mohm": 0.0,
    "id": 464189228,
    "leak_pa": 0.0,
    "num_spikes": 0,
    "peak_deflection": 0.0,
    "post_noise_rms_mv": 0.0,
    "post_vm_mv": 0.0,
    "pre_noise_rms_mv": 0.0,
    "pre_vm_mv": 0.0,
    "slow_noise_rms_mv": 0.0,
    "slow_vm_mv": 0.0,
    "specimen_id": 464188580,
    "stimulus_absolute_amplitude": 9.99999977648258,
    "stimulus_description": "EXTPBREAKN141203[0]",
    "stimulus_duration": 0.069995,
    "stimulus_interval": 0.05,
    "stimulus_name": "Test",
    "stimulus_relative_amplitude": 1.0,
    "stimulus_start_time": 0.03,
    "stimulus_units": "mV",
    "sweep_number": 3,
    "vm_delta_mv": 0.0
  },
  {
    "bridge_balance_mohm": 15.384614944458,
    "id": 464189280,
    "leak_pa": 0.0,
    "num_spikes": 1,
    "peak_deflection": 0.0,
    "post_noise_rms_mv": 0.0419449061155319,
    "post_vm_mv": -78.0620956420898,
    "pre_noise_rms_mv": 0.0438068844377995,
    "pre_vm_mv": -77.7366409301758,
    "slow_noise_rms_mv": 0.0964364111423492,
    "slow_vm_mv": -77.7366409301758,
    "specimen_id": 464188580,
    "stimulus_absolute_amplitude": 180.000001015479,
    "stimulus_description": "C1LSFINEST150112[0]",
    "stimulus_duration": 0.999995,
    "stimulus_interval": 0.0,
    "stimulus_name": "Long Square",
    "stimulus_relative_amplitude": 1.8,
    "stimulus_start_time": 0.92,
    "stimulus_units": "pA",
    "sweep_number": 53,
    "vm_delta_mv": 0.325454711914062
  },
  {
    "bridge_balance_mohm": 15.384614944458,
    "id": 464189222,
    "leak_pa": 0.0,
    "num_spikes": 0,
    "peak_deflection": -87.65625,
    "post_noise_rms_mv": 0.0403010584414005,
    "post_vm_mv": -78.824821472168,
    "pre_noise_rms_mv": 0.0368960313498974,
    "pre_vm_mv": -78.5359802246094,
    "slow_noise_rms_mv": 0.226820230484009,
    "slow_vm_mv": -78.5359802246094,
    "specimen_id": 464188580,
    "stimulus_absolute_amplitude": -69.9999988529321,
    "stimulus_description": "C1LSCOARSE150216[2]",
    "stimulus_duration": 0.999995,
    "stimulus_interval": 0.0,
    "stimulus_name": "Long Square",
    "stimulus_relative_amplitude": 1.0,
    "stimulus_start_time": 0.92,
    "stimulus_units": "pA",
    "sweep_number": 27,
    "vm_delta_mv": 0.288841247558594
  },
  {
    "bridge_balance_mohm": 15.384614944458,
    "id": 464189242,
    "leak_pa": 0.0,
    "num_spikes": 0,
    "peak_deflection": -57.28125,
    "post_noise_rms_mv": 0.0428796112537384,
    "post_vm_mv": -79.0997085571289,
    "pre_noise_rms_mv": 0.0328579396009445,
    "pre_vm_mv": -79.0544815063477,
    "slow_noise_rms_mv": 0.0743876099586487,
    "slow_vm_mv": -79.0544815063477,
    "specimen_id": 464188580,
    "stimulus_absolute_amplitude": 110.000002162547,
    "stimulus_description": "C1LSCOARSE150216[11]",
    "stimulus_duration": 0.999995,
    "stimulus_interval": 0.0,
    "stimulus_name": "Long Square",
    "stimulus_relative_amplitude": 1.0,
    "stimulus_start_time": 0.92,
    "stimulus_units": "pA",
    "sweep_number": 36,
    "vm_delta_mv": 0.04522705078125
  },
  {
    "bridge_balance_mohm": 15.384614944458,
    "id": 464189286,
    "leak_pa": 0.0,
    "num_spikes": 68,
    "peak_deflection": 0.0,
    "post_noise_rms_mv": 0.0406938493251801,
    "post_vm_mv": -78.5905380249023,
    "pre_noise_rms_mv": 0.0384853184223175,
    "pre_vm_mv": -78.5223999023438,
    "slow_noise_rms_mv": 0.0917955935001373,
    "slow_vm_mv": -78.5223999023438,
    "specimen_id": 464188580,
    "stimulus_absolute_amplitude": 424.375007357369,
    "stimulus_description": "C1NSSEED_2150216[0]",
    "stimulus_duration": 18.999995,
    "stimulus_interval": 5.0,
    "stimulus_name": "Noise 2",
    "stimulus_relative_amplitude": 1.8,
    "stimulus_start_time": 1.92,
    "stimulus_units": "pA",
    "sweep_number": 56,
    "vm_delta_mv": 0.0681381225585938
  },
  {
    "bridge_balance_mohm": 15.384614944458,
    "id": 464189254,
    "leak_pa": 0.0,
    "num_spikes": 12,
    "peak_deflection": 0.0,
    "post_noise_rms_mv": 0.0364843644201756,
    "post_vm_mv": -77.9490280151367,
    "pre_noise_rms_mv": 0.0354489721357822,
    "pre_vm_mv": -78.4202423095703,
    "slow_noise_rms_mv": 0.0801959633827209,
    "slow_vm_mv": -78.4202423095703,
    "specimen_id": 464188580,
    "stimulus_absolute_amplitude": 209.999989619902,
    "stimulus_description": "C1LSCOARSE150216[16]",
    "stimulus_duration": 0.999995,
    "stimulus_interval": 0.0,
    "stimulus_name": "Long Square",
    "stimulus_relative_amplitude": 1.0,
    "stimulus_start_time": 0.92,
    "stimulus_units": "pA",
    "sweep_number": 41,
    "vm_delta_mv": 0.471214294433594
  },
  {
    "bridge_balance_mohm": 15.384614944458,
    "id": 464189284,
    "leak_pa": 0.0,
    "num_spikes": 72,
    "peak_deflection": 0.0,
    "post_noise_rms_mv": 0.0529392175376415,
    "post_vm_mv": -78.2471466064453,
    "pre_noise_rms_mv": 0.0385506749153137,
    "pre_vm_mv": -78.4736785888672,
    "slow_noise_rms_mv": 0.187798663973808,
    "slow_vm_mv": -78.4736785888672,
    "specimen_id": 464188580,
    "stimulus_absolute_amplitude": 417.250012318959,
    "stimulus_description": "C1NSSEED_1150216[0]",
    "stimulus_duration": 18.999995,
    "stimulus_interval": 5.0,
    "stimulus_name": "Noise 1",
    "stimulus_relative_amplitude": 1.8,
    "stimulus_start_time": 1.92,
    "stimulus_units": "pA",
    "sweep_number": 55,
    "vm_delta_mv": 0.226531982421875
  },
  {
    "bridge_balance_mohm": 15.384614944458,
    "id": 464189196,
    "leak_pa": 0.0,
    "num_spikes": 1,
    "peak_deflection": 0.0,
    "post_noise_rms_mv": 0.0377916879951954,
    "post_vm_mv": -78.6028518676758,
    "pre_noise_rms_mv": 0.0377284698188305,
    "pre_vm_mv": -78.5111465454102,
    "slow_noise_rms_mv": 0.0923642218112946,
    "slow_vm_mv": -78.5111465454102,
    "specimen_id": 464188580,
    "stimulus_absolute_amplitude": 900.000018955183,
    "stimulus_description": "C1SSCOARSE150112[8]",
    "stimulus_duration": 0.002995,
    "stimulus_interval": 0.0,
    "stimulus_name": "Short Square",
    "stimulus_relative_amplitude": 1.0,
    "stimulus_start_time": 0.92,
    "stimulus_units": "pA",
    "sweep_number": 15,
    "vm_delta_mv": 0.091705322265625
  },
  {
    "bridge_balance_mohm": 15.384614944458,
    "id": 464189274,
    "leak_pa": 0.0,
    "num_spikes": 0,
    "peak_deflection": -42.46875,
    "post_noise_rms_mv": 0.0384535863995552,
    "post_vm_mv": -77.8290481567383,
    "pre_noise_rms_mv": 0.0366540886461735,
    "pre_vm_mv": -77.921012878418,
    "slow_noise_rms_mv": 0.0834329649806023,
    "slow_vm_mv": -77.921012878418,
    "specimen_id": 464188580,
    "stimulus_absolute_amplitude": 170.000000188075,
    "stimulus_description": "C1LSFINEST150112[0]",
    "stimulus_duration": 0.999995,
    "stimulus_interval": 0.0,
    "stimulus_name": "Long Square",
    "stimulus_relative_amplitude": 1.7,
    "stimulus_start_time": 0.92,
    "stimulus_units": "pA",
    "sweep_number": 50,
    "vm_delta_mv": 0.0919647216796875
  },
  {
    "bridge_balance_mohm": 15.384614944458,
    "id": 464189294,
    "leak_pa": 0.0,
    "num_spikes": 5,
    "peak_deflection": 0.0,
    "post_noise_rms_mv": 0.0,
    "post_vm_mv": 0.0,
    "pre_noise_rms_mv": 0.0372926816344261,
    "pre_vm_mv": -78.3739013671875,
    "slow_noise_rms_mv": 0.263361096382141,
    "slow_vm_mv": -78.3739013671875,
    "specimen_id": 464188580,
    "stimulus_absolute_amplitude": 800.000010681146,
    "stimulus_description": "C1RP25PR1S141203[0]",
    "stimulus_duration": 31.997495,
    "stimulus_interval": 0.0,
    "stimulus_name": "Ramp",
    "stimulus_relative_amplitude": 1.0,
    "stimulus_start_time": 0.9225,
    "stimulus_units": "pA",
    "sweep_number": 6,
    "vm_delta_mv": 0.0
  },
  {
    "bridge_balance_mohm": 15.384614944458,
    "id": 464189332,
    "leak_pa": 0.0,
    "num_spikes": 31,
    "peak_deflection": 0.0,
    "post_noise_rms_mv": 0.042257659137249,
    "post_vm_mv": -77.7165069580078,
    "pre_noise_rms_mv": 0.0412766896188259,
    "pre_vm_mv": -77.9716567993164,
    "slow_noise_rms_mv": 0.0907726809382439,
    "slow_vm_mv": -77.9716567993164,
    "specimen_id": 464188580,
    "stimulus_absolute_amplitude": 269.999994584325,
    "stimulus_description": "C2SQRHELNG150216[0]",
    "stimulus_duration": 1.999995,
    "stimulus_interval": 0.0,
    "stimulus_name": "Square - 2s Suprathreshold",
    "stimulus_relative_amplitude": 2.7,
    "stimulus_start_time": 0.92,
    "stimulus_units": "pA",
    "sweep_number": 77,
    "vm_delta_mv": 0.255149841308594
  },
  {
    "bridge_balance_mohm": 15.384614944458,
    "id": 464189338,
    "leak_pa": 0.0,
    "num_spikes": 0,
    "peak_deflection": 0.0,
    "post_noise_rms_mv": 0.0413692519068718,
    "post_vm_mv": -78.6954345703125,
    "pre_noise_rms_mv": 0.038151029497385,
    "pre_vm_mv": -78.5860137939453,
    "slow_noise_rms_mv": 0.208051458001137,
    "slow_vm_mv": -78.5860137939453,
    "specimen_id": 464188580,
    "stimulus_absolute_amplitude": 200.000002670286,
    "stimulus_description": "C1SSCOARSE150112[1]",
    "stimulus_duration": 0.002995,
    "stimulus_interval": 0.0,
    "stimulus_name": "Short Square",
    "stimulus_relative_amplitude": 1.0,
    "stimulus_start_time": 0.92,
    "stimulus_units": "pA",
    "sweep_number": 8,
    "vm_delta_mv": 0.109420776367188
  },
  {
    "bridge_balance_mohm": 15.384614944458,
    "id": 464189250,
    "leak_pa": 0.0,
    "num_spikes": 8,
    "peak_deflection": 0.0,
    "post_noise_rms_mv": 0.0,
    "post_vm_mv": 0.0,
    "pre_noise_rms_mv": 0.0387716963887215,
    "pre_vm_mv": -78.5962905883789,
    "slow_noise_rms_mv": 0.0781710594892502,
    "slow_vm_mv": -78.5962905883789,
    "specimen_id": 464188580,
    "stimulus_absolute_amplitude": 800.000010681146,
    "stimulus_description": "C1RP25PR1S141203[0]",
    "stimulus_duration": 31.997495,
    "stimulus_interval": 0.0,
    "stimulus_name": "Ramp",
    "stimulus_relative_amplitude": 1.0,
    "stimulus_start_time": 0.9225,
    "stimulus_units": "pA",
    "sweep_number": 4,
    "vm_delta_mv": 0.0
  },
  {
    "bridge_balance_mohm": 15.384614944458,
    "id": 464189370,
    "leak_pa": 0.0,
    "num_spikes": 3,
    "peak_deflection": 0.0,
    "post_noise_rms_mv": 0.0412036776542664,
    "post_vm_mv": -77.6992263793945,
    "pre_noise_rms_mv": 0.0404461845755577,
    "pre_vm_mv": -77.5407562255859,
    "slow_noise_rms_mv": 0.135042816400528,
    "slow_vm_mv": -77.5407562255859,
    "specimen_id": 464188580,
    "stimulus_absolute_amplitude": 820.000012335953,
    "stimulus_description": "C2SSTRIPLE141203[2]",
    "stimulus_duration": 0.032995,
    "stimulus_interval": 0.012,
    "stimulus_name": "Short Square - Triple",
    "stimulus_relative_amplitude": 8.2,
    "stimulus_start_time": 1.92,
    "stimulus_units": "pA",
    "sweep_number": 92,
    "vm_delta_mv": 0.158470153808594
  },
  {
    "bridge_balance_mohm": 15.384614944458,
    "id": 464189368,
    "leak_pa": 0.0,
    "num_spikes": 3,
    "peak_deflection": 0.0,
    "post_noise_rms_mv": 0.0447121411561966,
    "post_vm_mv": -77.4889373779297,
    "pre_noise_rms_mv": 0.0375709645450115,
    "pre_vm_mv": -77.4445037841797,
    "slow_noise_rms_mv": 0.0959416776895523,
    "slow_vm_mv": -77.4445037841797,
    "specimen_id": 464188580,
    "stimulus_absolute_amplitude": 820.000012335953,
    "stimulus_description": "C2SSTRIPLE141203[1]",
    "stimulus_duration": 0.024995,
    "stimulus_interval": 0.008,
    "stimulus_name": "Short Square - Triple",
    "stimulus_relative_amplitude": 8.2,
    "stimulus_start_time": 1.92,
    "stimulus_units": "pA",
    "sweep_number": 91,
    "vm_delta_mv": 0.04443359375
  },
  {
    "bridge_balance_mohm": 15.384614944458,
    "id": 464189230,
    "leak_pa": 0.0,
    "num_spikes": 0,
    "peak_deflection": -80.65625,
    "post_noise_rms_mv": 0.0398924313485622,
    "post_vm_mv": -79.0012435913086,
    "pre_noise_rms_mv": 0.041927695274353,
    "pre_vm_mv": -78.8490219116211,
    "slow_noise_rms_mv": 0.120950900018215,
    "slow_vm_mv": -78.8490219116211,
    "specimen_id": 464188580,
    "stimulus_absolute_amplitude": -9.99999996004197,
    "stimulus_description": "C1LSCOARSE150216[5]",
    "stimulus_duration": 0.999995,
    "stimulus_interval": 0.0,
    "stimulus_name": "Long Square",
    "stimulus_relative_amplitude": 1.0,
    "stimulus_start_time": 0.92,
    "stimulus_units": "pA",
    "sweep_number": 30,
    "vm_delta_mv": 0.1522216796875
  },
  {
    "bridge_balance_mohm": 15.384614944458,
    "id": 464189366,
    "leak_pa": 0.0,
    "num_spikes": 3,
    "peak_deflection": 0.0,
    "post_noise_rms_mv": 0.039759885519743,
    "post_vm_mv": -77.3242797851562,
    "pre_noise_rms_mv": 0.0378025993704796,
    "pre_vm_mv": -77.1970062255859,
    "slow_noise_rms_mv": 0.157577678561211,
    "slow_vm_mv": -77.1970062255859,
    "specimen_id": 464188580,
    "stimulus_absolute_amplitude": 820.000012335953,
    "stimulus_description": "C2SSTRIPLE141203[0]",
    "stimulus_duration": 0.016995,
    "stimulus_interval": 0.004,
    "stimulus_name": "Short Square - Triple",
    "stimulus_relative_amplitude": 8.2,
    "stimulus_start_time": 1.92,
    "stimulus_units": "pA",
    "sweep_number": 90,
    "vm_delta_mv": 0.127273559570312
  },
  {
    "bridge_balance_mohm": 15.384614944458,
    "id": 464189352,
    "leak_pa": 0.0,
    "num_spikes": 2,
    "peak_deflection": 0.0,
    "post_noise_rms_mv": 0.0388300009071827,
    "post_vm_mv": -77.7505416870117,
    "pre_noise_rms_mv": 0.0389993935823441,
    "pre_vm_mv": -77.8221664428711,
    "slow_noise_rms_mv": 0.0826407894492149,
    "slow_vm_mv": -77.8221664428711,
    "specimen_id": 464188580,
    "stimulus_absolute_amplitude": 820.000012335953,
    "stimulus_description": "C2SSTRIPLE141203[2]",
    "stimulus_duration": 0.032995,
    "stimulus_interval": 0.012,
    "stimulus_name": "Short Square - Triple",
    "stimulus_relative_amplitude": 8.2,
    "stimulus_start_time": 1.92,
    "stimulus_units": "pA",
    "sweep_number": 84,
    "vm_delta_mv": 0.071624755859375
  },
  {
    "bridge_balance_mohm": 15.384614944458,
    "id": 464189380,
    "leak_pa": 0.0,
    "num_spikes": 3,
    "peak_deflection": 0.0,
    "post_noise_rms_mv": 0.0421815812587738,
    "post_vm_mv": -77.7119522094727,
    "pre_noise_rms_mv": 0.036249402910471,
    "pre_vm_mv": -77.5046920776367,
    "slow_noise_rms_mv": 0.126856818795204,
    "slow_vm_mv": -77.5046920776367,
    "specimen_id": 464188580,
    "stimulus_absolute_amplitude": 820.000012335953,
    "stimulus_description": "C2SSTRIPLE141203[7]",
    "stimulus_duration": 0.072995,
    "stimulus_interval": 0.032,
    "stimulus_name": "Short Square - Triple",
    "stimulus_relative_amplitude": 8.2,
    "stimulus_start_time": 1.92,
    "stimulus_units": "pA",
    "sweep_number": 97,
    "vm_delta_mv": 0.207260131835938
  },
  {
    "bridge_balance_mohm": 15.384614944458,
    "id": 464189272,
    "leak_pa": 0.0,
    "num_spikes": 5,
    "peak_deflection": 0.0,
    "post_noise_rms_mv": 0.0,
    "post_vm_mv": 0.0,
    "pre_noise_rms_mv": 0.0443882010877132,
    "pre_vm_mv": -78.4704284667969,
    "slow_noise_rms_mv": 0.163778364658356,
    "slow_vm_mv": -78.4704284667969,
    "specimen_id": 464188580,
    "stimulus_absolute_amplitude": 800.000010681146,
    "stimulus_description": "C1RP25PR1S141203[0]",
    "stimulus_duration": 31.997495,
    "stimulus_interval": 0.0,
    "stimulus_name": "Ramp",
    "stimulus_relative_amplitude": 1.0,
    "stimulus_start_time": 0.9225,
    "stimulus_units": "pA",
    "sweep_number": 5,
    "vm_delta_mv": 0.0
  },
  {
    "bridge_balance_mohm": 15.384614944458,
    "id": 464189382,
    "leak_pa": 0.0,
    "num_spikes": 3,
    "peak_deflection": 0.0,
    "post_noise_rms_mv": 0.0453411042690277,
    "post_vm_mv": -77.2600708007812,
    "pre_noise_rms_mv": 0.0377543456852436,
    "pre_vm_mv": -77.2343139648438,
    "slow_noise_rms_mv": 0.172769978642464,
    "slow_vm_mv": -77.2343139648438,
    "specimen_id": 464188580,
    "stimulus_absolute_amplitude": 820.000012335953,
    "stimulus_description": "C2SSTRIPLE141203[0]",
    "stimulus_duration": 0.016995,
    "stimulus_interval": 0.004,
    "stimulus_name": "Short Square - Triple",
    "stimulus_relative_amplitude": 8.2,
    "stimulus_start_time": 1.92,
    "stimulus_units": "pA",
    "sweep_number": 98,
    "vm_delta_mv": 0.0257568359375
  },
  {
    "bridge_balance_mohm": 15.384614944458,
    "id": 464189216,
    "leak_pa": 0.0,
    "num_spikes": 1,
    "peak_deflection": 0.0,
    "post_noise_rms_mv": 0.0389622300863266,
    "post_vm_mv": -78.8545761108398,
    "pre_noise_rms_mv": 0.0314535051584244,
    "pre_vm_mv": -79.0227127075195,
    "slow_noise_rms_mv": 0.183962106704712,
    "slow_vm_mv": -79.0227127075195,
    "specimen_id": 464188580,
    "stimulus_absolute_amplitude": 820.000012335953,
    "stimulus_description": "C1SSFINEST150112[0]",
    "stimulus_duration": 0.002995,
    "stimulus_interval": 0.0,
    "stimulus_name": "Short Square",
    "stimulus_relative_amplitude": 8.2,
    "stimulus_start_time": 0.92,
    "stimulus_units": "pA",
    "sweep_number": 24,
    "vm_delta_mv": 0.168136596679688
  },
  {
    "bridge_balance_mohm": 15.384614944458,
    "id": 464189232,
    "leak_pa": 0.0,
    "num_spikes": 0,
    "peak_deflection": -76.6875,
    "post_noise_rms_mv": 0.0337659120559692,
    "post_vm_mv": -78.52880859375,
    "pre_noise_rms_mv": 0.0397889390587807,
    "pre_vm_mv": -78.870231628418,
    "slow_noise_rms_mv": 0.104794420301914,
    "slow_vm_mv": -78.870231628418,
    "specimen_id": 464188580,
    "stimulus_absolute_amplitude": 9.99999996004197,
    "stimulus_description": "C1LSCOARSE150216[6]",
    "stimulus_duration": 0.999995,
    "stimulus_interval": 0.0,
    "stimulus_name": "Long Square",
    "stimulus_relative_amplitude": 1.0,
    "stimulus_start_time": 0.92,
    "stimulus_units": "pA",
    "sweep_number": 31,
    "vm_delta_mv": 0.341423034667969
  },
  {
    "bridge_balance_mohm": 15.384614944458,
    "id": 464189364,
    "leak_pa": 0.0,
    "num_spikes": 0,
    "peak_deflection": 0.0,
    "post_noise_rms_mv": 0.0398967824876308,
    "post_vm_mv": -78.600341796875,
    "pre_noise_rms_mv": 0.0410104542970657,
    "pre_vm_mv": -78.8138580322266,
    "slow_noise_rms_mv": 0.0928939431905746,
    "slow_vm_mv": -78.8138580322266,
    "specimen_id": 464188580,
    "stimulus_absolute_amplitude": 299.999997066536,
    "stimulus_description": "C1SSCOARSE150112[2]",
    "stimulus_duration": 0.002995,
    "stimulus_interval": 0.0,
    "stimulus_name": "Short Square",
    "stimulus_relative_amplitude": 1.0,
    "stimulus_start_time": 0.92,
    "stimulus_units": "pA",
    "sweep_number": 9,
    "vm_delta_mv": 0.213516235351562
  },
  {
    "bridge_balance_mohm": 15.384614944458,
    "id": 464189214,
    "leak_pa": 0.0,
    "num_spikes": 0,
    "peak_deflection": 0.0,
    "post_noise_rms_mv": 0.0435541197657585,
    "post_vm_mv": -78.8541870117188,
    "pre_noise_rms_mv": 0.0419024527072906,
    "pre_vm_mv": -78.8129272460938,
    "slow_noise_rms_mv": 0.0970432609319687,
    "slow_vm_mv": -78.8129272460938,
    "specimen_id": 464188580,
    "stimulus_absolute_amplitude": 820.000012335953,
    "stimulus_description": "C1SSFINEST150112[0]",
    "stimulus_duration": 0.002995,
    "stimulus_interval": 0.0,
    "stimulus_name": "Short Square",
    "stimulus_relative_amplitude": 8.2,
    "stimulus_start_time": 0.92,
    "stimulus_units": "pA",
    "sweep_number": 23,
    "vm_delta_mv": 0.041259765625
  },
  {
    "bridge_balance_mohm": 15.384614944458,
    "id": 464189372,
    "leak_pa": 0.0,
    "num_spikes": 2,
    "peak_deflection": 0.0,
    "post_noise_rms_mv": 0.0363217666745186,
    "post_vm_mv": -77.5326919555664,
    "pre_noise_rms_mv": 0.0362121164798737,
    "pre_vm_mv": -77.5398025512695,
    "slow_noise_rms_mv": 0.164095222949982,
    "slow_vm_mv": -77.5398025512695,
    "specimen_id": 464188580,
    "stimulus_absolute_amplitude": 820.000012335953,
    "stimulus_description": "C2SSTRIPLE141203[3]",
    "stimulus_duration": 0.040995,
    "stimulus_interval": 0.016,
    "stimulus_name": "Short Square - Triple",
    "stimulus_relative_amplitude": 8.2,
    "stimulus_start_time": 1.92,
    "stimulus_units": "pA",
    "sweep_number": 93,
    "vm_delta_mv": 0.007110595703125
  },
  {
    "bridge_balance_mohm": 15.384614944458,
    "id": 464189290,
    "leak_pa": 0.0,
    "num_spikes": 67,
    "peak_deflection": 0.0,
    "post_noise_rms_mv": 0.0374622195959091,
    "post_vm_mv": -78.4382629394531,
    "pre_noise_rms_mv": 0.0378742888569832,
    "pre_vm_mv": -78.629768371582,
    "slow_noise_rms_mv": 0.0630226284265518,
    "slow_vm_mv": -78.629768371582,
    "specimen_id": 464188580,
    "stimulus_absolute_amplitude": 424.375007357369,
    "stimulus_description": "C1NSSEED_2150216[0]",
    "stimulus_duration": 18.999995,
    "stimulus_interval": 5.0,
    "stimulus_name": "Noise 2",
    "stimulus_relative_amplitude": 1.8,
    "stimulus_start_time": 1.92,
    "stimulus_units": "pA",
    "sweep_number": 58,
    "vm_delta_mv": 0.191505432128906
  },
  {
    "bridge_balance_mohm": 15.384614944458,
    "id": 464189210,
    "leak_pa": 0.0,
    "num_spikes": 1,
    "peak_deflection": 0.0,
    "post_noise_rms_mv": 0.0437256880104542,
    "post_vm_mv": -78.9646530151367,
    "pre_noise_rms_mv": 0.0441627390682697,
    "pre_vm_mv": -78.8281021118164,
    "slow_noise_rms_mv": 0.212607681751251,
    "slow_vm_mv": -78.8281021118164,
    "specimen_id": 464188580,
    "stimulus_absolute_amplitude": 820.000012335953,
    "stimulus_description": "C1SSFINEST150112[0]",
    "stimulus_duration": 0.002995,
    "stimulus_interval": 0.0,
    "stimulus_name": "Short Square",
    "stimulus_relative_amplitude": 8.2,
    "stimulus_start_time": 0.92,
    "stimulus_units": "pA",
    "sweep_number": 21,
    "vm_delta_mv": 0.136550903320312
  },
  {
    "bridge_balance_mohm": 0.0,
    "id": 464189152,
    "leak_pa": 0.0,
    "num_spikes": 0,
    "peak_deflection": 0.0,
    "post_noise_rms_mv": 0.0,
    "post_vm_mv": 0.0,
    "pre_noise_rms_mv": 0.0,
    "pre_vm_mv": 0.0,
    "slow_noise_rms_mv": 0.0,
    "slow_vm_mv": 0.0,
    "specimen_id": 464188580,
    "stimulus_absolute_amplitude": 9.99999977648258,
    "stimulus_description": "EXTPSMOKET141203[0]",
    "stimulus_duration": 0.069995,
    "stimulus_interval": 0.05,
    "stimulus_name": "Test",
    "stimulus_relative_amplitude": 1.0,
    "stimulus_start_time": 0.03,
    "stimulus_units": "mV",
    "sweep_number": 0,
    "vm_delta_mv": 0.0
  },
  {
    "bridge_balance_mohm": 15.384614944458,
    "id": 464189376,
    "leak_pa": 0.0,
    "num_spikes": 2,
    "peak_deflection": 0.0,
    "post_noise_rms_mv": 0.0440065637230873,
    "post_vm_mv": -77.4048919677734,
    "pre_noise_rms_mv": 0.0373856760561466,
    "pre_vm_mv": -77.7527847290039,
    "slow_noise_rms_mv": 0.161812037229538,
    "slow_vm_mv": -77.7527847290039,
    "specimen_id": 464188580,
    "stimulus_absolute_amplitude": 820.000012335953,
    "stimulus_description": "C2SSTRIPLE141203[5]",
    "stimulus_duration": 0.056995,
    "stimulus_interval": 0.024,
    "stimulus_name": "Short Square - Triple",
    "stimulus_relative_amplitude": 8.2,
    "stimulus_start_time": 1.92,
    "stimulus_units": "pA",
    "sweep_number": 95,
    "vm_delta_mv": 0.347892761230469
  },
  {
    "bridge_balance_mohm": 15.384614944458,
    "id": 464189194,
    "leak_pa": 0.0,
    "num_spikes": 0,
    "peak_deflection": 0.0,
    "post_noise_rms_mv": 0.0418827719986439,
    "post_vm_mv": -78.0569839477539,
    "pre_noise_rms_mv": 0.0386932566761971,
    "pre_vm_mv": -78.504768371582,
    "slow_noise_rms_mv": 0.213400036096573,
    "slow_vm_mv": -78.504768371582,
    "specimen_id": 464188580,
    "stimulus_absolute_amplitude": 800.000010681146,
    "stimulus_description": "C1SSCOARSE150112[7]",
    "stimulus_duration": 0.002995,
    "stimulus_interval": 0.0,
    "stimulus_name": "Short Square",
    "stimulus_relative_amplitude": 1.0,
    "stimulus_start_time": 0.92,
    "stimulus_units": "pA",
    "sweep_number": 14,
    "vm_delta_mv": 0.447784423828125
  },
  {
    "bridge_balance_mohm": 15.384614944458,
    "id": 464189342,
    "leak_pa": 0.0,
    "num_spikes": 168,
    "peak_deflection": 0.0,
    "post_noise_rms_mv": 0.0408545844256878,
    "post_vm_mv": -78.9677886962891,
    "pre_noise_rms_mv": 0.0393770672380924,
    "pre_vm_mv": -79.0654983520508,
    "slow_noise_rms_mv": 0.119697324931622,
    "slow_vm_mv": -79.0654983520508,
    "specimen_id": 464188580,
    "stimulus_absolute_amplitude": 644.000019978108,
    "stimulus_description": "C2NSRMPRH2150216[0]",
    "stimulus_duration": 31.99998,
    "stimulus_interval": 4.5e-05,
    "stimulus_name": "Ramp to Rheobase",
    "stimulus_relative_amplitude": 1.9,
    "stimulus_start_time": 1.920015,
    "stimulus_units": "pA",
    "sweep_number": 81,
    "vm_delta_mv": 0.0977096557617188
  },
  {
    "bridge_balance_mohm": 15.384614944458,
    "id": 464189324,
    "leak_pa": 0.0,
    "num_spikes": 19,
    "peak_deflection": 0.0,
    "post_noise_rms_mv": 0.0406878516077995,
    "post_vm_mv": -78.3888702392578,
    "pre_noise_rms_mv": 0.0381312593817711,
    "pre_vm_mv": -78.6474227905273,
    "slow_noise_rms_mv": 0.0761353820562363,
    "slow_vm_mv": -78.6474227905273,
    "specimen_id": 464188580,
    "stimulus_absolute_amplitude": 230.000005152498,
    "stimulus_description": "C2SQRHELNG150216[0]",
    "stimulus_duration": 1.999995,
    "stimulus_interval": 0.0,
    "stimulus_name": "Square - 2s Suprathreshold",
    "stimulus_relative_amplitude": 2.3,
    "stimulus_start_time": 0.92,
    "stimulus_units": "pA",
    "sweep_number": 73,
    "vm_delta_mv": 0.258552551269531
  },
  {
    "bridge_balance_mohm": 15.384614944458,
    "id": 464189252,
    "leak_pa": 0.0,
    "num_spikes": 8,
    "peak_deflection": 0.0,
    "post_noise_rms_mv": 0.0391947738826275,
    "post_vm_mv": -78.0949172973633,
    "pre_noise_rms_mv": 0.0338326841592789,
    "pre_vm_mv": -78.500617980957,
    "slow_noise_rms_mv": 0.0556664951145649,
    "slow_vm_mv": -78.500617980957,
    "specimen_id": 464188580,
    "stimulus_absolute_amplitude": 190.000001842883,
    "stimulus_description": "C1LSCOARSE150216[15]",
    "stimulus_duration": 0.999995,
    "stimulus_interval": 0.0,
    "stimulus_name": "Long Square",
    "stimulus_relative_amplitude": 1.0,
    "stimulus_start_time": 0.92,
    "stimulus_units": "pA",
    "sweep_number": 40,
    "vm_delta_mv": 0.40570068359375
  },
  {
    "bridge_balance_mohm": 15.384614944458,
    "id": 464189346,
    "leak_pa": 0.0,
    "num_spikes": 3,
    "peak_deflection": 0.0,
    "post_noise_rms_mv": 0.0400254912674427,
    "post_vm_mv": -78.3642120361328,
    "pre_noise_rms_mv": 0.0363198257982731,
    "pre_vm_mv": -78.4216918945312,
    "slow_noise_rms_mv": 0.0932460874319077,
    "slow_vm_mv": -78.4216918945312,
    "specimen_id": 464188580,
    "stimulus_absolute_amplitude": 820.000012335953,
    "stimulus_description": "C2SSTRIPLE141203[0]",
    "stimulus_duration": 0.016995,
    "stimulus_interval": 0.004,
    "stimulus_name": "Short Square - Triple",
    "stimulus_relative_amplitude": 8.2,
    "stimulus_start_time": 1.92,
    "stimulus_units": "pA",
    "sweep_number": 82,
    "vm_delta_mv": 0.0574798583984375
  },
  {
    "bridge_balance_mohm": 15.384614944458,
    "id": 464189266,
    "leak_pa": 0.0,
    "num_spikes": 0,
    "peak_deflection": -44.375,
    "post_noise_rms_mv": 0.039106085896492,
    "post_vm_mv": -77.439453125,
    "pre_noise_rms_mv": 0.0490132682025433,
    "pre_vm_mv": -77.6906280517578,
    "slow_noise_rms_mv": 0.20391771197319,
    "slow_vm_mv": -77.6906280517578,
    "specimen_id": 464188580,
    "stimulus_absolute_amplitude": 159.999999360672,
    "stimulus_description": "C1LSFINEST150112[0]",
    "stimulus_duration": 0.999995,
    "stimulus_interval": 0.0,
    "stimulus_name": "Long Square",
    "stimulus_relative_amplitude": 1.6,
    "stimulus_start_time": 0.92,
    "stimulus_units": "pA",
    "sweep_number": 47,
    "vm_delta_mv": 0.251174926757812
  },
  {
    "bridge_balance_mohm": 15.384614944458,
    "id": 464189336,
    "leak_pa": 0.0,
    "num_spikes": 154,
    "peak_deflection": 0.0,
    "post_noise_rms_mv": 0.041053295135498,
    "post_vm_mv": -78.2139282226562,
    "pre_noise_rms_mv": 0.0374791584908962,
    "pre_vm_mv": -77.8719863891602,
    "slow_noise_rms_mv": 0.0908669158816338,
    "slow_vm_mv": -77.8719863891602,
    "specimen_id": 464188580,
    "stimulus_absolute_amplitude": 644.000019978108,
    "stimulus_description": "C2NSRMPRH2150216[0]",
    "stimulus_duration": 31.99998,
    "stimulus_interval": 4.5e-05,
    "stimulus_name": "Ramp to Rheobase",
    "stimulus_relative_amplitude": 1.9,
    "stimulus_start_time": 1.920015,
    "stimulus_units": "pA",
    "sweep_number": 79,
    "vm_delta_mv": 0.341941833496094
  },
  {
    "bridge_balance_mohm": 15.384614944458,
    "id": 464189330,
    "leak_pa": 0.0,
    "num_spikes": 31,
    "peak_deflection": 0.0,
    "post_noise_rms_mv": 0.0401683747768402,
    "post_vm_mv": -78.0156021118164,
    "pre_noise_rms_mv": 0.0428391024470329,
    "pre_vm_mv": -77.9961624145508,
    "slow_noise_rms_mv": 0.123493254184723,
    "slow_vm_mv": -77.9961624145508,
    "specimen_id": 464188580,
    "stimulus_absolute_amplitude": 269.999994584325,
    "stimulus_description": "C2SQRHELNG150216[0]",
    "stimulus_duration": 1.999995,
    "stimulus_interval": 0.0,
    "stimulus_name": "Square - 2s Suprathreshold",
    "stimulus_relative_amplitude": 2.7,
    "stimulus_start_time": 0.92,
    "stimulus_units": "pA",
    "sweep_number": 76,
    "vm_delta_mv": 0.019439697265625
  },
  {
    "bridge_balance_mohm": 15.384614944458,
    "id": 464189160,
    "leak_pa": 0.0,
    "num_spikes": 2,
    "peak_deflection": 0.0,
    "post_noise_rms_mv": 0.0449821539223194,
    "post_vm_mv": -76.9147186279297,
    "pre_noise_rms_mv": 0.038677129894495,
    "pre_vm_mv": -76.9878311157227,
    "slow_noise_rms_mv": 0.165846213698387,
    "slow_vm_mv": -76.9878311157227,
    "specimen_id": 464188580,
    "stimulus_absolute_amplitude": 820.000012335953,
    "stimulus_description": "C2SSTRIPLE141203[2]",
    "stimulus_duration": 0.032995,
    "stimulus_interval": 0.012,
    "stimulus_name": "Short Square - Triple",
    "stimulus_relative_amplitude": 8.2,
    "stimulus_start_time": 1.92,
    "stimulus_units": "pA",
    "sweep_number": 100,
    "vm_delta_mv": 0.0731124877929688
  },
  {
    "bridge_balance_mohm": 0.0,
    "id": 464189206,
    "leak_pa": 0.0,
    "num_spikes": 0,
    "peak_deflection": 0.0,
    "post_noise_rms_mv": 0.0,
    "post_vm_mv": 0.0,
    "pre_noise_rms_mv": 0.0,
    "pre_vm_mv": 0.0,
    "slow_noise_rms_mv": 0.0,
    "slow_vm_mv": 0.0,
    "specimen_id": 464188580,
    "stimulus_absolute_amplitude": 9.99999977648258,
    "stimulus_description": "EXTPCllATT141203[0]",
    "stimulus_duration": 0.069995,
    "stimulus_interval": 0.05,
    "stimulus_name": "Test",
    "stimulus_relative_amplitude": 1.0,
    "stimulus_start_time": 0.03,
    "stimulus_units": "mV",
    "sweep_number": 2,
    "vm_delta_mv": 0.0
  },
  {
    "bridge_balance_mohm": 15.384614944458,
    "id": 464189176,
    "leak_pa": 0.0,
    "num_spikes": 3,
    "peak_deflection": 0.0,
    "post_noise_rms_mv": 0.0384784117341042,
    "post_vm_mv": -78.0522537231445,
    "pre_noise_rms_mv": 0.0418376699090004,
    "pre_vm_mv": -78.0081329345703,
    "slow_noise_rms_mv": 0.0946427807211876,
    "slow_vm_mv": -78.0081329345703,
    "specimen_id": 464188580,
    "stimulus_absolute_amplitude": 820.000012335953,
    "stimulus_description": "C2SSTRIPLE141203[6]",
    "stimulus_duration": 0.064995,
    "stimulus_interval": 0.028,
    "stimulus_name": "Short Square - Triple",
    "stimulus_relative_amplitude": 8.2,
    "stimulus_start_time": 1.92,
    "stimulus_units": "pA",
    "sweep_number": 104,
    "vm_delta_mv": 0.0441207885742188
  },
  {
    "bridge_balance_mohm": 15.384614944458,
    "id": 464189384,
    "leak_pa": 0.0,
    "num_spikes": 3,
    "peak_deflection": 0.0,
    "post_noise_rms_mv": 0.0418713763356209,
    "post_vm_mv": -77.3098526000977,
    "pre_noise_rms_mv": 0.0392618514597416,
    "pre_vm_mv": -77.2163238525391,
    "slow_noise_rms_mv": 0.0888682007789612,
    "slow_vm_mv": -77.2163238525391,
    "specimen_id": 464188580,
    "stimulus_absolute_amplitude": 820.000012335953,
    "stimulus_description": "C2SSTRIPLE141203[1]",
    "stimulus_duration": 0.024995,
    "stimulus_interval": 0.008,
    "stimulus_name": "Short Square - Triple",
    "stimulus_relative_amplitude": 8.2,
    "stimulus_start_time": 1.92,
    "stimulus_units": "pA",
    "sweep_number": 99,
    "vm_delta_mv": 0.0935287475585938
  },
  {
    "bridge_balance_mohm": 15.384614944458,
    "id": 464189278,
    "leak_pa": 0.0,
    "num_spikes": 2,
    "peak_deflection": 0.0,
    "post_noise_rms_mv": 0.0422021523118019,
    "post_vm_mv": -77.2139129638672,
    "pre_noise_rms_mv": 0.0418562069535255,
    "pre_vm_mv": -77.3314666748047,
    "slow_noise_rms_mv": 0.190382421016693,
    "slow_vm_mv": -77.3314666748047,
    "specimen_id": 464188580,
    "stimulus_absolute_amplitude": 180.000001015479,
    "stimulus_description": "C1LSFINEST150112[0]",
    "stimulus_duration": 0.999995,
    "stimulus_interval": 0.0,
    "stimulus_name": "Long Square",
    "stimulus_relative_amplitude": 1.8,
    "stimulus_start_time": 0.92,
    "stimulus_units": "pA",
    "sweep_number": 52,
    "vm_delta_mv": 0.1175537109375
  },
  {
    "bridge_balance_mohm": 15.384614944458,
    "id": 464189244,
    "leak_pa": 0.0,
    "num_spikes": 0,
    "peak_deflection": -51.1875,
    "post_noise_rms_mv": 0.0444237552583218,
    "post_vm_mv": -78.1743774414062,
    "pre_noise_rms_mv": 0.0318177603185177,
    "pre_vm_mv": -78.6033782958984,
    "slow_noise_rms_mv": 0.0689113289117813,
    "slow_vm_mv": -78.6033782958984,
    "specimen_id": 464188580,
    "stimulus_absolute_amplitude": 129.99999687846,
    "stimulus_description": "C1LSCOARSE150216[12]",
    "stimulus_duration": 0.999995,
    "stimulus_interval": 0.0,
    "stimulus_name": "Long Square",
    "stimulus_relative_amplitude": 1.0,
    "stimulus_start_time": 0.92,
    "stimulus_units": "pA",
    "sweep_number": 37,
    "vm_delta_mv": 0.429000854492188
  },
  {
    "bridge_balance_mohm": 0.0,
    "id": 464189186,
    "leak_pa": 0.0,
    "num_spikes": 0,
    "peak_deflection": 0.0,
    "post_noise_rms_mv": 0.0412841811776161,
    "post_vm_mv": 3.68051028251648,
    "pre_noise_rms_mv": 0.0420714691281319,
    "pre_vm_mv": 3.51432824134827,
    "slow_noise_rms_mv": 0.124673739075661,
    "slow_vm_mv": 3.51432824134827,
    "specimen_id": 464188580,
    "stimulus_absolute_amplitude": 0.0,
    "stimulus_description": "EXTPBLWOUT141203[0]",
    "stimulus_duration": 0.0,
    "stimulus_interval": 0.0,
    "stimulus_name": "Test",
    "stimulus_relative_amplitude": 1.0,
    "stimulus_start_time": 0.0,
    "stimulus_units": "pA",
    "sweep_number": 108,
    "vm_delta_mv": 0.166182041168213
  },
  {
    "bridge_balance_mohm": 15.384614944458,
    "id": 464189362,
    "leak_pa": 0.0,
    "num_spikes": 3,
    "peak_deflection": 0.0,
    "post_noise_rms_mv": 0.0392220355570316,
    "post_vm_mv": -77.3604125976562,
    "pre_noise_rms_mv": 0.0394145250320435,
    "pre_vm_mv": -77.2666625976562,
    "slow_noise_rms_mv": 0.116026006639004,
    "slow_vm_mv": -77.2666625976562,
    "specimen_id": 464188580,
    "stimulus_absolute_amplitude": 820.000012335953,
    "stimulus_description": "C2SSTRIPLE141203[7]",
    "stimulus_duration": 0.072995,
    "stimulus_interval": 0.032,
    "stimulus_name": "Short Square - Triple",
    "stimulus_relative_amplitude": 8.2,
    "stimulus_start_time": 1.92,
    "stimulus_units": "pA",
    "sweep_number": 89,
    "vm_delta_mv": 0.09375
  },
  {
    "bridge_balance_mohm": 15.384614944458,
    "id": 464189314,
    "leak_pa": 0.0,
    "num_spikes": 3,
    "peak_deflection": 0.0,
    "post_noise_rms_mv": 0.0390706919133663,
    "post_vm_mv": -77.8214111328125,
    "pre_noise_rms_mv": 0.0424431562423706,
    "pre_vm_mv": -77.7886581420898,
    "slow_noise_rms_mv": 0.0868212580680847,
    "slow_vm_mv": -77.7886581420898,
    "specimen_id": 464188580,
    "stimulus_absolute_amplitude": 190.000001842883,
    "stimulus_description": "C2SQRHELNG150216[0]",
    "stimulus_duration": 1.999995,
    "stimulus_interval": 0.0,
    "stimulus_name": "Square - 2s Suprathreshold",
    "stimulus_relative_amplitude": 1.9,
    "stimulus_start_time": 0.92,
    "stimulus_units": "pA",
    "sweep_number": 69,
    "vm_delta_mv": 0.0327529907226562
  },
  {
    "bridge_balance_mohm": 15.384614944458,
    "id": 464189374,
    "leak_pa": 0.0,
    "num_spikes": 2,
    "peak_deflection": 0.0,
    "post_noise_rms_mv": 0.0413786917924881,
    "post_vm_mv": -77.7173767089844,
    "pre_noise_rms_mv": 0.0372875928878784,
    "pre_vm_mv": -77.5657730102539,
    "slow_noise_rms_mv": 0.137943968176842,
    "slow_vm_mv": -77.5657730102539,
    "specimen_id": 464188580,
    "stimulus_absolute_amplitude": 820.000012335953,
    "stimulus_description": "C2SSTRIPLE141203[4]",
    "stimulus_duration": 0.048995,
    "stimulus_interval": 0.02,
    "stimulus_name": "Short Square - Triple",
    "stimulus_relative_amplitude": 8.2,
    "stimulus_start_time": 1.92,
    "stimulus_units": "pA",
    "sweep_number": 94,
    "vm_delta_mv": 0.151603698730469
  },
  {
    "bridge_balance_mohm": 15.384614944458,
    "id": 464189212,
    "leak_pa": 0.0,
    "num_spikes": 1,
    "peak_deflection": 0.0,
    "post_noise_rms_mv": 0.0408645458519459,
    "post_vm_mv": -78.8126983642578,
    "pre_noise_rms_mv": 0.0454333871603012,
    "pre_vm_mv": -78.6902923583984,
    "slow_noise_rms_mv": 0.174585238099098,
    "slow_vm_mv": -78.6902923583984,
    "specimen_id": 464188580,
    "stimulus_absolute_amplitude": 820.000012335953,
    "stimulus_description": "C1SSFINEST150112[0]",
    "stimulus_duration": 0.002995,
    "stimulus_interval": 0.0,
    "stimulus_name": "Short Square",
    "stimulus_relative_amplitude": 8.2,
    "stimulus_start_time": 0.92,
    "stimulus_units": "pA",
    "sweep_number": 22,
    "vm_delta_mv": 0.122406005859375
  },
  {
    "bridge_balance_mohm": 15.384614944458,
    "id": 464189246,
    "leak_pa": 0.0,
    "num_spikes": 0,
    "peak_deflection": -45.0625,
    "post_noise_rms_mv": 0.0334922969341278,
    "post_vm_mv": -77.8727722167969,
    "pre_noise_rms_mv": 0.0469610318541527,
    "pre_vm_mv": -78.2509536743164,
    "slow_noise_rms_mv": 0.0726467147469521,
    "slow_vm_mv": -78.2509536743164,
    "specimen_id": 464188580,
    "stimulus_absolute_amplitude": 149.999998533268,
    "stimulus_description": "C1LSCOARSE150216[13]",
    "stimulus_duration": 0.999995,
    "stimulus_interval": 0.0,
    "stimulus_name": "Long Square",
    "stimulus_relative_amplitude": 1.0,
    "stimulus_start_time": 0.92,
    "stimulus_units": "pA",
    "sweep_number": 38,
    "vm_delta_mv": 0.378181457519531
  },
  {
    "bridge_balance_mohm": 15.384614944458,
    "id": 464189298,
    "leak_pa": 0.0,
    "num_spikes": 66,
    "peak_deflection": 0.0,
    "post_noise_rms_mv": 0.0377909727394581,
    "post_vm_mv": -77.9721984863281,
    "pre_noise_rms_mv": 0.037726603448391,
    "pre_vm_mv": -77.8478469848633,
    "slow_noise_rms_mv": 0.138675078749657,
    "slow_vm_mv": -77.8478469848633,
    "specimen_id": 464188580,
    "stimulus_absolute_amplitude": 417.250012318959,
    "stimulus_description": "C1NSSEED_1150216[0]",
    "stimulus_duration": 18.999995,
    "stimulus_interval": 5.0,
    "stimulus_name": "Noise 1",
    "stimulus_relative_amplitude": 1.8,
    "stimulus_start_time": 1.92,
    "stimulus_units": "pA",
    "sweep_number": 61,
    "vm_delta_mv": 0.124351501464844
  },
  {
    "bridge_balance_mohm": 15.384614944458,
    "id": 464189292,
    "leak_pa": 0.0,
    "num_spikes": 69,
    "peak_deflection": 0.0,
    "post_noise_rms_mv": 0.040774829685688,
    "post_vm_mv": -78.9586029052734,
    "pre_noise_rms_mv": 0.0420683771371841,
    "pre_vm_mv": -78.4734725952148,
    "slow_noise_rms_mv": 0.0631713643670082,
    "slow_vm_mv": -78.4734725952148,
    "specimen_id": 464188580,
    "stimulus_absolute_amplitude": 417.250012318959,
    "stimulus_description": "C1NSSEED_1150216[0]",
    "stimulus_duration": 18.999995,
    "stimulus_interval": 5.0,
    "stimulus_name": "Noise 1",
    "stimulus_relative_amplitude": 1.8,
    "stimulus_start_time": 1.92,
    "stimulus_units": "pA",
    "sweep_number": 59,
    "vm_delta_mv": 0.485130310058594
  },
  {
    "bridge_balance_mohm": 15.384614944458,
    "id": 464189236,
    "leak_pa": 0.0,
    "num_spikes": 0,
    "peak_deflection": -68.78125,
    "post_noise_rms_mv": 0.0367191545665264,
    "post_vm_mv": -78.2847061157227,
    "pre_noise_rms_mv": 0.0425025522708893,
    "pre_vm_mv": -78.0292587280273,
    "slow_noise_rms_mv": 0.12959697842598,
    "slow_vm_mv": -78.0292587280273,
    "specimen_id": 464188580,
    "stimulus_absolute_amplitude": 50.0000006675716,
    "stimulus_description": "C1LSCOARSE150216[8]",
    "stimulus_duration": 0.999995,
    "stimulus_interval": 0.0,
    "stimulus_name": "Long Square",
    "stimulus_relative_amplitude": 1.0,
    "stimulus_start_time": 0.92,
    "stimulus_units": "pA",
    "sweep_number": 33,
    "vm_delta_mv": 0.255447387695312
  },
  {
    "bridge_balance_mohm": 15.384614944458,
    "id": 464189192,
    "leak_pa": 0.0,
    "num_spikes": 0,
    "peak_deflection": 0.0,
    "post_noise_rms_mv": 0.0338788367807865,
    "post_vm_mv": -78.6633529663086,
    "pre_noise_rms_mv": 0.040904488414526,
    "pre_vm_mv": -78.5338668823242,
    "slow_noise_rms_mv": 0.35725274682045,
    "slow_vm_mv": -78.5338668823242,
    "specimen_id": 464188580,
    "stimulus_absolute_amplitude": 700.000002407108,
    "stimulus_description": "C1SSCOARSE150112[6]",
    "stimulus_duration": 0.002995,
    "stimulus_interval": 0.0,
    "stimulus_name": "Short Square",
    "stimulus_relative_amplitude": 1.0,
    "stimulus_start_time": 0.92,
    "stimulus_units": "pA",
    "sweep_number": 13,
    "vm_delta_mv": 0.129486083984375
  },
  {
    "bridge_balance_mohm": 15.384614944458,
    "id": 464189256,
    "leak_pa": 0.0,
    "num_spikes": 14,
    "peak_deflection": 0.0,
    "post_noise_rms_mv": 0.0397271253168583,
    "post_vm_mv": -78.4251022338867,
    "pre_noise_rms_mv": 0.040105652064085,
    "pre_vm_mv": -78.3229370117188,
    "slow_noise_rms_mv": 0.111991837620735,
    "slow_vm_mv": -78.3229370117188,
    "specimen_id": 464188580,
    "stimulus_absolute_amplitude": 230.000005152498,
    "stimulus_description": "C1LSCOARSE150216[17]",
    "stimulus_duration": 0.999995,
    "stimulus_interval": 0.0,
    "stimulus_name": "Long Square",
    "stimulus_relative_amplitude": 1.0,
    "stimulus_start_time": 0.92,
    "stimulus_units": "pA",
    "sweep_number": 42,
    "vm_delta_mv": 0.102165222167969
  },
  {
    "bridge_balance_mohm": 15.384614944458,
    "id": 464189306,
    "leak_pa": 0.0,
    "num_spikes": 0,
    "peak_deflection": 0.0,
    "post_noise_rms_mv": 0.0426447726786137,
    "post_vm_mv": -77.9583129882812,
    "pre_noise_rms_mv": 0.0399245172739029,
    "pre_vm_mv": -78.1672973632812,
    "slow_noise_rms_mv": 0.260360777378082,
    "slow_vm_mv": -78.1672973632812,
    "specimen_id": 464188580,
    "stimulus_absolute_amplitude": -200.000002670286,
    "stimulus_description": "C1SQCAPCHK141203[0]",
    "stimulus_duration": 7.819995,
    "stimulus_interval": 0.2,
    "stimulus_name": "Square - 0.5ms Subthreshold",
    "stimulus_relative_amplitude": 1.0,
    "stimulus_start_time": 0.12,
    "stimulus_units": "pA",
    "sweep_number": 65,
    "vm_delta_mv": 0.208984375
  },
  {
    "bridge_balance_mohm": 15.384614944458,
    "id": 464189318,
    "leak_pa": 0.0,
    "num_spikes": 0,
    "peak_deflection": 0.0,
    "post_noise_rms_mv": 0.0395091138780117,
    "post_vm_mv": -78.3552169799805,
    "pre_noise_rms_mv": 0.0370054170489311,
    "pre_vm_mv": -78.2943344116211,
    "slow_noise_rms_mv": 0.0863623470067978,
    "slow_vm_mv": -78.2943344116211,
    "specimen_id": 464188580,
    "stimulus_absolute_amplitude": 190.000001842883,
    "stimulus_description": "C2SQRHELNG150216[0]",
    "stimulus_duration": 1.999995,
    "stimulus_interval": 0.0,
    "stimulus_name": "Square - 2s Suprathreshold",
    "stimulus_relative_amplitude": 1.9,
    "stimulus_start_time": 0.92,
    "stimulus_units": "pA",
    "sweep_number": 70,
    "vm_delta_mv": 0.060882568359375
  },
  {
    "bridge_balance_mohm": 15.384614944458,
    "id": 464189224,
    "leak_pa": 0.0,
    "num_spikes": 0,
    "peak_deflection": -85.8125,
    "post_noise_rms_mv": 0.0422721616923809,
    "post_vm_mv": -78.703498840332,
    "pre_noise_rms_mv": 0.0296600740402937,
    "pre_vm_mv": -78.9394683837891,
    "slow_noise_rms_mv": 0.0825621634721756,
    "slow_vm_mv": -78.9394683837891,
    "specimen_id": 464188580,
    "stimulus_absolute_amplitude": -50.0000006675716,
    "stimulus_description": "C1LSCOARSE150216[3]",
    "stimulus_duration": 0.999995,
    "stimulus_interval": 0.0,
    "stimulus_name": "Long Square",
    "stimulus_relative_amplitude": 1.0,
    "stimulus_start_time": 0.92,
    "stimulus_units": "pA",
    "sweep_number": 28,
    "vm_delta_mv": 0.235969543457031
  },
  {
    "bridge_balance_mohm": 15.384614944458,
    "id": 464189300,
    "leak_pa": 0.0,
    "num_spikes": 63,
    "peak_deflection": 0.0,
    "post_noise_rms_mv": 0.030347203835845,
    "post_vm_mv": -77.9601821899414,
    "pre_noise_rms_mv": 0.0368489474058151,
    "pre_vm_mv": -78.457763671875,
    "slow_noise_rms_mv": 0.0967489257454872,
    "slow_vm_mv": -78.457763671875,
    "specimen_id": 464188580,
    "stimulus_absolute_amplitude": 424.375007357369,
    "stimulus_description": "C1NSSEED_2150216[0]",
    "stimulus_duration": 18.999995,
    "stimulus_interval": 5.0,
    "stimulus_name": "Noise 2",
    "stimulus_relative_amplitude": 1.8,
    "stimulus_start_time": 1.92,
    "stimulus_units": "pA",
    "sweep_number": 62,
    "vm_delta_mv": 0.497581481933594
  },
  {
    "bridge_balance_mohm": 15.384614944458,
    "id": 464189200,
    "leak_pa": 0.0,
    "num_spikes": 1,
    "peak_deflection": 0.0,
    "post_noise_rms_mv": 0.0401249974966049,
    "post_vm_mv": -78.4134979248047,
    "pre_noise_rms_mv": 0.0414801836013794,
    "pre_vm_mv": -78.3694763183594,
    "slow_noise_rms_mv": 0.164957612752914,
    "slow_vm_mv": -78.3694763183594,
    "specimen_id": 464188580,
    "stimulus_absolute_amplitude": 830.000013163357,
    "stimulus_description": "C1SSFINEST150112[0]",
    "stimulus_duration": 0.002995,
    "stimulus_interval": 0.0,
    "stimulus_name": "Short Square",
    "stimulus_relative_amplitude": 8.3,
    "stimulus_start_time": 0.92,
    "stimulus_units": "pA",
    "sweep_number": 17,
    "vm_delta_mv": 0.0440216064453125
  },
  {
    "bridge_balance_mohm": 15.384614944458,
    "id": 464189296,
    "leak_pa": 0.0,
    "num_spikes": 69,
    "peak_deflection": 0.0,
    "post_noise_rms_mv": 0.0414714179933071,
    "post_vm_mv": -78.1318054199219,
    "pre_noise_rms_mv": 0.0396516658365726,
    "pre_vm_mv": -78.7469177246094,
    "slow_noise_rms_mv": 0.0822728723287582,
    "slow_vm_mv": -78.7469177246094,
    "specimen_id": 464188580,
    "stimulus_absolute_amplitude": 424.375007357369,
    "stimulus_description": "C1NSSEED_2150216[0]",
    "stimulus_duration": 18.999995,
    "stimulus_interval": 5.0,
    "stimulus_name": "Noise 2",
    "stimulus_relative_amplitude": 1.8,
    "stimulus_start_time": 1.92,
    "stimulus_units": "pA",
    "sweep_number": 60,
    "vm_delta_mv": 0.6151123046875
  },
  {
    "bridge_balance_mohm": 15.384614944458,
    "id": 464189288,
    "leak_pa": 0.0,
    "num_spikes": 72,
    "peak_deflection": 0.0,
    "post_noise_rms_mv": 0.0397325865924358,
    "post_vm_mv": -77.69921875,
    "pre_noise_rms_mv": 0.0390679128468037,
    "pre_vm_mv": -78.1817092895508,
    "slow_noise_rms_mv": 0.220902696251869,
    "slow_vm_mv": -78.1817092895508,
    "specimen_id": 464188580,
    "stimulus_absolute_amplitude": 417.250012318959,
    "stimulus_description": "C1NSSEED_1150216[0]",
    "stimulus_duration": 18.999995,
    "stimulus_interval": 5.0,
    "stimulus_name": "Noise 1",
    "stimulus_relative_amplitude": 1.8,
    "stimulus_start_time": 1.92,
    "stimulus_units": "pA",
    "sweep_number": 57,
    "vm_delta_mv": 0.482490539550781
  }
]