<?xml version="1.0" encoding="UTF-8"?>
<sbml xmlns="http://www.sbml.org/sbml/level2/version4" level="2" version="4">
<model metaid="feb_15th" id="feb_15th">
<annotation/>
<listOfUnitDefinitions>
<unitDefinition metaid="substance" id="substance" name="substance">
<listOfUnits>
<unit metaid="CDMT00174" kind="mole"/>
</listOfUnits>
</unitDefinition>
<unitDefinition metaid="volume" id="volume" name="volume">
<listOfUnits>
<unit metaid="CDMT00175" kind="litre"/>
</listOfUnits>
</unitDefinition>
<unitDefinition metaid="area" id="area" name="area">
<listOfUnits>
<unit metaid="CDMT00176" kind="metre" exponent="2"/>
</listOfUnits>
</unitDefinition>
<unitDefinition metaid="length" id="length" name="length">
<listOfUnits>
<unit metaid="CDMT00177" kind="metre"/>
</listOfUnits>
</unitDefinition>
<unitDefinition metaid="time" id="time" name="time">
<listOfUnits>
<unit metaid="CDMT00178" kind="second"/>
</listOfUnits>
</unitDefinition>
</listOfUnitDefinitions>
<listOfCompartments>
<compartment metaid="default" id="default" size="1" units="volume"/>
<compartment metaid="c7" id="c7" name="BLOOD  BRAIN  BARRIER" size="1" units="volume" outside="default">
<annotation/>
</compartment>
<compartment metaid="c9" id="c9" name="DOPAMINERGIC NEURON" size="1" units="volume" outside="default">
<annotation/>
</compartment>
<compartment metaid="c2" id="c2" name="ASTROCYTE" size="2" units="volume" outside="default">
<annotation/>
</compartment>
<compartment metaid="c1" id="c1" name="ACTIVATED MICROGLIA" size="1" units="volume" outside="default">
<annotation/>
</compartment>
<compartment metaid="c10" id="c10" name="T CELL" size="1" units="volume" outside="default">
<annotation/>
</compartment>
<compartment metaid="c11" id="c11" name="VESICLE" size="1" units="volume" outside="default">
<annotation/>
</compartment>
<compartment metaid="c15" id="c15" name="MHC CLASS 2" size="1" units="volume" outside="default">
<annotation/>
</compartment>
<compartment metaid="c16" id="c16" name="LYSOSOME" size="1" units="volume" outside="c1">
<annotation/>
</compartment>
<compartment metaid="c18" id="c18" name="GAP JUNCTION" size="1" units="volume" outside="default">
<annotation/>
</compartment>
<compartment metaid="c20" id="c20" name="SECRETORY VESICLE" size="1" units="volume" outside="c8">
<annotation/>
</compartment>
<compartment metaid="c8" id="c8" name="DYING NEURONS UNDER STRESS" size="1" units="volume" outside="default">
<annotation/>
</compartment>
</listOfCompartments>
<listOfSpecies>
<species metaid="s11" id="s11" name="IFNγ" compartment="c10" initialAmount="1.16">
<annotation/>
</species>
<species metaid="s12" id="s12" name="IFNγ" compartment="c10" initialAmount="1.83">
<annotation/>
</species>
<species metaid="s13" id="s13" name="HMGA1" compartment="c10" initialAmount="1.7">
<annotation/>
</species>
<species metaid="s15" id="s15" name="NFAT1" compartment="c10" initialAmount="0">
<annotation/>
</species>
<species metaid="s19" id="s19" name="IFNγR" compartment="c1" initialAmount="0">
<annotation/>
</species>
<species metaid="s20" id="s20" name="TNF α" compartment="default" initialAmount="1.78" hasOnlySubstanceUnits="true" charge="0">
<annotation/>
</species>
<species metaid="s21" id="s21" name="α 1" compartment="c15" initialAmount="0">
<annotation/>
</species>
<species metaid="s22" id="s22" name="β 1" compartment="c15" initialAmount="0">
<annotation/>
</species>
<species metaid="s23" id="s23" name="α 2" compartment="c15" initialAmount="0">
<annotation/>
</species>
<species metaid="s24" id="s24" name="β 2" compartment="c15" initialAmount="0">
<annotation/>
</species>
<species metaid="s25" id="s25" name="TCR" compartment="c10" initialAmount="0">
<annotation/>
</species>
<species metaid="s26" id="s26" name="PHAGOCYTOSIS" compartment="c1" initialAmount="0">
<annotation/>
</species>
<species metaid="s27" id="s27" name="α-SYN" compartment="c16" initialAmount="0">
<annotation/>
</species>
<species metaid="s28" id="s28" name="α-SYN" compartment="c15" initialAmount="0">
<annotation/>
</species>
<species metaid="s29" id="s29" name="TNFR1" compartment="c1" initialAmount="1">
<annotation/>
</species>
<species metaid="s30" id="s30" name="MAPK/ERK" compartment="default" initialAmount="0">
<annotation/>
</species>
<species metaid="s32" id="s32" name="TNF α" compartment="c1" initialAmount="0">
<annotation/>
</species>
<species metaid="s37" id="s37" name="ATP" compartment="c11" initialAmount="0">
<annotation/>
</species>
<species metaid="s38" id="s38" name="P2X7R" compartment="c1" initialAmount="0">
<annotation/>
</species>
<species metaid="s39" id="s39" name="MEK" compartment="c1" initialAmount="0">
<annotation/>
</species>
<species metaid="s40" id="s40" name="ERK" compartment="c1" initialAmount="0">
<annotation/>
</species>
<species metaid="s41" id="s41" name="p38" compartment="c1" initialAmount="0">
<annotation/>
</species>
<species metaid="s43" id="s43" name="GLUTAMINE" compartment="c1" initialAmount="0">
<annotation/>
</species>
<species metaid="s44" id="s44" name="GLUTAMATE" compartment="c1" initialAmount="0">
<annotation/>
</species>
<species metaid="s45" id="s45" name="GLUTAMINASE" compartment="c1" initialAmount="0">
<annotation/>
</species>
<species metaid="s46" id="s46" name="EXCESS GLUTAMATE" compartment="default" initialAmount="1" hasOnlySubstanceUnits="true" charge="0">
<annotation/>
</species>
<species metaid="s47" id="s47" name="mGluR2" compartment="c1" initialAmount="0">
<annotation/>
</species>
<species metaid="s49" id="s49" name="α-SYN" compartment="default" initialAmount="0">
<annotation/>
</species>
<species metaid="s50" id="s50" name="ATP" compartment="c1" initialAmount="0">
<annotation/>
</species>
<species metaid="s51" id="s51" name="GLUTAMATE" compartment="c1" initialAmount="0">
<annotation/>
</species>
<species metaid="s53" id="s53" name="TNFR1" compartment="c2" initialAmount="4e-005" hasOnlySubstanceUnits="true" charge="0">
<annotation/>
</species>
<species metaid="s54" id="s54" name="CXCR4" compartment="c2" initialAmount="0">
<annotation/>
</species>
<species metaid="s55" id="s55" name="SDF1 α" compartment="default" initialAmount="0" hasOnlySubstanceUnits="true" charge="0">
<annotation/>
</species>
<species metaid="s57" id="s57" name="TNF α" compartment="c2" initialAmount="0">
<annotation/>
</species>
<species metaid="s58" id="s58" name="Ca 2+" compartment="c2" initialAmount="0">
<annotation/>
</species>
<species metaid="s59" id="s59" name="TACE" compartment="c2" initialAmount="0">
<annotation/>
</species>
<species metaid="s60" id="s60" name="PGE2" compartment="c2" initialAmount="0">
<annotation/>
</species>
<species metaid="s56" id="s56" name="ACTIVATION OF ERK MAPK PATHWAY " compartment="c2" initialAmount="0">
<annotation/>
</species>
<species metaid="s62" id="s62" name="PHOSPHOLIPASE A 2" compartment="c2" initialAmount="0">
<annotation/>
</species>
<species metaid="s63" id="s63" name="GLUTAMATE" compartment="c2" initialAmount="0">
<annotation/>
</species>
<species metaid="s68" id="s68" name="EAAT2" compartment="c2" initialAmount="0">
<annotation/>
</species>
<species metaid="s69" id="s69" name="EAAT2/GLT-1 mrna" compartment="c2" initialAmount="0">
<annotation/>
</species>
<species metaid="s71" id="s71" name="Binding of NF-κB to EAAT2 promoter" compartment="c2" initialAmount="0">
<annotation/>
</species>
<species metaid="s72" id="s72" name="NMDAR" compartment="c9" initialAmount="0">
<annotation/>
</species>
<species metaid="s74" id="s74" name="Activation of JNK signalling pathway" compartment="c9" initialAmount="0">
<annotation/>
</species>
<species metaid="s76" id="s76" name="CELL DEATH" compartment="c9" initialAmount="0">
<annotation/>
</species>
<species metaid="s18" id="s18" name="IFNγ" compartment="default" initialAmount="0">
<annotation/>
</species>
<species metaid="s61" id="s61" name="RISE IN INTRACELLULAR Ca 2+" compartment="c2" initialAmount="0">
<annotation/>
</species>
<species metaid="s88" id="s88" name="Calpain Activation" compartment="c9" initialAmount="0">
<annotation/>
</species>
<species metaid="s89" id="s89" name="Lewy body formation" compartment="c9" initialAmount="0">
<annotation/>
</species>
<species metaid="s90" id="s90" name="Formation of cleaved  cdk5" compartment="c9" initialAmount="0">
<annotation/>
</species>
<species metaid="s73" id="s73" name=" EXCESS Ca 2+ INFLUX" compartment="c9" initialAmount="0.37" hasOnlySubstanceUnits="true" charge="0">
<annotation/>
</species>
<species metaid="s91" id="s91" name="CXCR4" compartment="c1" initialAmount="0">
<annotation/>
</species>
<species metaid="s92" id="s92" name="SDF1α" compartment="default" initialAmount="2.1e-006" hasOnlySubstanceUnits="true" charge="0">
<annotation/>
</species>
<species metaid="s94" id="s94" name="MISFOLDED ALPHA SYNUCLEIN" compartment="c20" initialAmount="0">
<annotation/>
</species>
</listOfSpecies>
<listOfReactions>
<reaction metaid="re4" id="re4" reversible="false" fast="false">
<annotation/>
<listOfReactants>
<speciesReference metaid="CDMT00001" species="s11"/>
<speciesReference metaid="CDMT00002" species="s13"/>
<speciesReference metaid="CDMT00004" species="s15"/>
<speciesReference metaid="CDMT00005" species="s94"/>
<speciesReference metaid="CDMT00006" species="s94"/>
<speciesReference metaid="CDMT00007" species="s94"/>
<speciesReference metaid="CDMT00003" species="s94"/>
</listOfReactants>
<listOfProducts>
<speciesReference metaid="CDMT00009" species="s12"/>
</listOfProducts>
<kineticLaw metaid="CDMT00008">
<math xmlns="http://www.w3.org/1998/Math/MathML">
<apply>
<times/>
<ci> s11 </ci>
<ci> s13 </ci>
<ci> s15 </ci>
<ci> s94 </ci>
<ci> s94 </ci>
<ci> s94 </ci>
<ci> s94 </ci>
<ci> k1 </ci>
</apply>
</math>
<listOfParameters>
<parameter metaid="k1" id="k1" name="k1" value="0.1" units="substance"/>
</listOfParameters>
</kineticLaw>
</reaction>
<reaction metaid="re12" id="re12" reversible="false" fast="false">
<annotation/>
<listOfReactants>
<speciesReference metaid="CDMT00010" species="s12"/>
</listOfReactants>
<listOfProducts>
<speciesReference metaid="CDMT00011" species="s18"/>
</listOfProducts>
<kineticLaw metaid="CDMT00012">
<math xmlns="http://www.w3.org/1998/Math/MathML">
<apply>
<times/>
<ci> s12 </ci>
<ci> k1 </ci>
</apply>
</math>
<listOfParameters>
<parameter metaid="CDMT00013" id="k1" name="k1" value="0.1" units="substance"/>
</listOfParameters>
</kineticLaw>
</reaction>
<reaction metaid="re14" id="re14" reversible="false" fast="false">
<annotation/>
<listOfReactants>
<speciesReference metaid="CDMT00014" species="s94"/>
</listOfReactants>
<listOfProducts>
<speciesReference metaid="CDMT00015" species="s26"/>
</listOfProducts>
<kineticLaw metaid="CDMT00016">
<math xmlns="http://www.w3.org/1998/Math/MathML">
<apply>
<times/>
<ci> s94 </ci>
<ci> k1 </ci>
</apply>
</math>
<listOfParameters>
<parameter metaid="CDMT00017" id="k1" name="k1" value="0.1" units="substance"/>
</listOfParameters>
</kineticLaw>
</reaction>
<reaction metaid="re15" id="re15" reversible="false" fast="false">
<annotation/>
<listOfReactants>
<speciesReference metaid="CDMT00018" species="s26"/>
</listOfReactants>
<listOfProducts>
<speciesReference metaid="CDMT00019" species="s27"/>
</listOfProducts>
<kineticLaw metaid="CDMT00020">
<math xmlns="http://www.w3.org/1998/Math/MathML">
<apply>
<times/>
<ci> s26 </ci>
<ci> k1 </ci>
</apply>
</math>
<listOfParameters>
<parameter metaid="CDMT00021" id="k1" name="k1" value="0.1" units="substance"/>
</listOfParameters>
</kineticLaw>
</reaction>
<reaction metaid="re16" id="re16" reversible="false" fast="false">
<annotation/>
<listOfReactants>
<speciesReference metaid="CDMT00022" species="s27"/>
</listOfReactants>
<listOfProducts>
<speciesReference metaid="CDMT00023" species="s24"/>
</listOfProducts>
<kineticLaw metaid="CDMT00024">
<math xmlns="http://www.w3.org/1998/Math/MathML">
<apply>
<times/>
<ci> s27 </ci>
<ci> k1 </ci>
</apply>
</math>
<listOfParameters>
<parameter metaid="CDMT00025" id="k1" name="k1" value="0.1" units="substance"/>
</listOfParameters>
</kineticLaw>
</reaction>
<reaction metaid="re20" id="re20" reversible="false" fast="false">
<annotation/>
<listOfReactants>
<speciesReference metaid="CDMT00026" species="s19"/>
</listOfReactants>
<listOfProducts>
<speciesReference metaid="CDMT00027" species="s30"/>
</listOfProducts>
<kineticLaw metaid="CDMT00028">
<math xmlns="http://www.w3.org/1998/Math/MathML">
<apply>
<times/>
<ci> s19 </ci>
<ci> k1 </ci>
</apply>
</math>
<listOfParameters>
<parameter metaid="CDMT00029" id="k1" name="k1" value="0.1" units="substance"/>
</listOfParameters>
</kineticLaw>
</reaction>
<reaction metaid="re21" id="re21" reversible="false" fast="false">
<annotation/>
<listOfReactants>
<speciesReference metaid="CDMT00030" species="s30"/>
</listOfReactants>
<listOfProducts>
<speciesReference metaid="CDMT00031" species="s20"/>
</listOfProducts>
<kineticLaw metaid="CDMT00032">
<math xmlns="http://www.w3.org/1998/Math/MathML">
<apply>
<times/>
<ci> s30 </ci>
<ci> k1 </ci>
</apply>
</math>
<listOfParameters>
<parameter metaid="CDMT00033" id="k1" name="k1" value="0.1" units="substance"/>
</listOfParameters>
</kineticLaw>
</reaction>
<reaction metaid="re25" id="re25" reversible="false" fast="false">
<annotation/>
<listOfReactants>
<speciesReference metaid="CDMT00034" species="s29"/>
</listOfReactants>
<listOfProducts>
<speciesReference metaid="CDMT00035" species="s32"/>
</listOfProducts>
<kineticLaw metaid="CDMT00036">
<math xmlns="http://www.w3.org/1998/Math/MathML">
<apply>
<times/>
<ci> s29 </ci>
<ci> k1 </ci>
</apply>
</math>
<listOfParameters>
<parameter metaid="CDMT00037" id="k1" name="k1" value="0.1" units="substance"/>
</listOfParameters>
</kineticLaw>
</reaction>
<reaction metaid="re26" id="re26" reversible="false" fast="false">
<annotation/>
<listOfReactants>
<speciesReference metaid="CDMT00038" species="s32"/>
</listOfReactants>
<listOfProducts>
<speciesReference metaid="CDMT00039" species="s20"/>
</listOfProducts>
<kineticLaw metaid="CDMT00040">
<math xmlns="http://www.w3.org/1998/Math/MathML">
<apply>
<times/>
<ci> s32 </ci>
<ci> k1 </ci>
</apply>
</math>
<listOfParameters>
<parameter metaid="CDMT00041" id="k1" name="k1" value="0.1" units="substance"/>
</listOfParameters>
</kineticLaw>
</reaction>
<reaction metaid="re28" id="re28" reversible="false" fast="false">
<annotation/>
<listOfReactants>
<speciesReference metaid="CDMT00042" species="s37"/>
</listOfReactants>
<listOfProducts>
<speciesReference metaid="CDMT00043" species="s38"/>
</listOfProducts>
<kineticLaw metaid="CDMT00044">
<math xmlns="http://www.w3.org/1998/Math/MathML">
<apply>
<times/>
<ci> s37 </ci>
<ci> k1 </ci>
</apply>
</math>
<listOfParameters>
<parameter metaid="CDMT00045" id="k1" name="k1" value="0.1" units="substance"/>
</listOfParameters>
</kineticLaw>
</reaction>
<reaction metaid="re29" id="re29" reversible="false" fast="false">
<annotation/>
<listOfReactants>
<speciesReference metaid="CDMT00046" species="s50"/>
<speciesReference metaid="CDMT00047" species="s40"/>
<speciesReference metaid="CDMT00048" species="s41"/>
<speciesReference metaid="CDMT00049" species="s39"/>
</listOfReactants>
<listOfProducts>
<speciesReference metaid="CDMT00050" species="s32"/>
</listOfProducts>
<kineticLaw metaid="CDMT00051">
<math xmlns="http://www.w3.org/1998/Math/MathML">
<apply>
<times/>
<ci> s50 </ci>
<ci> s40 </ci>
<ci> s41 </ci>
<ci> s39 </ci>
<ci> k1 </ci>
</apply>
</math>
<listOfParameters>
<parameter metaid="CDMT00052" id="k1" name="k1" value="0.1" units="substance"/>
</listOfParameters>
</kineticLaw>
</reaction>
<reaction metaid="re30" id="re30" reversible="false" fast="false">
<annotation/>
<listOfReactants>
<speciesReference metaid="CDMT00053" species="s43"/>
<speciesReference metaid="CDMT00054" species="s45"/>
</listOfReactants>
<listOfProducts>
<speciesReference metaid="CDMT00055" species="s44"/>
</listOfProducts>
<kineticLaw metaid="CDMT00056">
<math xmlns="http://www.w3.org/1998/Math/MathML">
<apply>
<times/>
<ci> s43 </ci>
<ci> s45 </ci>
<ci> k1 </ci>
</apply>
</math>
<listOfParameters>
<parameter metaid="CDMT00057" id="k1" name="k1" value="0.1" units="substance"/>
</listOfParameters>
</kineticLaw>
</reaction>
<reaction metaid="re32" id="re32" reversible="false" fast="false">
<annotation/>
<listOfReactants>
<speciesReference metaid="CDMT00058" species="s32"/>
</listOfReactants>
<listOfProducts>
<speciesReference metaid="CDMT00059" species="s45"/>
</listOfProducts>
<kineticLaw metaid="CDMT00060">
<math xmlns="http://www.w3.org/1998/Math/MathML">
<apply>
<times/>
<ci> s32 </ci>
<ci> k1 </ci>
</apply>
</math>
<listOfParameters>
<parameter metaid="CDMT00061" id="k1" name="k1" value="0.1" units="substance"/>
</listOfParameters>
</kineticLaw>
</reaction>
<reaction metaid="re33" id="re33" reversible="false" fast="false">
<annotation/>
<listOfReactants>
<speciesReference metaid="CDMT00062" species="s44"/>
</listOfReactants>
<listOfProducts>
<speciesReference metaid="CDMT00063" species="s46"/>
</listOfProducts>
<kineticLaw metaid="CDMT00064">
<math xmlns="http://www.w3.org/1998/Math/MathML">
<apply>
<times/>
<ci> s44 </ci>
<ci> k1 </ci>
</apply>
</math>
<listOfParameters>
<parameter metaid="CDMT00065" id="k1" name="k1" value="0.1" units="substance"/>
</listOfParameters>
</kineticLaw>
</reaction>
<reaction metaid="re34" id="re34" reversible="false" fast="false">
<annotation/>
<listOfReactants>
<speciesReference metaid="CDMT00066" species="s28"/>
</listOfReactants>
<listOfProducts>
<speciesReference metaid="CDMT00067" species="s25"/>
</listOfProducts>
<kineticLaw metaid="CDMT00068">
<math xmlns="http://www.w3.org/1998/Math/MathML">
<apply>
<times/>
<ci> s28 </ci>
<ci> k1 </ci>
</apply>
</math>
<listOfParameters>
<parameter metaid="CDMT00069" id="k1" name="k1" value="0.1" units="substance"/>
</listOfParameters>
</kineticLaw>
</reaction>
<reaction metaid="re35" id="re35" reversible="false" fast="false">
<annotation/>
<listOfReactants>
<speciesReference metaid="CDMT00070" species="s46"/>
</listOfReactants>
<listOfProducts>
<speciesReference metaid="CDMT00071" species="s47"/>
</listOfProducts>
<kineticLaw metaid="CDMT00072">
<math xmlns="http://www.w3.org/1998/Math/MathML">
<apply>
<times/>
<ci> s46 </ci>
<ci> k1 </ci>
</apply>
</math>
<listOfParameters>
<parameter metaid="CDMT00073" id="k1" name="k1" value="0.1" units="substance"/>
</listOfParameters>
</kineticLaw>
</reaction>
<reaction metaid="re36" id="re36" reversible="false" fast="false">
<annotation/>
<listOfReactants>
<speciesReference metaid="CDMT00074" species="s47"/>
</listOfReactants>
<listOfProducts>
<speciesReference metaid="CDMT00075" species="s20"/>
</listOfProducts>
<kineticLaw metaid="CDMT00076">
<math xmlns="http://www.w3.org/1998/Math/MathML">
<apply>
<times/>
<ci> s47 </ci>
<ci> k1 </ci>
</apply>
</math>
<listOfParameters>
<parameter metaid="CDMT00077" id="k1" name="k1" value="0.1" units="substance"/>
</listOfParameters>
</kineticLaw>
</reaction>
<reaction metaid="re38" id="re38" reversible="false" fast="false">
<annotation/>
<listOfReactants>
<speciesReference metaid="CDMT00078" species="s20"/>
</listOfReactants>
<listOfProducts>
<speciesReference metaid="CDMT00079" species="s29"/>
</listOfProducts>
<kineticLaw metaid="CDMT00080">
<math xmlns="http://www.w3.org/1998/Math/MathML">
<apply>
<times/>
<ci> s20 </ci>
<ci> k1 </ci>
</apply>
</math>
<listOfParameters>
<parameter metaid="CDMT00081" id="k1" name="k1" value="0.1" units="substance"/>
</listOfParameters>
</kineticLaw>
</reaction>
<reaction metaid="re39" id="re39" reversible="false" fast="false">
<annotation/>
<listOfReactants>
<speciesReference metaid="CDMT00082" species="s54"/>
</listOfReactants>
<listOfProducts>
<speciesReference metaid="CDMT00083" species="s56"/>
</listOfProducts>
<kineticLaw metaid="CDMT00084">
<math xmlns="http://www.w3.org/1998/Math/MathML">
<apply>
<times/>
<ci> s54 </ci>
<ci> k1 </ci>
</apply>
</math>
<listOfParameters>
<parameter metaid="CDMT00085" id="k1" name="k1" value="0.1" units="substance"/>
</listOfParameters>
</kineticLaw>
</reaction>
<reaction metaid="re40" id="re40" reversible="false" fast="false">
<annotation/>
<listOfReactants>
<speciesReference metaid="CDMT00086" species="s56"/>
<speciesReference metaid="CDMT00087" species="s59"/>
<speciesReference metaid="CDMT00088" species="s58"/>
</listOfReactants>
<listOfProducts>
<speciesReference metaid="CDMT00089" species="s57"/>
</listOfProducts>
<kineticLaw metaid="CDMT00090">
<math xmlns="http://www.w3.org/1998/Math/MathML">
<apply>
<times/>
<ci> s56 </ci>
<ci> s59 </ci>
<ci> s58 </ci>
<ci> k1 </ci>
</apply>
</math>
<listOfParameters>
<parameter metaid="CDMT00091" id="k1" name="k1" value="0.1" units="substance"/>
</listOfParameters>
</kineticLaw>
</reaction>
<reaction metaid="re41" id="re41" reversible="false" fast="false">
<annotation/>
<listOfReactants>
<speciesReference metaid="CDMT00092" species="s57"/>
</listOfReactants>
<listOfProducts>
<speciesReference metaid="CDMT00093" species="s20"/>
</listOfProducts>
<kineticLaw metaid="CDMT00094">
<math xmlns="http://www.w3.org/1998/Math/MathML">
<apply>
<times/>
<ci> s57 </ci>
<ci> k1 </ci>
</apply>
</math>
<listOfParameters>
<parameter metaid="CDMT00095" id="k1" name="k1" value="0.001" units="substance"/>
</listOfParameters>
</kineticLaw>
</reaction>
<reaction metaid="re42" id="re42" reversible="false" fast="false">
<annotation/>
<listOfReactants>
<speciesReference metaid="CDMT00096" species="s20"/>
</listOfReactants>
<listOfProducts>
<speciesReference metaid="CDMT00097" species="s53"/>
</listOfProducts>
<kineticLaw metaid="CDMT00098">
<math xmlns="http://www.w3.org/1998/Math/MathML">
<apply>
<times/>
<ci> s20 </ci>
<ci> k1 </ci>
</apply>
</math>
<listOfParameters>
<parameter metaid="CDMT00099" id="k1" name="k1" value="0.01" units="substance"/>
</listOfParameters>
</kineticLaw>
</reaction>
<reaction metaid="re43" id="re43" reversible="false" fast="false">
<annotation/>
<listOfReactants>
<speciesReference metaid="CDMT00100" species="s53"/>
<speciesReference metaid="CDMT00101" species="s62"/>
</listOfReactants>
<listOfProducts>
<speciesReference metaid="CDMT00102" species="s60"/>
</listOfProducts>
<kineticLaw metaid="CDMT00103">
<math xmlns="http://www.w3.org/1998/Math/MathML">
<apply>
<times/>
<ci> s53 </ci>
<ci> s62 </ci>
<ci> k1 </ci>
</apply>
</math>
<listOfParameters>
<parameter metaid="CDMT00104" id="k1" name="k1" value="0.1" units="substance"/>
</listOfParameters>
</kineticLaw>
</reaction>
<reaction metaid="re46" id="re46" reversible="false" fast="false">
<annotation/>
<listOfReactants>
<speciesReference metaid="CDMT00105" species="s60"/>
</listOfReactants>
<listOfProducts>
<speciesReference metaid="CDMT00106" species="s61"/>
</listOfProducts>
<kineticLaw metaid="CDMT00107">
<math xmlns="http://www.w3.org/1998/Math/MathML">
<apply>
<times/>
<ci> s60 </ci>
<ci> k1 </ci>
</apply>
</math>
<listOfParameters>
<parameter metaid="CDMT00108" id="k1" name="k1" value="0.1" units="substance"/>
</listOfParameters>
</kineticLaw>
</reaction>
<reaction metaid="re48" id="re48" reversible="false" fast="false">
<annotation/>
<listOfReactants>
<speciesReference metaid="CDMT00109" species="s61"/>
</listOfReactants>
<listOfProducts>
<speciesReference metaid="CDMT00110" species="s63"/>
</listOfProducts>
<kineticLaw metaid="CDMT00111">
<math xmlns="http://www.w3.org/1998/Math/MathML">
<apply>
<times/>
<ci> s61 </ci>
<ci> k1 </ci>
</apply>
</math>
<listOfParameters>
<parameter metaid="CDMT00112" id="k1" name="k1" value="0.1" units="substance"/>
</listOfParameters>
</kineticLaw>
</reaction>
<reaction metaid="re49" id="re49" reversible="false" fast="false">
<annotation/>
<listOfReactants>
<speciesReference metaid="CDMT00113" species="s63"/>
</listOfReactants>
<listOfProducts>
<speciesReference metaid="CDMT00114" species="s46"/>
</listOfProducts>
<kineticLaw metaid="CDMT00115">
<math xmlns="http://www.w3.org/1998/Math/MathML">
<apply>
<times/>
<ci> s63 </ci>
<ci> k1 </ci>
</apply>
</math>
<listOfParameters>
<parameter metaid="CDMT00116" id="k1" name="k1" value="0.01" units="substance"/>
</listOfParameters>
</kineticLaw>
</reaction>
<reaction metaid="re50" id="re50" reversible="false" fast="false">
<annotation/>
<listOfReactants>
<speciesReference metaid="CDMT00117" species="s69"/>
</listOfReactants>
<listOfProducts>
<speciesReference metaid="CDMT00118" species="s68"/>
</listOfProducts>
<listOfModifiers>
<modifierSpeciesReference metaid="CDMT00119" species="s71"/>
</listOfModifiers>
<kineticLaw metaid="CDMT00120">
<math xmlns="http://www.w3.org/1998/Math/MathML">
<apply>
<times/>
<ci> s69 </ci>
<ci> k1 </ci>
</apply>
</math>
<listOfParameters>
<parameter metaid="CDMT00121" id="k1" name="k1" value="0.1" units="substance"/>
</listOfParameters>
</kineticLaw>
</reaction>
<reaction metaid="re51" id="re51" reversible="false" fast="false">
<annotation/>
<listOfReactants>
<speciesReference metaid="CDMT00122" species="s20"/>
</listOfReactants>
<listOfProducts>
<speciesReference metaid="CDMT00123" species="s71"/>
</listOfProducts>
<kineticLaw metaid="CDMT00124">
<math xmlns="http://www.w3.org/1998/Math/MathML">
<apply>
<times/>
<ci> s20 </ci>
<ci> k1 </ci>
</apply>
</math>
<listOfParameters>
<parameter metaid="CDMT00125" id="k1" name="k1" value="0.1" units="substance"/>
</listOfParameters>
</kineticLaw>
</reaction>
<reaction metaid="re52" id="re52" reversible="false" fast="false">
<annotation/>
<listOfReactants>
<speciesReference metaid="CDMT00126" species="s68"/>
</listOfReactants>
<listOfProducts>
<speciesReference metaid="CDMT00127" species="s46"/>
</listOfProducts>
<kineticLaw metaid="CDMT00128">
<math xmlns="http://www.w3.org/1998/Math/MathML">
<apply>
<times/>
<ci> s68 </ci>
<ci> k1 </ci>
</apply>
</math>
<listOfParameters>
<parameter metaid="CDMT00129" id="k1" name="k1" value="0.01" units="substance"/>
</listOfParameters>
</kineticLaw>
</reaction>
<reaction metaid="re55" id="re55" reversible="false" fast="false">
<annotation/>
<listOfReactants>
<speciesReference metaid="CDMT00130" species="s46"/>
</listOfReactants>
<listOfProducts>
<speciesReference metaid="CDMT00131" species="s72"/>
</listOfProducts>
<kineticLaw metaid="CDMT00132">
<math xmlns="http://www.w3.org/1998/Math/MathML">
<apply>
<times/>
<ci> s46 </ci>
<ci> k1 </ci>
</apply>
</math>
<listOfParameters>
<parameter metaid="CDMT00133" id="k1" name="k1" value="0.01" units="substance"/>
</listOfParameters>
</kineticLaw>
</reaction>
<reaction metaid="re56" id="re56" reversible="false" fast="false">
<annotation/>
<listOfReactants>
<speciesReference metaid="CDMT00134" species="s72"/>
</listOfReactants>
<listOfProducts>
<speciesReference metaid="CDMT00135" species="s73"/>
</listOfProducts>
<kineticLaw metaid="CDMT00136">
<math xmlns="http://www.w3.org/1998/Math/MathML">
<apply>
<times/>
<ci> s72 </ci>
<ci> k1 </ci>
</apply>
</math>
<listOfParameters>
<parameter metaid="CDMT00137" id="k1" name="k1" value="0.1" units="substance"/>
</listOfParameters>
</kineticLaw>
</reaction>
<reaction metaid="re57" id="re57" reversible="false" fast="false">
<annotation/>
<listOfReactants>
<speciesReference metaid="CDMT00138" species="s73"/>
</listOfReactants>
<listOfProducts>
<speciesReference metaid="CDMT00139" species="s74"/>
</listOfProducts>
<kineticLaw metaid="CDMT00140">
<math xmlns="http://www.w3.org/1998/Math/MathML">
<apply>
<times/>
<ci> s73 </ci>
<ci> k1 </ci>
</apply>
</math>
<listOfParameters>
<parameter metaid="CDMT00141" id="k1" name="k1" value="0.1" units="substance"/>
</listOfParameters>
</kineticLaw>
</reaction>
<reaction metaid="re58" id="re58" reversible="false" fast="false">
<annotation/>
<listOfReactants>
<speciesReference metaid="CDMT00142" species="s74"/>
</listOfReactants>
<listOfProducts>
<speciesReference metaid="CDMT00143" species="s76"/>
</listOfProducts>
<kineticLaw metaid="CDMT00144">
<math xmlns="http://www.w3.org/1998/Math/MathML">
<apply>
<times/>
<ci> s74 </ci>
<ci> k1 </ci>
</apply>
</math>
<listOfParameters>
<parameter metaid="CDMT00145" id="k1" name="k1" value="0.1" units="substance"/>
</listOfParameters>
</kineticLaw>
</reaction>
<reaction metaid="re59" id="re59" reversible="false" fast="false">
<annotation/>
<listOfReactants>
<speciesReference metaid="CDMT00146" species="s73"/>
</listOfReactants>
<listOfProducts>
<speciesReference metaid="CDMT00147" species="s88"/>
</listOfProducts>
<kineticLaw metaid="CDMT00148">
<math xmlns="http://www.w3.org/1998/Math/MathML">
<apply>
<times/>
<ci> s73 </ci>
<ci> k1 </ci>
</apply>
</math>
<listOfParameters>
<parameter metaid="CDMT00149" id="k1" name="k1" value="0.1" units="substance"/>
</listOfParameters>
</kineticLaw>
</reaction>
<reaction metaid="re60" id="re60" reversible="false" fast="false">
<annotation/>
<listOfReactants>
<speciesReference metaid="CDMT00150" species="s88"/>
</listOfReactants>
<listOfProducts>
<speciesReference metaid="CDMT00151" species="s89"/>
</listOfProducts>
<kineticLaw metaid="CDMT00152">
<math xmlns="http://www.w3.org/1998/Math/MathML">
<apply>
<times/>
<ci> s88 </ci>
<ci> k1 </ci>
</apply>
</math>
<listOfParameters>
<parameter metaid="CDMT00153" id="k1" name="k1" value="0.1" units="substance"/>
</listOfParameters>
</kineticLaw>
</reaction>
<reaction metaid="re61" id="re61" reversible="false" fast="false">
<annotation/>
<listOfReactants>
<speciesReference metaid="CDMT00154" species="s89"/>
</listOfReactants>
<listOfProducts>
<speciesReference metaid="CDMT00155" species="s76"/>
</listOfProducts>
<kineticLaw metaid="CDMT00156">
<math xmlns="http://www.w3.org/1998/Math/MathML">
<apply>
<times/>
<ci> s89 </ci>
<ci> k1 </ci>
</apply>
</math>
<listOfParameters>
<parameter metaid="CDMT00157" id="k1" name="k1" value="0.1" units="substance"/>
</listOfParameters>
</kineticLaw>
</reaction>
<reaction metaid="re62" id="re62" reversible="false" fast="false">
<annotation/>
<listOfReactants>
<speciesReference metaid="CDMT00158" species="s88"/>
</listOfReactants>
<listOfProducts>
<speciesReference metaid="CDMT00159" species="s90"/>
</listOfProducts>
<kineticLaw metaid="CDMT00160">
<math xmlns="http://www.w3.org/1998/Math/MathML">
<apply>
<times/>
<ci> s88 </ci>
<ci> k1 </ci>
</apply>
</math>
<listOfParameters>
<parameter metaid="CDMT00161" id="k1" name="k1" value="0.1" units="substance"/>
</listOfParameters>
</kineticLaw>
</reaction>
<reaction metaid="re64" id="re64" reversible="false" fast="false">
<annotation/>
<listOfReactants>
<speciesReference metaid="CDMT00162" species="s90"/>
</listOfReactants>
<listOfProducts>
<speciesReference metaid="CDMT00163" species="s76"/>
</listOfProducts>
<kineticLaw metaid="CDMT00164">
<math xmlns="http://www.w3.org/1998/Math/MathML">
<apply>
<times/>
<ci> s90 </ci>
<ci> k1 </ci>
</apply>
</math>
<listOfParameters>
<parameter metaid="CDMT00165" id="k1" name="k1" value="0.1" units="substance"/>
</listOfParameters>
</kineticLaw>
</reaction>
<reaction metaid="re65" id="re65" reversible="false" fast="false">
<annotation/>
<listOfReactants>
<speciesReference metaid="CDMT00166" species="s55"/>
</listOfReactants>
<listOfProducts>
<speciesReference metaid="CDMT00167" species="s92"/>
</listOfProducts>
<kineticLaw metaid="CDMT00168">
<math xmlns="http://www.w3.org/1998/Math/MathML">
<apply>
<times/>
<ci> s55 </ci>
<ci> k1 </ci>
</apply>
</math>
<listOfParameters>
<parameter metaid="CDMT00169" id="k1" name="k1" value="0.0001" units="substance"/>
</listOfParameters>
</kineticLaw>
</reaction>
<reaction metaid="re66" id="re66" reversible="false" fast="false">
<annotation/>
<listOfReactants>
<speciesReference metaid="CDMT00170" species="s91"/>
</listOfReactants>
<listOfProducts>
<speciesReference metaid="CDMT00171" species="s20"/>
</listOfProducts>
<kineticLaw metaid="CDMT00172">
<math xmlns="http://www.w3.org/1998/Math/MathML">
<apply>
<times/>
<ci> s91 </ci>
<ci> k1 </ci>
</apply>
</math>
<listOfParameters>
<parameter metaid="CDMT00173" id="k1" name="k1" value="0.1" units="substance"/>
</listOfParameters>
</kineticLaw>
</reaction>
</listOfReactions>
</model>
</sbml>
