<?xml version="1.0" encoding="UTF-8"?>
<sbml xmlns="http://www.sbml.org/sbml/level2/version4" level="2" version="4">
<model metaid="Insulin" id="Insulin">
<annotation/>
<listOfUnitDefinitions>
<unitDefinition metaid="substance" id="substance" name="substance">
<listOfUnits>
<unit metaid="CDMT00001" kind="mole"/>
</listOfUnits>
</unitDefinition>
<unitDefinition metaid="volume" id="volume" name="volume">
<listOfUnits>
<unit metaid="CDMT00002" kind="litre"/>
</listOfUnits>
</unitDefinition>
<unitDefinition metaid="area" id="area" name="area">
<listOfUnits>
<unit metaid="CDMT00003" kind="metre" exponent="2"/>
</listOfUnits>
</unitDefinition>
<unitDefinition metaid="length" id="length" name="length">
<listOfUnits>
<unit metaid="CDMT00004" kind="metre"/>
</listOfUnits>
</unitDefinition>
<unitDefinition metaid="time" id="time" name="time">
<listOfUnits>
<unit metaid="CDMT00005" kind="second"/>
</listOfUnits>
</unitDefinition>
</listOfUnitDefinitions>
<listOfCompartments>
<compartment metaid="default" id="default" size="1" units="volume"/>
</listOfCompartments>
<listOfSpecies>
<species metaid="s24" id="s24" name="Neuroinflammation" compartment="default" initialAmount="0">
<annotation/>
</species>
<species metaid="s25" id="s25" name="Microglial activation" compartment="default" initialAmount="0">
<annotation/>
</species>
<species metaid="s26" id="s26" name="αS " compartment="default" initialAmount="0" charge="0">
<annotation/>
</species>
<species metaid="s27" id="s27" name="αS aggregates" compartment="default" initialAmount="0" charge="0">
<annotation/>
</species>
<species metaid="s30" id="s30" name="ROS" compartment="default" initialAmount="0">
<annotation/>
</species>
<species metaid="s47" id="s47" name="Aβ degradation" compartment="default" initialAmount="0" charge="0">
<annotation/>
</species>
<species metaid="s31" id="s31" name="Aβ" compartment="default" initialAmount="0" charge="0">
<annotation/>
</species>
<species metaid="s59" id="s59" name="Aβ aggregates" compartment="default" initialAmount="0" charge="0">
<annotation/>
</species>
<species metaid="s60" id="s60" name="Oxidative Stress" compartment="default" initialAmount="0">
<annotation/>
</species>
<species metaid="s61" id="s61" name="Tau" compartment="default" initialAmount="0" charge="0">
<annotation/>
</species>
<species metaid="s62" id="s62" name="Tau" compartment="default" initialAmount="0" charge="0">
<annotation/>
</species>
<species metaid="s63" id="s63" name="Tangles" compartment="default" initialAmount="0" charge="0">
<annotation/>
</species>
<species metaid="s64" id="s64" name="Lewy bodies" compartment="default" initialAmount="0" charge="0">
<annotation/>
</species>
<species metaid="s65" id="s65" name="Neuronal injury" compartment="default" initialAmount="0">
<annotation/>
</species>
<species metaid="s1" id="s1" name="TNFα" compartment="default" initialAmount="0">
<annotation/>
</species>
<species metaid="s35" id="s35" name="Insulin" compartment="default" initialAmount="0">
<annotation/>
</species>
<species metaid="s34" id="s34" name="Insulin Receotor" compartment="default" initialAmount="0" charge="0">
<annotation/>
</species>
<species metaid="s4" id="s4" name="IRS1" compartment="default" initialAmount="0">
<annotation/>
</species>
<species metaid="s5" id="s5" name="PI3K" compartment="default" initialAmount="0">
<annotation/>
</species>
<species metaid="s6" id="s6" name="AKT" compartment="default" initialAmount="0">
<annotation/>
</species>
<species metaid="s7" id="s7" name="IDE" compartment="default" initialAmount="0">
<annotation/>
</species>
<species metaid="s8" id="s8" name="Low IDE" compartment="default" initialAmount="0">
<annotation/>
</species>
<species metaid="s10" id="s10" name="Aβ degradation" compartment="default" initialAmount="0">
<annotation/>
</species>
<species metaid="s11" id="s11" name="Aβ oligomers" compartment="default" initialAmount="0">
<annotation/>
</species>
<species metaid="s12" id="s12" name="IRS-1" compartment="default" initialAmount="0">
<annotation/>
</species>
<species metaid="s13" id="s13" name="IRS-1" compartment="default" initialAmount="0">
<annotation/>
</species>
<species metaid="s14" id="s14" name="APP" compartment="default" initialAmount="0">
<annotation/>
</species>
</listOfSpecies>
<listOfReactions>
<reaction metaid="re25" id="re23" reversible="false">
<annotation/>
<listOfReactants>
<speciesReference metaid="CDMT00006" species="s24"/>
</listOfReactants>
<listOfProducts>
<speciesReference metaid="CDMT00007" species="s25"/>
</listOfProducts>
</reaction>
<reaction metaid="re27" id="re24" reversible="false">
<annotation/>
<listOfReactants>
<speciesReference metaid="CDMT00008" species="s26"/>
</listOfReactants>
<listOfProducts>
<speciesReference metaid="CDMT00009" species="s27"/>
</listOfProducts>
</reaction>
<reaction metaid="re29" id="re25" reversible="false">
<annotation/>
<listOfReactants>
<speciesReference metaid="CDMT00010" species="s27"/>
</listOfReactants>
<listOfProducts>
<speciesReference metaid="CDMT00011" species="s30"/>
</listOfProducts>
</reaction>
<reaction metaid="CDMT00058" id="re26" reversible="false">
<annotation/>
<listOfReactants>
<speciesReference metaid="CDMT00012" species="s30"/>
</listOfReactants>
<listOfProducts>
<speciesReference metaid="CDMT00013" species="s24"/>
</listOfProducts>
</reaction>
<reaction metaid="re32" id="re27" reversible="false">
<annotation/>
<listOfReactants>
<speciesReference metaid="CDMT00014" species="s31"/>
</listOfReactants>
<listOfProducts>
<speciesReference metaid="CDMT00015" species="s47"/>
</listOfProducts>
<listOfModifiers>
<modifierSpeciesReference metaid="CDMT00088" species="s7"/>
</listOfModifiers>
</reaction>
<reaction metaid="re34" id="re28" reversible="false">
<annotation/>
<listOfReactants>
<speciesReference metaid="CDMT00016" species="s31"/>
</listOfReactants>
<listOfProducts>
<speciesReference metaid="CDMT00017" species="s59"/>
</listOfProducts>
<listOfModifiers>
<modifierSpeciesReference metaid="CDMT00075" species="s35"/>
</listOfModifiers>
</reaction>
<reaction metaid="re35" id="re29" reversible="false">
<annotation/>
<listOfReactants>
<speciesReference metaid="CDMT00018" species="s47"/>
</listOfReactants>
<listOfProducts>
<speciesReference metaid="CDMT00019" species="s59"/>
</listOfProducts>
</reaction>
<reaction metaid="re36" id="re30" reversible="false">
<annotation/>
<listOfReactants>
<speciesReference metaid="CDMT00020" species="s59"/>
</listOfReactants>
<listOfProducts>
<speciesReference metaid="CDMT00021" species="s25"/>
</listOfProducts>
</reaction>
<reaction metaid="re37" id="re31" reversible="false">
<annotation/>
<listOfReactants>
<speciesReference metaid="CDMT00022" species="s30"/>
</listOfReactants>
<listOfProducts>
<speciesReference metaid="CDMT00023" species="s60"/>
</listOfProducts>
</reaction>
<reaction metaid="re38" id="re32" reversible="false">
<annotation/>
<listOfReactants>
<speciesReference metaid="CDMT00024" species="s60"/>
</listOfReactants>
<listOfProducts>
<speciesReference metaid="CDMT00025" species="s24"/>
</listOfProducts>
</reaction>
<reaction metaid="re39" id="re33" reversible="false">
<annotation/>
<listOfReactants>
<speciesReference metaid="CDMT00026" species="s61"/>
</listOfReactants>
<listOfProducts>
<speciesReference metaid="CDMT00027" species="s62"/>
</listOfProducts>
</reaction>
<reaction metaid="re40" id="re34" reversible="false">
<annotation/>
<listOfReactants>
<speciesReference metaid="CDMT00028" species="s62"/>
</listOfReactants>
<listOfProducts>
<speciesReference metaid="CDMT00029" species="s63"/>
</listOfProducts>
</reaction>
<reaction metaid="re41" id="re35" reversible="false">
<annotation/>
<listOfReactants>
<speciesReference metaid="CDMT00030" species="s63"/>
</listOfReactants>
<listOfProducts>
<speciesReference metaid="CDMT00031" species="s24"/>
</listOfProducts>
</reaction>
<reaction metaid="re42" id="re36" reversible="false">
<annotation/>
<listOfReactants>
<speciesReference metaid="CDMT00032" species="s27"/>
</listOfReactants>
<listOfProducts>
<speciesReference metaid="CDMT00033" species="s62"/>
</listOfProducts>
</reaction>
<reaction metaid="re43" id="re37" reversible="false">
<annotation/>
<listOfReactants>
<speciesReference metaid="CDMT00034" species="s63"/>
</listOfReactants>
<listOfProducts>
<speciesReference metaid="CDMT00035" species="s60"/>
</listOfProducts>
</reaction>
<reaction metaid="re44" id="re38" reversible="false">
<annotation/>
<listOfReactants>
<speciesReference metaid="CDMT00036" species="s27"/>
</listOfReactants>
<listOfProducts>
<speciesReference metaid="CDMT00037" species="s24"/>
</listOfProducts>
</reaction>
<reaction metaid="re45" id="re39" reversible="false">
<annotation/>
<listOfReactants>
<speciesReference metaid="CDMT00038" species="s27"/>
</listOfReactants>
<listOfProducts>
<speciesReference metaid="CDMT00039" species="s64"/>
</listOfProducts>
</reaction>
<reaction metaid="re46" id="re40" reversible="false">
<annotation/>
<listOfReactants>
<speciesReference metaid="CDMT00040" species="s64"/>
</listOfReactants>
<listOfProducts>
<speciesReference metaid="CDMT00041" species="s60"/>
</listOfProducts>
</reaction>
<reaction metaid="re47" id="re41" reversible="false">
<annotation/>
<listOfReactants>
<speciesReference metaid="CDMT00042" species="s65"/>
</listOfReactants>
<listOfProducts>
<speciesReference metaid="CDMT00043" species="s24"/>
</listOfProducts>
</reaction>
<reaction metaid="CDMT00044" id="re42" reversible="false">
<annotation/>
<listOfReactants>
<speciesReference metaid="CDMT00045" species="s47"/>
</listOfReactants>
<listOfProducts>
<speciesReference metaid="CDMT00046" species="s60"/>
</listOfProducts>
</reaction>
<reaction metaid="CDMT00047" id="re43" reversible="false">
<annotation/>
<listOfReactants>
<speciesReference metaid="CDMT00048" species="s25"/>
</listOfReactants>
<listOfProducts>
<speciesReference metaid="CDMT00049" species="s1"/>
</listOfProducts>
</reaction>
<reaction metaid="re53" id="re53" reversible="false">
<annotation/>
<listOfReactants>
<speciesReference metaid="CDMT00073" species="s26"/>
</listOfReactants>
<listOfProducts>
<speciesReference metaid="CDMT00074" species="s1"/>
</listOfProducts>
</reaction>
<reaction metaid="CDMT00050" id="re54" reversible="false">
<annotation/>
<listOfReactants>
<speciesReference metaid="CDMT00076" species="s34"/>
</listOfReactants>
<listOfProducts>
<speciesReference metaid="CDMT00077" species="s35"/>
</listOfProducts>
<listOfModifiers>
<modifierSpeciesReference metaid="CDMT00078" species="s35"/>
<modifierSpeciesReference metaid="CDMT00079" species="s24"/>
</listOfModifiers>
</reaction>
<reaction metaid="re56" id="re56" reversible="false">
<annotation/>
<listOfReactants>
<speciesReference metaid="CDMT00080" species="s34"/>
</listOfReactants>
<listOfProducts>
<speciesReference metaid="CDMT00081" species="s4"/>
</listOfProducts>
<listOfModifiers>
<modifierSpeciesReference metaid="CDMT00111" species="s11"/>
</listOfModifiers>
</reaction>
<reaction metaid="re57" id="re57" reversible="false">
<annotation/>
<listOfReactants>
<speciesReference metaid="CDMT00082" species="s4"/>
</listOfReactants>
<listOfProducts>
<speciesReference metaid="CDMT00083" species="s5"/>
</listOfProducts>
</reaction>
<reaction metaid="re58" id="re58" reversible="false">
<annotation/>
<listOfReactants>
<speciesReference metaid="CDMT00084" species="s5"/>
</listOfReactants>
<listOfProducts>
<speciesReference metaid="CDMT00085" species="s6"/>
</listOfProducts>
</reaction>
<reaction metaid="re59" id="re59" reversible="false">
<annotation/>
<listOfReactants>
<speciesReference metaid="CDMT00086" species="s6"/>
</listOfReactants>
<listOfProducts>
<speciesReference metaid="CDMT00087" species="s7"/>
</listOfProducts>
</reaction>
<reaction metaid="re60" id="re60" reversible="false">
<annotation/>
<listOfReactants>
<speciesReference metaid="CDMT00089" species="s7"/>
</listOfReactants>
<listOfProducts>
<speciesReference metaid="CDMT00090" species="s8"/>
</listOfProducts>
</reaction>
<reaction metaid="re61" id="re61" reversible="false">
<annotation/>
<listOfReactants>
<speciesReference metaid="CDMT00091" species="s31"/>
</listOfReactants>
<listOfProducts>
<speciesReference metaid="CDMT00092" species="s10"/>
</listOfProducts>
<listOfModifiers>
<modifierSpeciesReference metaid="CDMT00093" species="s8"/>
</listOfModifiers>
</reaction>
<reaction metaid="re62" id="re62" reversible="false">
<annotation/>
<listOfReactants>
<speciesReference metaid="CDMT00094" species="s8"/>
</listOfReactants>
<listOfProducts>
<speciesReference metaid="CDMT00095" species="s62"/>
</listOfProducts>
</reaction>
<reaction metaid="re63" id="re63" reversible="false">
<annotation/>
<listOfReactants>
<speciesReference metaid="CDMT00096" species="s7"/>
</listOfReactants>
<listOfProducts>
<speciesReference metaid="CDMT00097" species="s10"/>
</listOfProducts>
</reaction>
<reaction metaid="re64" id="re64" reversible="false">
<annotation/>
<listOfReactants>
<speciesReference metaid="CDMT00098" species="s59"/>
</listOfReactants>
<listOfProducts>
<speciesReference metaid="CDMT00099" species="s11"/>
</listOfProducts>
</reaction>
<reaction metaid="re65" id="re65" reversible="false">
<annotation/>
<listOfReactants>
<speciesReference metaid="CDMT00100" species="s11"/>
</listOfReactants>
<listOfProducts>
<speciesReference metaid="CDMT00101" species="s25"/>
</listOfProducts>
</reaction>
<reaction metaid="re66" id="re66" reversible="false">
<annotation/>
<listOfReactants>
<speciesReference metaid="CDMT00102" species="s11"/>
</listOfReactants>
<listOfProducts>
<speciesReference metaid="CDMT00103" species="s60"/>
</listOfProducts>
</reaction>
<reaction metaid="re67" id="re67" reversible="false">
<annotation/>
<listOfReactants>
<speciesReference metaid="CDMT00104" species="s1"/>
</listOfReactants>
<listOfProducts>
<speciesReference metaid="CDMT00105" species="s4"/>
</listOfProducts>
</reaction>
<reaction metaid="re68" id="re68" reversible="false">
<annotation/>
<listOfReactants>
<speciesReference metaid="CDMT00106" species="s12"/>
</listOfReactants>
<listOfProducts>
<speciesReference metaid="CDMT00107" species="s13"/>
</listOfProducts>
<listOfModifiers>
<modifierSpeciesReference metaid="CDMT00110" species="s11"/>
</listOfModifiers>
</reaction>
<reaction metaid="re69" id="re69" reversible="false">
<annotation/>
<listOfReactants>
<speciesReference metaid="CDMT00108" species="s4"/>
</listOfReactants>
<listOfProducts>
<speciesReference metaid="CDMT00109" species="s12"/>
</listOfProducts>
</reaction>
<reaction metaid="re70" id="re70" reversible="false">
<annotation/>
<listOfReactants>
<speciesReference metaid="CDMT00112" species="s14"/>
</listOfReactants>
<listOfProducts>
<speciesReference metaid="CDMT00113" species="s31"/>
</listOfProducts>
</reaction>
</listOfReactions>
</model>
</sbml>
