<?xml version="1.0" encoding="UTF-8"?>
<sbml xmlns="http://www.sbml.org/sbml/level2/version4" level="2" version="4">
<model metaid="AD_PD" id="AD_PD">
<annotation/>
<listOfUnitDefinitions>
<unitDefinition metaid="substance" id="substance" name="substance">
<listOfUnits>
<unit metaid="CDMT00275" kind="mole"/>
</listOfUnits>
</unitDefinition>
<unitDefinition metaid="volume" id="volume" name="volume">
<listOfUnits>
<unit metaid="CDMT00276" kind="litre"/>
</listOfUnits>
</unitDefinition>
<unitDefinition metaid="area" id="area" name="area">
<listOfUnits>
<unit metaid="CDMT00277" kind="metre" exponent="2"/>
</listOfUnits>
</unitDefinition>
<unitDefinition metaid="length" id="length" name="length">
<listOfUnits>
<unit metaid="CDMT00278" kind="metre"/>
</listOfUnits>
</unitDefinition>
<unitDefinition metaid="time" id="time" name="time">
<listOfUnits>
<unit metaid="CDMT00279" kind="second"/>
</listOfUnits>
</unitDefinition>
</listOfUnitDefinitions>
<listOfCompartments>
<compartment metaid="default" id="default" size="1" units="volume"/>
</listOfCompartments>
<listOfSpecies>
<species metaid="s5" id="s5" name="p38" compartment="default" initialAmount="0">
<annotation/>
</species>
<species metaid="s6" id="s6" name="α-syn" compartment="default" initialAmount="1.56" hasOnlySubstanceUnits="true" charge="0">
<annotation/>
</species>
<species metaid="s7" id="s7" name="IL6" compartment="default" initialAmount="2.1" hasOnlySubstanceUnits="true" charge="0">
<annotation/>
</species>
<species metaid="s9" id="s9" name="cyt c" compartment="default" initialAmount="0">
<annotation/>
</species>
<species metaid="s10" id="s10" name="Apoptosis" compartment="default" initialAmount="0">
<annotation/>
</species>
<species metaid="s11" id="s11" name="oxidative stress" compartment="default" initialAmount="0">
<annotation/>
</species>
<species metaid="s12" id="s12" name="ROS" compartment="default" initialAmount="0">
<annotation/>
</species>
<species metaid="s13" id="s13" name="APP" compartment="default" initialAmount="0">
<annotation/>
</species>
<species metaid="s14" id="s14" name="Aβ42" compartment="default" initialAmount="367.15" hasOnlySubstanceUnits="true" charge="0">
<annotation/>
</species>
<species metaid="s26" id="s26" name="IL1B" compartment="default" initialAmount="11.122" hasOnlySubstanceUnits="true" charge="0">
<annotation/>
</species>
<species metaid="s31" id="s31" name="Tau" compartment="default" initialAmount="2.02" hasOnlySubstanceUnits="true" charge="0">
<annotation/>
</species>
<species metaid="s32" id="s32" name="Tau" compartment="default" initialAmount="3.83" hasOnlySubstanceUnits="true" charge="0">
<annotation/>
</species>
<species metaid="s33" id="s33" name="PrPc" compartment="default" initialAmount="0">
<annotation/>
</species>
<species metaid="s34" id="s34" name="NMDAR" compartment="default" initialAmount="0">
<annotation/>
</species>
<species metaid="s47" id="s47" name="Microglial activation" compartment="default" initialAmount="0">
<annotation/>
</species>
<species metaid="s48" id="s48" name="NFκB" compartment="default" initialAmount="0">
<annotation/>
</species>
<species metaid="s49" id="s49" name="iNOS" compartment="default" initialAmount="0">
<annotation/>
</species>
<species metaid="s50" id="s50" name="NO" compartment="default" initialAmount="21438300.1" hasOnlySubstanceUnits="true" charge="0">
<annotation/>
</species>
<species metaid="s51" id="s51" name="Lipid Peroxidation" compartment="default" initialAmount="0">
<annotation/>
</species>
<species metaid="s52" id="s52" name="Caspase 1" compartment="default" initialAmount="0">
<annotation/>
</species>
<species metaid="s53" id="s53" name="Aβ" compartment="default" initialAmount="0">
<annotation/>
</species>
<species metaid="s54" id="s54" name="Tangles" compartment="default" initialAmount="0">
<annotation/>
</species>
<species metaid="s55" id="s55" name="Lewy Bodies" compartment="default" initialAmount="0">
<annotation/>
</species>
<species metaid="s56" id="s56" name="Caspase9" compartment="default" initialAmount="900" hasOnlySubstanceUnits="true" charge="0">
<annotation/>
</species>
<species metaid="s61" id="s61" name="Ca2+" compartment="default" initialAmount="89131.02" hasOnlySubstanceUnits="true" charge="0">
<annotation/>
</species>
<species metaid="s64" id="s64" name="increased Ca2+ " compartment="default" initialAmount="0">
<annotation/>
</species>
<species metaid="s65" id="s65" name="NOS" compartment="default" initialAmount="0">
<annotation/>
</species>
<species metaid="s66" id="s66" name="GSK3β" compartment="default" initialAmount="0">
<annotation/>
</species>
<species metaid="s76" id="s76" name="TNFR1" compartment="default" initialAmount="0" charge="0">
<annotation/>
</species>
<species metaid="s77" id="s77" name="Glutamate" compartment="default" initialAmount="0" charge="0">
<annotation/>
</species>
<species metaid="s16" id="s16" name="Excess Glutamate" compartment="default" initialAmount="0">
<annotation/>
</species>
<species metaid="s25" id="s25" name="TNFa" compartment="default" initialAmount="0">
<annotation/>
</species>
</listOfSpecies>
<listOfReactions>
<reaction metaid="re6" id="re6" reversible="false" fast="false">
<annotation/>
<listOfReactants>
<speciesReference metaid="CDMT00012" species="s6"/>
</listOfReactants>
<listOfProducts>
<speciesReference metaid="CDMT00013" species="s7"/>
</listOfProducts>
<kineticLaw metaid="CDMT00014">
<math xmlns="http://www.w3.org/1998/Math/MathML">
<apply>
<times/>
<ci> s6 </ci>
<ci> k1 </ci>
</apply>
</math>
<listOfParameters>
<parameter metaid="CDMT00015" id="k1" name="k1" value="0.01" units="substance"/>
</listOfParameters>
</kineticLaw>
</reaction>
<reaction metaid="re7" id="re7" reversible="false" fast="false">
<annotation/>
<listOfReactants>
<speciesReference metaid="CDMT00016" species="s6"/>
</listOfReactants>
<listOfProducts>
<speciesReference metaid="CDMT00017" species="s9"/>
</listOfProducts>
<kineticLaw metaid="CDMT00018">
<math xmlns="http://www.w3.org/1998/Math/MathML">
<apply>
<times/>
<ci> s6 </ci>
<ci> k1 </ci>
</apply>
</math>
<listOfParameters>
<parameter metaid="CDMT00019" id="k1" name="k1" value="0.01" units="substance"/>
</listOfParameters>
</kineticLaw>
</reaction>
<reaction metaid="re8" id="re8" reversible="false" fast="false">
<annotation/>
<listOfReactants>
<speciesReference metaid="CDMT00020" species="s7"/>
</listOfReactants>
<listOfProducts>
<speciesReference metaid="CDMT00021" species="s9"/>
</listOfProducts>
<kineticLaw metaid="CDMT00022">
<math xmlns="http://www.w3.org/1998/Math/MathML">
<apply>
<times/>
<ci> s7 </ci>
<ci> k2 </ci>
</apply>
</math>
<listOfParameters>
<parameter metaid="CDMT00023" id="k1" name="k1" value="0.01" units="substance"/>
<parameter metaid="k2" id="k2" name="k2" value="0.01" units="substance"/>
</listOfParameters>
</kineticLaw>
</reaction>
<reaction metaid="re12" id="re12" reversible="false" fast="false">
<annotation/>
<listOfReactants>
<speciesReference metaid="CDMT00028" species="s11"/>
</listOfReactants>
<listOfProducts>
<speciesReference metaid="CDMT00029" species="s10"/>
</listOfProducts>
<kineticLaw metaid="CDMT00030">
<math xmlns="http://www.w3.org/1998/Math/MathML">
<apply>
<times/>
<ci> s11 </ci>
<ci> k1 </ci>
</apply>
</math>
<listOfParameters>
<parameter metaid="CDMT00031" id="k1" name="k1" value="0.01" units="substance"/>
</listOfParameters>
</kineticLaw>
</reaction>
<reaction metaid="re14" id="re14" reversible="false" fast="false">
<annotation/>
<listOfReactants>
<speciesReference metaid="CDMT00032" species="s13"/>
</listOfReactants>
<listOfProducts>
<speciesReference metaid="CDMT00033" species="s14"/>
</listOfProducts>
<kineticLaw metaid="CDMT00034">
<math xmlns="http://www.w3.org/1998/Math/MathML">
<apply>
<times/>
<ci> s13 </ci>
<ci> k1 </ci>
</apply>
</math>
<listOfParameters>
<parameter metaid="CDMT00035" id="k1" name="k1" value="0.01" units="substance"/>
</listOfParameters>
</kineticLaw>
</reaction>
<reaction metaid="re17" id="re17" reversible="false" fast="false">
<annotation/>
<listOfReactants>
<speciesReference metaid="CDMT00036" species="s14"/>
</listOfReactants>
<listOfProducts>
<speciesReference metaid="CDMT00037" species="s12"/>
</listOfProducts>
<kineticLaw metaid="CDMT00038">
<math xmlns="http://www.w3.org/1998/Math/MathML">
<apply>
<times/>
<ci> s14 </ci>
<ci> k1 </ci>
</apply>
</math>
<listOfParameters>
<parameter metaid="CDMT00039" id="k1" name="k1" value="0.01" units="substance"/>
</listOfParameters>
</kineticLaw>
</reaction>
<reaction metaid="re18" id="re18" reversible="false" fast="false">
<annotation/>
<listOfReactants>
<speciesReference metaid="CDMT00040" species="s12"/>
</listOfReactants>
<listOfProducts>
<speciesReference metaid="CDMT00041" species="s5"/>
</listOfProducts>
<kineticLaw metaid="CDMT00042">
<math xmlns="http://www.w3.org/1998/Math/MathML">
<apply>
<times/>
<ci> s12 </ci>
<ci> k1 </ci>
</apply>
</math>
<listOfParameters>
<parameter metaid="CDMT00043" id="k1" name="k1" value="0.01" units="substance"/>
</listOfParameters>
</kineticLaw>
</reaction>
<reaction metaid="re27" id="re27" reversible="false" fast="false">
<annotation/>
<listOfReactants>
<speciesReference metaid="CDMT00060" species="s14"/>
</listOfReactants>
<listOfProducts>
<speciesReference metaid="CDMT00061" species="s25"/>
</listOfProducts>
<kineticLaw metaid="CDMT00062">
<math xmlns="http://www.w3.org/1998/Math/MathML">
<apply>
<times/>
<ci> s14 </ci>
<ci> k1 </ci>
</apply>
</math>
<listOfParameters>
<parameter metaid="CDMT00063" id="k1" name="k1" value="0.01" units="substance"/>
</listOfParameters>
</kineticLaw>
</reaction>
<reaction metaid="re34" id="re34" reversible="false" fast="false">
<annotation/>
<listOfReactants>
<speciesReference metaid="CDMT00068" species="s9"/>
</listOfReactants>
<listOfProducts>
<speciesReference metaid="CDMT00069" species="s11"/>
</listOfProducts>
<kineticLaw metaid="CDMT00070">
<math xmlns="http://www.w3.org/1998/Math/MathML">
<apply>
<times/>
<ci> s9 </ci>
<ci> k1 </ci>
</apply>
</math>
<listOfParameters>
<parameter metaid="CDMT00071" id="k1" name="k1" value="0.01" units="substance"/>
</listOfParameters>
</kineticLaw>
</reaction>
<reaction metaid="re36" id="re36" reversible="false" fast="false">
<annotation/>
<listOfReactants>
<speciesReference metaid="CDMT00072" species="s5"/>
</listOfReactants>
<listOfProducts>
<speciesReference metaid="CDMT00073" species="s25"/>
</listOfProducts>
<kineticLaw metaid="CDMT00074">
<math xmlns="http://www.w3.org/1998/Math/MathML">
<apply>
<times/>
<ci> s5 </ci>
<ci> k1 </ci>
</apply>
</math>
<listOfParameters>
<parameter metaid="CDMT00075" id="k1" name="k1" value="0.01" units="substance"/>
</listOfParameters>
</kineticLaw>
</reaction>
<reaction metaid="re40" id="re40" reversible="false" fast="false">
<annotation/>
<listOfReactants>
<speciesReference metaid="CDMT00084" species="s31"/>
</listOfReactants>
<listOfProducts>
<speciesReference metaid="CDMT00085" species="s32"/>
</listOfProducts>
<listOfModifiers>
<modifierSpeciesReference metaid="CDMT00086" species="s11"/>
</listOfModifiers>
<kineticLaw metaid="CDMT00087">
<math xmlns="http://www.w3.org/1998/Math/MathML">
<apply>
<times/>
<ci> s31 </ci>
<ci> k1 </ci>
</apply>
</math>
<listOfParameters>
<parameter metaid="CDMT00088" id="k1" name="k1" value="0.01" units="substance"/>
</listOfParameters>
</kineticLaw>
</reaction>
<reaction metaid="re41" id="re41" reversible="false" fast="false">
<annotation/>
<listOfReactants>
<speciesReference metaid="CDMT00089" species="s6"/>
</listOfReactants>
<listOfProducts>
<speciesReference metaid="CDMT00090" species="s5"/>
</listOfProducts>
<kineticLaw metaid="CDMT00091">
<math xmlns="http://www.w3.org/1998/Math/MathML">
<apply>
<times/>
<ci> s6 </ci>
<ci> k1 </ci>
</apply>
</math>
<listOfParameters>
<parameter metaid="CDMT00092" id="k1" name="k1" value="0.01" units="substance"/>
</listOfParameters>
</kineticLaw>
</reaction>
<reaction metaid="re42" id="re42" reversible="false" fast="false">
<annotation/>
<listOfReactants>
<speciesReference metaid="CDMT00093" species="s5"/>
</listOfReactants>
<listOfProducts>
<speciesReference metaid="CDMT00094" species="s31"/>
</listOfProducts>
<kineticLaw metaid="CDMT00095">
<math xmlns="http://www.w3.org/1998/Math/MathML">
<apply>
<times/>
<ci> s5 </ci>
<ci> k1 </ci>
</apply>
</math>
<listOfParameters>
<parameter metaid="CDMT00096" id="k1" name="k1" value="0.01" units="substance"/>
</listOfParameters>
</kineticLaw>
</reaction>
<reaction metaid="re43" id="re43" reversible="false" fast="false">
<annotation/>
<listOfReactants>
<speciesReference metaid="CDMT00097" species="s12"/>
</listOfReactants>
<listOfProducts>
<speciesReference metaid="CDMT00098" species="s11"/>
</listOfProducts>
<kineticLaw metaid="CDMT00099">
<math xmlns="http://www.w3.org/1998/Math/MathML">
<apply>
<times/>
<ci> s12 </ci>
<ci> k1 </ci>
</apply>
</math>
<listOfParameters>
<parameter metaid="CDMT00100" id="k1" name="k1" value="0.01" units="substance"/>
</listOfParameters>
</kineticLaw>
</reaction>
<reaction metaid="re46" id="re46" reversible="false" fast="false">
<annotation/>
<listOfReactants>
<speciesReference metaid="CDMT00109" species="s14"/>
</listOfReactants>
<listOfProducts>
<speciesReference metaid="CDMT00110" species="s14"/>
</listOfProducts>
<kineticLaw metaid="CDMT00111">
<math xmlns="http://www.w3.org/1998/Math/MathML">
<apply>
<times/>
<ci> s14 </ci>
<ci> k1 </ci>
</apply>
</math>
<listOfParameters>
<parameter metaid="CDMT00112" id="k1" name="k1" value="0.01" units="substance"/>
</listOfParameters>
</kineticLaw>
</reaction>
<reaction metaid="re47" id="re47" reversible="false" fast="false">
<annotation/>
<listOfReactants>
<speciesReference metaid="CDMT00113" species="s14"/>
</listOfReactants>
<listOfProducts>
<speciesReference metaid="CDMT00114" species="s33"/>
</listOfProducts>
<kineticLaw metaid="CDMT00115">
<math xmlns="http://www.w3.org/1998/Math/MathML">
<apply>
<times/>
<ci> s14 </ci>
<ci> k2 </ci>
</apply>
</math>
<listOfParameters>
<parameter metaid="CDMT00116" id="k1" name="k1" value="0.01" units="substance"/>
<parameter metaid="CDMT00117" id="k2" name="k2" value="0.01" units="substance"/>
</listOfParameters>
</kineticLaw>
</reaction>
<reaction metaid="re48" id="re48" reversible="false" fast="false">
<annotation/>
<listOfReactants>
<speciesReference metaid="CDMT00118" species="s14"/>
</listOfReactants>
<listOfProducts>
<speciesReference metaid="CDMT00119" species="s34"/>
</listOfProducts>
<kineticLaw metaid="CDMT00120">
<math xmlns="http://www.w3.org/1998/Math/MathML">
<apply>
<times/>
<ci> s14 </ci>
<ci> k1 </ci>
</apply>
</math>
<listOfParameters>
<parameter metaid="CDMT00121" id="k1" name="k1" value="0.01" units="substance"/>
</listOfParameters>
</kineticLaw>
</reaction>
<reaction metaid="re49" id="re49" reversible="false" fast="false">
<annotation/>
<listOfReactants>
<speciesReference metaid="CDMT00122" species="s33"/>
</listOfReactants>
<listOfProducts>
<speciesReference metaid="CDMT00123" species="s61"/>
</listOfProducts>
<kineticLaw metaid="CDMT00124">
<math xmlns="http://www.w3.org/1998/Math/MathML">
<apply>
<times/>
<ci> s33 </ci>
<ci> k1 </ci>
</apply>
</math>
<listOfParameters>
<parameter metaid="CDMT00125" id="k1" name="k1" value="0.01" units="substance"/>
</listOfParameters>
</kineticLaw>
</reaction>
<reaction metaid="re50" id="re50" reversible="false" fast="false">
<annotation/>
<listOfReactants>
<speciesReference metaid="CDMT00126" species="s34"/>
</listOfReactants>
<listOfProducts>
<speciesReference metaid="CDMT00127" species="s61"/>
</listOfProducts>
<kineticLaw metaid="CDMT00128">
<math xmlns="http://www.w3.org/1998/Math/MathML">
<apply>
<times/>
<ci> s34 </ci>
<ci> k1 </ci>
</apply>
</math>
<listOfParameters>
<parameter metaid="CDMT00129" id="k1" name="k1" value="0.01" units="substance"/>
</listOfParameters>
</kineticLaw>
</reaction>
<reaction metaid="re60" id="re60" reversible="false" fast="false">
<annotation/>
<listOfReactants>
<speciesReference metaid="CDMT00162" species="s5"/>
</listOfReactants>
<listOfProducts>
<speciesReference metaid="CDMT00163" species="s47"/>
</listOfProducts>
<kineticLaw metaid="CDMT00164">
<math xmlns="http://www.w3.org/1998/Math/MathML">
<apply>
<times/>
<ci> s5 </ci>
<ci> k1 </ci>
</apply>
</math>
<listOfParameters>
<parameter metaid="CDMT00165" id="k1" name="k1" value="0.01" units="substance"/>
</listOfParameters>
</kineticLaw>
</reaction>
<reaction metaid="re61" id="re61" reversible="false" fast="false">
<annotation/>
<listOfReactants>
<speciesReference metaid="CDMT00166" species="s5"/>
</listOfReactants>
<listOfProducts>
<speciesReference metaid="CDMT00167" species="s12"/>
</listOfProducts>
<kineticLaw metaid="CDMT00168">
<math xmlns="http://www.w3.org/1998/Math/MathML">
<apply>
<times/>
<ci> s5 </ci>
<ci> k1 </ci>
</apply>
</math>
<listOfParameters>
<parameter metaid="CDMT00169" id="k1" name="k1" value="0.01" units="substance"/>
</listOfParameters>
</kineticLaw>
</reaction>
<reaction metaid="re62" id="re62" reversible="false" fast="false">
<annotation/>
<listOfReactants>
<speciesReference metaid="CDMT00170" species="s5"/>
<speciesReference metaid="CDMT00171" species="s48"/>
</listOfReactants>
<listOfProducts>
<speciesReference metaid="CDMT00172" species="s49"/>
</listOfProducts>
<kineticLaw metaid="CDMT00173">
<math xmlns="http://www.w3.org/1998/Math/MathML">
<apply>
<times/>
<ci> s5 </ci>
<ci> s48 </ci>
<ci> k1 </ci>
</apply>
</math>
<listOfParameters>
<parameter metaid="CDMT00174" id="k1" name="k1" value="0.01" units="substance"/>
</listOfParameters>
</kineticLaw>
</reaction>
<reaction metaid="re63" id="re63" reversible="false" fast="false">
<annotation/>
<listOfReactants>
<speciesReference metaid="CDMT00175" species="s49"/>
</listOfReactants>
<listOfProducts>
<speciesReference metaid="CDMT00176" species="s50"/>
</listOfProducts>
<kineticLaw metaid="CDMT00177">
<math xmlns="http://www.w3.org/1998/Math/MathML">
<apply>
<times/>
<ci> s49 </ci>
<ci> k1 </ci>
</apply>
</math>
<listOfParameters>
<parameter metaid="CDMT00178" id="k1" name="k1" value="0.01" units="substance"/>
</listOfParameters>
</kineticLaw>
</reaction>
<reaction metaid="re65" id="re65" reversible="false" fast="false">
<annotation/>
<listOfReactants>
<speciesReference metaid="CDMT00179" species="s12"/>
</listOfReactants>
<listOfProducts>
<speciesReference metaid="CDMT00180" species="s52"/>
</listOfProducts>
<kineticLaw metaid="CDMT00181">
<math xmlns="http://www.w3.org/1998/Math/MathML">
<apply>
<times/>
<ci> s12 </ci>
<ci> k1 </ci>
</apply>
</math>
<listOfParameters>
<parameter metaid="CDMT00182" id="k1" name="k1" value="0.01" units="substance"/>
</listOfParameters>
</kineticLaw>
</reaction>
<reaction metaid="re67" id="re67" reversible="false" fast="false">
<annotation/>
<listOfReactants>
<speciesReference metaid="CDMT00183" species="s50"/>
</listOfReactants>
<listOfProducts>
<speciesReference metaid="CDMT00184" species="s51"/>
</listOfProducts>
<kineticLaw metaid="CDMT00185">
<math xmlns="http://www.w3.org/1998/Math/MathML">
<apply>
<times/>
<ci> s50 </ci>
<ci> k1 </ci>
</apply>
</math>
<listOfParameters>
<parameter metaid="CDMT00186" id="k1" name="k1" value="0.01" units="substance"/>
</listOfParameters>
</kineticLaw>
</reaction>
<reaction metaid="re68" id="re68" reversible="false" fast="false">
<annotation/>
<listOfReactants>
<speciesReference metaid="CDMT00187" species="s52"/>
</listOfReactants>
<listOfProducts>
<speciesReference metaid="CDMT00188" species="s10"/>
</listOfProducts>
<kineticLaw metaid="CDMT00189">
<math xmlns="http://www.w3.org/1998/Math/MathML">
<apply>
<times/>
<ci> s52 </ci>
<ci> k1 </ci>
</apply>
</math>
<listOfParameters>
<parameter metaid="CDMT00190" id="k1" name="k1" value="0.01" units="substance"/>
</listOfParameters>
</kineticLaw>
</reaction>
<reaction metaid="re70" id="re70" reversible="false" fast="false">
<annotation/>
<listOfReactants>
<speciesReference metaid="CDMT00191" species="s25"/>
</listOfReactants>
<listOfProducts>
<speciesReference metaid="CDMT00192" species="s47"/>
</listOfProducts>
<kineticLaw metaid="CDMT00193">
<math xmlns="http://www.w3.org/1998/Math/MathML">
<apply>
<times/>
<ci> s25 </ci>
<ci> k1 </ci>
</apply>
</math>
<listOfParameters>
<parameter metaid="CDMT00194" id="k1" name="k1" value="0.01" units="substance"/>
</listOfParameters>
</kineticLaw>
</reaction>
<reaction metaid="re71" id="re71" reversible="false" fast="false">
<annotation/>
<listOfReactants>
<speciesReference metaid="CDMT00195" species="s47"/>
</listOfReactants>
<listOfProducts>
<speciesReference metaid="CDMT00196" species="s12"/>
</listOfProducts>
<kineticLaw metaid="CDMT00197">
<math xmlns="http://www.w3.org/1998/Math/MathML">
<apply>
<times/>
<ci> s47 </ci>
<ci> k1 </ci>
</apply>
</math>
<listOfParameters>
<parameter metaid="CDMT00198" id="k1" name="k1" value="0.01" units="substance"/>
</listOfParameters>
</kineticLaw>
</reaction>
<reaction metaid="re72" id="re72" reversible="false" fast="false">
<annotation/>
<listOfReactants>
<speciesReference metaid="CDMT00199" species="s13"/>
</listOfReactants>
<listOfProducts>
<speciesReference metaid="CDMT00200" species="s53"/>
</listOfProducts>
<kineticLaw metaid="CDMT00201">
<math xmlns="http://www.w3.org/1998/Math/MathML">
<apply>
<times/>
<ci> s13 </ci>
<ci> k1 </ci>
</apply>
</math>
<listOfParameters>
<parameter metaid="CDMT00202" id="k1" name="k1" value="0.01" units="substance"/>
</listOfParameters>
</kineticLaw>
</reaction>
<reaction metaid="re73" id="re73" reversible="false" fast="false">
<annotation/>
<listOfReactants>
<speciesReference metaid="CDMT00203" species="s53"/>
</listOfReactants>
<listOfProducts>
<speciesReference metaid="CDMT00204" species="s6"/>
</listOfProducts>
<kineticLaw metaid="CDMT00205">
<math xmlns="http://www.w3.org/1998/Math/MathML">
<apply>
<times/>
<ci> s53 </ci>
<ci> k1 </ci>
</apply>
</math>
<listOfParameters>
<parameter metaid="CDMT00206" id="k1" name="k1" value="0.01" units="substance"/>
</listOfParameters>
</kineticLaw>
</reaction>
<reaction metaid="re74" id="re74" reversible="false" fast="false">
<annotation/>
<listOfReactants>
<speciesReference metaid="CDMT00207" species="s31"/>
</listOfReactants>
<listOfProducts>
<speciesReference metaid="CDMT00208" species="s6"/>
</listOfProducts>
<kineticLaw metaid="CDMT00209">
<math xmlns="http://www.w3.org/1998/Math/MathML">
<apply>
<times/>
<ci> s31 </ci>
<ci> k1 </ci>
</apply>
</math>
<listOfParameters>
<parameter metaid="CDMT00210" id="k1" name="k1" value="0.01" units="substance"/>
</listOfParameters>
</kineticLaw>
</reaction>
<reaction metaid="re75" id="re75" reversible="false" fast="false">
<annotation/>
<listOfReactants>
<speciesReference metaid="CDMT00211" species="s6"/>
</listOfReactants>
<listOfProducts>
<speciesReference metaid="CDMT00212" species="s31"/>
</listOfProducts>
<kineticLaw metaid="CDMT00213">
<math xmlns="http://www.w3.org/1998/Math/MathML">
<apply>
<times/>
<ci> s6 </ci>
<ci> k1 </ci>
</apply>
</math>
<listOfParameters>
<parameter metaid="CDMT00214" id="k1" name="k1" value="0.01" units="substance"/>
</listOfParameters>
</kineticLaw>
</reaction>
<reaction metaid="re76" id="re76" reversible="false" fast="false">
<annotation/>
<listOfReactants>
<speciesReference metaid="CDMT00215" species="s32"/>
</listOfReactants>
<listOfProducts>
<speciesReference metaid="CDMT00216" species="s54"/>
</listOfProducts>
<kineticLaw metaid="CDMT00217">
<math xmlns="http://www.w3.org/1998/Math/MathML">
<apply>
<times/>
<ci> s32 </ci>
<ci> k1 </ci>
</apply>
</math>
<listOfParameters>
<parameter metaid="CDMT00218" id="k1" name="k1" value="0.01" units="substance"/>
</listOfParameters>
</kineticLaw>
</reaction>
<reaction metaid="re77" id="re77" reversible="false" fast="false">
<annotation/>
<listOfReactants>
<speciesReference metaid="CDMT00219" species="s6"/>
</listOfReactants>
<listOfProducts>
<speciesReference metaid="CDMT00220" species="s55"/>
</listOfProducts>
<kineticLaw metaid="CDMT00221">
<math xmlns="http://www.w3.org/1998/Math/MathML">
<apply>
<times/>
<ci> s6 </ci>
<ci> k1 </ci>
</apply>
</math>
<listOfParameters>
<parameter metaid="CDMT00222" id="k1" name="k1" value="0.01" units="substance"/>
</listOfParameters>
</kineticLaw>
</reaction>
<reaction metaid="re78" id="re78" reversible="false" fast="false">
<annotation/>
<listOfReactants>
<speciesReference metaid="CDMT00223" species="s11"/>
</listOfReactants>
<listOfProducts>
<speciesReference metaid="CDMT00224" species="s47"/>
</listOfProducts>
<kineticLaw metaid="CDMT00225">
<math xmlns="http://www.w3.org/1998/Math/MathML">
<apply>
<times/>
<ci> s11 </ci>
<ci> k1 </ci>
</apply>
</math>
<listOfParameters>
<parameter metaid="CDMT00226" id="k1" name="k1" value="0.01" units="substance"/>
</listOfParameters>
</kineticLaw>
</reaction>
<reaction metaid="re79" id="re79" reversible="false" fast="false">
<annotation/>
<listOfReactants>
<speciesReference metaid="CDMT00227" species="s12"/>
</listOfReactants>
<listOfProducts>
<speciesReference metaid="CDMT00228" species="s56"/>
</listOfProducts>
<kineticLaw metaid="CDMT00229">
<math xmlns="http://www.w3.org/1998/Math/MathML">
<apply>
<times/>
<ci> s12 </ci>
<ci> k1 </ci>
</apply>
</math>
<listOfParameters>
<parameter metaid="CDMT00230" id="k1" name="k1" value="0.01" units="substance"/>
</listOfParameters>
</kineticLaw>
</reaction>
<reaction metaid="re80" id="re80" reversible="false" fast="false">
<annotation/>
<listOfReactants>
<speciesReference metaid="CDMT00231" species="s56"/>
</listOfReactants>
<listOfProducts>
<speciesReference metaid="CDMT00232" species="s10"/>
</listOfProducts>
<kineticLaw metaid="CDMT00233">
<math xmlns="http://www.w3.org/1998/Math/MathML">
<apply>
<times/>
<ci> s56 </ci>
<ci> k1 </ci>
</apply>
</math>
<listOfParameters>
<parameter metaid="CDMT00234" id="k1" name="k1" value="0.01" units="substance"/>
</listOfParameters>
</kineticLaw>
</reaction>
<reaction metaid="re81" id="re81" reversible="false" fast="false">
<annotation/>
<listOfReactants>
<speciesReference metaid="CDMT00235" species="s11"/>
</listOfReactants>
<listOfProducts>
<speciesReference metaid="CDMT00236" species="s5"/>
</listOfProducts>
<kineticLaw metaid="CDMT00237">
<math xmlns="http://www.w3.org/1998/Math/MathML">
<apply>
<times/>
<ci> s11 </ci>
<ci> k1 </ci>
</apply>
</math>
<listOfParameters>
<parameter metaid="CDMT00238" id="k1" name="k1" value="0.01" units="substance"/>
</listOfParameters>
</kineticLaw>
</reaction>
<reaction metaid="re82" id="re82" reversible="false" fast="false">
<annotation/>
<listOfReactants>
<speciesReference metaid="CDMT00239" species="s14"/>
</listOfReactants>
<listOfProducts>
<speciesReference metaid="CDMT00240" species="s47"/>
</listOfProducts>
<kineticLaw metaid="CDMT00241">
<math xmlns="http://www.w3.org/1998/Math/MathML">
<apply>
<times/>
<ci> s14 </ci>
<ci> k1 </ci>
</apply>
</math>
<listOfParameters>
<parameter metaid="CDMT00242" id="k1" name="k1" value="0.01" units="substance"/>
</listOfParameters>
</kineticLaw>
</reaction>
<reaction metaid="re83" id="re83" reversible="false" fast="false">
<annotation/>
<listOfReactants>
<speciesReference metaid="CDMT00243" species="s47"/>
</listOfReactants>
<listOfProducts>
<speciesReference metaid="CDMT00244" species="s25"/>
</listOfProducts>
<kineticLaw metaid="CDMT00245">
<math xmlns="http://www.w3.org/1998/Math/MathML">
<apply>
<times/>
<ci> s47 </ci>
<ci> k1 </ci>
</apply>
</math>
<listOfParameters>
<parameter metaid="CDMT00246" id="k1" name="k1" value="0.01" units="substance"/>
</listOfParameters>
</kineticLaw>
</reaction>
<reaction metaid="re84" id="re84" reversible="false" fast="false">
<annotation/>
<listOfReactants>
<speciesReference metaid="CDMT00247" species="s47"/>
</listOfReactants>
<listOfProducts>
<speciesReference metaid="CDMT00248" species="s26"/>
</listOfProducts>
<kineticLaw metaid="CDMT00249">
<math xmlns="http://www.w3.org/1998/Math/MathML">
<apply>
<times/>
<ci> s47 </ci>
<ci> k1 </ci>
</apply>
</math>
<listOfParameters>
<parameter metaid="CDMT00250" id="k1" name="k1" value="0.01" units="substance"/>
</listOfParameters>
</kineticLaw>
</reaction>
<reaction metaid="re85" id="re85" reversible="false" fast="false">
<annotation/>
<listOfReactants>
<speciesReference metaid="CDMT00251" species="s53"/>
</listOfReactants>
<listOfProducts>
<speciesReference metaid="CDMT00252" species="s5"/>
</listOfProducts>
<kineticLaw metaid="CDMT00253">
<math xmlns="http://www.w3.org/1998/Math/MathML">
<apply>
<times/>
<ci> s53 </ci>
<ci> k1 </ci>
</apply>
</math>
<listOfParameters>
<parameter metaid="CDMT00254" id="k1" name="k1" value="0.01" units="substance"/>
</listOfParameters>
</kineticLaw>
</reaction>
<reaction metaid="re86" id="re86" reversible="false" fast="false">
<annotation/>
<listOfReactants>
<speciesReference metaid="CDMT00255" species="s6"/>
</listOfReactants>
<listOfProducts>
<speciesReference metaid="CDMT00256" species="s64"/>
</listOfProducts>
<kineticLaw metaid="CDMT00257">
<math xmlns="http://www.w3.org/1998/Math/MathML">
<apply>
<times/>
<ci> s6 </ci>
<ci> k1 </ci>
</apply>
</math>
<listOfParameters>
<parameter metaid="CDMT00258" id="k1" name="k1" value="0.01" units="substance"/>
</listOfParameters>
</kineticLaw>
</reaction>
<reaction metaid="re87" id="re87" reversible="false" fast="false">
<annotation/>
<listOfReactants>
<speciesReference metaid="CDMT00259" species="s14"/>
</listOfReactants>
<listOfProducts>
<speciesReference metaid="CDMT00260" species="s61"/>
</listOfProducts>
<kineticLaw metaid="CDMT00261">
<math xmlns="http://www.w3.org/1998/Math/MathML">
<apply>
<times/>
<ci> s14 </ci>
<ci> k1 </ci>
</apply>
</math>
<listOfParameters>
<parameter metaid="CDMT00262" id="k1" name="k1" value="0.01" units="substance"/>
</listOfParameters>
</kineticLaw>
</reaction>
<reaction metaid="re88" id="re88" reversible="false" fast="false">
<annotation/>
<listOfReactants>
<speciesReference metaid="CDMT00263" species="s61"/>
</listOfReactants>
<listOfProducts>
<speciesReference metaid="CDMT00264" species="s65"/>
</listOfProducts>
<kineticLaw metaid="CDMT00265">
<math xmlns="http://www.w3.org/1998/Math/MathML">
<apply>
<times/>
<ci> s61 </ci>
<ci> k1 </ci>
</apply>
</math>
<listOfParameters>
<parameter metaid="CDMT00266" id="k1" name="k1" value="0.01" units="substance"/>
</listOfParameters>
</kineticLaw>
</reaction>
<reaction metaid="re89" id="re89" reversible="false" fast="false">
<annotation/>
<listOfReactants>
<speciesReference metaid="CDMT00267" species="s65"/>
</listOfReactants>
<listOfProducts>
<speciesReference metaid="CDMT00268" species="s50"/>
</listOfProducts>
<kineticLaw metaid="CDMT00269">
<math xmlns="http://www.w3.org/1998/Math/MathML">
<apply>
<times/>
<ci> s65 </ci>
<ci> k1 </ci>
</apply>
</math>
<listOfParameters>
<parameter metaid="CDMT00270" id="k1" name="k1" value="0.01" units="substance"/>
</listOfParameters>
</kineticLaw>
</reaction>
<reaction metaid="re90" id="re90" reversible="false" fast="false">
<annotation/>
<listOfReactants>
<speciesReference metaid="CDMT00271" species="s66"/>
</listOfReactants>
<listOfProducts>
<speciesReference metaid="CDMT00272" species="s32"/>
</listOfProducts>
<kineticLaw metaid="CDMT00273">
<math xmlns="http://www.w3.org/1998/Math/MathML">
<apply>
<times/>
<ci> s66 </ci>
<ci> k1 </ci>
</apply>
</math>
<listOfParameters>
<parameter metaid="CDMT00274" id="k1" name="k1" value="0.01" units="substance"/>
</listOfParameters>
</kineticLaw>
</reaction>
<reaction metaid="re145" id="re145" reversible="false">
<annotation/>
<listOfReactants>
<speciesReference metaid="CDMT00104" species="s25"/>
</listOfReactants>
<listOfProducts>
<speciesReference metaid="CDMT00130" species="s61"/>
</listOfProducts>
</reaction>
<reaction metaid="re146" id="re146" reversible="false">
<annotation/>
<listOfReactants>
<speciesReference metaid="CDMT00131" species="s54"/>
</listOfReactants>
<listOfProducts>
<speciesReference metaid="CDMT00132" species="s10"/>
</listOfProducts>
</reaction>
<reaction metaid="re147" id="re147" reversible="false">
<annotation/>
<listOfReactants>
<speciesReference metaid="CDMT00133" species="s55"/>
</listOfReactants>
<listOfProducts>
<speciesReference metaid="CDMT00134" species="s10"/>
</listOfProducts>
</reaction>
<reaction metaid="re148" id="re148" reversible="false">
<annotation/>
<listOfReactants>
<speciesReference metaid="CDMT00135" species="s76"/>
</listOfReactants>
<listOfProducts>
<speciesReference metaid="CDMT00136" species="s25"/>
</listOfProducts>
</reaction>
<reaction metaid="re150" id="re150" reversible="false">
<annotation/>
<listOfReactants>
<speciesReference metaid="CDMT00137" species="s76"/>
</listOfReactants>
<listOfProducts>
<speciesReference metaid="CDMT00138" species="s64"/>
</listOfProducts>
</reaction>
<reaction metaid="re151" id="re151" reversible="false">
<annotation/>
<listOfReactants>
<speciesReference metaid="CDMT00139" species="s64"/>
</listOfReactants>
<listOfProducts>
<speciesReference metaid="CDMT00140" species="s77"/>
</listOfProducts>
</reaction>
<reaction metaid="re152" id="re152" reversible="false">
<annotation/>
<listOfReactants>
<speciesReference metaid="CDMT00141" species="s77"/>
</listOfReactants>
<listOfProducts>
<speciesReference metaid="CDMT00142" species="s16"/>
</listOfProducts>
</reaction>
<reaction metaid="re153" id="re153" reversible="false">
<annotation/>
<listOfReactants>
<speciesReference metaid="CDMT00143" species="s76"/>
</listOfReactants>
<listOfProducts>
<speciesReference metaid="CDMT00144" species="s77"/>
</listOfProducts>
</reaction>
</listOfReactions>
</model>
</sbml>
