[
  {
    "bridge_balance_mohm": 13.7362642288208,
    "id": 396377315,
    "leak_pa": 0.0,
    "num_spikes": 2,
    "peak_deflection": 0.0,
    "post_noise_rms_mv": 0.03684151917696,
    "post_vm_mv": -78.1477508544922,
    "pre_noise_rms_mv": 0.0328449159860611,
    "pre_vm_mv": -78.0218200683594,
    "slow_noise_rms_mv": 0.0829671174287796,
    "slow_vm_mv": -78.0218200683594,
    "specimen_id": 324466858,
    "stimulus_absolute_amplitude": 690.000001579705,
    "stimulus_description": "C2SSTRIPLE141203[3]",
    "stimulus_duration": 0.040995,
    "stimulus_interval": 0.016,
    "stimulus_name": "Short Square - Triple",
    "stimulus_relative_amplitude": 6.9,
    "stimulus_start_time": 1.92,
    "stimulus_units": "pA",
    "sweep_number": 79,
    "vm_delta_mv": 0.125930786132812
  },
  {
    "bridge_balance_mohm": 16.3614158630371,
    "id": 396377209,
    "leak_pa": 0.0,
    "num_spikes": 0,
    "peak_deflection": 0.0,
    "post_noise_rms_mv": 0.0367712676525116,
    "post_vm_mv": -78.4887161254883,
    "pre_noise_rms_mv": 0.0391136482357979,
    "pre_vm_mv": -78.3105239868164,
    "slow_noise_rms_mv": 0.129504829645157,
    "slow_vm_mv": -78.3105239868164,
    "specimen_id": 324466858,
    "stimulus_absolute_amplitude": 690.000001579705,
    "stimulus_description": "C1SSFINEST150112[0]",
    "stimulus_duration": 0.002995,
    "stimulus_interval": 0.0,
    "stimulus_name": "Short Square",
    "stimulus_relative_amplitude": 6.9,
    "stimulus_start_time": 0.92,
    "stimulus_units": "pA",
    "sweep_number": 30,
    "vm_delta_mv": 0.178192138671875
  },
  {
    "bridge_balance_mohm": 0.0,
    "id": 396377161,
    "leak_pa": 0.0,
    "num_spikes": 0,
    "peak_deflection": 0.0,
    "post_noise_rms_mv": 0.0,
    "post_vm_mv": 0.0,
    "pre_noise_rms_mv": 0.0,
    "pre_vm_mv": 0.0,
    "slow_noise_rms_mv": 0.0,
    "slow_vm_mv": 0.0,
    "specimen_id": 324466858,
    "stimulus_absolute_amplitude": 9.99999977648258,
    "stimulus_description": "EXTPEXPEND141203[0]",
    "stimulus_duration": 0.069995,
    "stimulus_interval": 0.05,
    "stimulus_name": "Test",
    "stimulus_relative_amplitude": 1.0,
    "stimulus_start_time": 0.03,
    "stimulus_units": "mV",
    "sweep_number": 100,
    "vm_delta_mv": 0.0
  },
  {
    "bridge_balance_mohm": 13.7362642288208,
    "id": 396377343,
    "leak_pa": 0.0,
    "num_spikes": 2,
    "peak_deflection": 0.0,
    "post_noise_rms_mv": 0.0402901321649551,
    "post_vm_mv": -77.7419281005859,
    "pre_noise_rms_mv": 0.0396735817193985,
    "pre_vm_mv": -77.7411880493164,
    "slow_noise_rms_mv": 0.187130689620972,
    "slow_vm_mv": -77.7411880493164,
    "specimen_id": 324466858,
    "stimulus_absolute_amplitude": 690.000001579705,
    "stimulus_description": "C2SSTRIPLE141203[7]",
    "stimulus_duration": 0.072995,
    "stimulus_interval": 0.032,
    "stimulus_name": "Short Square - Triple",
    "stimulus_relative_amplitude": 6.9,
    "stimulus_start_time": 1.92,
    "stimulus_units": "pA",
    "sweep_number": 91,
    "vm_delta_mv": 0.00074005126953125
  },
  {
    "bridge_balance_mohm": 0.0,
    "id": 396377157,
    "leak_pa": 0.0,
    "num_spikes": 0,
    "peak_deflection": 0.0,
    "post_noise_rms_mv": 0.0,
    "post_vm_mv": 0.0,
    "pre_noise_rms_mv": 0.0,
    "pre_vm_mv": 0.0,
    "slow_noise_rms_mv": 0.0,
    "slow_vm_mv": 0.0,
    "specimen_id": 324466858,
    "stimulus_absolute_amplitude": 9.99999977648258,
    "stimulus_description": "EXTPINBATH141203[0]",
    "stimulus_duration": 0.069995,
    "stimulus_interval": 0.05,
    "stimulus_name": "Test",
    "stimulus_relative_amplitude": 1.0,
    "stimulus_start_time": 0.03,
    "stimulus_units": "mV",
    "sweep_number": 1,
    "vm_delta_mv": 0.0
  },
  {
    "bridge_balance_mohm": 16.3614158630371,
    "id": 396377235,
    "leak_pa": 0.0,
    "num_spikes": 0,
    "peak_deflection": -53.3125038146973,
    "post_noise_rms_mv": 0.040189903229475,
    "post_vm_mv": -77.381103515625,
    "pre_noise_rms_mv": 0.0474610142409801,
    "pre_vm_mv": -77.7026596069336,
    "slow_noise_rms_mv": 0.173938423395157,
    "slow_vm_mv": -77.7026596069336,
    "specimen_id": 324466858,
    "stimulus_absolute_amplitude": 110.000002162547,
    "stimulus_description": "C1LSCOARSE150112[11]",
    "stimulus_duration": 0.999995,
    "stimulus_interval": 0.0,
    "stimulus_name": "Long Square",
    "stimulus_relative_amplitude": 1.0,
    "stimulus_start_time": 0.92,
    "stimulus_units": "pA",
    "sweep_number": 42,
    "vm_delta_mv": 0.321556091308594
  },
  {
    "bridge_balance_mohm": 0.0,
    "id": 396377163,
    "leak_pa": 0.0,
    "num_spikes": 0,
    "peak_deflection": 0.0,
    "post_noise_rms_mv": 0.0,
    "post_vm_mv": 0.0,
    "pre_noise_rms_mv": 0.0,
    "pre_vm_mv": 0.0,
    "slow_noise_rms_mv": 0.0,
    "slow_vm_mv": 0.0,
    "specimen_id": 324466858,
    "stimulus_absolute_amplitude": 9.99999977648258,
    "stimulus_description": "EXTPGGAEND141203[0]",
    "stimulus_duration": 0.069995,
    "stimulus_interval": 0.05,
    "stimulus_name": "Test",
    "stimulus_relative_amplitude": 1.0,
    "stimulus_start_time": 0.03,
    "stimulus_units": "mV",
    "sweep_number": 101,
    "vm_delta_mv": 0.0
  },
  {
    "bridge_balance_mohm": 16.3614158630371,
    "id": 396377159,
    "leak_pa": 0.0,
    "num_spikes": 0,
    "peak_deflection": 0.0,
    "post_noise_rms_mv": 0.0413705855607986,
    "post_vm_mv": -77.7927780151367,
    "pre_noise_rms_mv": 0.0455073826014996,
    "pre_vm_mv": -77.6798324584961,
    "slow_noise_rms_mv": 0.108965009450912,
    "slow_vm_mv": -77.6798324584961,
    "specimen_id": 324466858,
    "stimulus_absolute_amplitude": 400.000005340573,
    "stimulus_description": "C1SSCOARSE150112[3]",
    "stimulus_duration": 0.002995,
    "stimulus_interval": 0.0,
    "stimulus_name": "Short Square",
    "stimulus_relative_amplitude": 1.0,
    "stimulus_start_time": 0.92,
    "stimulus_units": "pA",
    "sweep_number": 10,
    "vm_delta_mv": 0.112945556640625
  },
  {
    "bridge_balance_mohm": 13.7362642288208,
    "id": 396377259,
    "leak_pa": 0.0,
    "num_spikes": 43,
    "peak_deflection": 0.0,
    "post_noise_rms_mv": 0.0393535606563091,
    "post_vm_mv": -77.6052017211914,
    "pre_noise_rms_mv": 0.0428066700696945,
    "pre_vm_mv": -77.9802017211914,
    "slow_noise_rms_mv": 0.18697564303875,
    "slow_vm_mv": -77.9802017211914,
    "specimen_id": 324466858,
    "stimulus_absolute_amplitude": 301.375008282534,
    "stimulus_description": "C1NSSEED_1150112[0]",
    "stimulus_duration": 18.999995,
    "stimulus_interval": 5.0,
    "stimulus_name": "Noise 1",
    "stimulus_relative_amplitude": 1.3,
    "stimulus_start_time": 1.92,
    "stimulus_units": "pA",
    "sweep_number": 53,
    "vm_delta_mv": 0.375
  },
  {
    "bridge_balance_mohm": 13.7362642288208,
    "id": 396377299,
    "leak_pa": 0.0,
    "num_spikes": 9,
    "peak_deflection": 0.0,
    "post_noise_rms_mv": 0.0422221161425114,
    "post_vm_mv": -77.818115234375,
    "pre_noise_rms_mv": 0.0354263260960579,
    "pre_vm_mv": -77.9914627075195,
    "slow_noise_rms_mv": 0.0778856426477432,
    "slow_vm_mv": -77.9914627075195,
    "specimen_id": 324466858,
    "stimulus_absolute_amplitude": 239.999992102113,
    "stimulus_description": "C2SQRHELNG150112[0]",
    "stimulus_duration": 1.999995,
    "stimulus_interval": 0.0,
    "stimulus_name": "Square - 2s Suprathreshold",
    "stimulus_relative_amplitude": 2.4,
    "stimulus_start_time": 0.92,
    "stimulus_units": "pA",
    "sweep_number": 71,
    "vm_delta_mv": 0.173347473144531
  },
  {
    "bridge_balance_mohm": 13.7362642288208,
    "id": 396377275,
    "leak_pa": 0.0,
    "num_spikes": 0,
    "peak_deflection": 0.0,
    "post_noise_rms_mv": 0.0403131395578384,
    "post_vm_mv": -77.8889617919922,
    "pre_noise_rms_mv": 0.0384805016219616,
    "pre_vm_mv": -77.6242065429688,
    "slow_noise_rms_mv": 0.196854367852211,
    "slow_vm_mv": -77.6242065429688,
    "specimen_id": 324466858,
    "stimulus_absolute_amplitude": -200.000002670286,
    "stimulus_description": "C1SQCAPCHK141203[0]",
    "stimulus_duration": 7.819995,
    "stimulus_interval": 0.2,
    "stimulus_name": "Square - 0.5ms Subthreshold",
    "stimulus_relative_amplitude": 1.0,
    "stimulus_start_time": 0.12,
    "stimulus_units": "pA",
    "sweep_number": 60,
    "vm_delta_mv": 0.264755249023438
  },
  {
    "bridge_balance_mohm": 13.7362642288208,
    "id": 396377321,
    "leak_pa": 0.0,
    "num_spikes": 3,
    "peak_deflection": 0.0,
    "post_noise_rms_mv": 0.039544977247715,
    "post_vm_mv": -77.7781829833984,
    "pre_noise_rms_mv": 0.0383015424013138,
    "pre_vm_mv": -77.8693084716797,
    "slow_noise_rms_mv": 0.107795782387257,
    "slow_vm_mv": -77.8693084716797,
    "specimen_id": 324466858,
    "stimulus_absolute_amplitude": 690.000001579705,
    "stimulus_description": "C2SSTRIPLE141203[5]",
    "stimulus_duration": 0.056995,
    "stimulus_interval": 0.024,
    "stimulus_name": "Short Square - Triple",
    "stimulus_relative_amplitude": 6.9,
    "stimulus_start_time": 1.92,
    "stimulus_units": "pA",
    "sweep_number": 81,
    "vm_delta_mv": 0.09112548828125
  },
  {
    "bridge_balance_mohm": 13.7362642288208,
    "id": 396377313,
    "leak_pa": 0.0,
    "num_spikes": 2,
    "peak_deflection": 0.0,
    "post_noise_rms_mv": 0.0372402556240559,
    "post_vm_mv": -77.8021240234375,
    "pre_noise_rms_mv": 0.0418542437255383,
    "pre_vm_mv": -77.7550582885742,
    "slow_noise_rms_mv": 0.105851717293262,
    "slow_vm_mv": -77.7550582885742,
    "specimen_id": 324466858,
    "stimulus_absolute_amplitude": 690.000001579705,
    "stimulus_description": "C2SSTRIPLE141203[2]",
    "stimulus_duration": 0.032995,
    "stimulus_interval": 0.012,
    "stimulus_name": "Short Square - Triple",
    "stimulus_relative_amplitude": 6.9,
    "stimulus_start_time": 1.92,
    "stimulus_units": "pA",
    "sweep_number": 78,
    "vm_delta_mv": 0.0470657348632812
  },
  {
    "bridge_balance_mohm": 13.7362642288208,
    "id": 396377261,
    "leak_pa": 0.0,
    "num_spikes": 47,
    "peak_deflection": 0.0,
    "post_noise_rms_mv": 0.0384423546493053,
    "post_vm_mv": -77.5960922241211,
    "pre_noise_rms_mv": 0.0351247861981392,
    "pre_vm_mv": -78.051155090332,
    "slow_noise_rms_mv": 0.105002179741859,
    "slow_vm_mv": -78.051155090332,
    "specimen_id": 324466858,
    "stimulus_absolute_amplitude": 306.499992053233,
    "stimulus_description": "C1NSSEED_2150112[0]",
    "stimulus_duration": 18.999995,
    "stimulus_interval": 5.0,
    "stimulus_name": "Noise 2",
    "stimulus_relative_amplitude": 1.3,
    "stimulus_start_time": 1.92,
    "stimulus_units": "pA",
    "sweep_number": 54,
    "vm_delta_mv": 0.455062866210938
  },
  {
    "bridge_balance_mohm": 16.3614158630371,
    "id": 396377183,
    "leak_pa": 0.0,
    "num_spikes": 0,
    "peak_deflection": 0.0,
    "post_noise_rms_mv": 0.0426508374512196,
    "post_vm_mv": -77.6183700561523,
    "pre_noise_rms_mv": 0.0382798984646797,
    "pre_vm_mv": -77.6571273803711,
    "slow_noise_rms_mv": 0.0867889225482941,
    "slow_vm_mv": -77.6571273803711,
    "specimen_id": 324466858,
    "stimulus_absolute_amplitude": 659.999999097494,
    "stimulus_description": "C1SSFINEST150112[0]",
    "stimulus_duration": 0.002995,
    "stimulus_interval": 0.0,
    "stimulus_name": "Short Square",
    "stimulus_relative_amplitude": 6.6,
    "stimulus_start_time": 0.92,
    "stimulus_units": "pA",
    "sweep_number": 19,
    "vm_delta_mv": 0.03875732421875
  },
  {
    "bridge_balance_mohm": 16.3614158630371,
    "id": 396377221,
    "leak_pa": 0.0,
    "num_spikes": 0,
    "peak_deflection": -80.34375,
    "post_noise_rms_mv": 0.0338208712637424,
    "post_vm_mv": -77.8722686767578,
    "pre_noise_rms_mv": 0.0385173968970776,
    "pre_vm_mv": -77.6653518676758,
    "slow_noise_rms_mv": 0.152235686779022,
    "slow_vm_mv": -77.6653518676758,
    "specimen_id": 324466858,
    "stimulus_absolute_amplitude": -9.99999996004197,
    "stimulus_description": "C1LSCOARSE150112[5]",
    "stimulus_duration": 0.999995,
    "stimulus_interval": 0.0,
    "stimulus_name": "Long Square",
    "stimulus_relative_amplitude": 1.0,
    "stimulus_start_time": 0.92,
    "stimulus_units": "pA",
    "sweep_number": 36,
    "vm_delta_mv": 0.206916809082031
  },
  {
    "bridge_balance_mohm": 16.3614158630371,
    "id": 396377187,
    "leak_pa": 0.0,
    "num_spikes": 0,
    "peak_deflection": 0.0,
    "post_noise_rms_mv": 0.0566224083304405,
    "post_vm_mv": -77.0665588378906,
    "pre_noise_rms_mv": 0.0418071784079075,
    "pre_vm_mv": -77.2364883422852,
    "slow_noise_rms_mv": 0.123816207051277,
    "slow_vm_mv": -77.2364883422852,
    "specimen_id": 324466858,
    "stimulus_absolute_amplitude": 669.999999924897,
    "stimulus_description": "C1SSFINEST150112[0]",
    "stimulus_duration": 0.002995,
    "stimulus_interval": 0.0,
    "stimulus_name": "Short Square",
    "stimulus_relative_amplitude": 6.7,
    "stimulus_start_time": 0.92,
    "stimulus_units": "pA",
    "sweep_number": 20,
    "vm_delta_mv": 0.169929504394531
  },
  {
    "bridge_balance_mohm": 13.7362642288208,
    "id": 396377359,
    "leak_pa": 0.0,
    "num_spikes": 3,
    "peak_deflection": 0.0,
    "post_noise_rms_mv": 0.0336968824267387,
    "post_vm_mv": -77.5697479248047,
    "pre_noise_rms_mv": 0.0359541662037373,
    "pre_vm_mv": -77.6226425170898,
    "slow_noise_rms_mv": 0.0921900942921638,
    "slow_vm_mv": -77.6226425170898,
    "specimen_id": 324466858,
    "stimulus_absolute_amplitude": 690.000001579705,
    "stimulus_description": "C2SSTRIPLE141203[7]",
    "stimulus_duration": 0.072995,
    "stimulus_interval": 0.032,
    "stimulus_name": "Short Square - Triple",
    "stimulus_relative_amplitude": 6.9,
    "stimulus_start_time": 1.92,
    "stimulus_units": "pA",
    "sweep_number": 99,
    "vm_delta_mv": 0.0528945922851562
  },
  {
    "bridge_balance_mohm": 13.7362642288208,
    "id": 396377291,
    "leak_pa": 0.0,
    "num_spikes": 2,
    "peak_deflection": 0.0,
    "post_noise_rms_mv": 0.0352759137749672,
    "post_vm_mv": -77.8078384399414,
    "pre_noise_rms_mv": 0.0397504530847073,
    "pre_vm_mv": -77.9186477661133,
    "slow_noise_rms_mv": 0.0785873830318451,
    "slow_vm_mv": -77.9186477661133,
    "specimen_id": 324466858,
    "stimulus_absolute_amplitude": 200.000002670286,
    "stimulus_description": "C2SQRHELNG150112[0]",
    "stimulus_duration": 1.999995,
    "stimulus_interval": 0.0,
    "stimulus_name": "Square - 2s Suprathreshold",
    "stimulus_relative_amplitude": 2.0,
    "stimulus_start_time": 0.92,
    "stimulus_units": "pA",
    "sweep_number": 68,
    "vm_delta_mv": 0.110809326171875
  },
  {
    "bridge_balance_mohm": 13.7362642288208,
    "id": 396377353,
    "leak_pa": 0.0,
    "num_spikes": 2,
    "peak_deflection": 0.0,
    "post_noise_rms_mv": 0.0427413657307625,
    "post_vm_mv": -77.7065734863281,
    "pre_noise_rms_mv": 0.0483114309608936,
    "pre_vm_mv": -77.7351837158203,
    "slow_noise_rms_mv": 0.10335798561573,
    "slow_vm_mv": -77.7351837158203,
    "specimen_id": 324466858,
    "stimulus_absolute_amplitude": 690.000001579705,
    "stimulus_description": "C2SSTRIPLE141203[4]",
    "stimulus_duration": 0.048995,
    "stimulus_interval": 0.02,
    "stimulus_name": "Short Square - Triple",
    "stimulus_relative_amplitude": 6.9,
    "stimulus_start_time": 1.92,
    "stimulus_units": "pA",
    "sweep_number": 96,
    "vm_delta_mv": 0.0286102294921875
  },
  {
    "bridge_balance_mohm": 16.3614158630371,
    "id": 396377223,
    "leak_pa": 0.0,
    "num_spikes": 0,
    "peak_deflection": -74.4375,
    "post_noise_rms_mv": 0.0397071614861488,
    "post_vm_mv": -77.5747909545898,
    "pre_noise_rms_mv": 0.0385914444923401,
    "pre_vm_mv": -77.2656631469727,
    "slow_noise_rms_mv": 0.132698550820351,
    "slow_vm_mv": -77.2656631469727,
    "specimen_id": 324466858,
    "stimulus_absolute_amplitude": 9.99999996004197,
    "stimulus_description": "C1LSCOARSE150112[6]",
    "stimulus_duration": 0.999995,
    "stimulus_interval": 0.0,
    "stimulus_name": "Long Square",
    "stimulus_relative_amplitude": 1.0,
    "stimulus_start_time": 0.92,
    "stimulus_units": "pA",
    "sweep_number": 37,
    "vm_delta_mv": 0.309127807617188
  },
  {
    "bridge_balance_mohm": 0.0,
    "id": 396377165,
    "leak_pa": 0.0,
    "num_spikes": 0,
    "peak_deflection": 0.0,
    "post_noise_rms_mv": 0.0524015016853809,
    "post_vm_mv": 1.92002880573273,
    "pre_noise_rms_mv": 0.0376074649393559,
    "pre_vm_mv": 1.77356314659119,
    "slow_noise_rms_mv": 0.111222751438618,
    "slow_vm_mv": 1.77356314659119,
    "specimen_id": 324466858,
    "stimulus_absolute_amplitude": 0.0,
    "stimulus_description": "EXTPBLWOUT141203[0]",
    "stimulus_duration": 0.0,
    "stimulus_interval": 0.0,
    "stimulus_name": "Test",
    "stimulus_relative_amplitude": 1.0,
    "stimulus_start_time": 0.0,
    "stimulus_units": "pA",
    "sweep_number": 102,
    "vm_delta_mv": 0.146465659141541
  },
  {
    "bridge_balance_mohm": 16.3614158630371,
    "id": 396377179,
    "leak_pa": 0.0,
    "num_spikes": 1,
    "peak_deflection": 0.0,
    "post_noise_rms_mv": 0.0341450572013855,
    "post_vm_mv": -77.7130966186523,
    "pre_noise_rms_mv": 0.0431261584162712,
    "pre_vm_mv": -77.6820526123047,
    "slow_noise_rms_mv": 0.134234979748726,
    "slow_vm_mv": -77.6820526123047,
    "specimen_id": 324466858,
    "stimulus_absolute_amplitude": 680.000000752301,
    "stimulus_description": "C1SSFINEST150112[0]",
    "stimulus_duration": 0.002995,
    "stimulus_interval": 0.0,
    "stimulus_name": "Short Square",
    "stimulus_relative_amplitude": 6.8,
    "stimulus_start_time": 0.92,
    "stimulus_units": "pA",
    "sweep_number": 17,
    "vm_delta_mv": 0.0310440063476562
  },
  {
    "bridge_balance_mohm": 13.7362642288208,
    "id": 396377335,
    "leak_pa": 0.0,
    "num_spikes": 2,
    "peak_deflection": 0.0,
    "post_noise_rms_mv": 0.0422745943069458,
    "post_vm_mv": -78.0216598510742,
    "pre_noise_rms_mv": 0.0406881608068943,
    "pre_vm_mv": -78.194221496582,
    "slow_noise_rms_mv": 0.0932043790817261,
    "slow_vm_mv": -78.194221496582,
    "specimen_id": 324466858,
    "stimulus_absolute_amplitude": 690.000001579705,
    "stimulus_description": "C2SSTRIPLE141203[4]",
    "stimulus_duration": 0.048995,
    "stimulus_interval": 0.02,
    "stimulus_name": "Short Square - Triple",
    "stimulus_relative_amplitude": 6.9,
    "stimulus_start_time": 1.92,
    "stimulus_units": "pA",
    "sweep_number": 88,
    "vm_delta_mv": 0.172561645507812
  },
  {
    "bridge_balance_mohm": 16.3614158630371,
    "id": 396377229,
    "leak_pa": 0.0,
    "num_spikes": 10,
    "peak_deflection": 0.0,
    "post_noise_rms_mv": 0.0,
    "post_vm_mv": 0.0,
    "pre_noise_rms_mv": 0.0480065792798996,
    "pre_vm_mv": -78.2389068603516,
    "slow_noise_rms_mv": 0.101072795689106,
    "slow_vm_mv": -78.2389068603516,
    "specimen_id": 324466858,
    "stimulus_absolute_amplitude": 800.000010681146,
    "stimulus_description": "C1RP25PR1S141203[0]",
    "stimulus_duration": 31.997495,
    "stimulus_interval": 0.0,
    "stimulus_name": "Ramp",
    "stimulus_relative_amplitude": 1.0,
    "stimulus_start_time": 0.9225,
    "stimulus_units": "pA",
    "sweep_number": 4,
    "vm_delta_mv": 0.0
  },
  {
    "bridge_balance_mohm": 13.7362642288208,
    "id": 396377333,
    "leak_pa": 0.0,
    "num_spikes": 2,
    "peak_deflection": 0.0,
    "post_noise_rms_mv": 0.0403256565332413,
    "post_vm_mv": -78.4933547973633,
    "pre_noise_rms_mv": 0.0411569662392139,
    "pre_vm_mv": -78.3936080932617,
    "slow_noise_rms_mv": 0.0848465263843536,
    "slow_vm_mv": -78.3936080932617,
    "specimen_id": 324466858,
    "stimulus_absolute_amplitude": 690.000001579705,
    "stimulus_description": "C2SSTRIPLE141203[3]",
    "stimulus_duration": 0.040995,
    "stimulus_interval": 0.016,
    "stimulus_name": "Short Square - Triple",
    "stimulus_relative_amplitude": 6.9,
    "stimulus_start_time": 1.92,
    "stimulus_units": "pA",
    "sweep_number": 87,
    "vm_delta_mv": 0.0997467041015625
  },
  {
    "bridge_balance_mohm": 16.3614158630371,
    "id": 396377201,
    "leak_pa": 0.0,
    "num_spikes": 0,
    "peak_deflection": 0.0,
    "post_noise_rms_mv": 0.0370149463415146,
    "post_vm_mv": -77.5604095458984,
    "pre_noise_rms_mv": 0.0425003170967102,
    "pre_vm_mv": -77.6737365722656,
    "slow_noise_rms_mv": 0.157112762331963,
    "slow_vm_mv": -77.6737365722656,
    "specimen_id": 324466858,
    "stimulus_absolute_amplitude": 690.000001579705,
    "stimulus_description": "C1SSFINEST150112[0]",
    "stimulus_duration": 0.002995,
    "stimulus_interval": 0.0,
    "stimulus_name": "Short Square",
    "stimulus_relative_amplitude": 6.9,
    "stimulus_start_time": 0.92,
    "stimulus_units": "pA",
    "sweep_number": 27,
    "vm_delta_mv": 0.113327026367188
  },
  {
    "bridge_balance_mohm": 13.7362642288208,
    "id": 396377289,
    "leak_pa": 0.0,
    "num_spikes": 2,
    "peak_deflection": 0.0,
    "post_noise_rms_mv": 0.032776702195406,
    "post_vm_mv": -77.0322952270508,
    "pre_noise_rms_mv": 0.0378581508994102,
    "pre_vm_mv": -77.4695205688477,
    "slow_noise_rms_mv": 0.0968011394143105,
    "slow_vm_mv": -77.4695205688477,
    "specimen_id": 324466858,
    "stimulus_absolute_amplitude": 200.000002670286,
    "stimulus_description": "C2SQRHELNG150112[0]",
    "stimulus_duration": 1.999995,
    "stimulus_interval": 0.0,
    "stimulus_name": "Square - 2s Suprathreshold",
    "stimulus_relative_amplitude": 2.0,
    "stimulus_start_time": 0.92,
    "stimulus_units": "pA",
    "sweep_number": 67,
    "vm_delta_mv": 0.437225341796875
  },
  {
    "bridge_balance_mohm": 16.3614158630371,
    "id": 396377193,
    "leak_pa": 0.0,
    "num_spikes": 1,
    "peak_deflection": 0.0,
    "post_noise_rms_mv": 0.034748338162899,
    "post_vm_mv": -76.9263763427734,
    "pre_noise_rms_mv": 0.0422404892742634,
    "pre_vm_mv": -76.8712005615234,
    "slow_noise_rms_mv": 0.0952668115496635,
    "slow_vm_mv": -76.8712005615234,
    "specimen_id": 324466858,
    "stimulus_absolute_amplitude": 680.000000752301,
    "stimulus_description": "C1SSFINEST150112[0]",
    "stimulus_duration": 0.002995,
    "stimulus_interval": 0.0,
    "stimulus_name": "Short Square",
    "stimulus_relative_amplitude": 6.8,
    "stimulus_start_time": 0.92,
    "stimulus_units": "pA",
    "sweep_number": 23,
    "vm_delta_mv": 0.05517578125
  },
  {
    "bridge_balance_mohm": 16.3614158630371,
    "id": 396377213,
    "leak_pa": 0.0,
    "num_spikes": 0,
    "peak_deflection": -95.96875,
    "post_noise_rms_mv": 0.0413887910544872,
    "post_vm_mv": -77.1051559448242,
    "pre_noise_rms_mv": 0.0415736176073551,
    "pre_vm_mv": -77.3041534423828,
    "slow_noise_rms_mv": 0.0919722840189934,
    "slow_vm_mv": -77.3041534423828,
    "specimen_id": 324466858,
    "stimulus_absolute_amplitude": -90.0000005077395,
    "stimulus_description": "C1LSCOARSE150112[1]",
    "stimulus_duration": 0.999995,
    "stimulus_interval": 0.0,
    "stimulus_name": "Long Square",
    "stimulus_relative_amplitude": 1.0,
    "stimulus_start_time": 0.92,
    "stimulus_units": "pA",
    "sweep_number": 32,
    "vm_delta_mv": 0.198997497558594
  },
  {
    "bridge_balance_mohm": 13.7362642288208,
    "id": 396377311,
    "leak_pa": 0.0,
    "num_spikes": 2,
    "peak_deflection": 0.0,
    "post_noise_rms_mv": 0.0386534593999386,
    "post_vm_mv": -77.9502716064453,
    "pre_noise_rms_mv": 0.034969124943018,
    "pre_vm_mv": -78.2050476074219,
    "slow_noise_rms_mv": 0.14274737238884,
    "slow_vm_mv": -78.2050476074219,
    "specimen_id": 324466858,
    "stimulus_absolute_amplitude": 690.000001579705,
    "stimulus_description": "C2SSTRIPLE141203[1]",
    "stimulus_duration": 0.024995,
    "stimulus_interval": 0.008,
    "stimulus_name": "Short Square - Triple",
    "stimulus_relative_amplitude": 6.9,
    "stimulus_start_time": 1.92,
    "stimulus_units": "pA",
    "sweep_number": 77,
    "vm_delta_mv": 0.254776000976562
  },
  {
    "bridge_balance_mohm": 16.3614158630371,
    "id": 396377251,
    "leak_pa": 0.0,
    "num_spikes": 2,
    "peak_deflection": 0.0,
    "post_noise_rms_mv": 0.0,
    "post_vm_mv": 0.0,
    "pre_noise_rms_mv": 0.0422128774225712,
    "pre_vm_mv": -77.9228439331055,
    "slow_noise_rms_mv": 0.141983211040497,
    "slow_vm_mv": -77.9228439331055,
    "specimen_id": 324466858,
    "stimulus_absolute_amplitude": 800.000010681146,
    "stimulus_description": "C1RP25PR1S141203[0]",
    "stimulus_duration": 31.997495,
    "stimulus_interval": 0.0,
    "stimulus_name": "Ramp",
    "stimulus_relative_amplitude": 1.0,
    "stimulus_start_time": 0.9225,
    "stimulus_units": "pA",
    "sweep_number": 5,
    "vm_delta_mv": 0.0
  },
  {
    "bridge_balance_mohm": 0.0,
    "id": 396377155,
    "leak_pa": 0.0,
    "num_spikes": 0,
    "peak_deflection": 0.0,
    "post_noise_rms_mv": 0.0,
    "post_vm_mv": 0.0,
    "pre_noise_rms_mv": 0.0,
    "pre_vm_mv": 0.0,
    "slow_noise_rms_mv": 0.0,
    "slow_vm_mv": 0.0,
    "specimen_id": 324466858,
    "stimulus_absolute_amplitude": 9.99999977648258,
    "stimulus_description": "EXTPSMOKET141203[0]",
    "stimulus_duration": 0.069995,
    "stimulus_interval": 0.05,
    "stimulus_name": "Test",
    "stimulus_relative_amplitude": 1.0,
    "stimulus_start_time": 0.03,
    "stimulus_units": "mV",
    "sweep_number": 0,
    "vm_delta_mv": 0.0
  },
  {
    "bridge_balance_mohm": 13.7362642288208,
    "id": 396377277,
    "leak_pa": 0.0,
    "num_spikes": 0,
    "peak_deflection": 0.0,
    "post_noise_rms_mv": 0.0376790799200535,
    "post_vm_mv": -78.1175155639648,
    "pre_noise_rms_mv": 0.0391424968838692,
    "pre_vm_mv": -78.2844467163086,
    "slow_noise_rms_mv": 0.135942533612251,
    "slow_vm_mv": -78.2844467163086,
    "specimen_id": 324466858,
    "stimulus_absolute_amplitude": 129.99999687846,
    "stimulus_description": "C2SQRHELNG150112[0]",
    "stimulus_duration": 1.999995,
    "stimulus_interval": 0.0,
    "stimulus_name": "Square - 2s Suprathreshold",
    "stimulus_relative_amplitude": 1.3,
    "stimulus_start_time": 0.92,
    "stimulus_units": "pA",
    "sweep_number": 61,
    "vm_delta_mv": 0.16693115234375
  },
  {
    "bridge_balance_mohm": 16.3614158630371,
    "id": 396377191,
    "leak_pa": 0.0,
    "num_spikes": 1,
    "peak_deflection": 0.0,
    "post_noise_rms_mv": 0.0331531316041946,
    "post_vm_mv": -77.0927505493164,
    "pre_noise_rms_mv": 0.0422425977885723,
    "pre_vm_mv": -77.1184234619141,
    "slow_noise_rms_mv": 0.107355952262878,
    "slow_vm_mv": -77.1184234619141,
    "specimen_id": 324466858,
    "stimulus_absolute_amplitude": 680.000000752301,
    "stimulus_description": "C1SSFINEST150112[0]",
    "stimulus_duration": 0.002995,
    "stimulus_interval": 0.0,
    "stimulus_name": "Short Square",
    "stimulus_relative_amplitude": 6.8,
    "stimulus_start_time": 0.92,
    "stimulus_units": "pA",
    "sweep_number": 22,
    "vm_delta_mv": 0.0256729125976562
  },
  {
    "bridge_balance_mohm": 16.3614158630371,
    "id": 396377339,
    "leak_pa": 0.0,
    "num_spikes": 0,
    "peak_deflection": 0.0,
    "post_noise_rms_mv": 0.0393809117376804,
    "post_vm_mv": -77.3635025024414,
    "pre_noise_rms_mv": 0.0411563254892826,
    "pre_vm_mv": -77.3743362426758,
    "slow_noise_rms_mv": 0.0979187786579132,
    "slow_vm_mv": -77.3743362426758,
    "specimen_id": 324466858,
    "stimulus_absolute_amplitude": 299.999997066536,
    "stimulus_description": "C1SSCOARSE150112[2]",
    "stimulus_duration": 0.002995,
    "stimulus_interval": 0.0,
    "stimulus_name": "Short Square",
    "stimulus_relative_amplitude": 1.0,
    "stimulus_start_time": 0.92,
    "stimulus_units": "pA",
    "sweep_number": 9,
    "vm_delta_mv": 0.010833740234375
  },
  {
    "bridge_balance_mohm": 13.7362642288208,
    "id": 396377329,
    "leak_pa": 0.0,
    "num_spikes": 2,
    "peak_deflection": 0.0,
    "post_noise_rms_mv": 0.0377060063183308,
    "post_vm_mv": -78.2394027709961,
    "pre_noise_rms_mv": 0.0405782647430897,
    "pre_vm_mv": -78.1432800292969,
    "slow_noise_rms_mv": 0.117762841284275,
    "slow_vm_mv": -78.1432800292969,
    "specimen_id": 324466858,
    "stimulus_absolute_amplitude": 690.000001579705,
    "stimulus_description": "C2SSTRIPLE141203[1]",
    "stimulus_duration": 0.024995,
    "stimulus_interval": 0.008,
    "stimulus_name": "Short Square - Triple",
    "stimulus_relative_amplitude": 6.9,
    "stimulus_start_time": 1.92,
    "stimulus_units": "pA",
    "sweep_number": 85,
    "vm_delta_mv": 0.0961227416992188
  },
  {
    "bridge_balance_mohm": 0.0,
    "id": 396377207,
    "leak_pa": 0.0,
    "num_spikes": 0,
    "peak_deflection": 0.0,
    "post_noise_rms_mv": 0.0,
    "post_vm_mv": 0.0,
    "pre_noise_rms_mv": 0.0,
    "pre_vm_mv": 0.0,
    "slow_noise_rms_mv": 0.0,
    "slow_vm_mv": 0.0,
    "specimen_id": 324466858,
    "stimulus_absolute_amplitude": 9.99999977648258,
    "stimulus_description": "EXTPBREAKN141203[0]",
    "stimulus_duration": 0.069995,
    "stimulus_interval": 0.05,
    "stimulus_name": "Test",
    "stimulus_relative_amplitude": 1.0,
    "stimulus_start_time": 0.03,
    "stimulus_units": "mV",
    "sweep_number": 3,
    "vm_delta_mv": 0.0
  },
  {
    "bridge_balance_mohm": 13.7362642288208,
    "id": 396377265,
    "leak_pa": 0.0,
    "num_spikes": 43,
    "peak_deflection": 0.0,
    "post_noise_rms_mv": 0.0326049849390984,
    "post_vm_mv": -76.0645370483398,
    "pre_noise_rms_mv": 0.0457401499152184,
    "pre_vm_mv": -76.944580078125,
    "slow_noise_rms_mv": 0.125571027398109,
    "slow_vm_mv": -76.944580078125,
    "specimen_id": 324466858,
    "stimulus_absolute_amplitude": 306.499992053233,
    "stimulus_description": "C1NSSEED_2150112[0]",
    "stimulus_duration": 18.999995,
    "stimulus_interval": 5.0,
    "stimulus_name": "Noise 2",
    "stimulus_relative_amplitude": 1.3,
    "stimulus_start_time": 1.92,
    "stimulus_units": "pA",
    "sweep_number": 56,
    "vm_delta_mv": 0.880043029785156
  },
  {
    "bridge_balance_mohm": 16.3614158630371,
    "id": 396377217,
    "leak_pa": 0.0,
    "num_spikes": 0,
    "peak_deflection": -88.4375076293945,
    "post_noise_rms_mv": 0.0367329716682434,
    "post_vm_mv": -77.5519180297852,
    "pre_noise_rms_mv": 0.0421858727931976,
    "pre_vm_mv": -77.8009185791016,
    "slow_noise_rms_mv": 0.159638270735741,
    "slow_vm_mv": -77.8009185791016,
    "specimen_id": 324466858,
    "stimulus_absolute_amplitude": -50.0000006675716,
    "stimulus_description": "C1LSCOARSE150112[3]",
    "stimulus_duration": 0.999995,
    "stimulus_interval": 0.0,
    "stimulus_name": "Long Square",
    "stimulus_relative_amplitude": 1.0,
    "stimulus_start_time": 0.92,
    "stimulus_units": "pA",
    "sweep_number": 34,
    "vm_delta_mv": 0.249000549316406
  },
  {
    "bridge_balance_mohm": 13.7362642288208,
    "id": 396377327,
    "leak_pa": 0.0,
    "num_spikes": 3,
    "peak_deflection": 0.0,
    "post_noise_rms_mv": 0.0369992777705193,
    "post_vm_mv": -77.8058624267578,
    "pre_noise_rms_mv": 0.0392547883093357,
    "pre_vm_mv": -77.7283325195312,
    "slow_noise_rms_mv": 0.112444795668125,
    "slow_vm_mv": -77.7283325195312,
    "specimen_id": 324466858,
    "stimulus_absolute_amplitude": 690.000001579705,
    "stimulus_description": "C2SSTRIPLE141203[0]",
    "stimulus_duration": 0.016995,
    "stimulus_interval": 0.004,
    "stimulus_name": "Short Square - Triple",
    "stimulus_relative_amplitude": 6.9,
    "stimulus_start_time": 1.92,
    "stimulus_units": "pA",
    "sweep_number": 84,
    "vm_delta_mv": 0.0775299072265625
  },
  {
    "bridge_balance_mohm": 16.3614158630371,
    "id": 396377317,
    "leak_pa": 0.0,
    "num_spikes": 0,
    "peak_deflection": 0.0,
    "post_noise_rms_mv": 0.0339026898145676,
    "post_vm_mv": -77.4652557373047,
    "pre_noise_rms_mv": 0.0409710742533207,
    "pre_vm_mv": -77.4772720336914,
    "slow_noise_rms_mv": 0.1250239610672,
    "slow_vm_mv": -77.4772720336914,
    "specimen_id": 324466858,
    "stimulus_absolute_amplitude": 200.000002670286,
    "stimulus_description": "C1SSCOARSE150112[1]",
    "stimulus_duration": 0.002995,
    "stimulus_interval": 0.0,
    "stimulus_name": "Short Square",
    "stimulus_relative_amplitude": 1.0,
    "stimulus_start_time": 0.92,
    "stimulus_units": "pA",
    "sweep_number": 8,
    "vm_delta_mv": 0.0120162963867188
  },
  {
    "bridge_balance_mohm": 16.3614158630371,
    "id": 396377189,
    "leak_pa": 0.0,
    "num_spikes": 0,
    "peak_deflection": 0.0,
    "post_noise_rms_mv": 0.0448584668338299,
    "post_vm_mv": -77.4063568115234,
    "pre_noise_rms_mv": 0.0411304868757725,
    "pre_vm_mv": -77.5970916748047,
    "slow_noise_rms_mv": 0.111404918134212,
    "slow_vm_mv": -77.5970916748047,
    "specimen_id": 324466858,
    "stimulus_absolute_amplitude": 669.999999924897,
    "stimulus_description": "C1SSFINEST150112[0]",
    "stimulus_duration": 0.002995,
    "stimulus_interval": 0.0,
    "stimulus_name": "Short Square",
    "stimulus_relative_amplitude": 6.7,
    "stimulus_start_time": 0.92,
    "stimulus_units": "pA",
    "sweep_number": 21,
    "vm_delta_mv": 0.19073486328125
  },
  {
    "bridge_balance_mohm": 16.3614158630371,
    "id": 396377225,
    "leak_pa": 0.0,
    "num_spikes": 0,
    "peak_deflection": -71.21875,
    "post_noise_rms_mv": 0.0398356541991234,
    "post_vm_mv": -78.236686706543,
    "pre_noise_rms_mv": 0.0382311530411243,
    "pre_vm_mv": -77.9848480224609,
    "slow_noise_rms_mv": 0.130252674221992,
    "slow_vm_mv": -77.9848480224609,
    "specimen_id": 324466858,
    "stimulus_absolute_amplitude": 29.9999990127642,
    "stimulus_description": "C1LSCOARSE150112[7]",
    "stimulus_duration": 0.999995,
    "stimulus_interval": 0.0,
    "stimulus_name": "Long Square",
    "stimulus_relative_amplitude": 1.0,
    "stimulus_start_time": 0.92,
    "stimulus_units": "pA",
    "sweep_number": 38,
    "vm_delta_mv": 0.251838684082031
  },
  {
    "bridge_balance_mohm": 13.7362642288208,
    "id": 396377267,
    "leak_pa": 0.0,
    "num_spikes": 37,
    "peak_deflection": 0.0,
    "post_noise_rms_mv": 0.045452855527401,
    "post_vm_mv": -77.7420425415039,
    "pre_noise_rms_mv": 0.0374546535313129,
    "pre_vm_mv": -78.0233764648438,
    "slow_noise_rms_mv": 0.09242944419384,
    "slow_vm_mv": -78.0233764648438,
    "specimen_id": 324466858,
    "stimulus_absolute_amplitude": 301.375008282534,
    "stimulus_description": "C1NSSEED_1150112[0]",
    "stimulus_duration": 18.999995,
    "stimulus_interval": 5.0,
    "stimulus_name": "Noise 1",
    "stimulus_relative_amplitude": 1.3,
    "stimulus_start_time": 1.92,
    "stimulus_units": "pA",
    "sweep_number": 57,
    "vm_delta_mv": 0.281333923339844
  },
  {
    "bridge_balance_mohm": 13.7362642288208,
    "id": 396377331,
    "leak_pa": 0.0,
    "num_spikes": 2,
    "peak_deflection": 0.0,
    "post_noise_rms_mv": 0.039857741445303,
    "post_vm_mv": -78.378791809082,
    "pre_noise_rms_mv": 0.0465353727340698,
    "pre_vm_mv": -78.3057632446289,
    "slow_noise_rms_mv": 0.0946280658245087,
    "slow_vm_mv": -78.3057632446289,
    "specimen_id": 324466858,
    "stimulus_absolute_amplitude": 690.000001579705,
    "stimulus_description": "C2SSTRIPLE141203[2]",
    "stimulus_duration": 0.032995,
    "stimulus_interval": 0.012,
    "stimulus_name": "Short Square - Triple",
    "stimulus_relative_amplitude": 6.9,
    "stimulus_start_time": 1.92,
    "stimulus_units": "pA",
    "sweep_number": 86,
    "vm_delta_mv": 0.073028564453125
  },
  {
    "bridge_balance_mohm": 13.7362642288208,
    "id": 396377285,
    "leak_pa": 0.0,
    "num_spikes": 1,
    "peak_deflection": 0.0,
    "post_noise_rms_mv": 0.0436050780117512,
    "post_vm_mv": -77.8042297363281,
    "pre_noise_rms_mv": 0.0397062264382839,
    "pre_vm_mv": -77.5309371948242,
    "slow_noise_rms_mv": 0.12991189956665,
    "slow_vm_mv": -77.5309371948242,
    "specimen_id": 324466858,
    "stimulus_absolute_amplitude": 159.999999360672,
    "stimulus_description": "C2SQRHELNG150112[0]",
    "stimulus_duration": 1.999995,
    "stimulus_interval": 0.0,
    "stimulus_name": "Square - 2s Suprathreshold",
    "stimulus_relative_amplitude": 1.6,
    "stimulus_start_time": 0.92,
    "stimulus_units": "pA",
    "sweep_number": 65,
    "vm_delta_mv": 0.273292541503906
  },
  {
    "bridge_balance_mohm": 16.3614158630371,
    "id": 396377211,
    "leak_pa": 0.0,
    "num_spikes": 0,
    "peak_deflection": -100.03125,
    "post_noise_rms_mv": 0.0365639589726925,
    "post_vm_mv": -76.6659164428711,
    "pre_noise_rms_mv": 0.0412538908421993,
    "pre_vm_mv": -76.8879623413086,
    "slow_noise_rms_mv": 0.176803946495056,
    "slow_vm_mv": -76.8879623413086,
    "specimen_id": 324466858,
    "stimulus_absolute_amplitude": -110.000002162547,
    "stimulus_description": "C1LSCOARSE150112[0]",
    "stimulus_duration": 0.999995,
    "stimulus_interval": 0.0,
    "stimulus_name": "Long Square",
    "stimulus_relative_amplitude": 1.0,
    "stimulus_start_time": 0.92,
    "stimulus_units": "pA",
    "sweep_number": 31,
    "vm_delta_mv": 0.2220458984375
  },
  {
    "bridge_balance_mohm": 16.3614158630371,
    "id": 396377227,
    "leak_pa": 0.0,
    "num_spikes": 0,
    "peak_deflection": -67.84375,
    "post_noise_rms_mv": 0.0402727276086807,
    "post_vm_mv": -78.5309982299805,
    "pre_noise_rms_mv": 0.0508082881569862,
    "pre_vm_mv": -78.5065689086914,
    "slow_noise_rms_mv": 0.0949655622243881,
    "slow_vm_mv": -78.5065689086914,
    "specimen_id": 324466858,
    "stimulus_absolute_amplitude": 50.0000006675716,
    "stimulus_description": "C1LSCOARSE150112[8]",
    "stimulus_duration": 0.999995,
    "stimulus_interval": 0.0,
    "stimulus_name": "Long Square",
    "stimulus_relative_amplitude": 1.0,
    "stimulus_start_time": 0.92,
    "stimulus_units": "pA",
    "sweep_number": 39,
    "vm_delta_mv": 0.0244293212890625
  },
  {
    "bridge_balance_mohm": 16.3614158630371,
    "id": 396377273,
    "leak_pa": 0.0,
    "num_spikes": 3,
    "peak_deflection": 0.0,
    "post_noise_rms_mv": 0.0,
    "post_vm_mv": 0.0,
    "pre_noise_rms_mv": 0.0440489649772644,
    "pre_vm_mv": -78.3068771362305,
    "slow_noise_rms_mv": 0.116352491080761,
    "slow_vm_mv": -78.3068771362305,
    "specimen_id": 324466858,
    "stimulus_absolute_amplitude": 800.000010681146,
    "stimulus_description": "C1RP25PR1S141203[0]",
    "stimulus_duration": 31.997495,
    "stimulus_interval": 0.0,
    "stimulus_name": "Ramp",
    "stimulus_relative_amplitude": 1.0,
    "stimulus_start_time": 0.9225,
    "stimulus_units": "pA",
    "sweep_number": 6,
    "vm_delta_mv": 0.0
  },
  {
    "bridge_balance_mohm": 13.7362642288208,
    "id": 396377323,
    "leak_pa": 0.0,
    "num_spikes": 2,
    "peak_deflection": 0.0,
    "post_noise_rms_mv": 0.029853193089366,
    "post_vm_mv": -78.08154296875,
    "pre_noise_rms_mv": 0.0317440927028656,
    "pre_vm_mv": -78.026123046875,
    "slow_noise_rms_mv": 0.083004966378212,
    "slow_vm_mv": -78.026123046875,
    "specimen_id": 324466858,
    "stimulus_absolute_amplitude": 690.000001579705,
    "stimulus_description": "C2SSTRIPLE141203[6]",
    "stimulus_duration": 0.064995,
    "stimulus_interval": 0.028,
    "stimulus_name": "Short Square - Triple",
    "stimulus_relative_amplitude": 6.9,
    "stimulus_start_time": 1.92,
    "stimulus_units": "pA",
    "sweep_number": 82,
    "vm_delta_mv": 0.055419921875
  },
  {
    "bridge_balance_mohm": 16.3614158630371,
    "id": 396377295,
    "leak_pa": 0.0,
    "num_spikes": 0,
    "peak_deflection": 0.0,
    "post_noise_rms_mv": 0.0410820841789246,
    "post_vm_mv": -77.6021728515625,
    "pre_noise_rms_mv": 0.0542772859334946,
    "pre_vm_mv": -77.6771850585938,
    "slow_noise_rms_mv": 0.114155389368534,
    "slow_vm_mv": -77.6771850585938,
    "specimen_id": 324466858,
    "stimulus_absolute_amplitude": 100.000001335143,
    "stimulus_description": "C1SSCOARSE150112[0]",
    "stimulus_duration": 0.002995,
    "stimulus_interval": 0.0,
    "stimulus_name": "Short Square",
    "stimulus_relative_amplitude": 1.0,
    "stimulus_start_time": 0.92,
    "stimulus_units": "pA",
    "sweep_number": 7,
    "vm_delta_mv": 0.07501220703125
  },
  {
    "bridge_balance_mohm": 16.3614158630371,
    "id": 396377195,
    "leak_pa": 0.0,
    "num_spikes": 1,
    "peak_deflection": 0.0,
    "post_noise_rms_mv": 0.0417039580643177,
    "post_vm_mv": -76.7983474731445,
    "pre_noise_rms_mv": 0.0374662801623344,
    "pre_vm_mv": -77.2333602905273,
    "slow_noise_rms_mv": 0.206613391637802,
    "slow_vm_mv": -77.2333602905273,
    "specimen_id": 324466858,
    "stimulus_absolute_amplitude": 680.000000752301,
    "stimulus_description": "C1SSFINEST150112[0]",
    "stimulus_duration": 0.002995,
    "stimulus_interval": 0.0,
    "stimulus_name": "Short Square",
    "stimulus_relative_amplitude": 6.8,
    "stimulus_start_time": 0.92,
    "stimulus_units": "pA",
    "sweep_number": 24,
    "vm_delta_mv": 0.435012817382812
  },
  {
    "bridge_balance_mohm": 13.7362642288208,
    "id": 396377279,
    "leak_pa": 0.0,
    "num_spikes": 0,
    "peak_deflection": 0.0,
    "post_noise_rms_mv": 0.0377162992954254,
    "post_vm_mv": -77.6783905029297,
    "pre_noise_rms_mv": 0.0396239534020424,
    "pre_vm_mv": -77.8713073730469,
    "slow_noise_rms_mv": 0.0777671933174133,
    "slow_vm_mv": -77.8713073730469,
    "specimen_id": 324466858,
    "stimulus_absolute_amplitude": 139.999997705864,
    "stimulus_description": "C2SQRHELNG150112[0]",
    "stimulus_duration": 1.999995,
    "stimulus_interval": 0.0,
    "stimulus_name": "Square - 2s Suprathreshold",
    "stimulus_relative_amplitude": 1.4,
    "stimulus_start_time": 0.92,
    "stimulus_units": "pA",
    "sweep_number": 62,
    "vm_delta_mv": 0.192916870117188
  },
  {
    "bridge_balance_mohm": 0.0,
    "id": 396377185,
    "leak_pa": 0.0,
    "num_spikes": 0,
    "peak_deflection": 0.0,
    "post_noise_rms_mv": 0.0,
    "post_vm_mv": 0.0,
    "pre_noise_rms_mv": 0.0,
    "pre_vm_mv": 0.0,
    "slow_noise_rms_mv": 0.0,
    "slow_vm_mv": 0.0,
    "specimen_id": 324466858,
    "stimulus_absolute_amplitude": 9.99999977648258,
    "stimulus_description": "EXTPCllATT141203[0]",
    "stimulus_duration": 0.069995,
    "stimulus_interval": 0.05,
    "stimulus_name": "Test",
    "stimulus_relative_amplitude": 1.0,
    "stimulus_start_time": 0.03,
    "stimulus_units": "mV",
    "sweep_number": 2,
    "vm_delta_mv": 0.0
  },
  {
    "bridge_balance_mohm": 13.7362642288208,
    "id": 396377341,
    "leak_pa": 0.0,
    "num_spikes": 2,
    "peak_deflection": 0.0,
    "post_noise_rms_mv": 0.037783969193697,
    "post_vm_mv": -77.6883087158203,
    "pre_noise_rms_mv": 0.0410428009927273,
    "pre_vm_mv": -77.661994934082,
    "slow_noise_rms_mv": 0.0978878736495972,
    "slow_vm_mv": -77.661994934082,
    "specimen_id": 324466858,
    "stimulus_absolute_amplitude": 690.000001579705,
    "stimulus_description": "C2SSTRIPLE141203[6]",
    "stimulus_duration": 0.064995,
    "stimulus_interval": 0.028,
    "stimulus_name": "Short Square - Triple",
    "stimulus_relative_amplitude": 6.9,
    "stimulus_start_time": 1.92,
    "stimulus_units": "pA",
    "sweep_number": 90,
    "vm_delta_mv": 0.0263137817382812
  },
  {
    "bridge_balance_mohm": 13.7362642288208,
    "id": 396377325,
    "leak_pa": 0.0,
    "num_spikes": 3,
    "peak_deflection": 0.0,
    "post_noise_rms_mv": 0.0351034514605999,
    "post_vm_mv": -78.1811218261719,
    "pre_noise_rms_mv": 0.0437346026301384,
    "pre_vm_mv": -78.1391220092773,
    "slow_noise_rms_mv": 0.0652628317475319,
    "slow_vm_mv": -78.1391220092773,
    "specimen_id": 324466858,
    "stimulus_absolute_amplitude": 690.000001579705,
    "stimulus_description": "C2SSTRIPLE141203[7]",
    "stimulus_duration": 0.072995,
    "stimulus_interval": 0.032,
    "stimulus_name": "Short Square - Triple",
    "stimulus_relative_amplitude": 6.9,
    "stimulus_start_time": 1.92,
    "stimulus_units": "pA",
    "sweep_number": 83,
    "vm_delta_mv": 0.0419998168945312
  },
  {
    "bridge_balance_mohm": 16.3614158630371,
    "id": 396377247,
    "leak_pa": 0.0,
    "num_spikes": 23,
    "peak_deflection": 0.0,
    "post_noise_rms_mv": 0.0392557941377163,
    "post_vm_mv": -77.8791122436523,
    "pre_noise_rms_mv": 0.0369196124374866,
    "pre_vm_mv": -78.1550903320312,
    "slow_noise_rms_mv": 0.0979541540145874,
    "slow_vm_mv": -78.1550903320312,
    "specimen_id": 324466858,
    "stimulus_absolute_amplitude": 230.000005152498,
    "stimulus_description": "C1LSCOARSE150112[17]",
    "stimulus_duration": 0.999995,
    "stimulus_interval": 0.0,
    "stimulus_name": "Long Square",
    "stimulus_relative_amplitude": 1.0,
    "stimulus_start_time": 0.92,
    "stimulus_units": "pA",
    "sweep_number": 48,
    "vm_delta_mv": 0.275978088378906
  },
  {
    "bridge_balance_mohm": 13.7362642288208,
    "id": 396377301,
    "leak_pa": 0.0,
    "num_spikes": 5,
    "peak_deflection": 0.0,
    "post_noise_rms_mv": 0.0414790585637093,
    "post_vm_mv": -77.9018630981445,
    "pre_noise_rms_mv": 0.0404808856546879,
    "pre_vm_mv": -77.6891555786133,
    "slow_noise_rms_mv": 0.0789148882031441,
    "slow_vm_mv": -77.6891555786133,
    "specimen_id": 324466858,
    "stimulus_absolute_amplitude": 239.999992102113,
    "stimulus_description": "C2SQRHELNG150112[0]",
    "stimulus_duration": 1.999995,
    "stimulus_interval": 0.0,
    "stimulus_name": "Square - 2s Suprathreshold",
    "stimulus_relative_amplitude": 2.4,
    "stimulus_start_time": 0.92,
    "stimulus_units": "pA",
    "sweep_number": 72,
    "vm_delta_mv": 0.21270751953125
  },
  {
    "bridge_balance_mohm": 13.7362642288208,
    "id": 396377319,
    "leak_pa": 0.0,
    "num_spikes": 2,
    "peak_deflection": 0.0,
    "post_noise_rms_mv": 0.0352155640721321,
    "post_vm_mv": -78.0772933959961,
    "pre_noise_rms_mv": 0.0407540276646614,
    "pre_vm_mv": -78.0663604736328,
    "slow_noise_rms_mv": 0.074160248041153,
    "slow_vm_mv": -78.0663604736328,
    "specimen_id": 324466858,
    "stimulus_absolute_amplitude": 690.000001579705,
    "stimulus_description": "C2SSTRIPLE141203[4]",
    "stimulus_duration": 0.048995,
    "stimulus_interval": 0.02,
    "stimulus_name": "Short Square - Triple",
    "stimulus_relative_amplitude": 6.9,
    "stimulus_start_time": 1.92,
    "stimulus_units": "pA",
    "sweep_number": 80,
    "vm_delta_mv": 0.0109329223632812
  },
  {
    "bridge_balance_mohm": 13.7362642288208,
    "id": 396377351,
    "leak_pa": 0.0,
    "num_spikes": 2,
    "peak_deflection": 0.0,
    "post_noise_rms_mv": 0.0389731414616108,
    "post_vm_mv": -77.7449417114258,
    "pre_noise_rms_mv": 0.0382447689771652,
    "pre_vm_mv": -77.7232208251953,
    "slow_noise_rms_mv": 0.0848002582788467,
    "slow_vm_mv": -77.7232208251953,
    "specimen_id": 324466858,
    "stimulus_absolute_amplitude": 690.000001579705,
    "stimulus_description": "C2SSTRIPLE141203[3]",
    "stimulus_duration": 0.040995,
    "stimulus_interval": 0.016,
    "stimulus_name": "Short Square - Triple",
    "stimulus_relative_amplitude": 6.9,
    "stimulus_start_time": 1.92,
    "stimulus_units": "pA",
    "sweep_number": 95,
    "vm_delta_mv": 0.0217208862304688
  },
  {
    "bridge_balance_mohm": 16.3614158630371,
    "id": 396377167,
    "leak_pa": 0.0,
    "num_spikes": 0,
    "peak_deflection": 0.0,
    "post_noise_rms_mv": 0.0423894487321377,
    "post_vm_mv": -77.8542785644531,
    "pre_noise_rms_mv": 0.0406221300363541,
    "pre_vm_mv": -77.6825408935547,
    "slow_noise_rms_mv": 0.119602672755718,
    "slow_vm_mv": -77.6825408935547,
    "specimen_id": 324466858,
    "stimulus_absolute_amplitude": 499.999985859034,
    "stimulus_description": "C1SSCOARSE150112[4]",
    "stimulus_duration": 0.002995,
    "stimulus_interval": 0.0,
    "stimulus_name": "Short Square",
    "stimulus_relative_amplitude": 1.0,
    "stimulus_start_time": 0.92,
    "stimulus_units": "pA",
    "sweep_number": 11,
    "vm_delta_mv": 0.171737670898438
  },
  {
    "bridge_balance_mohm": 13.7362642288208,
    "id": 396377269,
    "leak_pa": 0.0,
    "num_spikes": 37,
    "peak_deflection": 0.0,
    "post_noise_rms_mv": 0.0455484613776207,
    "post_vm_mv": -77.9031524658203,
    "pre_noise_rms_mv": 0.043600782752037,
    "pre_vm_mv": -78.0831069946289,
    "slow_noise_rms_mv": 0.0980533584952354,
    "slow_vm_mv": -78.0831069946289,
    "specimen_id": 324466858,
    "stimulus_absolute_amplitude": 306.499992053233,
    "stimulus_description": "C1NSSEED_2150112[0]",
    "stimulus_duration": 18.999995,
    "stimulus_interval": 5.0,
    "stimulus_name": "Noise 2",
    "stimulus_relative_amplitude": 1.3,
    "stimulus_start_time": 1.92,
    "stimulus_units": "pA",
    "sweep_number": 58,
    "vm_delta_mv": 0.179954528808594
  },
  {
    "bridge_balance_mohm": 16.3614158630371,
    "id": 396377203,
    "leak_pa": 0.0,
    "num_spikes": 1,
    "peak_deflection": 0.0,
    "post_noise_rms_mv": 0.0429915525019169,
    "post_vm_mv": -77.6410140991211,
    "pre_noise_rms_mv": 0.038226380944252,
    "pre_vm_mv": -77.4766616821289,
    "slow_noise_rms_mv": 0.0924080610275269,
    "slow_vm_mv": -77.4766616821289,
    "specimen_id": 324466858,
    "stimulus_absolute_amplitude": 690.000001579705,
    "stimulus_description": "C1SSFINEST150112[0]",
    "stimulus_duration": 0.002995,
    "stimulus_interval": 0.0,
    "stimulus_name": "Short Square",
    "stimulus_relative_amplitude": 6.9,
    "stimulus_start_time": 0.92,
    "stimulus_units": "pA",
    "sweep_number": 28,
    "vm_delta_mv": 0.164352416992188
  },
  {
    "bridge_balance_mohm": 13.7362642288208,
    "id": 396377307,
    "leak_pa": 0.0,
    "num_spikes": 187,
    "peak_deflection": 0.0,
    "post_noise_rms_mv": 0.0312171094119549,
    "post_vm_mv": -77.9083862304688,
    "pre_noise_rms_mv": 0.0440720580518246,
    "pre_vm_mv": -78.3070068359375,
    "slow_noise_rms_mv": 0.164062067866325,
    "slow_vm_mv": -78.3070068359375,
    "specimen_id": 324466858,
    "stimulus_absolute_amplitude": 542.250022661506,
    "stimulus_description": "C2NSRMPRH2150120[0]",
    "stimulus_duration": 31.999975,
    "stimulus_interval": 5.0e-05,
    "stimulus_name": "Ramp to Rheobase",
    "stimulus_relative_amplitude": 1.6,
    "stimulus_start_time": 1.92002,
    "stimulus_units": "pA",
    "sweep_number": 75,
    "vm_delta_mv": 0.39862060546875
  },
  {
    "bridge_balance_mohm": 16.3614158630371,
    "id": 396377205,
    "leak_pa": 0.0,
    "num_spikes": 0,
    "peak_deflection": 0.0,
    "post_noise_rms_mv": 0.0391514077782631,
    "post_vm_mv": -77.6631774902344,
    "pre_noise_rms_mv": 0.0380462929606438,
    "pre_vm_mv": -77.4715042114258,
    "slow_noise_rms_mv": 0.183133870363235,
    "slow_vm_mv": -77.4715042114258,
    "specimen_id": 324466858,
    "stimulus_absolute_amplitude": 690.000001579705,
    "stimulus_description": "C1SSFINEST150112[0]",
    "stimulus_duration": 0.002995,
    "stimulus_interval": 0.0,
    "stimulus_name": "Short Square",
    "stimulus_relative_amplitude": 6.9,
    "stimulus_start_time": 0.92,
    "stimulus_units": "pA",
    "sweep_number": 29,
    "vm_delta_mv": 0.191673278808594
  },
  {
    "bridge_balance_mohm": 16.3614158630371,
    "id": 396377231,
    "leak_pa": 0.0,
    "num_spikes": 0,
    "peak_deflection": -62.6875,
    "post_noise_rms_mv": 0.050938107073307,
    "post_vm_mv": -77.948371887207,
    "pre_noise_rms_mv": 0.0440708845853806,
    "pre_vm_mv": -77.8250198364258,
    "slow_noise_rms_mv": 0.357993751764297,
    "slow_vm_mv": -77.8250198364258,
    "specimen_id": 324466858,
    "stimulus_absolute_amplitude": 69.9999988529321,
    "stimulus_description": "C1LSCOARSE150112[9]",
    "stimulus_duration": 0.999995,
    "stimulus_interval": 0.0,
    "stimulus_name": "Long Square",
    "stimulus_relative_amplitude": 1.0,
    "stimulus_start_time": 0.92,
    "stimulus_units": "pA",
    "sweep_number": 40,
    "vm_delta_mv": 0.12335205078125
  },
  {
    "bridge_balance_mohm": 13.7362642288208,
    "id": 396377287,
    "leak_pa": 0.0,
    "num_spikes": 1,
    "peak_deflection": 0.0,
    "post_noise_rms_mv": 0.0380445085465908,
    "post_vm_mv": -77.4360122680664,
    "pre_noise_rms_mv": 0.042714349925518,
    "pre_vm_mv": -77.8578491210938,
    "slow_noise_rms_mv": 0.148785650730133,
    "slow_vm_mv": -77.8578491210938,
    "specimen_id": 324466858,
    "stimulus_absolute_amplitude": 159.999999360672,
    "stimulus_description": "C2SQRHELNG150112[0]",
    "stimulus_duration": 1.999995,
    "stimulus_interval": 0.0,
    "stimulus_name": "Square - 2s Suprathreshold",
    "stimulus_relative_amplitude": 1.6,
    "stimulus_start_time": 0.92,
    "stimulus_units": "pA",
    "sweep_number": 66,
    "vm_delta_mv": 0.421836853027344
  },
  {
    "bridge_balance_mohm": 13.7362642288208,
    "id": 396377297,
    "leak_pa": 0.0,
    "num_spikes": 9,
    "peak_deflection": 0.0,
    "post_noise_rms_mv": 0.0414172820746899,
    "post_vm_mv": -77.6849670410156,
    "pre_noise_rms_mv": 0.0429405197501183,
    "pre_vm_mv": -77.9837875366211,
    "slow_noise_rms_mv": 0.112035565078259,
    "slow_vm_mv": -77.9837875366211,
    "specimen_id": 324466858,
    "stimulus_absolute_amplitude": 239.999992102113,
    "stimulus_description": "C2SQRHELNG150112[0]",
    "stimulus_duration": 1.999995,
    "stimulus_interval": 0.0,
    "stimulus_name": "Square - 2s Suprathreshold",
    "stimulus_relative_amplitude": 2.4,
    "stimulus_start_time": 0.92,
    "stimulus_units": "pA",
    "sweep_number": 70,
    "vm_delta_mv": 0.298820495605469
  },
  {
    "bridge_balance_mohm": 16.3614158630371,
    "id": 396377181,
    "leak_pa": 0.0,
    "num_spikes": 1,
    "peak_deflection": 0.0,
    "post_noise_rms_mv": 0.0415846668183804,
    "post_vm_mv": -77.5668487548828,
    "pre_noise_rms_mv": 0.046861257404089,
    "pre_vm_mv": -77.8064422607422,
    "slow_noise_rms_mv": 0.235381811857224,
    "slow_vm_mv": -77.8064422607422,
    "specimen_id": 324466858,
    "stimulus_absolute_amplitude": 669.999999924897,
    "stimulus_description": "C1SSFINEST150112[0]",
    "stimulus_duration": 0.002995,
    "stimulus_interval": 0.0,
    "stimulus_name": "Short Square",
    "stimulus_relative_amplitude": 6.7,
    "stimulus_start_time": 0.92,
    "stimulus_units": "pA",
    "sweep_number": 18,
    "vm_delta_mv": 0.239593505859375
  },
  {
    "bridge_balance_mohm": 16.3614158630371,
    "id": 396377219,
    "leak_pa": 0.0,
    "num_spikes": 0,
    "peak_deflection": -84.15625,
    "post_noise_rms_mv": 0.0407812185585499,
    "post_vm_mv": -77.5261535644531,
    "pre_noise_rms_mv": 0.0381421521306038,
    "pre_vm_mv": -77.7114334106445,
    "slow_noise_rms_mv": 0.123266853392124,
    "slow_vm_mv": -77.7114334106445,
    "specimen_id": 324466858,
    "stimulus_absolute_amplitude": -29.9999990127642,
    "stimulus_description": "C1LSCOARSE150112[4]",
    "stimulus_duration": 0.999995,
    "stimulus_interval": 0.0,
    "stimulus_name": "Long Square",
    "stimulus_relative_amplitude": 1.0,
    "stimulus_start_time": 0.92,
    "stimulus_units": "pA",
    "sweep_number": 35,
    "vm_delta_mv": 0.185279846191406
  },
  {
    "bridge_balance_mohm": 13.7362642288208,
    "id": 396377281,
    "leak_pa": 0.0,
    "num_spikes": 0,
    "peak_deflection": 0.0,
    "post_noise_rms_mv": 0.0438594631850719,
    "post_vm_mv": -77.6050567626953,
    "pre_noise_rms_mv": 0.0423122383654118,
    "pre_vm_mv": -77.9640045166016,
    "slow_noise_rms_mv": 0.121719591319561,
    "slow_vm_mv": -77.9640045166016,
    "specimen_id": 324466858,
    "stimulus_absolute_amplitude": 149.999998533268,
    "stimulus_description": "C2SQRHELNG150112[0]",
    "stimulus_duration": 1.999995,
    "stimulus_interval": 0.0,
    "stimulus_name": "Square - 2s Suprathreshold",
    "stimulus_relative_amplitude": 1.5,
    "stimulus_start_time": 0.92,
    "stimulus_units": "pA",
    "sweep_number": 63,
    "vm_delta_mv": 0.35894775390625
  },
  {
    "bridge_balance_mohm": 13.7362642288208,
    "id": 396377271,
    "leak_pa": 0.0,
    "num_spikes": 0,
    "peak_deflection": 0.0,
    "post_noise_rms_mv": 0.0396600030362606,
    "post_vm_mv": -78.3182373046875,
    "pre_noise_rms_mv": 0.0409288331866264,
    "pre_vm_mv": -78.347412109375,
    "slow_noise_rms_mv": 0.240880876779556,
    "slow_vm_mv": -78.347412109375,
    "specimen_id": 324466858,
    "stimulus_absolute_amplitude": -200.000002670286,
    "stimulus_description": "C1SQCAPCHK141203[0]",
    "stimulus_duration": 7.819995,
    "stimulus_interval": 0.2,
    "stimulus_name": "Square - 0.5ms Subthreshold",
    "stimulus_relative_amplitude": 1.0,
    "stimulus_start_time": 0.12,
    "stimulus_units": "pA",
    "sweep_number": 59,
    "vm_delta_mv": 0.0291748046875
  },
  {
    "bridge_balance_mohm": 16.3614158630371,
    "id": 396377239,
    "leak_pa": 0.0,
    "num_spikes": 2,
    "peak_deflection": 0.0,
    "post_noise_rms_mv": 0.042216032743454,
    "post_vm_mv": -78.0156326293945,
    "pre_noise_rms_mv": 0.0421942137181759,
    "pre_vm_mv": -77.7261581420898,
    "slow_noise_rms_mv": 0.187444433569908,
    "slow_vm_mv": -77.7261581420898,
    "specimen_id": 324466858,
    "stimulus_absolute_amplitude": 149.999998533268,
    "stimulus_description": "C1LSCOARSE150112[13]",
    "stimulus_duration": 0.999995,
    "stimulus_interval": 0.0,
    "stimulus_name": "Long Square",
    "stimulus_relative_amplitude": 1.0,
    "stimulus_start_time": 0.92,
    "stimulus_units": "pA",
    "sweep_number": 44,
    "vm_delta_mv": 0.289474487304688
  },
  {
    "bridge_balance_mohm": 13.7362642288208,
    "id": 396377305,
    "leak_pa": 0.0,
    "num_spikes": 184,
    "peak_deflection": 0.0,
    "post_noise_rms_mv": 0.0339448377490044,
    "post_vm_mv": -77.4929046630859,
    "pre_noise_rms_mv": 0.0388907380402088,
    "pre_vm_mv": -78.2412414550781,
    "slow_noise_rms_mv": 0.0819154307246208,
    "slow_vm_mv": -78.2412414550781,
    "specimen_id": 324466858,
    "stimulus_absolute_amplitude": 542.250022661506,
    "stimulus_description": "C2NSRMPRH2150120[0]",
    "stimulus_duration": 31.999975,
    "stimulus_interval": 5.0e-05,
    "stimulus_name": "Ramp to Rheobase",
    "stimulus_relative_amplitude": 1.6,
    "stimulus_start_time": 1.92002,
    "stimulus_units": "pA",
    "sweep_number": 74,
    "vm_delta_mv": 0.748336791992188
  },
  {
    "bridge_balance_mohm": 16.3614158630371,
    "id": 396377175,
    "leak_pa": 0.0,
    "num_spikes": 0,
    "peak_deflection": 0.0,
    "post_noise_rms_mv": 0.038442637771368,
    "post_vm_mv": -77.3544616699219,
    "pre_noise_rms_mv": 0.0364286452531815,
    "pre_vm_mv": -77.4864196777344,
    "slow_noise_rms_mv": 0.0771953165531158,
    "slow_vm_mv": -77.4864196777344,
    "specimen_id": 324466858,
    "stimulus_absolute_amplitude": 669.999999924897,
    "stimulus_description": "C1SSFINEST150112[0]",
    "stimulus_duration": 0.002995,
    "stimulus_interval": 0.0,
    "stimulus_name": "Short Square",
    "stimulus_relative_amplitude": 6.7,
    "stimulus_start_time": 0.92,
    "stimulus_units": "pA",
    "sweep_number": 15,
    "vm_delta_mv": 0.1319580078125
  },
  {
    "bridge_balance_mohm": 16.3614158630371,
    "id": 396377197,
    "leak_pa": 0.0,
    "num_spikes": 0,
    "peak_deflection": 0.0,
    "post_noise_rms_mv": 0.0370072908699512,
    "post_vm_mv": -77.3025436401367,
    "pre_noise_rms_mv": 0.0416527278721333,
    "pre_vm_mv": -77.1224517822266,
    "slow_noise_rms_mv": 0.151818662881851,
    "slow_vm_mv": -77.1224517822266,
    "specimen_id": 324466858,
    "stimulus_absolute_amplitude": 680.000000752301,
    "stimulus_description": "C1SSFINEST150112[0]",
    "stimulus_duration": 0.002995,
    "stimulus_interval": 0.0,
    "stimulus_name": "Short Square",
    "stimulus_relative_amplitude": 6.8,
    "stimulus_start_time": 0.92,
    "stimulus_units": "pA",
    "sweep_number": 25,
    "vm_delta_mv": 0.180091857910156
  },
  {
    "bridge_balance_mohm": 16.3614158630371,
    "id": 396377173,
    "leak_pa": 0.0,
    "num_spikes": 0,
    "peak_deflection": 0.0,
    "post_noise_rms_mv": 0.0412194319069386,
    "post_vm_mv": -77.5861663818359,
    "pre_noise_rms_mv": 0.0391236804425716,
    "pre_vm_mv": -77.5747909545898,
    "slow_noise_rms_mv": 0.13253627717495,
    "slow_vm_mv": -77.5747909545898,
    "specimen_id": 324466858,
    "stimulus_absolute_amplitude": 649.99999827009,
    "stimulus_description": "C1SSFINEST150112[0]",
    "stimulus_duration": 0.002995,
    "stimulus_interval": 0.0,
    "stimulus_name": "Short Square",
    "stimulus_relative_amplitude": 6.5,
    "stimulus_start_time": 0.92,
    "stimulus_units": "pA",
    "sweep_number": 14,
    "vm_delta_mv": 0.0113754272460938
  },
  {
    "bridge_balance_mohm": 13.7362642288208,
    "id": 396377345,
    "leak_pa": 0.0,
    "num_spikes": 2,
    "peak_deflection": 0.0,
    "post_noise_rms_mv": 0.0496681295335293,
    "post_vm_mv": -77.8040084838867,
    "pre_noise_rms_mv": 0.0416016094386578,
    "pre_vm_mv": -77.8124008178711,
    "slow_noise_rms_mv": 0.0957685336470604,
    "slow_vm_mv": -77.8124008178711,
    "specimen_id": 324466858,
    "stimulus_absolute_amplitude": 690.000001579705,
    "stimulus_description": "C2SSTRIPLE141203[0]",
    "stimulus_duration": 0.016995,
    "stimulus_interval": 0.004,
    "stimulus_name": "Short Square - Triple",
    "stimulus_relative_amplitude": 6.9,
    "stimulus_start_time": 1.92,
    "stimulus_units": "pA",
    "sweep_number": 92,
    "vm_delta_mv": 0.008392333984375
  },
  {
    "bridge_balance_mohm": 16.3614158630371,
    "id": 396377245,
    "leak_pa": 0.0,
    "num_spikes": 17,
    "peak_deflection": 0.0,
    "post_noise_rms_mv": 0.0352883376181126,
    "post_vm_mv": -78.5349426269531,
    "pre_noise_rms_mv": 0.0401020497083664,
    "pre_vm_mv": -77.8068923950195,
    "slow_noise_rms_mv": 0.179688811302185,
    "slow_vm_mv": -77.8068923950195,
    "specimen_id": 324466858,
    "stimulus_absolute_amplitude": 210.00000349769,
    "stimulus_description": "C1LSCOARSE150112[16]",
    "stimulus_duration": 0.999995,
    "stimulus_interval": 0.0,
    "stimulus_name": "Long Square",
    "stimulus_relative_amplitude": 1.0,
    "stimulus_start_time": 0.92,
    "stimulus_units": "pA",
    "sweep_number": 47,
    "vm_delta_mv": 0.728050231933594
  },
  {
    "bridge_balance_mohm": 13.7362642288208,
    "id": 396377349,
    "leak_pa": 0.0,
    "num_spikes": 3,
    "peak_deflection": 0.0,
    "post_noise_rms_mv": 0.0390402302145958,
    "post_vm_mv": -77.3252258300781,
    "pre_noise_rms_mv": 0.0394047684967518,
    "pre_vm_mv": -77.561767578125,
    "slow_noise_rms_mv": 0.146171972155571,
    "slow_vm_mv": -77.561767578125,
    "specimen_id": 324466858,
    "stimulus_absolute_amplitude": 690.000001579705,
    "stimulus_description": "C2SSTRIPLE141203[2]",
    "stimulus_duration": 0.032995,
    "stimulus_interval": 0.012,
    "stimulus_name": "Short Square - Triple",
    "stimulus_relative_amplitude": 6.9,
    "stimulus_start_time": 1.92,
    "stimulus_units": "pA",
    "sweep_number": 94,
    "vm_delta_mv": 0.236541748046875
  },
  {
    "bridge_balance_mohm": 16.3614158630371,
    "id": 396377237,
    "leak_pa": 0.0,
    "num_spikes": 1,
    "peak_deflection": 0.0,
    "post_noise_rms_mv": 0.0447562299668789,
    "post_vm_mv": -77.7782363891602,
    "pre_noise_rms_mv": 0.0316116884350777,
    "pre_vm_mv": -77.9060821533203,
    "slow_noise_rms_mv": 0.257634878158569,
    "slow_vm_mv": -77.9060821533203,
    "specimen_id": 324466858,
    "stimulus_absolute_amplitude": 129.99999687846,
    "stimulus_description": "C1LSCOARSE150112[12]",
    "stimulus_duration": 0.999995,
    "stimulus_interval": 0.0,
    "stimulus_name": "Long Square",
    "stimulus_relative_amplitude": 1.0,
    "stimulus_start_time": 0.92,
    "stimulus_units": "pA",
    "sweep_number": 43,
    "vm_delta_mv": 0.127845764160156
  },
  {
    "bridge_balance_mohm": 13.7362642288208,
    "id": 396377303,
    "leak_pa": 0.0,
    "num_spikes": 185,
    "peak_deflection": 0.0,
    "post_noise_rms_mv": 0.0423649959266186,
    "post_vm_mv": -77.6249084472656,
    "pre_noise_rms_mv": 0.0309874508529902,
    "pre_vm_mv": -77.9491119384766,
    "slow_noise_rms_mv": 0.109560467302799,
    "slow_vm_mv": -77.9491119384766,
    "specimen_id": 324466858,
    "stimulus_absolute_amplitude": 542.250022661506,
    "stimulus_description": "C2NSRMPRH2150120[0]",
    "stimulus_duration": 31.999975,
    "stimulus_interval": 5.0e-05,
    "stimulus_name": "Ramp to Rheobase",
    "stimulus_relative_amplitude": 1.6,
    "stimulus_start_time": 1.92002,
    "stimulus_units": "pA",
    "sweep_number": 73,
    "vm_delta_mv": 0.324203491210938
  },
  {
    "bridge_balance_mohm": 13.7362642288208,
    "id": 396377309,
    "leak_pa": 0.0,
    "num_spikes": 2,
    "peak_deflection": 0.0,
    "post_noise_rms_mv": 0.0338947921991348,
    "post_vm_mv": -78.0224914550781,
    "pre_noise_rms_mv": 0.0408806279301643,
    "pre_vm_mv": -78.1928939819336,
    "slow_noise_rms_mv": 0.110651291906834,
    "slow_vm_mv": -78.1928939819336,
    "specimen_id": 324466858,
    "stimulus_absolute_amplitude": 690.000001579705,
    "stimulus_description": "C2SSTRIPLE141203[0]",
    "stimulus_duration": 0.016995,
    "stimulus_interval": 0.004,
    "stimulus_name": "Short Square - Triple",
    "stimulus_relative_amplitude": 6.9,
    "stimulus_start_time": 1.92,
    "stimulus_units": "pA",
    "sweep_number": 76,
    "vm_delta_mv": 0.170402526855469
  },
  {
    "bridge_balance_mohm": 13.7362642288208,
    "id": 396377357,
    "leak_pa": 0.0,
    "num_spikes": 2,
    "peak_deflection": 0.0,
    "post_noise_rms_mv": 0.049340195953846,
    "post_vm_mv": -77.5604934692383,
    "pre_noise_rms_mv": 0.041362427175045,
    "pre_vm_mv": -77.5849380493164,
    "slow_noise_rms_mv": 0.0805100128054619,
    "slow_vm_mv": -77.5849380493164,
    "specimen_id": 324466858,
    "stimulus_absolute_amplitude": 690.000001579705,
    "stimulus_description": "C2SSTRIPLE141203[6]",
    "stimulus_duration": 0.064995,
    "stimulus_interval": 0.028,
    "stimulus_name": "Short Square - Triple",
    "stimulus_relative_amplitude": 6.9,
    "stimulus_start_time": 1.92,
    "stimulus_units": "pA",
    "sweep_number": 98,
    "vm_delta_mv": 0.024444580078125
  },
  {
    "bridge_balance_mohm": 16.3614158630371,
    "id": 396377215,
    "leak_pa": 0.0,
    "num_spikes": 0,
    "peak_deflection": -92.78125,
    "post_noise_rms_mv": 0.0425786711275578,
    "post_vm_mv": -77.0642318725586,
    "pre_noise_rms_mv": 0.0319340713322163,
    "pre_vm_mv": -77.9585571289062,
    "slow_noise_rms_mv": 0.15061354637146,
    "slow_vm_mv": -77.9585571289062,
    "specimen_id": 324466858,
    "stimulus_absolute_amplitude": -69.9999988529321,
    "stimulus_description": "C1LSCOARSE150112[2]",
    "stimulus_duration": 0.999995,
    "stimulus_interval": 0.0,
    "stimulus_name": "Long Square",
    "stimulus_relative_amplitude": 1.0,
    "stimulus_start_time": 0.92,
    "stimulus_units": "pA",
    "sweep_number": 33,
    "vm_delta_mv": 0.894325256347656
  },
  {
    "bridge_balance_mohm": 13.7362642288208,
    "id": 396377283,
    "leak_pa": 0.0,
    "num_spikes": 1,
    "peak_deflection": 0.0,
    "post_noise_rms_mv": 0.0328192561864853,
    "post_vm_mv": -77.4986877441406,
    "pre_noise_rms_mv": 0.0416806899011135,
    "pre_vm_mv": -77.7530212402344,
    "slow_noise_rms_mv": 0.134920358657837,
    "slow_vm_mv": -77.7530212402344,
    "specimen_id": 324466858,
    "stimulus_absolute_amplitude": 159.999999360672,
    "stimulus_description": "C2SQRHELNG150112[0]",
    "stimulus_duration": 1.999995,
    "stimulus_interval": 0.0,
    "stimulus_name": "Square - 2s Suprathreshold",
    "stimulus_relative_amplitude": 1.6,
    "stimulus_start_time": 0.92,
    "stimulus_units": "pA",
    "sweep_number": 64,
    "vm_delta_mv": 0.25433349609375
  },
  {
    "bridge_balance_mohm": 16.3614158630371,
    "id": 396377199,
    "leak_pa": 0.0,
    "num_spikes": 1,
    "peak_deflection": 0.0,
    "post_noise_rms_mv": 0.0370648689568043,
    "post_vm_mv": -77.7608184814453,
    "pre_noise_rms_mv": 0.0403188802301884,
    "pre_vm_mv": -77.6242752075195,
    "slow_noise_rms_mv": 0.123778469860554,
    "slow_vm_mv": -77.6242752075195,
    "specimen_id": 324466858,
    "stimulus_absolute_amplitude": 690.000001579705,
    "stimulus_description": "C1SSFINEST150112[0]",
    "stimulus_duration": 0.002995,
    "stimulus_interval": 0.0,
    "stimulus_name": "Short Square",
    "stimulus_relative_amplitude": 6.9,
    "stimulus_start_time": 0.92,
    "stimulus_units": "pA",
    "sweep_number": 26,
    "vm_delta_mv": 0.136543273925781
  },
  {
    "bridge_balance_mohm": 13.7362642288208,
    "id": 396377347,
    "leak_pa": 0.0,
    "num_spikes": 2,
    "peak_deflection": 0.0,
    "post_noise_rms_mv": 0.0392622388899326,
    "post_vm_mv": -77.5047225952148,
    "pre_noise_rms_mv": 0.0425649881362915,
    "pre_vm_mv": -77.6948013305664,
    "slow_noise_rms_mv": 0.109250605106354,
    "slow_vm_mv": -77.6948013305664,
    "specimen_id": 324466858,
    "stimulus_absolute_amplitude": 690.000001579705,
    "stimulus_description": "C2SSTRIPLE141203[1]",
    "stimulus_duration": 0.024995,
    "stimulus_interval": 0.008,
    "stimulus_name": "Short Square - Triple",
    "stimulus_relative_amplitude": 6.9,
    "stimulus_start_time": 1.92,
    "stimulus_units": "pA",
    "sweep_number": 93,
    "vm_delta_mv": 0.190078735351562
  },
  {
    "bridge_balance_mohm": 13.7362642288208,
    "id": 396377355,
    "leak_pa": 0.0,
    "num_spikes": 2,
    "peak_deflection": 0.0,
    "post_noise_rms_mv": 0.0423057898879051,
    "post_vm_mv": -77.8845520019531,
    "pre_noise_rms_mv": 0.0311348866671324,
    "pre_vm_mv": -77.8938522338867,
    "slow_noise_rms_mv": 0.0829397216439247,
    "slow_vm_mv": -77.8938522338867,
    "specimen_id": 324466858,
    "stimulus_absolute_amplitude": 690.000001579705,
    "stimulus_description": "C2SSTRIPLE141203[5]",
    "stimulus_duration": 0.056995,
    "stimulus_interval": 0.024,
    "stimulus_name": "Short Square - Triple",
    "stimulus_relative_amplitude": 6.9,
    "stimulus_start_time": 1.92,
    "stimulus_units": "pA",
    "sweep_number": 97,
    "vm_delta_mv": 0.00930023193359375
  },
  {
    "bridge_balance_mohm": 16.3614158630371,
    "id": 396377169,
    "leak_pa": 0.0,
    "num_spikes": 0,
    "peak_deflection": 0.0,
    "post_noise_rms_mv": 0.0396275743842125,
    "post_vm_mv": -77.4672164916992,
    "pre_noise_rms_mv": 0.042748685926199,
    "pre_vm_mv": -77.5045318603516,
    "slow_noise_rms_mv": 0.156957566738129,
    "slow_vm_mv": -77.5045318603516,
    "specimen_id": 324466858,
    "stimulus_absolute_amplitude": 599.999994133071,
    "stimulus_description": "C1SSCOARSE150112[5]",
    "stimulus_duration": 0.002995,
    "stimulus_interval": 0.0,
    "stimulus_name": "Short Square",
    "stimulus_relative_amplitude": 1.0,
    "stimulus_start_time": 0.92,
    "stimulus_units": "pA",
    "sweep_number": 12,
    "vm_delta_mv": 0.0373153686523438
  },
  {
    "bridge_balance_mohm": 16.3614158630371,
    "id": 396377241,
    "leak_pa": 0.0,
    "num_spikes": 5,
    "peak_deflection": 0.0,
    "post_noise_rms_mv": 0.0408744737505913,
    "post_vm_mv": -77.7629241943359,
    "pre_noise_rms_mv": 0.0356015935540199,
    "pre_vm_mv": -77.0735473632812,
    "slow_noise_rms_mv": 0.200930669903755,
    "slow_vm_mv": -77.0735473632812,
    "specimen_id": 324466858,
    "stimulus_absolute_amplitude": 170.000000188075,
    "stimulus_description": "C1LSCOARSE150112[14]",
    "stimulus_duration": 0.999995,
    "stimulus_interval": 0.0,
    "stimulus_name": "Long Square",
    "stimulus_relative_amplitude": 1.0,
    "stimulus_start_time": 0.92,
    "stimulus_units": "pA",
    "sweep_number": 45,
    "vm_delta_mv": 0.689376831054688
  },
  {
    "bridge_balance_mohm": 16.3614158630371,
    "id": 396377171,
    "leak_pa": 0.0,
    "num_spikes": 1,
    "peak_deflection": 0.0,
    "post_noise_rms_mv": 0.0315060392022133,
    "post_vm_mv": -77.1551284790039,
    "pre_noise_rms_mv": 0.0402480028569698,
    "pre_vm_mv": -77.533317565918,
    "slow_noise_rms_mv": 0.165482684969902,
    "slow_vm_mv": -77.533317565918,
    "specimen_id": 324466858,
    "stimulus_absolute_amplitude": 700.000002407108,
    "stimulus_description": "C1SSCOARSE150112[6]",
    "stimulus_duration": 0.002995,
    "stimulus_interval": 0.0,
    "stimulus_name": "Short Square",
    "stimulus_relative_amplitude": 1.0,
    "stimulus_start_time": 0.92,
    "stimulus_units": "pA",
    "sweep_number": 13,
    "vm_delta_mv": 0.378189086914062
  },
  {
    "bridge_balance_mohm": 13.7362642288208,
    "id": 396377337,
    "leak_pa": 0.0,
    "num_spikes": 2,
    "peak_deflection": 0.0,
    "post_noise_rms_mv": 0.0370704531669617,
    "post_vm_mv": -77.9116287231445,
    "pre_noise_rms_mv": 0.0338298231363297,
    "pre_vm_mv": -77.9910354614258,
    "slow_noise_rms_mv": 0.085710421204567,
    "slow_vm_mv": -77.9910354614258,
    "specimen_id": 324466858,
    "stimulus_absolute_amplitude": 690.000001579705,
    "stimulus_description": "C2SSTRIPLE141203[5]",
    "stimulus_duration": 0.056995,
    "stimulus_interval": 0.024,
    "stimulus_name": "Short Square - Triple",
    "stimulus_relative_amplitude": 6.9,
    "stimulus_start_time": 1.92,
    "stimulus_units": "pA",
    "sweep_number": 89,
    "vm_delta_mv": 0.07940673828125
  },
  {
    "bridge_balance_mohm": 16.3614158630371,
    "id": 396377243,
    "leak_pa": 0.0,
    "num_spikes": 8,
    "peak_deflection": 0.0,
    "post_noise_rms_mv": 0.0378244705498219,
    "post_vm_mv": -77.5962066650391,
    "pre_noise_rms_mv": 0.0394044257700443,
    "pre_vm_mv": -77.9066696166992,
    "slow_noise_rms_mv": 0.229793086647987,
    "slow_vm_mv": -77.9066696166992,
    "specimen_id": 324466858,
    "stimulus_absolute_amplitude": 190.000001842883,
    "stimulus_description": "C1LSCOARSE150112[15]",
    "stimulus_duration": 0.999995,
    "stimulus_interval": 0.0,
    "stimulus_name": "Long Square",
    "stimulus_relative_amplitude": 1.0,
    "stimulus_start_time": 0.92,
    "stimulus_units": "pA",
    "sweep_number": 46,
    "vm_delta_mv": 0.310462951660156
  }
]