[
  {
    "bridge_balance_mohm": 18.9255180358887,
    "id": 396316809,
    "leak_pa": 0.0,
    "num_spikes": 0,
    "peak_deflection": -108.125,
    "post_noise_rms_mv": 0.0391082093119621,
    "post_vm_mv": -73.2068786621094,
    "pre_noise_rms_mv": 0.0411288142204285,
    "pre_vm_mv": -73.3403472900391,
    "slow_noise_rms_mv": 0.220292627811432,
    "slow_vm_mv": -73.3403472900391,
    "specimen_id": 314900022,
    "stimulus_absolute_amplitude": -110.000002162547,
    "stimulus_description": "C1LSCOARSE141203[0]",
    "stimulus_duration": 0.999995,
    "stimulus_interval": 0.0,
    "stimulus_name": "Long Square",
    "stimulus_relative_amplitude": 1.0,
    "stimulus_start_time": 0.92,
    "stimulus_units": "pA",
    "sweep_number": 24,
    "vm_delta_mv": 0.133468627929688
  },
  {
    "bridge_balance_mohm": 18.9255180358887,
    "id": 396316944,
    "leak_pa": 0.0,
    "num_spikes": 10,
    "peak_deflection": 0.0,
    "post_noise_rms_mv": 0.0378324538469315,
    "post_vm_mv": -72.8914642333984,
    "pre_noise_rms_mv": 0.0568056553602219,
    "pre_vm_mv": -72.146728515625,
    "slow_noise_rms_mv": 0.361510217189789,
    "slow_vm_mv": -72.146728515625,
    "specimen_id": 314900022,
    "stimulus_absolute_amplitude": 170.000000188075,
    "stimulus_description": "C2SQRHELNG141203[0]",
    "stimulus_duration": 1.999995,
    "stimulus_interval": 0.0,
    "stimulus_name": "Square - 2s Suprathreshold",
    "stimulus_relative_amplitude": 1.7,
    "stimulus_start_time": 0.92,
    "stimulus_units": "pA",
    "sweep_number": 63,
    "vm_delta_mv": 0.744735717773438
  },
  {
    "bridge_balance_mohm": 0.0,
    "id": 396316966,
    "leak_pa": 0.0,
    "num_spikes": 0,
    "peak_deflection": 0.0,
    "post_noise_rms_mv": 0.0,
    "post_vm_mv": 0.0,
    "pre_noise_rms_mv": 0.0,
    "pre_vm_mv": 0.0,
    "slow_noise_rms_mv": 0.0,
    "slow_vm_mv": 0.0,
    "specimen_id": 314900022,
    "stimulus_absolute_amplitude": 9.99999977648258,
    "stimulus_description": "EXTPGGAEND141203[0]",
    "stimulus_duration": 0.069995,
    "stimulus_interval": 0.05,
    "stimulus_name": "Test",
    "stimulus_relative_amplitude": 1.0,
    "stimulus_start_time": 0.03,
    "stimulus_units": "mV",
    "sweep_number": 68,
    "vm_delta_mv": 0.0
  },
  {
    "bridge_balance_mohm": 18.9255180358887,
    "id": 396316889,
    "leak_pa": 0.0,
    "num_spikes": 29,
    "peak_deflection": 0.0,
    "post_noise_rms_mv": 0.0401628352701664,
    "post_vm_mv": -72.2511138916016,
    "pre_noise_rms_mv": 0.0341228507459164,
    "pre_vm_mv": -71.9744567871094,
    "slow_noise_rms_mv": 0.263017565011978,
    "slow_vm_mv": -71.9744567871094,
    "specimen_id": 314900022,
    "stimulus_absolute_amplitude": 141.500006156647,
    "stimulus_description": "C1NSSEED_2141203[0]",
    "stimulus_duration": 18.999995,
    "stimulus_interval": 5.0,
    "stimulus_name": "Noise 2",
    "stimulus_relative_amplitude": 0.6,
    "stimulus_start_time": 1.92,
    "stimulus_units": "pA",
    "sweep_number": 44,
    "vm_delta_mv": 0.276657104492188
  },
  {
    "bridge_balance_mohm": 18.9255180358887,
    "id": 396316927,
    "leak_pa": 0.0,
    "num_spikes": 2,
    "peak_deflection": 0.0,
    "post_noise_rms_mv": 0.0392881371080875,
    "post_vm_mv": -73.8356323242188,
    "pre_noise_rms_mv": 0.041924599558115,
    "pre_vm_mv": -73.0602722167969,
    "slow_noise_rms_mv": 0.277670949697495,
    "slow_vm_mv": -73.0602722167969,
    "specimen_id": 314900022,
    "stimulus_absolute_amplitude": 129.99999687846,
    "stimulus_description": "C2SQRHELNG141203[0]",
    "stimulus_duration": 1.999995,
    "stimulus_interval": 0.0,
    "stimulus_name": "Square - 2s Suprathreshold",
    "stimulus_relative_amplitude": 1.3,
    "stimulus_start_time": 0.92,
    "stimulus_units": "pA",
    "sweep_number": 58,
    "vm_delta_mv": 0.775360107421875
  },
  {
    "bridge_balance_mohm": 18.9255180358887,
    "id": 396316873,
    "leak_pa": 0.0,
    "num_spikes": 36,
    "peak_deflection": 0.0,
    "post_noise_rms_mv": 0.0423275530338287,
    "post_vm_mv": -72.8104629516602,
    "pre_noise_rms_mv": 0.0387110188603401,
    "pre_vm_mv": -71.939826965332,
    "slow_noise_rms_mv": 0.237040624022484,
    "slow_vm_mv": -71.939826965332,
    "specimen_id": 314900022,
    "stimulus_absolute_amplitude": 190.000001842883,
    "stimulus_description": "C1LSCOARSE141203[15]",
    "stimulus_duration": 0.999995,
    "stimulus_interval": 0.0,
    "stimulus_name": "Long Square",
    "stimulus_relative_amplitude": 1.0,
    "stimulus_start_time": 0.92,
    "stimulus_units": "pA",
    "sweep_number": 39,
    "vm_delta_mv": 0.870635986328125
  },
  {
    "bridge_balance_mohm": 0.0,
    "id": 396316775,
    "leak_pa": 0.0,
    "num_spikes": 0,
    "peak_deflection": 0.0,
    "post_noise_rms_mv": 0.0,
    "post_vm_mv": 0.0,
    "pre_noise_rms_mv": 0.0,
    "pre_vm_mv": 0.0,
    "slow_noise_rms_mv": 0.0,
    "slow_vm_mv": 0.0,
    "specimen_id": 314900022,
    "stimulus_absolute_amplitude": 9.99999977648258,
    "stimulus_description": "EXTPSMOKET141203[0]",
    "stimulus_duration": 0.069995,
    "stimulus_interval": 0.05,
    "stimulus_name": "Test",
    "stimulus_relative_amplitude": 1.0,
    "stimulus_start_time": 0.03,
    "stimulus_units": "mV",
    "sweep_number": 0,
    "vm_delta_mv": 0.0
  },
  {
    "bridge_balance_mohm": 0.0,
    "id": 396316968,
    "leak_pa": 0.0,
    "num_spikes": 0,
    "peak_deflection": 0.0,
    "post_noise_rms_mv": 0.0412215776741505,
    "post_vm_mv": 0.303371548652649,
    "pre_noise_rms_mv": 0.0391838364303112,
    "pre_vm_mv": 0.325215369462967,
    "slow_noise_rms_mv": 0.0488490089774132,
    "slow_vm_mv": 0.325215369462967,
    "specimen_id": 314900022,
    "stimulus_absolute_amplitude": 0.0,
    "stimulus_description": "EXTPBLWOUT141203[0]",
    "stimulus_duration": 0.0,
    "stimulus_interval": 0.0,
    "stimulus_name": "Test",
    "stimulus_relative_amplitude": 1.0,
    "stimulus_start_time": 0.0,
    "stimulus_units": "pA",
    "sweep_number": 69,
    "vm_delta_mv": 0.021843820810318
  },
  {
    "bridge_balance_mohm": 18.9255180358887,
    "id": 396316877,
    "leak_pa": 0.0,
    "num_spikes": 0,
    "peak_deflection": -45.71875,
    "post_noise_rms_mv": 0.0350652672350407,
    "post_vm_mv": -71.3666152954102,
    "pre_noise_rms_mv": 0.0368885956704617,
    "pre_vm_mv": -71.3737030029297,
    "slow_noise_rms_mv": 0.268617033958435,
    "slow_vm_mv": -71.3737030029297,
    "specimen_id": 314900022,
    "stimulus_absolute_amplitude": 39.9999998401679,
    "stimulus_description": "C1LSFINEST141203[0]",
    "stimulus_duration": 0.999995,
    "stimulus_interval": 0.0,
    "stimulus_name": "Long Square",
    "stimulus_relative_amplitude": 0.4,
    "stimulus_start_time": 0.92,
    "stimulus_units": "pA",
    "sweep_number": 40,
    "vm_delta_mv": 0.00708770751953125
  },
  {
    "bridge_balance_mohm": 18.9255180358887,
    "id": 396316828,
    "leak_pa": 0.0,
    "num_spikes": 7,
    "peak_deflection": 0.0,
    "post_noise_rms_mv": 0.0385069139301777,
    "post_vm_mv": -73.8141326904297,
    "pre_noise_rms_mv": 0.0392859540879726,
    "pre_vm_mv": -74.300178527832,
    "slow_noise_rms_mv": 0.199476838111877,
    "slow_vm_mv": -74.300178527832,
    "specimen_id": 314900022,
    "stimulus_absolute_amplitude": 50.0000006675716,
    "stimulus_description": "C1LSCOARSE141203[8]",
    "stimulus_duration": 0.999995,
    "stimulus_interval": 0.0,
    "stimulus_name": "Long Square",
    "stimulus_relative_amplitude": 1.0,
    "stimulus_start_time": 0.92,
    "stimulus_units": "pA",
    "sweep_number": 32,
    "vm_delta_mv": 0.486045837402344
  },
  {
    "bridge_balance_mohm": 18.9255180358887,
    "id": 396316820,
    "leak_pa": 0.0,
    "num_spikes": 0,
    "peak_deflection": -82.15625,
    "post_noise_rms_mv": 0.0416422598063946,
    "post_vm_mv": -77.4884796142578,
    "pre_noise_rms_mv": 0.0437909290194511,
    "pre_vm_mv": -77.2260208129883,
    "slow_noise_rms_mv": 0.122324503958225,
    "slow_vm_mv": -77.2260208129883,
    "specimen_id": 314900022,
    "stimulus_absolute_amplitude": -9.99999996004197,
    "stimulus_description": "C1LSCOARSE141203[5]",
    "stimulus_duration": 0.999995,
    "stimulus_interval": 0.0,
    "stimulus_name": "Long Square",
    "stimulus_relative_amplitude": 1.0,
    "stimulus_start_time": 0.92,
    "stimulus_units": "pA",
    "sweep_number": 29,
    "vm_delta_mv": 0.262458801269531
  },
  {
    "bridge_balance_mohm": 18.9255180358887,
    "id": 396316875,
    "leak_pa": 0.0,
    "num_spikes": 19,
    "peak_deflection": 0.0,
    "post_noise_rms_mv": 0.0,
    "post_vm_mv": 0.0,
    "pre_noise_rms_mv": 0.0414962582290173,
    "pre_vm_mv": -71.4323196411133,
    "slow_noise_rms_mv": 0.248620375990868,
    "slow_vm_mv": -71.4323196411133,
    "specimen_id": 314900022,
    "stimulus_absolute_amplitude": 800.000010681146,
    "stimulus_description": "C1RP25PR1S141203[0]",
    "stimulus_duration": 31.997495,
    "stimulus_interval": 0.0,
    "stimulus_name": "Ramp",
    "stimulus_relative_amplitude": 1.0,
    "stimulus_start_time": 0.9225,
    "stimulus_units": "pA",
    "sweep_number": 4,
    "vm_delta_mv": 0.0
  },
  {
    "bridge_balance_mohm": 18.9255180358887,
    "id": 396316779,
    "leak_pa": 0.0,
    "num_spikes": 1,
    "peak_deflection": 0.0,
    "post_noise_rms_mv": 0.0456789620220661,
    "post_vm_mv": -71.6825332641602,
    "pre_noise_rms_mv": 0.0412519350647926,
    "pre_vm_mv": -73.2282943725586,
    "slow_noise_rms_mv": 0.16953544318676,
    "slow_vm_mv": -73.2282943725586,
    "specimen_id": 314900022,
    "stimulus_absolute_amplitude": 499.999985859034,
    "stimulus_description": "C1SSCOARSE141203[4]",
    "stimulus_duration": 0.002995,
    "stimulus_interval": 0.0,
    "stimulus_name": "Short Square",
    "stimulus_relative_amplitude": 1.0,
    "stimulus_start_time": 0.92,
    "stimulus_units": "pA",
    "sweep_number": 10,
    "vm_delta_mv": 1.54576110839844
  },
  {
    "bridge_balance_mohm": 18.9255180358887,
    "id": 396316807,
    "leak_pa": 0.0,
    "num_spikes": 0,
    "peak_deflection": 0.0,
    "post_noise_rms_mv": 0.0405914261937141,
    "post_vm_mv": -72.4530639648438,
    "pre_noise_rms_mv": 0.0571768023073673,
    "pre_vm_mv": -74.023811340332,
    "slow_noise_rms_mv": 0.285424917936325,
    "slow_vm_mv": -74.023811340332,
    "specimen_id": 314900022,
    "stimulus_absolute_amplitude": 410.000006167976,
    "stimulus_description": "C1SSFINEST141203[0]",
    "stimulus_duration": 0.002995,
    "stimulus_interval": 0.0,
    "stimulus_name": "Short Square",
    "stimulus_relative_amplitude": 4.1,
    "stimulus_start_time": 0.92,
    "stimulus_units": "pA",
    "sweep_number": 23,
    "vm_delta_mv": 1.57074737548828
  },
  {
    "bridge_balance_mohm": 18.9255180358887,
    "id": 396316863,
    "leak_pa": 0.0,
    "num_spikes": 22,
    "peak_deflection": 0.0,
    "post_noise_rms_mv": 0.0378788560628891,
    "post_vm_mv": -73.7157974243164,
    "pre_noise_rms_mv": 0.0388908535242081,
    "pre_vm_mv": -73.432243347168,
    "slow_noise_rms_mv": 0.424857944250107,
    "slow_vm_mv": -73.432243347168,
    "specimen_id": 314900022,
    "stimulus_absolute_amplitude": 110.000002162547,
    "stimulus_description": "C1LSCOARSE141203[11]",
    "stimulus_duration": 0.999995,
    "stimulus_interval": 0.0,
    "stimulus_name": "Long Square",
    "stimulus_relative_amplitude": 1.0,
    "stimulus_start_time": 0.92,
    "stimulus_units": "pA",
    "sweep_number": 35,
    "vm_delta_mv": 0.283554077148438
  },
  {
    "bridge_balance_mohm": 18.9255180358887,
    "id": 396316925,
    "leak_pa": 0.0,
    "num_spikes": 1,
    "peak_deflection": 0.0,
    "post_noise_rms_mv": 0.039078775793314,
    "post_vm_mv": -73.0322494506836,
    "pre_noise_rms_mv": 0.0391027443110943,
    "pre_vm_mv": -72.7942352294922,
    "slow_noise_rms_mv": 0.230886414647102,
    "slow_vm_mv": -72.7942352294922,
    "specimen_id": 314900022,
    "stimulus_absolute_amplitude": 90.0000005077395,
    "stimulus_description": "C2SQRHELNG141203[0]",
    "stimulus_duration": 1.999995,
    "stimulus_interval": 0.0,
    "stimulus_name": "Square - 2s Suprathreshold",
    "stimulus_relative_amplitude": 0.9,
    "stimulus_start_time": 0.92,
    "stimulus_units": "pA",
    "sweep_number": 57,
    "vm_delta_mv": 0.238014221191406
  },
  {
    "bridge_balance_mohm": 18.9255180358887,
    "id": 396316865,
    "leak_pa": 0.0,
    "num_spikes": 26,
    "peak_deflection": 0.0,
    "post_noise_rms_mv": 0.0391134507954121,
    "post_vm_mv": -72.877326965332,
    "pre_noise_rms_mv": 0.0420114621520042,
    "pre_vm_mv": -72.518440246582,
    "slow_noise_rms_mv": 0.330521672964096,
    "slow_vm_mv": -72.518440246582,
    "specimen_id": 314900022,
    "stimulus_absolute_amplitude": 129.99999687846,
    "stimulus_description": "C1LSCOARSE141203[12]",
    "stimulus_duration": 0.999995,
    "stimulus_interval": 0.0,
    "stimulus_name": "Long Square",
    "stimulus_relative_amplitude": 1.0,
    "stimulus_start_time": 0.92,
    "stimulus_units": "pA",
    "sweep_number": 36,
    "vm_delta_mv": 0.35888671875
  },
  {
    "bridge_balance_mohm": 18.9255180358887,
    "id": 396316921,
    "leak_pa": 0.0,
    "num_spikes": 1,
    "peak_deflection": 0.0,
    "post_noise_rms_mv": 0.0394074209034443,
    "post_vm_mv": -73.3533172607422,
    "pre_noise_rms_mv": 0.045253824442625,
    "pre_vm_mv": -73.2594680786133,
    "slow_noise_rms_mv": 0.162385508418083,
    "slow_vm_mv": -73.2594680786133,
    "specimen_id": 314900022,
    "stimulus_absolute_amplitude": 90.0000005077395,
    "stimulus_description": "C2SQRHELNG141203[0]",
    "stimulus_duration": 1.999995,
    "stimulus_interval": 0.0,
    "stimulus_name": "Square - 2s Suprathreshold",
    "stimulus_relative_amplitude": 0.9,
    "stimulus_start_time": 0.92,
    "stimulus_units": "pA",
    "sweep_number": 55,
    "vm_delta_mv": 0.0938491821289062
  },
  {
    "bridge_balance_mohm": 18.9255180358887,
    "id": 396316793,
    "leak_pa": 0.0,
    "num_spikes": 0,
    "peak_deflection": 0.0,
    "post_noise_rms_mv": 0.0410236157476902,
    "post_vm_mv": -72.8722534179688,
    "pre_noise_rms_mv": 0.0350959710776806,
    "pre_vm_mv": -74.5350646972656,
    "slow_noise_rms_mv": 0.250943452119827,
    "slow_vm_mv": -74.5350646972656,
    "specimen_id": 314900022,
    "stimulus_absolute_amplitude": 410.000006167976,
    "stimulus_description": "C1SSFINEST141203[0]",
    "stimulus_duration": 0.002995,
    "stimulus_interval": 0.0,
    "stimulus_name": "Short Square",
    "stimulus_relative_amplitude": 4.1,
    "stimulus_start_time": 0.92,
    "stimulus_units": "pA",
    "sweep_number": 17,
    "vm_delta_mv": 1.66281127929688
  },
  {
    "bridge_balance_mohm": 18.9255180358887,
    "id": 396316789,
    "leak_pa": 0.0,
    "num_spikes": 0,
    "peak_deflection": 0.0,
    "post_noise_rms_mv": 0.048161968588829,
    "post_vm_mv": -72.2694320678711,
    "pre_noise_rms_mv": 0.0466658733785152,
    "pre_vm_mv": -73.1826400756836,
    "slow_noise_rms_mv": 0.37584000825882,
    "slow_vm_mv": -73.1826400756836,
    "specimen_id": 314900022,
    "stimulus_absolute_amplitude": 390.000004513169,
    "stimulus_description": "C1SSFINEST141203[0]",
    "stimulus_duration": 0.002995,
    "stimulus_interval": 0.0,
    "stimulus_name": "Short Square",
    "stimulus_relative_amplitude": 3.9,
    "stimulus_start_time": 0.92,
    "stimulus_units": "pA",
    "sweep_number": 15,
    "vm_delta_mv": 0.9132080078125
  },
  {
    "bridge_balance_mohm": 18.9255180358887,
    "id": 396316891,
    "leak_pa": 0.0,
    "num_spikes": 23,
    "peak_deflection": 0.0,
    "post_noise_rms_mv": 0.046596672385931,
    "post_vm_mv": -71.6328735351562,
    "pre_noise_rms_mv": 0.0401136428117752,
    "pre_vm_mv": -70.9450225830078,
    "slow_noise_rms_mv": 0.321039944887161,
    "slow_vm_mv": -70.9450225830078,
    "specimen_id": 314900022,
    "stimulus_absolute_amplitude": 139.125003184581,
    "stimulus_description": "C1NSSEED_1141203[0]",
    "stimulus_duration": 18.999995,
    "stimulus_interval": 5.0,
    "stimulus_name": "Noise 1",
    "stimulus_relative_amplitude": 0.6,
    "stimulus_start_time": 1.92,
    "stimulus_units": "pA",
    "sweep_number": 45,
    "vm_delta_mv": 0.687850952148438
  },
  {
    "bridge_balance_mohm": 18.9255180358887,
    "id": 396316860,
    "leak_pa": 0.0,
    "num_spikes": 20,
    "peak_deflection": 0.0,
    "post_noise_rms_mv": 0.0383940786123276,
    "post_vm_mv": -72.9416122436523,
    "pre_noise_rms_mv": 0.0379740558564663,
    "pre_vm_mv": -73.2524795532227,
    "slow_noise_rms_mv": 0.149786815047264,
    "slow_vm_mv": -73.2524795532227,
    "specimen_id": 314900022,
    "stimulus_absolute_amplitude": 90.0000005077395,
    "stimulus_description": "C1LSCOARSE141203[10]",
    "stimulus_duration": 0.999995,
    "stimulus_interval": 0.0,
    "stimulus_name": "Long Square",
    "stimulus_relative_amplitude": 1.0,
    "stimulus_start_time": 0.92,
    "stimulus_units": "pA",
    "sweep_number": 34,
    "vm_delta_mv": 0.310867309570312
  },
  {
    "bridge_balance_mohm": 18.9255180358887,
    "id": 396316867,
    "leak_pa": 0.0,
    "num_spikes": 29,
    "peak_deflection": 0.0,
    "post_noise_rms_mv": 0.033300556242466,
    "post_vm_mv": -73.0505294799805,
    "pre_noise_rms_mv": 0.0432776026427746,
    "pre_vm_mv": -72.1032562255859,
    "slow_noise_rms_mv": 0.271125286817551,
    "slow_vm_mv": -72.1032562255859,
    "specimen_id": 314900022,
    "stimulus_absolute_amplitude": 149.999998533268,
    "stimulus_description": "C1LSCOARSE141203[13]",
    "stimulus_duration": 0.999995,
    "stimulus_interval": 0.0,
    "stimulus_name": "Long Square",
    "stimulus_relative_amplitude": 1.0,
    "stimulus_start_time": 0.92,
    "stimulus_units": "pA",
    "sweep_number": 37,
    "vm_delta_mv": 0.947273254394531
  },
  {
    "bridge_balance_mohm": 18.9255180358887,
    "id": 396316893,
    "leak_pa": 0.0,
    "num_spikes": 28,
    "peak_deflection": 0.0,
    "post_noise_rms_mv": 0.0293894689530134,
    "post_vm_mv": -71.684326171875,
    "pre_noise_rms_mv": 0.0402482151985168,
    "pre_vm_mv": -70.1267395019531,
    "slow_noise_rms_mv": 0.356569766998291,
    "slow_vm_mv": -70.1267395019531,
    "specimen_id": 314900022,
    "stimulus_absolute_amplitude": 141.500006156647,
    "stimulus_description": "C1NSSEED_2141203[0]",
    "stimulus_duration": 18.999995,
    "stimulus_interval": 5.0,
    "stimulus_name": "Noise 2",
    "stimulus_relative_amplitude": 0.6,
    "stimulus_start_time": 1.92,
    "stimulus_units": "pA",
    "sweep_number": 46,
    "vm_delta_mv": 1.55758666992188
  },
  {
    "bridge_balance_mohm": 18.9255180358887,
    "id": 396316801,
    "leak_pa": 0.0,
    "num_spikes": 1,
    "peak_deflection": 0.0,
    "post_noise_rms_mv": 0.0413224101066589,
    "post_vm_mv": -72.3797836303711,
    "pre_noise_rms_mv": 0.0375499613583088,
    "pre_vm_mv": -74.3737030029297,
    "slow_noise_rms_mv": 0.276892364025116,
    "slow_vm_mv": -74.3737030029297,
    "specimen_id": 314900022,
    "stimulus_absolute_amplitude": 410.000006167976,
    "stimulus_description": "C1SSFINEST141203[0]",
    "stimulus_duration": 0.002995,
    "stimulus_interval": 0.0,
    "stimulus_name": "Short Square",
    "stimulus_relative_amplitude": 4.1,
    "stimulus_start_time": 0.92,
    "stimulus_units": "pA",
    "sweep_number": 20,
    "vm_delta_mv": 1.99391937255859
  },
  {
    "bridge_balance_mohm": 18.9255180358887,
    "id": 396316911,
    "leak_pa": 0.0,
    "num_spikes": 0,
    "peak_deflection": 0.0,
    "post_noise_rms_mv": 0.0396168865263462,
    "post_vm_mv": -71.5277862548828,
    "pre_noise_rms_mv": 0.0357306860387325,
    "pre_vm_mv": -71.9867630004883,
    "slow_noise_rms_mv": 0.302697777748108,
    "slow_vm_mv": -71.9867630004883,
    "specimen_id": 314900022,
    "stimulus_absolute_amplitude": 59.9999980255284,
    "stimulus_description": "C2SQRHELNG141203[0]",
    "stimulus_duration": 1.999995,
    "stimulus_interval": 0.0,
    "stimulus_name": "Square - 2s Suprathreshold",
    "stimulus_relative_amplitude": 0.6,
    "stimulus_start_time": 0.92,
    "stimulus_units": "pA",
    "sweep_number": 51,
    "vm_delta_mv": 0.458976745605469
  },
  {
    "bridge_balance_mohm": 18.9255180358887,
    "id": 396316899,
    "leak_pa": 0.0,
    "num_spikes": 21,
    "peak_deflection": 0.0,
    "post_noise_rms_mv": 0.0373555086553097,
    "post_vm_mv": -73.1293487548828,
    "pre_noise_rms_mv": 0.0408141650259495,
    "pre_vm_mv": -72.4596633911133,
    "slow_noise_rms_mv": 0.237364903092384,
    "slow_vm_mv": -72.4596633911133,
    "specimen_id": 314900022,
    "stimulus_absolute_amplitude": 141.500006156647,
    "stimulus_description": "C1NSSEED_2141203[0]",
    "stimulus_duration": 18.999995,
    "stimulus_interval": 5.0,
    "stimulus_name": "Noise 2",
    "stimulus_relative_amplitude": 0.6,
    "stimulus_start_time": 1.92,
    "stimulus_units": "pA",
    "sweep_number": 48,
    "vm_delta_mv": 0.669685363769531
  },
  {
    "bridge_balance_mohm": 18.9255180358887,
    "id": 396316937,
    "leak_pa": 0.0,
    "num_spikes": 2,
    "peak_deflection": 0.0,
    "post_noise_rms_mv": 0.0414234474301338,
    "post_vm_mv": -73.00048828125,
    "pre_noise_rms_mv": 0.0398016646504402,
    "pre_vm_mv": -72.6402130126953,
    "slow_noise_rms_mv": 0.31645005941391,
    "slow_vm_mv": -72.6402130126953,
    "specimen_id": 314900022,
    "stimulus_absolute_amplitude": 129.99999687846,
    "stimulus_description": "C2SQRHELNG141203[0]",
    "stimulus_duration": 1.999995,
    "stimulus_interval": 0.0,
    "stimulus_name": "Square - 2s Suprathreshold",
    "stimulus_relative_amplitude": 1.3,
    "stimulus_start_time": 0.92,
    "stimulus_units": "pA",
    "sweep_number": 60,
    "vm_delta_mv": 0.360275268554688
  },
  {
    "bridge_balance_mohm": 0.0,
    "id": 396316964,
    "leak_pa": 0.0,
    "num_spikes": 0,
    "peak_deflection": 0.0,
    "post_noise_rms_mv": 0.0,
    "post_vm_mv": 0.0,
    "pre_noise_rms_mv": 0.0,
    "pre_vm_mv": 0.0,
    "slow_noise_rms_mv": 0.0,
    "slow_vm_mv": 0.0,
    "specimen_id": 314900022,
    "stimulus_absolute_amplitude": 9.99999977648258,
    "stimulus_description": "EXTPEXPEND141203[0]",
    "stimulus_duration": 0.069995,
    "stimulus_interval": 0.05,
    "stimulus_name": "Test",
    "stimulus_relative_amplitude": 1.0,
    "stimulus_start_time": 0.03,
    "stimulus_units": "mV",
    "sweep_number": 67,
    "vm_delta_mv": 0.0
  },
  {
    "bridge_balance_mohm": 0.0,
    "id": 396316777,
    "leak_pa": 0.0,
    "num_spikes": 0,
    "peak_deflection": 0.0,
    "post_noise_rms_mv": 0.0,
    "post_vm_mv": 0.0,
    "pre_noise_rms_mv": 0.0,
    "pre_vm_mv": 0.0,
    "slow_noise_rms_mv": 0.0,
    "slow_vm_mv": 0.0,
    "specimen_id": 314900022,
    "stimulus_absolute_amplitude": 9.99999977648258,
    "stimulus_description": "EXTPINBATH141203[0]",
    "stimulus_duration": 0.069995,
    "stimulus_interval": 0.05,
    "stimulus_name": "Test",
    "stimulus_relative_amplitude": 1.0,
    "stimulus_start_time": 0.03,
    "stimulus_units": "mV",
    "sweep_number": 1,
    "vm_delta_mv": 0.0
  },
  {
    "bridge_balance_mohm": 18.9255180358887,
    "id": 396316812,
    "leak_pa": 0.0,
    "num_spikes": 0,
    "peak_deflection": -103.59375,
    "post_noise_rms_mv": 0.0372355245053768,
    "post_vm_mv": -72.1796722412109,
    "pre_noise_rms_mv": 0.0325116328895092,
    "pre_vm_mv": -73.2747573852539,
    "slow_noise_rms_mv": 0.757410228252411,
    "slow_vm_mv": -73.2747573852539,
    "specimen_id": 314900022,
    "stimulus_absolute_amplitude": -90.0000005077395,
    "stimulus_description": "C1LSCOARSE141203[1]",
    "stimulus_duration": 0.999995,
    "stimulus_interval": 0.0,
    "stimulus_name": "Long Square",
    "stimulus_relative_amplitude": 1.0,
    "stimulus_start_time": 0.92,
    "stimulus_units": "pA",
    "sweep_number": 25,
    "vm_delta_mv": 1.09508514404297
  },
  {
    "bridge_balance_mohm": 0.0,
    "id": 396316799,
    "leak_pa": 0.0,
    "num_spikes": 0,
    "peak_deflection": 0.0,
    "post_noise_rms_mv": 0.0,
    "post_vm_mv": 0.0,
    "pre_noise_rms_mv": 0.0,
    "pre_vm_mv": 0.0,
    "slow_noise_rms_mv": 0.0,
    "slow_vm_mv": 0.0,
    "specimen_id": 314900022,
    "stimulus_absolute_amplitude": 9.99999977648258,
    "stimulus_description": "EXTPBREAKN141203[0]",
    "stimulus_duration": 0.069995,
    "stimulus_interval": 0.05,
    "stimulus_name": "Test",
    "stimulus_relative_amplitude": 1.0,
    "stimulus_start_time": 0.03,
    "stimulus_units": "mV",
    "sweep_number": 2,
    "vm_delta_mv": 0.0
  },
  {
    "bridge_balance_mohm": 18.9255180358887,
    "id": 396316974,
    "leak_pa": 0.0,
    "num_spikes": 0,
    "peak_deflection": 0.0,
    "post_noise_rms_mv": 0.0364999286830425,
    "post_vm_mv": -72.0535202026367,
    "pre_noise_rms_mv": 0.0398833006620407,
    "pre_vm_mv": -73.0915145874023,
    "slow_noise_rms_mv": 0.364573627710342,
    "slow_vm_mv": -73.0915145874023,
    "specimen_id": 314900022,
    "stimulus_absolute_amplitude": 400.000005340573,
    "stimulus_description": "C1SSCOARSE141203[3]",
    "stimulus_duration": 0.002995,
    "stimulus_interval": 0.0,
    "stimulus_name": "Short Square",
    "stimulus_relative_amplitude": 1.0,
    "stimulus_start_time": 0.92,
    "stimulus_units": "pA",
    "sweep_number": 9,
    "vm_delta_mv": 1.03799438476562
  },
  {
    "bridge_balance_mohm": 18.9255180358887,
    "id": 396316939,
    "leak_pa": 0.0,
    "num_spikes": 9,
    "peak_deflection": 0.0,
    "post_noise_rms_mv": 0.035395160317421,
    "post_vm_mv": -73.4317779541016,
    "pre_noise_rms_mv": 0.0475441589951515,
    "pre_vm_mv": -72.7732772827148,
    "slow_noise_rms_mv": 0.363084197044373,
    "slow_vm_mv": -72.7732772827148,
    "specimen_id": 314900022,
    "stimulus_absolute_amplitude": 170.000000188075,
    "stimulus_description": "C2SQRHELNG141203[0]",
    "stimulus_duration": 1.999995,
    "stimulus_interval": 0.0,
    "stimulus_name": "Square - 2s Suprathreshold",
    "stimulus_relative_amplitude": 1.7,
    "stimulus_start_time": 0.92,
    "stimulus_units": "pA",
    "sweep_number": 61,
    "vm_delta_mv": 0.658500671386719
  },
  {
    "bridge_balance_mohm": 18.9255180358887,
    "id": 396316929,
    "leak_pa": 0.0,
    "num_spikes": 4,
    "peak_deflection": 0.0,
    "post_noise_rms_mv": 0.0410116203129292,
    "post_vm_mv": -72.8031234741211,
    "pre_noise_rms_mv": 0.0368659868836403,
    "pre_vm_mv": -72.452522277832,
    "slow_noise_rms_mv": 0.189541414380074,
    "slow_vm_mv": -72.452522277832,
    "specimen_id": 314900022,
    "stimulus_absolute_amplitude": 129.99999687846,
    "stimulus_description": "C2SQRHELNG141203[0]",
    "stimulus_duration": 1.999995,
    "stimulus_interval": 0.0,
    "stimulus_name": "Square - 2s Suprathreshold",
    "stimulus_relative_amplitude": 1.3,
    "stimulus_start_time": 0.92,
    "stimulus_units": "pA",
    "sweep_number": 59,
    "vm_delta_mv": 0.350601196289062
  },
  {
    "bridge_balance_mohm": 18.9255180358887,
    "id": 396316897,
    "leak_pa": 0.0,
    "num_spikes": 15,
    "peak_deflection": 0.0,
    "post_noise_rms_mv": 0.0395958125591278,
    "post_vm_mv": -73.137092590332,
    "pre_noise_rms_mv": 0.0376727543771267,
    "pre_vm_mv": -73.3316497802734,
    "slow_noise_rms_mv": 0.272703349590302,
    "slow_vm_mv": -73.3316497802734,
    "specimen_id": 314900022,
    "stimulus_absolute_amplitude": 139.125003184581,
    "stimulus_description": "C1NSSEED_1141203[0]",
    "stimulus_duration": 18.999995,
    "stimulus_interval": 5.0,
    "stimulus_name": "Noise 1",
    "stimulus_relative_amplitude": 0.6,
    "stimulus_start_time": 1.92,
    "stimulus_units": "pA",
    "sweep_number": 47,
    "vm_delta_mv": 0.194557189941406
  },
  {
    "bridge_balance_mohm": 18.9255180358887,
    "id": 396316901,
    "leak_pa": 0.0,
    "num_spikes": 0,
    "peak_deflection": 0.0,
    "post_noise_rms_mv": 0.0449400842189789,
    "post_vm_mv": -72.5967864990234,
    "pre_noise_rms_mv": 0.0475495755672455,
    "pre_vm_mv": -73.0248565673828,
    "slow_noise_rms_mv": 0.418277025222778,
    "slow_vm_mv": -73.0248565673828,
    "specimen_id": 314900022,
    "stimulus_absolute_amplitude": -200.000002670286,
    "stimulus_description": "C1SQCAPCHK141203[0]",
    "stimulus_duration": 7.819995,
    "stimulus_interval": 0.2,
    "stimulus_name": "Square - 0.5ms Subthreshold",
    "stimulus_relative_amplitude": 1.0,
    "stimulus_start_time": 0.12,
    "stimulus_units": "pA",
    "sweep_number": 49,
    "vm_delta_mv": 0.428070068359375
  },
  {
    "bridge_balance_mohm": 18.9255180358887,
    "id": 396316915,
    "leak_pa": 0.0,
    "num_spikes": 1,
    "peak_deflection": 0.0,
    "post_noise_rms_mv": 0.0392447076737881,
    "post_vm_mv": -72.1847152709961,
    "pre_noise_rms_mv": 0.050261739641428,
    "pre_vm_mv": -71.7331848144531,
    "slow_noise_rms_mv": 0.210170477628708,
    "slow_vm_mv": -71.7331848144531,
    "specimen_id": 314900022,
    "stimulus_absolute_amplitude": 79.9999996803358,
    "stimulus_description": "C2SQRHELNG141203[0]",
    "stimulus_duration": 1.999995,
    "stimulus_interval": 0.0,
    "stimulus_name": "Square - 2s Suprathreshold",
    "stimulus_relative_amplitude": 0.8,
    "stimulus_start_time": 0.92,
    "stimulus_units": "pA",
    "sweep_number": 53,
    "vm_delta_mv": 0.451530456542969
  },
  {
    "bridge_balance_mohm": 18.9255180358887,
    "id": 396316856,
    "leak_pa": 0.0,
    "num_spikes": 11,
    "peak_deflection": 0.0,
    "post_noise_rms_mv": 0.034459363669157,
    "post_vm_mv": -72.6621170043945,
    "pre_noise_rms_mv": 0.040891706943512,
    "pre_vm_mv": -72.6962280273438,
    "slow_noise_rms_mv": 0.201871901750565,
    "slow_vm_mv": -72.6962280273438,
    "specimen_id": 314900022,
    "stimulus_absolute_amplitude": 69.9999988529321,
    "stimulus_description": "C1LSCOARSE141203[9]",
    "stimulus_duration": 0.999995,
    "stimulus_interval": 0.0,
    "stimulus_name": "Long Square",
    "stimulus_relative_amplitude": 1.0,
    "stimulus_start_time": 0.92,
    "stimulus_units": "pA",
    "sweep_number": 33,
    "vm_delta_mv": 0.0341110229492188
  },
  {
    "bridge_balance_mohm": 18.9255180358887,
    "id": 396316783,
    "leak_pa": 0.0,
    "num_spikes": 1,
    "peak_deflection": 0.0,
    "post_noise_rms_mv": 0.0398419238626957,
    "post_vm_mv": -71.0664978027344,
    "pre_noise_rms_mv": 0.0393483266234398,
    "pre_vm_mv": -72.5604629516602,
    "slow_noise_rms_mv": 0.305993884801865,
    "slow_vm_mv": -72.5604629516602,
    "specimen_id": 314900022,
    "stimulus_absolute_amplitude": 430.000007822784,
    "stimulus_description": "C1SSFINEST141203[0]",
    "stimulus_duration": 0.002995,
    "stimulus_interval": 0.0,
    "stimulus_name": "Short Square",
    "stimulus_relative_amplitude": 4.3,
    "stimulus_start_time": 0.92,
    "stimulus_units": "pA",
    "sweep_number": 12,
    "vm_delta_mv": 1.49396514892578
  },
  {
    "bridge_balance_mohm": 18.9255180358887,
    "id": 396316795,
    "leak_pa": 0.0,
    "num_spikes": 1,
    "peak_deflection": 0.0,
    "post_noise_rms_mv": 0.0396963767707348,
    "post_vm_mv": -72.1664352416992,
    "pre_noise_rms_mv": 0.0387382581830025,
    "pre_vm_mv": -73.1862716674805,
    "slow_noise_rms_mv": 0.363972991704941,
    "slow_vm_mv": -73.1862716674805,
    "specimen_id": 314900022,
    "stimulus_absolute_amplitude": 410.000006167976,
    "stimulus_description": "C1SSFINEST141203[0]",
    "stimulus_duration": 0.002995,
    "stimulus_interval": 0.0,
    "stimulus_name": "Short Square",
    "stimulus_relative_amplitude": 4.1,
    "stimulus_start_time": 0.92,
    "stimulus_units": "pA",
    "sweep_number": 18,
    "vm_delta_mv": 1.01983642578125
  },
  {
    "bridge_balance_mohm": 18.9255180358887,
    "id": 396316923,
    "leak_pa": 0.0,
    "num_spikes": 1,
    "peak_deflection": 0.0,
    "post_noise_rms_mv": 0.0388715863227844,
    "post_vm_mv": -73.7052383422852,
    "pre_noise_rms_mv": 0.0418464876711369,
    "pre_vm_mv": -73.7188339233398,
    "slow_noise_rms_mv": 0.282779693603516,
    "slow_vm_mv": -73.7188339233398,
    "specimen_id": 314900022,
    "stimulus_absolute_amplitude": 90.0000005077395,
    "stimulus_description": "C2SQRHELNG141203[0]",
    "stimulus_duration": 1.999995,
    "stimulus_interval": 0.0,
    "stimulus_name": "Square - 2s Suprathreshold",
    "stimulus_relative_amplitude": 0.9,
    "stimulus_start_time": 0.92,
    "stimulus_units": "pA",
    "sweep_number": 56,
    "vm_delta_mv": 0.0135955810546875
  },
  {
    "bridge_balance_mohm": 18.9255180358887,
    "id": 396316879,
    "leak_pa": 0.0,
    "num_spikes": 0,
    "peak_deflection": -37.8125,
    "post_noise_rms_mv": 0.0460868589580059,
    "post_vm_mv": -71.5200576782227,
    "pre_noise_rms_mv": 0.0402529910206795,
    "pre_vm_mv": -71.4278564453125,
    "slow_noise_rms_mv": 0.247586414217949,
    "slow_vm_mv": -71.4278564453125,
    "specimen_id": 314900022,
    "stimulus_absolute_amplitude": 50.0000006675716,
    "stimulus_description": "C1LSFINEST141203[0]",
    "stimulus_duration": 0.999995,
    "stimulus_interval": 0.0,
    "stimulus_name": "Long Square",
    "stimulus_relative_amplitude": 0.5,
    "stimulus_start_time": 0.92,
    "stimulus_units": "pA",
    "sweep_number": 41,
    "vm_delta_mv": 0.0922012329101562
  },
  {
    "bridge_balance_mohm": 18.9255180358887,
    "id": 396316787,
    "leak_pa": 0.0,
    "num_spikes": 1,
    "peak_deflection": 0.0,
    "post_noise_rms_mv": 0.0386693030595779,
    "post_vm_mv": -70.9223022460938,
    "pre_noise_rms_mv": 0.045503281056881,
    "pre_vm_mv": -71.9394912719727,
    "slow_noise_rms_mv": 0.40249228477478,
    "slow_vm_mv": -71.9394912719727,
    "specimen_id": 314900022,
    "stimulus_absolute_amplitude": 410.000006167976,
    "stimulus_description": "C1SSFINEST141203[0]",
    "stimulus_duration": 0.002995,
    "stimulus_interval": 0.0,
    "stimulus_name": "Short Square",
    "stimulus_relative_amplitude": 4.1,
    "stimulus_start_time": 0.92,
    "stimulus_units": "pA",
    "sweep_number": 14,
    "vm_delta_mv": 1.01718902587891
  },
  {
    "bridge_balance_mohm": 18.9255180358887,
    "id": 396316826,
    "leak_pa": 0.0,
    "num_spikes": 0,
    "peak_deflection": -46.0625,
    "post_noise_rms_mv": 0.0351234078407288,
    "post_vm_mv": -74.4574127197266,
    "pre_noise_rms_mv": 0.0395969711244106,
    "pre_vm_mv": -74.260124206543,
    "slow_noise_rms_mv": 0.243075594305992,
    "slow_vm_mv": -74.260124206543,
    "specimen_id": 314900022,
    "stimulus_absolute_amplitude": 29.9999990127642,
    "stimulus_description": "C1LSCOARSE141203[7]",
    "stimulus_duration": 0.999995,
    "stimulus_interval": 0.0,
    "stimulus_name": "Long Square",
    "stimulus_relative_amplitude": 1.0,
    "stimulus_start_time": 0.92,
    "stimulus_units": "pA",
    "sweep_number": 31,
    "vm_delta_mv": 0.197288513183594
  },
  {
    "bridge_balance_mohm": 18.9255180358887,
    "id": 396316913,
    "leak_pa": 0.0,
    "num_spikes": 0,
    "peak_deflection": 0.0,
    "post_noise_rms_mv": 0.0391009375452995,
    "post_vm_mv": -70.5907440185547,
    "pre_noise_rms_mv": 0.049592275172472,
    "pre_vm_mv": -70.5150756835938,
    "slow_noise_rms_mv": 0.332292467355728,
    "slow_vm_mv": -70.5150756835938,
    "specimen_id": 314900022,
    "stimulus_absolute_amplitude": 69.9999988529321,
    "stimulus_description": "C2SQRHELNG141203[0]",
    "stimulus_duration": 1.999995,
    "stimulus_interval": 0.0,
    "stimulus_name": "Square - 2s Suprathreshold",
    "stimulus_relative_amplitude": 0.7,
    "stimulus_start_time": 0.92,
    "stimulus_units": "pA",
    "sweep_number": 52,
    "vm_delta_mv": 0.0756683349609375
  },
  {
    "bridge_balance_mohm": 18.9255180358887,
    "id": 396316972,
    "leak_pa": 0.0,
    "num_spikes": 0,
    "peak_deflection": 0.0,
    "post_noise_rms_mv": 0.0432636514306068,
    "post_vm_mv": -72.5811080932617,
    "pre_noise_rms_mv": 0.0499235242605209,
    "pre_vm_mv": -73.0708236694336,
    "slow_noise_rms_mv": 0.210259526968002,
    "slow_vm_mv": -73.0708236694336,
    "specimen_id": 314900022,
    "stimulus_absolute_amplitude": 299.999997066536,
    "stimulus_description": "C1SSCOARSE141203[2]",
    "stimulus_duration": 0.002995,
    "stimulus_interval": 0.0,
    "stimulus_name": "Short Square",
    "stimulus_relative_amplitude": 1.0,
    "stimulus_start_time": 0.92,
    "stimulus_units": "pA",
    "sweep_number": 8,
    "vm_delta_mv": 0.489715576171875
  },
  {
    "bridge_balance_mohm": 18.9255180358887,
    "id": 396316934,
    "leak_pa": 0.0,
    "num_spikes": 0,
    "peak_deflection": 0.0,
    "post_noise_rms_mv": 0.0353464260697365,
    "post_vm_mv": -72.1625213623047,
    "pre_noise_rms_mv": 0.04323336109519,
    "pre_vm_mv": -73.0180130004883,
    "slow_noise_rms_mv": 0.298668920993805,
    "slow_vm_mv": -73.0180130004883,
    "specimen_id": 314900022,
    "stimulus_absolute_amplitude": 100.000001335143,
    "stimulus_description": "C1SSCOARSE141203[0]",
    "stimulus_duration": 0.002995,
    "stimulus_interval": 0.0,
    "stimulus_name": "Short Square",
    "stimulus_relative_amplitude": 1.0,
    "stimulus_start_time": 0.92,
    "stimulus_units": "pA",
    "sweep_number": 6,
    "vm_delta_mv": 0.855491638183594
  },
  {
    "bridge_balance_mohm": 18.9255180358887,
    "id": 396316822,
    "leak_pa": 0.0,
    "num_spikes": 17,
    "peak_deflection": 0.0,
    "post_noise_rms_mv": 0.0,
    "post_vm_mv": 0.0,
    "pre_noise_rms_mv": 0.0380251705646515,
    "pre_vm_mv": -72.2433166503906,
    "slow_noise_rms_mv": 0.48995167016983,
    "slow_vm_mv": -72.2433166503906,
    "specimen_id": 314900022,
    "stimulus_absolute_amplitude": 800.000010681146,
    "stimulus_description": "C1RP25PR1S141203[0]",
    "stimulus_duration": 31.997495,
    "stimulus_interval": 0.0,
    "stimulus_name": "Ramp",
    "stimulus_relative_amplitude": 1.0,
    "stimulus_start_time": 0.9225,
    "stimulus_units": "pA",
    "sweep_number": 3,
    "vm_delta_mv": 0.0
  },
  {
    "bridge_balance_mohm": 18.9255180358887,
    "id": 396316917,
    "leak_pa": 0.0,
    "num_spikes": 0,
    "peak_deflection": 0.0,
    "post_noise_rms_mv": 0.041835855692625,
    "post_vm_mv": -73.2872161865234,
    "pre_noise_rms_mv": 0.0440059155225754,
    "pre_vm_mv": -73.2964324951172,
    "slow_noise_rms_mv": 0.30973619222641,
    "slow_vm_mv": -73.2964324951172,
    "specimen_id": 314900022,
    "stimulus_absolute_amplitude": 79.9999996803358,
    "stimulus_description": "C2SQRHELNG141203[0]",
    "stimulus_duration": 1.999995,
    "stimulus_interval": 0.0,
    "stimulus_name": "Square - 2s Suprathreshold",
    "stimulus_relative_amplitude": 0.8,
    "stimulus_start_time": 0.92,
    "stimulus_units": "pA",
    "sweep_number": 54,
    "vm_delta_mv": 0.00921630859375
  }
]