{"id":473862845,"name":"Biophysical - perisomatic_Scnn1a-Tg3-Cre;Ai14(IVSCC)-168093.03.01.01","neuronal_model_template_id":329230710,"specimen_id":314900022,"well_known_files":[{"attachable_id":473862845,"attachable_type":"NeuronalModel","download_link":"/api/v2/well_known_file_download/475156865","id":475156865,"path":"/external/mousecelltypes/prod312/neuronal_model_473862845/473862845_fit.json","well_known_file_type_id":329230374,"well_known_file_type":{"id":329230374,"name":"NeuronalModelParameters"}}],"neuronal_model_template":{"description":"Biophys neuronal model template","id":329230710,"name":"Biophysical - perisomatic","well_known_files":[{"attachable_id":305094322,"attachable_type":"Product","download_link":"/api/v2/well_known_file_download/395337062","id":395337062,"path":"/external/mousecelltypes/prod210/project_in vitro Single Cell Characterization_T301/Kv3_1.mod","well_known_file_type_id":292178729,"well_known_file_type":{"id":292178729,"name":"BiophysicalModelDescription"}},{"attachable_id":305094322,"attachable_type":"Product","download_link":"/api/v2/well_known_file_download/395337293","id":395337293,"path":"/external/mousecelltypes/prod210/project_in vitro Single Cell Characterization_T301/SK.mod","well_known_file_type_id":292178729,"well_known_file_type":{"id":292178729,"name":"BiophysicalModelDescription"}},{"attachable_id":305094322,"attachable_type":"Product","download_link":"/api/v2/well_known_file_download/395337054","id":395337054,"path":"/external/mousecelltypes/prod210/project_in vitro Single Cell Characterization_T301/Kd.mod","well_known_file_type_id":292178729,"well_known_file_type":{"id":292178729,"name":"BiophysicalModelDescription"}},{"attachable_id":305094322,"attachable_type":"Product","download_link":"/api/v2/well_known_file_download/395337070","id":395337070,"path":"/external/mousecelltypes/prod210/project_in vitro Single Cell Characterization_T301/NaTa.mod","well_known_file_type_id":292178729,"well_known_file_type":{"id":292178729,"name":"BiophysicalModelDescription"}},{"attachable_id":305094322,"attachable_type":"Product","download_link":"/api/v2/well_known_file_download/395337225","id":395337225,"path":"/external/mousecelltypes/prod210/project_in vitro Single Cell Characterization_T301/NaTs.mod","well_known_file_type_id":292178729,"well_known_file_type":{"id":292178729,"name":"BiophysicalModelDescription"}},{"attachable_id":305094322,"attachable_type":"Product","download_link":"/api/v2/well_known_file_download/395337019","id":395337019,"path":"/external/mousecelltypes/prod210/project_in vitro Single Cell Characterization_T301/Im.mod","well_known_file_type_id":292178729,"well_known_file_type":{"id":292178729,"name":"BiophysicalModelDescription"}},{"attachable_id":305094322,"attachable_type":"Product","download_link":"/api/v2/well_known_file_download/395337003","id":395337003,"path":"/external/mousecelltypes/prod210/project_in vitro Single Cell Characterization_T301/Ca_HVA.mod","well_known_file_type_id":292178729,"well_known_file_type":{"id":292178729,"name":"BiophysicalModelDescription"}},{"attachable_id":305094322,"attachable_type":"Product","download_link":"/api/v2/well_known_file_download/395337050","id":395337050,"path":"/external/mousecelltypes/prod210/project_in vitro Single Cell Characterization_T301/K_T.mod","well_known_file_type_id":292178729,"well_known_file_type":{"id":292178729,"name":"BiophysicalModelDescription"}},{"attachable_id":305094322,"attachable_type":"Product","download_link":"/api/v2/well_known_file_download/395337042","id":395337042,"path":"/external/mousecelltypes/prod210/project_in vitro Single Cell Characterization_T301/Im_v2.mod","well_known_file_type_id":292178729,"well_known_file_type":{"id":292178729,"name":"BiophysicalModelDescription"}},{"attachable_id":305094322,"attachable_type":"Product","download_link":"/api/v2/well_known_file_download/395337058","id":395337058,"path":"/external/mousecelltypes/prod210/project_in vitro Single Cell Characterization_T301/Kv2like.mod","well_known_file_type_id":292178729,"well_known_file_type":{"id":292178729,"name":"BiophysicalModelDescription"}},{"attachable_id":305094322,"attachable_type":"Product","download_link":"/api/v2/well_known_file_download/395337011","id":395337011,"path":"/external/mousecelltypes/prod210/project_in vitro Single Cell Characterization_T301/CaDynamics.mod","well_known_file_type_id":292178729,"well_known_file_type":{"id":292178729,"name":"BiophysicalModelDescription"}},{"attachable_id":305094322,"attachable_type":"Product","download_link":"/api/v2/well_known_file_download/395337046","id":395337046,"path":"/external/mousecelltypes/prod210/project_in vitro Single Cell Characterization_T301/K_P.mod","well_known_file_type_id":292178729,"well_known_file_type":{"id":292178729,"name":"BiophysicalModelDescription"}},{"attachable_id":305094322,"attachable_type":"Product","download_link":"/api/v2/well_known_file_download/395337015","id":395337015,"path":"/external/mousecelltypes/prod210/project_in vitro Single Cell Characterization_T301/Ih.mod","well_known_file_type_id":292178729,"well_known_file_type":{"id":292178729,"name":"BiophysicalModelDescription"}},{"attachable_id":305094322,"attachable_type":"Product","download_link":"/api/v2/well_known_file_download/395337066","id":395337066,"path":"/external/mousecelltypes/prod210/project_in vitro Single Cell Characterization_T301/Nap.mod","well_known_file_type_id":292178729,"well_known_file_type":{"id":292178729,"name":"BiophysicalModelDescription"}},{"attachable_id":305094322,"attachable_type":"Product","download_link":"/api/v2/well_known_file_download/464138096","id":464138096,"path":"/external/mousecelltypes/prod251/project_in vitro Single Cell Characterization_T301/NaV.mod","well_known_file_type_id":292178729,"well_known_file_type":{"id":292178729,"name":"BiophysicalModelDescription"}},{"attachable_id":305094322,"attachable_type":"Product","download_link":"/api/v2/well_known_file_download/395337007","id":395337007,"path":"/external/mousecelltypes/prod210/project_in vitro Single Cell Characterization_T301/Ca_LVA.mod","well_known_file_type_id":292178729,"well_known_file_type":{"id":292178729,"name":"BiophysicalModelDescription"}}]},"specimen":{"donor_id":313403638,"ephys_result_id":314899993,"external_specimen_name":null,"failed_facet":734881840,"hemisphere":"right","id":314900022,"is_cell_specimen":true,"is_ish":false,"name":"Scnn1a-Tg3-Cre;Ai14(IVSCC)-168093.03.01.01","parent_id":314810450,"parent_x_coord":0,"parent_y_coord":0,"parent_z_coord":1,"rna_integrity_number":null,"specimen_id_path":"/313403640/314803918/314810450/314900022/","sphinx_id":47551,"structure_id":721,"tissue_ph":null,"weight":9000,"neuron_reconstructions":[{"average_bifurcation_angle_local":82.2651,"average_bifurcation_angle_remote":80.9024,"average_contraction":0.891136,"average_diameter":0.424899,"average_fragmentation":38.9318,"average_parent_daughter_ratio":0.828312,"hausdorff_dimension":1.17512,"id":328874467,"max_branch_order":8.0,"max_euclidean_distance":411.175,"max_path_distance":482.472,"number_bifurcations":20,"number_branches":44,"number_nodes":1758,"number_stems":6,"number_tips":25,"overall_depth":103.41,"overall_height":463.378,"overall_width":246.074,"scale_factor_x":0.1144,"scale_factor_y":0.1144,"scale_factor_z":0.28,"soma_surface":610.486,"specimen_id":314900022,"tags":"3D Neuron Reconstruction morphology","total_length":2159.88,"total_surface":2869.99,"total_volume":363.123,"well_known_files":[{"attachable_id":328874467,"attachable_type":"NeuronReconstruction","download_link":"/api/v2/well_known_file_download/328874469","id":328874469,"path":"/external/mousecelltypes/prod149/specimen_314900022/Scnn1a-Tg3-Cre_Ai14_IVSCC_-168093.03.01.01_328874467_m.swc","well_known_file_type_id":303941301,"well_known_file_type":{"id":303941301,"name":"3DNeuronReconstruction"}}]}]}}