[
  {
    "bridge_balance_mohm": 11.4163608551025,
    "id": 469802476,
    "leak_pa": 0.0,
    "num_spikes": 15,
    "peak_deflection": 0.0,
    "post_noise_rms_mv": 0.0413295812904835,
    "post_vm_mv": -75.760498046875,
    "pre_noise_rms_mv": 0.0441928990185261,
    "pre_vm_mv": -75.9508895874023,
    "slow_noise_rms_mv": 0.120602667331696,
    "slow_vm_mv": -75.9508895874023,
    "specimen_id": 469801569,
    "stimulus_absolute_amplitude": 329.999999548747,
    "stimulus_description": "C1LSCOARSE150112[22]",
    "stimulus_duration": 0.999995,
    "stimulus_interval": 0.0,
    "stimulus_name": "Long Square",
    "stimulus_relative_amplitude": 1.0,
    "stimulus_start_time": 0.92,
    "stimulus_units": "pA",
    "sweep_number": 47,
    "vm_delta_mv": 0.190391540527344
  },
  {
    "bridge_balance_mohm": 0.0,
    "id": 469802416,
    "leak_pa": 0.0,
    "num_spikes": 0,
    "peak_deflection": 0.0,
    "post_noise_rms_mv": 0.0,
    "post_vm_mv": 0.0,
    "pre_noise_rms_mv": 0.0,
    "pre_vm_mv": 0.0,
    "slow_noise_rms_mv": 0.0,
    "slow_vm_mv": 0.0,
    "specimen_id": 469801569,
    "stimulus_absolute_amplitude": 9.99999977648258,
    "stimulus_description": "EXTPCllATT141203[0]",
    "stimulus_duration": 0.069995,
    "stimulus_interval": 0.05,
    "stimulus_name": "Test",
    "stimulus_relative_amplitude": 1.0,
    "stimulus_start_time": 0.03,
    "stimulus_units": "mV",
    "sweep_number": 2,
    "vm_delta_mv": 0.0
  },
  {
    "bridge_balance_mohm": 0.0,
    "id": 469802536,
    "leak_pa": 0.0,
    "num_spikes": 0,
    "peak_deflection": 0.0,
    "post_noise_rms_mv": 0.0437364615499973,
    "post_vm_mv": -3.40232729911804,
    "pre_noise_rms_mv": 0.0387040339410305,
    "pre_vm_mv": -3.23219227790833,
    "slow_noise_rms_mv": 0.12965789437294,
    "slow_vm_mv": -3.23219227790833,
    "specimen_id": 469801569,
    "stimulus_absolute_amplitude": 0.0,
    "stimulus_description": "EXTPBLWOUT141203[0]",
    "stimulus_duration": 0.0,
    "stimulus_interval": 0.0,
    "stimulus_name": "Test",
    "stimulus_relative_amplitude": 1.0,
    "stimulus_start_time": 0.0,
    "stimulus_units": "pA",
    "sweep_number": 74,
    "vm_delta_mv": 0.170135021209717
  },
  {
    "bridge_balance_mohm": 11.4163608551025,
    "id": 469802460,
    "leak_pa": 0.0,
    "num_spikes": 63,
    "peak_deflection": 0.0,
    "post_noise_rms_mv": 0.0,
    "post_vm_mv": 0.0,
    "pre_noise_rms_mv": 0.0381796583533287,
    "pre_vm_mv": -78.3643417358398,
    "slow_noise_rms_mv": 0.268270552158356,
    "slow_vm_mv": -78.3643417358398,
    "specimen_id": 469801569,
    "stimulus_absolute_amplitude": 800.000010681146,
    "stimulus_description": "C1RP25PR1S141203[0]",
    "stimulus_duration": 31.997495,
    "stimulus_interval": 0.0,
    "stimulus_name": "Ramp",
    "stimulus_relative_amplitude": 1.0,
    "stimulus_start_time": 0.9225,
    "stimulus_units": "pA",
    "sweep_number": 4,
    "vm_delta_mv": 0.0
  },
  {
    "bridge_balance_mohm": 11.4163608551025,
    "id": 469802502,
    "leak_pa": 0.0,
    "num_spikes": 525,
    "peak_deflection": 0.0,
    "post_noise_rms_mv": 0.0308268275111914,
    "post_vm_mv": -74.7054138183594,
    "pre_noise_rms_mv": 0.0538099966943264,
    "pre_vm_mv": -73.8500518798828,
    "slow_noise_rms_mv": 0.318294793367386,
    "slow_vm_mv": -73.8500518798828,
    "specimen_id": 469801569,
    "stimulus_absolute_amplitude": 695.374979819974,
    "stimulus_description": "C1NSSEED_1150112[0]",
    "stimulus_duration": 18.999995,
    "stimulus_interval": 5.0,
    "stimulus_name": "Noise 1",
    "stimulus_relative_amplitude": 3.0,
    "stimulus_start_time": 1.92,
    "stimulus_units": "pA",
    "sweep_number": 59,
    "vm_delta_mv": 0.855361938476562
  },
  {
    "bridge_balance_mohm": 11.4163608551025,
    "id": 469802522,
    "leak_pa": 0.0,
    "num_spikes": 153,
    "peak_deflection": 0.0,
    "post_noise_rms_mv": 0.0407829470932484,
    "post_vm_mv": -78.1069717407227,
    "pre_noise_rms_mv": 0.0471752807497978,
    "pre_vm_mv": -78.2800064086914,
    "slow_noise_rms_mv": 0.23323655128479,
    "slow_vm_mv": -78.2800064086914,
    "specimen_id": 469801569,
    "stimulus_absolute_amplitude": 340.000000376151,
    "stimulus_description": "C2SQRHELNG150112[0]",
    "stimulus_duration": 1.999995,
    "stimulus_interval": 0.0,
    "stimulus_name": "Square - 2s Suprathreshold",
    "stimulus_relative_amplitude": 3.4,
    "stimulus_start_time": 0.92,
    "stimulus_units": "pA",
    "sweep_number": 68,
    "vm_delta_mv": 0.17303466796875
  },
  {
    "bridge_balance_mohm": 11.4163608551025,
    "id": 469802488,
    "leak_pa": 0.0,
    "num_spikes": 121,
    "peak_deflection": 0.0,
    "post_noise_rms_mv": 0.0489811263978481,
    "post_vm_mv": -72.529182434082,
    "pre_noise_rms_mv": 0.0382237248122692,
    "pre_vm_mv": -71.906867980957,
    "slow_noise_rms_mv": 0.238062560558319,
    "slow_vm_mv": -71.906867980957,
    "specimen_id": 469801569,
    "stimulus_absolute_amplitude": 430.000007822784,
    "stimulus_description": "C1LSCOARSE150112[27]",
    "stimulus_duration": 0.999995,
    "stimulus_interval": 0.0,
    "stimulus_name": "Long Square",
    "stimulus_relative_amplitude": 1.0,
    "stimulus_start_time": 0.92,
    "stimulus_units": "pA",
    "sweep_number": 52,
    "vm_delta_mv": 0.622314453125
  },
  {
    "bridge_balance_mohm": 11.4163608551025,
    "id": 469802486,
    "leak_pa": 0.0,
    "num_spikes": 102,
    "peak_deflection": 0.0,
    "post_noise_rms_mv": 0.0394018292427063,
    "post_vm_mv": -75.5186996459961,
    "pre_noise_rms_mv": 0.0363707318902016,
    "pre_vm_mv": -75.5471878051758,
    "slow_noise_rms_mv": 0.149520099163055,
    "slow_vm_mv": -75.5471878051758,
    "specimen_id": 469801569,
    "stimulus_absolute_amplitude": 410.000006167976,
    "stimulus_description": "C1LSCOARSE150112[26]",
    "stimulus_duration": 0.999995,
    "stimulus_interval": 0.0,
    "stimulus_name": "Long Square",
    "stimulus_relative_amplitude": 1.0,
    "stimulus_start_time": 0.92,
    "stimulus_units": "pA",
    "sweep_number": 51,
    "vm_delta_mv": 0.0284881591796875
  },
  {
    "bridge_balance_mohm": 0.0,
    "id": 469802532,
    "leak_pa": 0.0,
    "num_spikes": 0,
    "peak_deflection": 0.0,
    "post_noise_rms_mv": 0.0,
    "post_vm_mv": 0.0,
    "pre_noise_rms_mv": 0.0,
    "pre_vm_mv": 0.0,
    "slow_noise_rms_mv": 0.0,
    "slow_vm_mv": 0.0,
    "specimen_id": 469801569,
    "stimulus_absolute_amplitude": 9.99999977648258,
    "stimulus_description": "EXTPEXPEND141203[0]",
    "stimulus_duration": 0.069995,
    "stimulus_interval": 0.05,
    "stimulus_name": "Test",
    "stimulus_relative_amplitude": 1.0,
    "stimulus_start_time": 0.03,
    "stimulus_units": "mV",
    "sweep_number": 72,
    "vm_delta_mv": 0.0
  },
  {
    "bridge_balance_mohm": 11.4163608551025,
    "id": 469802404,
    "leak_pa": 0.0,
    "num_spikes": 1,
    "peak_deflection": 0.0,
    "post_noise_rms_mv": 0.0360190719366074,
    "post_vm_mv": -77.0763320922852,
    "pre_noise_rms_mv": 0.0312170833349228,
    "pre_vm_mv": -76.8207550048828,
    "slow_noise_rms_mv": 0.114961266517639,
    "slow_vm_mv": -76.8207550048828,
    "specimen_id": 469801569,
    "stimulus_absolute_amplitude": 800.000010681146,
    "stimulus_description": "C1SSCOARSE150112[7]",
    "stimulus_duration": 0.002995,
    "stimulus_interval": 0.0,
    "stimulus_name": "Short Square",
    "stimulus_relative_amplitude": 1.0,
    "stimulus_start_time": 0.92,
    "stimulus_units": "pA",
    "sweep_number": 14,
    "vm_delta_mv": 0.255577087402344
  },
  {
    "bridge_balance_mohm": 11.4163608551025,
    "id": 469802396,
    "leak_pa": 0.0,
    "num_spikes": 0,
    "peak_deflection": 0.0,
    "post_noise_rms_mv": 0.0405108220875263,
    "post_vm_mv": -77.4872665405273,
    "pre_noise_rms_mv": 0.0370171368122101,
    "pre_vm_mv": -77.0977554321289,
    "slow_noise_rms_mv": 0.352473974227905,
    "slow_vm_mv": -77.0977554321289,
    "specimen_id": 469801569,
    "stimulus_absolute_amplitude": 400.000005340573,
    "stimulus_description": "C1SSCOARSE150112[3]",
    "stimulus_duration": 0.002995,
    "stimulus_interval": 0.0,
    "stimulus_name": "Short Square",
    "stimulus_relative_amplitude": 1.0,
    "stimulus_start_time": 0.92,
    "stimulus_units": "pA",
    "sweep_number": 10,
    "vm_delta_mv": 0.389511108398438
  },
  {
    "bridge_balance_mohm": 0.0,
    "id": 469802534,
    "leak_pa": 0.0,
    "num_spikes": 0,
    "peak_deflection": 0.0,
    "post_noise_rms_mv": 0.0,
    "post_vm_mv": 0.0,
    "pre_noise_rms_mv": 0.0,
    "pre_vm_mv": 0.0,
    "slow_noise_rms_mv": 0.0,
    "slow_vm_mv": 0.0,
    "specimen_id": 469801569,
    "stimulus_absolute_amplitude": 9.99999977648258,
    "stimulus_description": "EXTPGGAEND141203[0]",
    "stimulus_duration": 0.069995,
    "stimulus_interval": 0.05,
    "stimulus_name": "Test",
    "stimulus_relative_amplitude": 1.0,
    "stimulus_start_time": 0.03,
    "stimulus_units": "mV",
    "sweep_number": 73,
    "vm_delta_mv": 0.0
  },
  {
    "bridge_balance_mohm": 11.4163608551025,
    "id": 469802484,
    "leak_pa": 0.0,
    "num_spikes": 92,
    "peak_deflection": 0.0,
    "post_noise_rms_mv": 0.040150061249733,
    "post_vm_mv": -75.7893218994141,
    "pre_noise_rms_mv": 0.0322777517139912,
    "pre_vm_mv": -75.6958923339844,
    "slow_noise_rms_mv": 0.108010895550251,
    "slow_vm_mv": -75.6958923339844,
    "specimen_id": 469801569,
    "stimulus_absolute_amplitude": 390.000004513169,
    "stimulus_description": "C1LSCOARSE150112[25]",
    "stimulus_duration": 0.999995,
    "stimulus_interval": 0.0,
    "stimulus_name": "Long Square",
    "stimulus_relative_amplitude": 1.0,
    "stimulus_start_time": 0.92,
    "stimulus_units": "pA",
    "sweep_number": 50,
    "vm_delta_mv": 0.0934295654296875
  },
  {
    "bridge_balance_mohm": 11.4163608551025,
    "id": 469802516,
    "leak_pa": 0.0,
    "num_spikes": 2,
    "peak_deflection": 0.0,
    "post_noise_rms_mv": 0.0455309823155403,
    "post_vm_mv": -78.1429672241211,
    "pre_noise_rms_mv": 0.0495162270963192,
    "pre_vm_mv": -78.7137603759766,
    "slow_noise_rms_mv": 0.203852206468582,
    "slow_vm_mv": -78.7137603759766,
    "specimen_id": 469801569,
    "stimulus_absolute_amplitude": 299.999997066536,
    "stimulus_description": "C2SQRHELNG150112[0]",
    "stimulus_duration": 1.999995,
    "stimulus_interval": 0.0,
    "stimulus_name": "Square - 2s Suprathreshold",
    "stimulus_relative_amplitude": 3.0,
    "stimulus_start_time": 0.92,
    "stimulus_units": "pA",
    "sweep_number": 65,
    "vm_delta_mv": 0.570793151855469
  },
  {
    "bridge_balance_mohm": 11.4163608551025,
    "id": 469802508,
    "leak_pa": 0.0,
    "num_spikes": 0,
    "peak_deflection": 0.0,
    "post_noise_rms_mv": 0.0506396181881428,
    "post_vm_mv": -75.3516464233398,
    "pre_noise_rms_mv": 0.0433607622981071,
    "pre_vm_mv": -74.9361267089844,
    "slow_noise_rms_mv": 0.264098525047302,
    "slow_vm_mv": -74.9361267089844,
    "specimen_id": 469801569,
    "stimulus_absolute_amplitude": -200.000002670286,
    "stimulus_description": "C1SQCAPCHK141203[0]",
    "stimulus_duration": 7.819995,
    "stimulus_interval": 0.2,
    "stimulus_name": "Square - 0.5ms Subthreshold",
    "stimulus_relative_amplitude": 1.0,
    "stimulus_start_time": 0.12,
    "stimulus_units": "pA",
    "sweep_number": 61,
    "vm_delta_mv": 0.415519714355469
  },
  {
    "bridge_balance_mohm": 11.4163608551025,
    "id": 469802492,
    "leak_pa": 0.0,
    "num_spikes": 2,
    "peak_deflection": 0.0,
    "post_noise_rms_mv": 0.039902575314045,
    "post_vm_mv": -75.0664520263672,
    "pre_noise_rms_mv": 0.0360850729048252,
    "pre_vm_mv": -75.1155090332031,
    "slow_noise_rms_mv": 0.129942134022713,
    "slow_vm_mv": -75.1155090332031,
    "specimen_id": 469801569,
    "stimulus_absolute_amplitude": 299.999997066536,
    "stimulus_description": "C1LSFINEST150112[0]",
    "stimulus_duration": 0.999995,
    "stimulus_interval": 0.0,
    "stimulus_name": "Long Square",
    "stimulus_relative_amplitude": 3.0,
    "stimulus_start_time": 0.92,
    "stimulus_units": "pA",
    "sweep_number": 54,
    "vm_delta_mv": 0.0490570068359375
  },
  {
    "bridge_balance_mohm": 11.4163608551025,
    "id": 469802472,
    "leak_pa": 0.0,
    "num_spikes": 0,
    "peak_deflection": -42.28125,
    "post_noise_rms_mv": 0.041118536144495,
    "post_vm_mv": -75.9320983886719,
    "pre_noise_rms_mv": 0.0394850745797157,
    "pre_vm_mv": -75.9457778930664,
    "slow_noise_rms_mv": 0.14056171476841,
    "slow_vm_mv": -75.9457778930664,
    "specimen_id": 469801569,
    "stimulus_absolute_amplitude": 289.999996239132,
    "stimulus_description": "C1LSCOARSE150112[20]",
    "stimulus_duration": 0.999995,
    "stimulus_interval": 0.0,
    "stimulus_name": "Long Square",
    "stimulus_relative_amplitude": 1.0,
    "stimulus_start_time": 0.92,
    "stimulus_units": "pA",
    "sweep_number": 45,
    "vm_delta_mv": 0.0136795043945312
  },
  {
    "bridge_balance_mohm": 11.4163608551025,
    "id": 469802402,
    "leak_pa": 0.0,
    "num_spikes": 1,
    "peak_deflection": 0.0,
    "post_noise_rms_mv": 0.043538186699152,
    "post_vm_mv": -76.6047973632812,
    "pre_noise_rms_mv": 0.0403783805668354,
    "pre_vm_mv": -76.5457763671875,
    "slow_noise_rms_mv": 0.115392006933689,
    "slow_vm_mv": -76.5457763671875,
    "specimen_id": 469801569,
    "stimulus_absolute_amplitude": 700.000002407108,
    "stimulus_description": "C1SSCOARSE150112[6]",
    "stimulus_duration": 0.002995,
    "stimulus_interval": 0.0,
    "stimulus_name": "Short Square",
    "stimulus_relative_amplitude": 1.0,
    "stimulus_start_time": 0.92,
    "stimulus_units": "pA",
    "sweep_number": 13,
    "vm_delta_mv": 0.05902099609375
  },
  {
    "bridge_balance_mohm": 11.4163608551025,
    "id": 469802520,
    "leak_pa": 0.0,
    "num_spikes": 150,
    "peak_deflection": 0.0,
    "post_noise_rms_mv": 0.0454637371003628,
    "post_vm_mv": -78.1120529174805,
    "pre_noise_rms_mv": 0.0351257026195526,
    "pre_vm_mv": -78.3735580444336,
    "slow_noise_rms_mv": 0.33309742808342,
    "slow_vm_mv": -78.3735580444336,
    "specimen_id": 469801569,
    "stimulus_absolute_amplitude": 340.000000376151,
    "stimulus_description": "C2SQRHELNG150112[0]",
    "stimulus_duration": 1.999995,
    "stimulus_interval": 0.0,
    "stimulus_name": "Square - 2s Suprathreshold",
    "stimulus_relative_amplitude": 3.4,
    "stimulus_start_time": 0.92,
    "stimulus_units": "pA",
    "sweep_number": 67,
    "vm_delta_mv": 0.261505126953125
  },
  {
    "bridge_balance_mohm": 11.4163608551025,
    "id": 469802506,
    "leak_pa": 0.0,
    "num_spikes": 517,
    "peak_deflection": 0.0,
    "post_noise_rms_mv": 0.0319473221898079,
    "post_vm_mv": -74.5640716552734,
    "pre_noise_rms_mv": 0.0390181541442871,
    "pre_vm_mv": -74.6657028198242,
    "slow_noise_rms_mv": 0.257029384374619,
    "slow_vm_mv": -74.6657028198242,
    "specimen_id": 469801569,
    "stimulus_absolute_amplitude": 707.249980802516,
    "stimulus_description": "C1NSSEED_2150112[0]",
    "stimulus_duration": 18.999995,
    "stimulus_interval": 5.0,
    "stimulus_name": "Noise 2",
    "stimulus_relative_amplitude": 3.0,
    "stimulus_start_time": 1.92,
    "stimulus_units": "pA",
    "sweep_number": 60,
    "vm_delta_mv": 0.101631164550781
  },
  {
    "bridge_balance_mohm": 11.4163608551025,
    "id": 469802498,
    "leak_pa": 0.0,
    "num_spikes": 498,
    "peak_deflection": 0.0,
    "post_noise_rms_mv": 0.0397349111735821,
    "post_vm_mv": -73.9781265258789,
    "pre_noise_rms_mv": 0.0418327413499355,
    "pre_vm_mv": -74.776252746582,
    "slow_noise_rms_mv": 0.313671082258224,
    "slow_vm_mv": -74.776252746582,
    "specimen_id": 469801569,
    "stimulus_absolute_amplitude": 695.374979819974,
    "stimulus_description": "C1NSSEED_1150112[0]",
    "stimulus_duration": 18.999995,
    "stimulus_interval": 5.0,
    "stimulus_name": "Noise 1",
    "stimulus_relative_amplitude": 3.0,
    "stimulus_start_time": 1.92,
    "stimulus_units": "pA",
    "sweep_number": 57,
    "vm_delta_mv": 0.798126220703125
  },
  {
    "bridge_balance_mohm": 11.4163608551025,
    "id": 469802400,
    "leak_pa": 0.0,
    "num_spikes": 1,
    "peak_deflection": 0.0,
    "post_noise_rms_mv": 0.0350871756672859,
    "post_vm_mv": -76.6175537109375,
    "pre_noise_rms_mv": 0.0403504967689514,
    "pre_vm_mv": -76.5689315795898,
    "slow_noise_rms_mv": 0.160381153225899,
    "slow_vm_mv": -76.5689315795898,
    "specimen_id": 469801569,
    "stimulus_absolute_amplitude": 599.999994133071,
    "stimulus_description": "C1SSCOARSE150112[5]",
    "stimulus_duration": 0.002995,
    "stimulus_interval": 0.0,
    "stimulus_name": "Short Square",
    "stimulus_relative_amplitude": 1.0,
    "stimulus_start_time": 0.92,
    "stimulus_units": "pA",
    "sweep_number": 12,
    "vm_delta_mv": 0.0486221313476562
  },
  {
    "bridge_balance_mohm": 11.4163608551025,
    "id": 469802458,
    "leak_pa": 0.0,
    "num_spikes": 0,
    "peak_deflection": -53.3750038146973,
    "post_noise_rms_mv": 0.037401307374239,
    "post_vm_mv": -77.6674575805664,
    "pre_noise_rms_mv": 0.0350564979016781,
    "pre_vm_mv": -76.9958343505859,
    "slow_noise_rms_mv": 0.300184100866318,
    "slow_vm_mv": -76.9958343505859,
    "specimen_id": 469801569,
    "stimulus_absolute_amplitude": 170.000000188075,
    "stimulus_description": "C1LSCOARSE150112[14]",
    "stimulus_duration": 0.999995,
    "stimulus_interval": 0.0,
    "stimulus_name": "Long Square",
    "stimulus_relative_amplitude": 1.0,
    "stimulus_start_time": 0.92,
    "stimulus_units": "pA",
    "sweep_number": 39,
    "vm_delta_mv": 0.671623229980469
  },
  {
    "bridge_balance_mohm": 11.4163608551025,
    "id": 469802478,
    "leak_pa": 0.0,
    "num_spikes": 70,
    "peak_deflection": 0.0,
    "post_noise_rms_mv": 0.0383976101875305,
    "post_vm_mv": -75.9068984985352,
    "pre_noise_rms_mv": 0.0395528376102448,
    "pre_vm_mv": -76.0660018920898,
    "slow_noise_rms_mv": 0.101255096495152,
    "slow_vm_mv": -76.0660018920898,
    "specimen_id": 469801569,
    "stimulus_absolute_amplitude": 350.000001203554,
    "stimulus_description": "C1LSCOARSE150112[23]",
    "stimulus_duration": 0.999995,
    "stimulus_interval": 0.0,
    "stimulus_name": "Long Square",
    "stimulus_relative_amplitude": 1.0,
    "stimulus_start_time": 0.92,
    "stimulus_units": "pA",
    "sweep_number": 48,
    "vm_delta_mv": 0.159103393554688
  },
  {
    "bridge_balance_mohm": 11.4163608551025,
    "id": 469802436,
    "leak_pa": 0.0,
    "num_spikes": 0,
    "peak_deflection": -77.4375076293945,
    "post_noise_rms_mv": 0.0368182323873043,
    "post_vm_mv": -71.5699005126953,
    "pre_noise_rms_mv": 0.0550949648022652,
    "pre_vm_mv": -71.9790420532227,
    "slow_noise_rms_mv": 0.979783058166504,
    "slow_vm_mv": -71.9790420532227,
    "specimen_id": 469801569,
    "stimulus_absolute_amplitude": -29.9999990127642,
    "stimulus_description": "C1LSCOARSE150112[4]",
    "stimulus_duration": 0.999995,
    "stimulus_interval": 0.0,
    "stimulus_name": "Long Square",
    "stimulus_relative_amplitude": 1.0,
    "stimulus_start_time": 0.92,
    "stimulus_units": "pA",
    "sweep_number": 29,
    "vm_delta_mv": 0.409141540527344
  },
  {
    "bridge_balance_mohm": 0.0,
    "id": 469802394,
    "leak_pa": 0.0,
    "num_spikes": 0,
    "peak_deflection": 0.0,
    "post_noise_rms_mv": 0.0,
    "post_vm_mv": 0.0,
    "pre_noise_rms_mv": 0.0,
    "pre_vm_mv": 0.0,
    "slow_noise_rms_mv": 0.0,
    "slow_vm_mv": 0.0,
    "specimen_id": 469801569,
    "stimulus_absolute_amplitude": 9.99999977648258,
    "stimulus_description": "EXTPINBATH141203[0]",
    "stimulus_duration": 0.069995,
    "stimulus_interval": 0.05,
    "stimulus_name": "Test",
    "stimulus_relative_amplitude": 1.0,
    "stimulus_start_time": 0.03,
    "stimulus_units": "mV",
    "sweep_number": 1,
    "vm_delta_mv": 0.0
  },
  {
    "bridge_balance_mohm": 11.4163608551025,
    "id": 469802454,
    "leak_pa": 0.0,
    "num_spikes": 0,
    "peak_deflection": -58.0000038146973,
    "post_noise_rms_mv": 0.0455436930060387,
    "post_vm_mv": -75.724723815918,
    "pre_noise_rms_mv": 0.0371597334742546,
    "pre_vm_mv": -75.5473175048828,
    "slow_noise_rms_mv": 0.286484986543655,
    "slow_vm_mv": -75.5473175048828,
    "specimen_id": 469801569,
    "stimulus_absolute_amplitude": 129.99999687846,
    "stimulus_description": "C1LSCOARSE150112[12]",
    "stimulus_duration": 0.999995,
    "stimulus_interval": 0.0,
    "stimulus_name": "Long Square",
    "stimulus_relative_amplitude": 1.0,
    "stimulus_start_time": 0.92,
    "stimulus_units": "pA",
    "sweep_number": 37,
    "vm_delta_mv": 0.177406311035156
  },
  {
    "bridge_balance_mohm": 11.4163608551025,
    "id": 469802474,
    "leak_pa": 0.0,
    "num_spikes": 2,
    "peak_deflection": 0.0,
    "post_noise_rms_mv": 0.0407843627035618,
    "post_vm_mv": -75.8550720214844,
    "pre_noise_rms_mv": 0.0413848981261253,
    "pre_vm_mv": -75.9504089355469,
    "slow_noise_rms_mv": 0.238178953528404,
    "slow_vm_mv": -75.9504089355469,
    "specimen_id": 469801569,
    "stimulus_absolute_amplitude": 309.999997893939,
    "stimulus_description": "C1LSCOARSE150112[21]",
    "stimulus_duration": 0.999995,
    "stimulus_interval": 0.0,
    "stimulus_name": "Long Square",
    "stimulus_relative_amplitude": 1.0,
    "stimulus_start_time": 0.92,
    "stimulus_units": "pA",
    "sweep_number": 46,
    "vm_delta_mv": 0.0953369140625
  },
  {
    "bridge_balance_mohm": 11.4163608551025,
    "id": 469802428,
    "leak_pa": 0.0,
    "num_spikes": 0,
    "peak_deflection": -91.0000076293945,
    "post_noise_rms_mv": 0.042858250439167,
    "post_vm_mv": -77.6591415405273,
    "pre_noise_rms_mv": 0.0399520844221115,
    "pre_vm_mv": -77.9452896118164,
    "slow_noise_rms_mv": 0.168982788920403,
    "slow_vm_mv": -77.9452896118164,
    "specimen_id": 469801569,
    "stimulus_absolute_amplitude": -110.000002162547,
    "stimulus_description": "C1LSCOARSE150112[0]",
    "stimulus_duration": 0.999995,
    "stimulus_interval": 0.0,
    "stimulus_name": "Long Square",
    "stimulus_relative_amplitude": 1.0,
    "stimulus_start_time": 0.92,
    "stimulus_units": "pA",
    "sweep_number": 25,
    "vm_delta_mv": 0.286148071289062
  },
  {
    "bridge_balance_mohm": 11.4163608551025,
    "id": 469802434,
    "leak_pa": 0.0,
    "num_spikes": 0,
    "peak_deflection": -79.4062576293945,
    "post_noise_rms_mv": 0.0428473353385925,
    "post_vm_mv": -72.5712585449219,
    "pre_noise_rms_mv": 0.0387126766145229,
    "pre_vm_mv": -71.948127746582,
    "slow_noise_rms_mv": 0.708779811859131,
    "slow_vm_mv": -71.948127746582,
    "specimen_id": 469801569,
    "stimulus_absolute_amplitude": -50.0000006675716,
    "stimulus_description": "C1LSCOARSE150112[3]",
    "stimulus_duration": 0.999995,
    "stimulus_interval": 0.0,
    "stimulus_name": "Long Square",
    "stimulus_relative_amplitude": 1.0,
    "stimulus_start_time": 0.92,
    "stimulus_units": "pA",
    "sweep_number": 28,
    "vm_delta_mv": 0.623130798339844
  },
  {
    "bridge_balance_mohm": 11.4163608551025,
    "id": 469802480,
    "leak_pa": 0.0,
    "num_spikes": 82,
    "peak_deflection": 0.0,
    "post_noise_rms_mv": 0.0360250771045685,
    "post_vm_mv": -76.1823043823242,
    "pre_noise_rms_mv": 0.0391260199248791,
    "pre_vm_mv": -76.5819396972656,
    "slow_noise_rms_mv": 0.117561794817448,
    "slow_vm_mv": -76.5819396972656,
    "specimen_id": 469801569,
    "stimulus_absolute_amplitude": 370.000002858362,
    "stimulus_description": "C1LSCOARSE150112[24]",
    "stimulus_duration": 0.999995,
    "stimulus_interval": 0.0,
    "stimulus_name": "Long Square",
    "stimulus_relative_amplitude": 1.0,
    "stimulus_start_time": 0.92,
    "stimulus_units": "pA",
    "sweep_number": 49,
    "vm_delta_mv": 0.399635314941406
  },
  {
    "bridge_balance_mohm": 11.4163608551025,
    "id": 469802420,
    "leak_pa": 0.0,
    "num_spikes": 1,
    "peak_deflection": 0.0,
    "post_noise_rms_mv": 0.0431891903281212,
    "post_vm_mv": -78.4794235229492,
    "pre_noise_rms_mv": 0.0305210724473,
    "pre_vm_mv": -77.9922332763672,
    "slow_noise_rms_mv": 0.338266640901566,
    "slow_vm_mv": -77.9922332763672,
    "specimen_id": 469801569,
    "stimulus_absolute_amplitude": 579.999992478264,
    "stimulus_description": "C1SSFINEST150112[0]",
    "stimulus_duration": 0.002995,
    "stimulus_interval": 0.0,
    "stimulus_name": "Short Square",
    "stimulus_relative_amplitude": 5.8,
    "stimulus_start_time": 0.92,
    "stimulus_units": "pA",
    "sweep_number": 21,
    "vm_delta_mv": 0.487190246582031
  },
  {
    "bridge_balance_mohm": 11.4163608551025,
    "id": 469802496,
    "leak_pa": 0.0,
    "num_spikes": 463,
    "peak_deflection": 0.0,
    "post_noise_rms_mv": 0.0442738346755505,
    "post_vm_mv": -72.4128341674805,
    "pre_noise_rms_mv": 0.0437327586114407,
    "pre_vm_mv": -73.365348815918,
    "slow_noise_rms_mv": 0.275222778320312,
    "slow_vm_mv": -73.365348815918,
    "specimen_id": 469801569,
    "stimulus_absolute_amplitude": 707.249980802516,
    "stimulus_description": "C1NSSEED_2150112[0]",
    "stimulus_duration": 18.999995,
    "stimulus_interval": 5.0,
    "stimulus_name": "Noise 2",
    "stimulus_relative_amplitude": 3.0,
    "stimulus_start_time": 1.92,
    "stimulus_units": "pA",
    "sweep_number": 56,
    "vm_delta_mv": 0.9525146484375
  },
  {
    "bridge_balance_mohm": 0.0,
    "id": 469802438,
    "leak_pa": 0.0,
    "num_spikes": 0,
    "peak_deflection": 0.0,
    "post_noise_rms_mv": 0.0,
    "post_vm_mv": 0.0,
    "pre_noise_rms_mv": 0.0,
    "pre_vm_mv": 0.0,
    "slow_noise_rms_mv": 0.0,
    "slow_vm_mv": 0.0,
    "specimen_id": 469801569,
    "stimulus_absolute_amplitude": 9.99999977648258,
    "stimulus_description": "EXTPBREAKN141203[0]",
    "stimulus_duration": 0.069995,
    "stimulus_interval": 0.05,
    "stimulus_name": "Test",
    "stimulus_relative_amplitude": 1.0,
    "stimulus_start_time": 0.03,
    "stimulus_units": "mV",
    "sweep_number": 3,
    "vm_delta_mv": 0.0
  },
  {
    "bridge_balance_mohm": 11.4163608551025,
    "id": 469802410,
    "leak_pa": 0.0,
    "num_spikes": 0,
    "peak_deflection": 0.0,
    "post_noise_rms_mv": 0.0470803193747997,
    "post_vm_mv": -80.6631927490234,
    "pre_noise_rms_mv": 0.0452859736979008,
    "pre_vm_mv": -81.534538269043,
    "slow_noise_rms_mv": 0.323321104049683,
    "slow_vm_mv": -81.534538269043,
    "specimen_id": 469801569,
    "stimulus_absolute_amplitude": 559.999990823457,
    "stimulus_description": "C1SSFINEST150112[0]",
    "stimulus_duration": 0.002995,
    "stimulus_interval": 0.0,
    "stimulus_name": "Short Square",
    "stimulus_relative_amplitude": 5.6,
    "stimulus_start_time": 0.92,
    "stimulus_units": "pA",
    "sweep_number": 17,
    "vm_delta_mv": 0.871345520019531
  },
  {
    "bridge_balance_mohm": 11.4163608551025,
    "id": 469802526,
    "leak_pa": 0.0,
    "num_spikes": 0,
    "peak_deflection": 0.0,
    "post_noise_rms_mv": 0.0370758324861526,
    "post_vm_mv": -77.4089965820312,
    "pre_noise_rms_mv": 0.043015118688345,
    "pre_vm_mv": -77.1183013916016,
    "slow_noise_rms_mv": 0.127537399530411,
    "slow_vm_mv": -77.1183013916016,
    "specimen_id": 469801569,
    "stimulus_absolute_amplitude": 100.000001335143,
    "stimulus_description": "C1SSCOARSE150112[0]",
    "stimulus_duration": 0.002995,
    "stimulus_interval": 0.0,
    "stimulus_name": "Short Square",
    "stimulus_relative_amplitude": 1.0,
    "stimulus_start_time": 0.92,
    "stimulus_units": "pA",
    "sweep_number": 7,
    "vm_delta_mv": 0.290695190429688
  },
  {
    "bridge_balance_mohm": 11.4163608551025,
    "id": 469802406,
    "leak_pa": 0.0,
    "num_spikes": 1,
    "peak_deflection": 0.0,
    "post_noise_rms_mv": 0.0353074260056019,
    "post_vm_mv": -77.2211532592773,
    "pre_noise_rms_mv": 0.0405435562133789,
    "pre_vm_mv": -77.5236587524414,
    "slow_noise_rms_mv": 0.113472007215023,
    "slow_vm_mv": -77.5236587524414,
    "specimen_id": 469801569,
    "stimulus_absolute_amplitude": 900.000018955183,
    "stimulus_description": "C1SSCOARSE150112[8]",
    "stimulus_duration": 0.002995,
    "stimulus_interval": 0.0,
    "stimulus_name": "Short Square",
    "stimulus_relative_amplitude": 1.0,
    "stimulus_start_time": 0.92,
    "stimulus_units": "pA",
    "sweep_number": 15,
    "vm_delta_mv": 0.302505493164062
  },
  {
    "bridge_balance_mohm": 11.4163608551025,
    "id": 469802528,
    "leak_pa": 0.0,
    "num_spikes": 202,
    "peak_deflection": 0.0,
    "post_noise_rms_mv": 0.0331205502152443,
    "post_vm_mv": -78.7742309570312,
    "pre_noise_rms_mv": 0.0347517877817154,
    "pre_vm_mv": -79.149772644043,
    "slow_noise_rms_mv": 0.243502378463745,
    "slow_vm_mv": -79.149772644043,
    "specimen_id": 469801569,
    "stimulus_absolute_amplitude": 380.000003685765,
    "stimulus_description": "C2SQRHELNG150112[0]",
    "stimulus_duration": 1.999995,
    "stimulus_interval": 0.0,
    "stimulus_name": "Square - 2s Suprathreshold",
    "stimulus_relative_amplitude": 3.8,
    "stimulus_start_time": 0.92,
    "stimulus_units": "pA",
    "sweep_number": 70,
    "vm_delta_mv": 0.375541687011719
  },
  {
    "bridge_balance_mohm": 11.4163608551025,
    "id": 469802456,
    "leak_pa": 0.0,
    "num_spikes": 0,
    "peak_deflection": -56.0625,
    "post_noise_rms_mv": 0.0423872172832489,
    "post_vm_mv": -77.5475082397461,
    "pre_noise_rms_mv": 0.0414138771593571,
    "pre_vm_mv": -77.7548065185547,
    "slow_noise_rms_mv": 0.175182744860649,
    "slow_vm_mv": -77.7548065185547,
    "specimen_id": 469801569,
    "stimulus_absolute_amplitude": 149.999998533268,
    "stimulus_description": "C1LSCOARSE150112[13]",
    "stimulus_duration": 0.999995,
    "stimulus_interval": 0.0,
    "stimulus_name": "Long Square",
    "stimulus_relative_amplitude": 1.0,
    "stimulus_start_time": 0.92,
    "stimulus_units": "pA",
    "sweep_number": 38,
    "vm_delta_mv": 0.207298278808594
  },
  {
    "bridge_balance_mohm": 11.4163608551025,
    "id": 469802514,
    "leak_pa": 0.0,
    "num_spikes": 2,
    "peak_deflection": 0.0,
    "post_noise_rms_mv": 0.0377762876451015,
    "post_vm_mv": -78.2053298950195,
    "pre_noise_rms_mv": 0.03575249761343,
    "pre_vm_mv": -78.4072113037109,
    "slow_noise_rms_mv": 0.247241944074631,
    "slow_vm_mv": -78.4072113037109,
    "specimen_id": 469801569,
    "stimulus_absolute_amplitude": 299.999997066536,
    "stimulus_description": "C2SQRHELNG150112[0]",
    "stimulus_duration": 1.999995,
    "stimulus_interval": 0.0,
    "stimulus_name": "Square - 2s Suprathreshold",
    "stimulus_relative_amplitude": 3.0,
    "stimulus_start_time": 0.92,
    "stimulus_units": "pA",
    "sweep_number": 64,
    "vm_delta_mv": 0.201881408691406
  },
  {
    "bridge_balance_mohm": 11.4163608551025,
    "id": 469802538,
    "leak_pa": 0.0,
    "num_spikes": 0,
    "peak_deflection": 0.0,
    "post_noise_rms_mv": 0.0371735505759716,
    "post_vm_mv": -77.0439987182617,
    "pre_noise_rms_mv": 0.0430822968482971,
    "pre_vm_mv": -76.7667541503906,
    "slow_noise_rms_mv": 0.340968251228333,
    "slow_vm_mv": -76.7667541503906,
    "specimen_id": 469801569,
    "stimulus_absolute_amplitude": 200.000002670286,
    "stimulus_description": "C1SSCOARSE150112[1]",
    "stimulus_duration": 0.002995,
    "stimulus_interval": 0.0,
    "stimulus_name": "Short Square",
    "stimulus_relative_amplitude": 1.0,
    "stimulus_start_time": 0.92,
    "stimulus_units": "pA",
    "sweep_number": 8,
    "vm_delta_mv": 0.277244567871094
  },
  {
    "bridge_balance_mohm": 11.4163608551025,
    "id": 469802504,
    "leak_pa": 0.0,
    "num_spikes": 102,
    "peak_deflection": 0.0,
    "post_noise_rms_mv": 0.0,
    "post_vm_mv": 0.0,
    "pre_noise_rms_mv": 0.0330177433788776,
    "pre_vm_mv": -78.1534805297852,
    "slow_noise_rms_mv": 0.123188748955727,
    "slow_vm_mv": -78.1534805297852,
    "specimen_id": 469801569,
    "stimulus_absolute_amplitude": 800.000010681146,
    "stimulus_description": "C1RP25PR1S141203[0]",
    "stimulus_duration": 31.997495,
    "stimulus_interval": 0.0,
    "stimulus_name": "Ramp",
    "stimulus_relative_amplitude": 1.0,
    "stimulus_start_time": 0.9225,
    "stimulus_units": "pA",
    "sweep_number": 6,
    "vm_delta_mv": 0.0
  },
  {
    "bridge_balance_mohm": 11.4163608551025,
    "id": 469802540,
    "leak_pa": 0.0,
    "num_spikes": 0,
    "peak_deflection": 0.0,
    "post_noise_rms_mv": 0.0421114452183247,
    "post_vm_mv": -77.1814270019531,
    "pre_noise_rms_mv": 0.0406366847455502,
    "pre_vm_mv": -77.1491165161133,
    "slow_noise_rms_mv": 0.115181177854538,
    "slow_vm_mv": -77.1491165161133,
    "specimen_id": 469801569,
    "stimulus_absolute_amplitude": 299.999997066536,
    "stimulus_description": "C1SSCOARSE150112[2]",
    "stimulus_duration": 0.002995,
    "stimulus_interval": 0.0,
    "stimulus_name": "Short Square",
    "stimulus_relative_amplitude": 1.0,
    "stimulus_start_time": 0.92,
    "stimulus_units": "pA",
    "sweep_number": 9,
    "vm_delta_mv": 0.0323104858398438
  },
  {
    "bridge_balance_mohm": 11.4163608551025,
    "id": 469802494,
    "leak_pa": 0.0,
    "num_spikes": 468,
    "peak_deflection": 0.0,
    "post_noise_rms_mv": 0.0413691699504852,
    "post_vm_mv": -72.8949737548828,
    "pre_noise_rms_mv": 0.0482113882899284,
    "pre_vm_mv": -73.6214752197266,
    "slow_noise_rms_mv": 0.461127609014511,
    "slow_vm_mv": -73.6214752197266,
    "specimen_id": 469801569,
    "stimulus_absolute_amplitude": 695.374979819974,
    "stimulus_description": "C1NSSEED_1150112[0]",
    "stimulus_duration": 18.999995,
    "stimulus_interval": 5.0,
    "stimulus_name": "Noise 1",
    "stimulus_relative_amplitude": 3.0,
    "stimulus_start_time": 1.92,
    "stimulus_units": "pA",
    "sweep_number": 55,
    "vm_delta_mv": 0.72650146484375
  },
  {
    "bridge_balance_mohm": 11.4163608551025,
    "id": 469802470,
    "leak_pa": 0.0,
    "num_spikes": 0,
    "peak_deflection": -43.53125,
    "post_noise_rms_mv": 0.0432252064347267,
    "post_vm_mv": -76.0276489257812,
    "pre_noise_rms_mv": 0.0388102009892464,
    "pre_vm_mv": -76.1857376098633,
    "slow_noise_rms_mv": 0.10433704406023,
    "slow_vm_mv": -76.1857376098633,
    "specimen_id": 469801569,
    "stimulus_absolute_amplitude": 269.999994584325,
    "stimulus_description": "C1LSCOARSE150112[19]",
    "stimulus_duration": 0.999995,
    "stimulus_interval": 0.0,
    "stimulus_name": "Long Square",
    "stimulus_relative_amplitude": 1.0,
    "stimulus_start_time": 0.92,
    "stimulus_units": "pA",
    "sweep_number": 44,
    "vm_delta_mv": 0.158088684082031
  },
  {
    "bridge_balance_mohm": 11.4163608551025,
    "id": 469802418,
    "leak_pa": 0.0,
    "num_spikes": 1,
    "peak_deflection": 0.0,
    "post_noise_rms_mv": 0.0614128857851028,
    "post_vm_mv": -78.0544586181641,
    "pre_noise_rms_mv": 0.0375082902610302,
    "pre_vm_mv": -78.2021026611328,
    "slow_noise_rms_mv": 0.375675201416016,
    "slow_vm_mv": -78.2021026611328,
    "specimen_id": 469801569,
    "stimulus_absolute_amplitude": 579.999992478264,
    "stimulus_description": "C1SSFINEST150112[0]",
    "stimulus_duration": 0.002995,
    "stimulus_interval": 0.0,
    "stimulus_name": "Short Square",
    "stimulus_relative_amplitude": 5.8,
    "stimulus_start_time": 0.92,
    "stimulus_units": "pA",
    "sweep_number": 20,
    "vm_delta_mv": 0.14764404296875
  },
  {
    "bridge_balance_mohm": 11.4163608551025,
    "id": 469802518,
    "leak_pa": 0.0,
    "num_spikes": 148,
    "peak_deflection": 0.0,
    "post_noise_rms_mv": 0.0455109290778637,
    "post_vm_mv": -78.3538589477539,
    "pre_noise_rms_mv": 0.045455414801836,
    "pre_vm_mv": -77.6493835449219,
    "slow_noise_rms_mv": 0.304564952850342,
    "slow_vm_mv": -77.6493835449219,
    "specimen_id": 469801569,
    "stimulus_absolute_amplitude": 340.000000376151,
    "stimulus_description": "C2SQRHELNG150112[0]",
    "stimulus_duration": 1.999995,
    "stimulus_interval": 0.0,
    "stimulus_name": "Square - 2s Suprathreshold",
    "stimulus_relative_amplitude": 3.4,
    "stimulus_start_time": 0.92,
    "stimulus_units": "pA",
    "sweep_number": 66,
    "vm_delta_mv": 0.704475402832031
  },
  {
    "bridge_balance_mohm": 11.4163608551025,
    "id": 469802482,
    "leak_pa": 0.0,
    "num_spikes": 105,
    "peak_deflection": 0.0,
    "post_noise_rms_mv": 0.0,
    "post_vm_mv": 0.0,
    "pre_noise_rms_mv": 0.0446356944739819,
    "pre_vm_mv": -79.3084869384766,
    "slow_noise_rms_mv": 0.370338410139084,
    "slow_vm_mv": -79.3084869384766,
    "specimen_id": 469801569,
    "stimulus_absolute_amplitude": 800.000010681146,
    "stimulus_description": "C1RP25PR1S141203[0]",
    "stimulus_duration": 31.997495,
    "stimulus_interval": 0.0,
    "stimulus_name": "Ramp",
    "stimulus_relative_amplitude": 1.0,
    "stimulus_start_time": 0.9225,
    "stimulus_units": "pA",
    "sweep_number": 5,
    "vm_delta_mv": 0.0
  },
  {
    "bridge_balance_mohm": 11.4163608551025,
    "id": 469802426,
    "leak_pa": 0.0,
    "num_spikes": 1,
    "peak_deflection": 0.0,
    "post_noise_rms_mv": 0.0524363480508327,
    "post_vm_mv": -77.466926574707,
    "pre_noise_rms_mv": 0.0458181276917458,
    "pre_vm_mv": -77.7980651855469,
    "slow_noise_rms_mv": 0.263756603002548,
    "slow_vm_mv": -77.7980651855469,
    "specimen_id": 469801569,
    "stimulus_absolute_amplitude": 579.999992478264,
    "stimulus_description": "C1SSFINEST150112[0]",
    "stimulus_duration": 0.002995,
    "stimulus_interval": 0.0,
    "stimulus_name": "Short Square",
    "stimulus_relative_amplitude": 5.8,
    "stimulus_start_time": 0.92,
    "stimulus_units": "pA",
    "sweep_number": 24,
    "vm_delta_mv": 0.331138610839844
  },
  {
    "bridge_balance_mohm": 11.4163608551025,
    "id": 469802530,
    "leak_pa": 0.0,
    "num_spikes": 211,
    "peak_deflection": 0.0,
    "post_noise_rms_mv": 0.0501740761101246,
    "post_vm_mv": -78.6119766235352,
    "pre_noise_rms_mv": 0.0344702862203121,
    "pre_vm_mv": -78.0708312988281,
    "slow_noise_rms_mv": 0.278106391429901,
    "slow_vm_mv": -78.0708312988281,
    "specimen_id": 469801569,
    "stimulus_absolute_amplitude": 380.000003685765,
    "stimulus_description": "C2SQRHELNG150112[0]",
    "stimulus_duration": 1.999995,
    "stimulus_interval": 0.0,
    "stimulus_name": "Square - 2s Suprathreshold",
    "stimulus_relative_amplitude": 3.8,
    "stimulus_start_time": 0.92,
    "stimulus_units": "pA",
    "sweep_number": 71,
    "vm_delta_mv": 0.541145324707031
  },
  {
    "bridge_balance_mohm": 11.4163608551025,
    "id": 469802490,
    "leak_pa": 0.0,
    "num_spikes": 118,
    "peak_deflection": 0.0,
    "post_noise_rms_mv": 0.027347270399332,
    "post_vm_mv": -76.5206680297852,
    "pre_noise_rms_mv": 0.0440058149397373,
    "pre_vm_mv": -76.9323196411133,
    "slow_noise_rms_mv": 0.113158717751503,
    "slow_vm_mv": -76.9323196411133,
    "specimen_id": 469801569,
    "stimulus_absolute_amplitude": 450.000009477591,
    "stimulus_description": "C1LSCOARSE150112[28]",
    "stimulus_duration": 0.999995,
    "stimulus_interval": 0.0,
    "stimulus_name": "Long Square",
    "stimulus_relative_amplitude": 1.0,
    "stimulus_start_time": 0.92,
    "stimulus_units": "pA",
    "sweep_number": 53,
    "vm_delta_mv": 0.411651611328125
  },
  {
    "bridge_balance_mohm": 11.4163608551025,
    "id": 469802468,
    "leak_pa": 0.0,
    "num_spikes": 0,
    "peak_deflection": -45.28125,
    "post_noise_rms_mv": 0.0360990054905415,
    "post_vm_mv": -76.0512008666992,
    "pre_noise_rms_mv": 0.0365695133805275,
    "pre_vm_mv": -76.0479507446289,
    "slow_noise_rms_mv": 0.096134789288044,
    "slow_vm_mv": -76.0479507446289,
    "specimen_id": 469801569,
    "stimulus_absolute_amplitude": 249.999992929517,
    "stimulus_description": "C1LSCOARSE150112[18]",
    "stimulus_duration": 0.999995,
    "stimulus_interval": 0.0,
    "stimulus_name": "Long Square",
    "stimulus_relative_amplitude": 1.0,
    "stimulus_start_time": 0.92,
    "stimulus_units": "pA",
    "sweep_number": 43,
    "vm_delta_mv": 0.0032501220703125
  },
  {
    "bridge_balance_mohm": 11.4163608551025,
    "id": 469802398,
    "leak_pa": 0.0,
    "num_spikes": 0,
    "peak_deflection": 0.0,
    "post_noise_rms_mv": 0.0313226580619812,
    "post_vm_mv": -76.6034927368164,
    "pre_noise_rms_mv": 0.0367270037531853,
    "pre_vm_mv": -76.9582824707031,
    "slow_noise_rms_mv": 0.125656455755234,
    "slow_vm_mv": -76.9582824707031,
    "specimen_id": 469801569,
    "stimulus_absolute_amplitude": 499.999985859034,
    "stimulus_description": "C1SSCOARSE150112[4]",
    "stimulus_duration": 0.002995,
    "stimulus_interval": 0.0,
    "stimulus_name": "Short Square",
    "stimulus_relative_amplitude": 1.0,
    "stimulus_start_time": 0.92,
    "stimulus_units": "pA",
    "sweep_number": 11,
    "vm_delta_mv": 0.354789733886719
  },
  {
    "bridge_balance_mohm": 11.4163608551025,
    "id": 469802412,
    "leak_pa": 0.0,
    "num_spikes": 1,
    "peak_deflection": 0.0,
    "post_noise_rms_mv": 0.0353092551231384,
    "post_vm_mv": -78.1748199462891,
    "pre_noise_rms_mv": 0.0428760126233101,
    "pre_vm_mv": -78.6346054077148,
    "slow_noise_rms_mv": 0.237018898129463,
    "slow_vm_mv": -78.6346054077148,
    "specimen_id": 469801569,
    "stimulus_absolute_amplitude": 579.999992478264,
    "stimulus_description": "C1SSFINEST150112[0]",
    "stimulus_duration": 0.002995,
    "stimulus_interval": 0.0,
    "stimulus_name": "Short Square",
    "stimulus_relative_amplitude": 5.8,
    "stimulus_start_time": 0.92,
    "stimulus_units": "pA",
    "sweep_number": 18,
    "vm_delta_mv": 0.459785461425781
  },
  {
    "bridge_balance_mohm": 11.4163608551025,
    "id": 469802422,
    "leak_pa": 0.0,
    "num_spikes": 1,
    "peak_deflection": 0.0,
    "post_noise_rms_mv": 0.0477478168904781,
    "post_vm_mv": -78.189582824707,
    "pre_noise_rms_mv": 0.0379728600382805,
    "pre_vm_mv": -78.8292083740234,
    "slow_noise_rms_mv": 0.197630077600479,
    "slow_vm_mv": -78.8292083740234,
    "specimen_id": 469801569,
    "stimulus_absolute_amplitude": 579.999992478264,
    "stimulus_description": "C1SSFINEST150112[0]",
    "stimulus_duration": 0.002995,
    "stimulus_interval": 0.0,
    "stimulus_name": "Short Square",
    "stimulus_relative_amplitude": 5.8,
    "stimulus_start_time": 0.92,
    "stimulus_units": "pA",
    "sweep_number": 22,
    "vm_delta_mv": 0.639625549316406
  },
  {
    "bridge_balance_mohm": 0.0,
    "id": 469802392,
    "leak_pa": 0.0,
    "num_spikes": 0,
    "peak_deflection": 0.0,
    "post_noise_rms_mv": 0.0,
    "post_vm_mv": 0.0,
    "pre_noise_rms_mv": 0.0,
    "pre_vm_mv": 0.0,
    "slow_noise_rms_mv": 0.0,
    "slow_vm_mv": 0.0,
    "specimen_id": 469801569,
    "stimulus_absolute_amplitude": 9.99999977648258,
    "stimulus_description": "EXTPSMOKET141203[0]",
    "stimulus_duration": 0.069995,
    "stimulus_interval": 0.05,
    "stimulus_name": "Test",
    "stimulus_relative_amplitude": 1.0,
    "stimulus_start_time": 0.03,
    "stimulus_units": "mV",
    "sweep_number": 0,
    "vm_delta_mv": 0.0
  },
  {
    "bridge_balance_mohm": 11.4163608551025,
    "id": 469802462,
    "leak_pa": 0.0,
    "num_spikes": 0,
    "peak_deflection": -51.09375,
    "post_noise_rms_mv": 0.0368221439421177,
    "post_vm_mv": -76.0107116699219,
    "pre_noise_rms_mv": 0.0403562746942043,
    "pre_vm_mv": -75.9051513671875,
    "slow_noise_rms_mv": 0.149320259690285,
    "slow_vm_mv": -75.9051513671875,
    "specimen_id": 469801569,
    "stimulus_absolute_amplitude": 190.000001842883,
    "stimulus_description": "C1LSCOARSE150112[15]",
    "stimulus_duration": 0.999995,
    "stimulus_interval": 0.0,
    "stimulus_name": "Long Square",
    "stimulus_relative_amplitude": 1.0,
    "stimulus_start_time": 0.92,
    "stimulus_units": "pA",
    "sweep_number": 40,
    "vm_delta_mv": 0.105560302734375
  }
]