{
  "passive": [
    {
      "ra": 117.86, 
      "cm": [
        {
          "section": "soma", 
          "cm": 1.61
        }, 
        {
          "section": "axon", 
          "cm": 1.61
        }, 
        {
          "section": "dend", 
          "cm": 1.61
        }
      ], 
      "e_pas": -92.92129516601562
    }
  ], 
  "axon_morph": [
    {
      "delete_axon": [
        "forsec axonal{delete_section()}", 
        "  create axon[2]", 
        "  axon[0]{", 
        "    L= 30", 
        "    diam = 1", 
        "    nseg = 1+2*int(L/40)", 
        "    all.append()", 
        "    axonal.append()", 
        "  }", 
        "  axon[1]{", 
        "    L= 30", 
        "    diam = 1", 
        "    nseg = 1+2*int(L/40)", 
        "    all.append()", 
        "    axonal.append()", 
        "  }", 
        "", 
        "nSecAxonal = 2", 
        "connect axon(0), soma(0.5)", 
        "connect axon[1](0), axon[0](1) ", 
        "access soma"
      ], 
      "setup_line": "create soma[1], dend[1], apic[1], axon[1]"
    }
  ], 
  "fitting": [
    {
      "junction_potential": -14.0, 
      "sweeps": [
        52, 
        53, 
        54
      ]
    }
  ], 
  "conditions": [
    {
      "celsius": 34.0, 
      "erev": [
        {
          "ena": 53.0, 
          "section": "soma", 
          "ek": -107.0
        }
      ], 
      "v_init": -92.92129516601562
    }
  ], 
  "genome": [
    {
      "value": 3.6158195014599997e-05, 
      "section": "soma", 
      "name": "gbar_Ih", 
      "mechanism": "Ih"
    }, 
    {
      "value": 0.037039119284300002, 
      "section": "soma", 
      "name": "gbar_NaV", 
      "mechanism": "NaV"
    }, 
    {
      "value": 0.0, 
      "section": "soma", 
      "name": "gbar_Kd", 
      "mechanism": "Kd"
    }, 
    {
      "value": 0.33075041332900001, 
      "section": "soma", 
      "name": "gbar_Kv2like", 
      "mechanism": "Kv2like"
    }, 
    {
      "value": 1.61412314799, 
      "section": "soma", 
      "name": "gbar_Kv3_1", 
      "mechanism": "Kv3_1"
    }, 
    {
      "value": 0.000493617918791, 
      "section": "soma", 
      "name": "gbar_K_T", 
      "mechanism": "K_T"
    }, 
    {
      "value": 0.00059415914347099997, 
      "section": "soma", 
      "name": "gbar_Im_v2", 
      "mechanism": "Im_v2"
    }, 
    {
      "value": 0.0, 
      "section": "soma", 
      "name": "gbar_SK", 
      "mechanism": "SK"
    }, 
    {
      "value": 4.20804429482e-05, 
      "section": "soma", 
      "name": "gbar_Ca_HVA", 
      "mechanism": "Ca_HVA"
    }, 
    {
      "value": 0.00109560327045, 
      "section": "soma", 
      "name": "gbar_Ca_LVA", 
      "mechanism": "Ca_LVA"
    }, 
    {
      "value": 0.0098983687437099992, 
      "section": "soma", 
      "name": "gamma_CaDynamics", 
      "mechanism": "CaDynamics"
    }, 
    {
      "value": 653.47934035399999, 
      "section": "soma", 
      "name": "decay_CaDynamics", 
      "mechanism": "CaDynamics"
    }, 
    {
      "value": 2.6283674649400001e-06, 
      "section": "soma", 
      "name": "g_pas", 
      "mechanism": ""
    }, 
    {
      "value": 0.00037915041531800002, 
      "section": "axon", 
      "name": "g_pas", 
      "mechanism": ""
    }, 
    {
      "value": 6.9868830151400002e-07, 
      "section": "dend", 
      "name": "g_pas", 
      "mechanism": ""
    }
  ]
}