[
  {
    "bridge_balance_mohm": 0.0,
    "id": 396302972,
    "leak_pa": 0.0,
    "num_spikes": 0,
    "peak_deflection": 0.0,
    "post_noise_rms_mv": 0.0,
    "post_vm_mv": 0.0,
    "pre_noise_rms_mv": 0.0,
    "pre_vm_mv": 0.0,
    "slow_noise_rms_mv": 0.0,
    "slow_vm_mv": 0.0,
    "specimen_id": 313862167,
    "stimulus_absolute_amplitude": 9.99999977648258,
    "stimulus_description": "EXTPINBATH141203[0]",
    "stimulus_duration": 0.069995,
    "stimulus_interval": 0.05,
    "stimulus_name": "Test",
    "stimulus_relative_amplitude": 1.0,
    "stimulus_start_time": 0.03,
    "stimulus_units": "mV",
    "sweep_number": 1,
    "vm_delta_mv": 0.0
  },
  {
    "bridge_balance_mohm": 0.0,
    "id": 396303134,
    "leak_pa": 0.0,
    "num_spikes": 0,
    "peak_deflection": 0.0,
    "post_noise_rms_mv": 0.0,
    "post_vm_mv": 0.0,
    "pre_noise_rms_mv": 0.0,
    "pre_vm_mv": 0.0,
    "slow_noise_rms_mv": 0.0,
    "slow_vm_mv": 0.0,
    "specimen_id": 313862167,
    "stimulus_absolute_amplitude": 9.99999977648258,
    "stimulus_description": "EXTPGGAEND141203[0]",
    "stimulus_duration": 0.069995,
    "stimulus_interval": 0.05,
    "stimulus_name": "Test",
    "stimulus_relative_amplitude": 1.0,
    "stimulus_start_time": 0.03,
    "stimulus_units": "mV",
    "sweep_number": 83,
    "vm_delta_mv": 0.0
  },
  {
    "bridge_balance_mohm": 13.7362642288208,
    "id": 396303000,
    "leak_pa": 0.0,
    "num_spikes": 0,
    "peak_deflection": -100.53125,
    "post_noise_rms_mv": 0.0433222465217113,
    "post_vm_mv": -80.5138168334961,
    "pre_noise_rms_mv": 0.0416151396930218,
    "pre_vm_mv": -80.7939300537109,
    "slow_noise_rms_mv": 0.116362996399403,
    "slow_vm_mv": -80.7939300537109,
    "specimen_id": 313862167,
    "stimulus_absolute_amplitude": -110.000002162547,
    "stimulus_description": "C1LSCOARSE141203[0]",
    "stimulus_duration": 0.999995,
    "stimulus_interval": 0.0,
    "stimulus_name": "Long Square",
    "stimulus_relative_amplitude": 1.0,
    "stimulus_start_time": 0.92,
    "stimulus_units": "pA",
    "sweep_number": 22,
    "vm_delta_mv": 0.280113220214844
  },
  {
    "bridge_balance_mohm": 13.7362642288208,
    "id": 396302986,
    "leak_pa": 0.0,
    "num_spikes": 0,
    "peak_deflection": 0.0,
    "post_noise_rms_mv": 0.0358294025063515,
    "post_vm_mv": -79.8032302856445,
    "pre_noise_rms_mv": 0.0362130962312222,
    "pre_vm_mv": -80.6268157958984,
    "slow_noise_rms_mv": 0.0918500199913979,
    "slow_vm_mv": -80.6268157958984,
    "specimen_id": 313862167,
    "stimulus_absolute_amplitude": 659.999999097494,
    "stimulus_description": "C1SSFINEST141203[0]",
    "stimulus_duration": 0.002995,
    "stimulus_interval": 0.0,
    "stimulus_name": "Short Square",
    "stimulus_relative_amplitude": 6.6,
    "stimulus_start_time": 0.92,
    "stimulus_units": "pA",
    "sweep_number": 16,
    "vm_delta_mv": 0.823585510253906
  },
  {
    "bridge_balance_mohm": 0.0,
    "id": 396303016,
    "leak_pa": 0.0,
    "num_spikes": 0,
    "peak_deflection": 0.0,
    "post_noise_rms_mv": 0.0,
    "post_vm_mv": 0.0,
    "pre_noise_rms_mv": 0.0,
    "pre_vm_mv": 0.0,
    "slow_noise_rms_mv": 0.0,
    "slow_vm_mv": 0.0,
    "specimen_id": 313862167,
    "stimulus_absolute_amplitude": 9.99999977648258,
    "stimulus_description": "EXTPBREAKN141203[0]",
    "stimulus_duration": 0.069995,
    "stimulus_interval": 0.05,
    "stimulus_name": "Test",
    "stimulus_relative_amplitude": 1.0,
    "stimulus_start_time": 0.03,
    "stimulus_units": "mV",
    "sweep_number": 3,
    "vm_delta_mv": 0.0
  },
  {
    "bridge_balance_mohm": 13.7362642288208,
    "id": 396303054,
    "leak_pa": 0.0,
    "num_spikes": 176,
    "peak_deflection": 0.0,
    "post_noise_rms_mv": 0.0438167601823807,
    "post_vm_mv": -80.5608825683594,
    "pre_noise_rms_mv": 0.0386543571949005,
    "pre_vm_mv": -79.0406188964844,
    "slow_noise_rms_mv": 0.141798511147499,
    "slow_vm_mv": -79.0406188964844,
    "specimen_id": 313862167,
    "stimulus_absolute_amplitude": 306.499992053233,
    "stimulus_description": "C1NSSEED_2141203[0]",
    "stimulus_duration": 18.999995,
    "stimulus_interval": 5.0,
    "stimulus_name": "Noise 2",
    "stimulus_relative_amplitude": 1.3,
    "stimulus_start_time": 1.92,
    "stimulus_units": "pA",
    "sweep_number": 47,
    "vm_delta_mv": 1.520263671875
  },
  {
    "bridge_balance_mohm": 13.7362642288208,
    "id": 396303014,
    "leak_pa": 0.0,
    "num_spikes": 0,
    "peak_deflection": -72.3125076293945,
    "post_noise_rms_mv": 0.0344221144914627,
    "post_vm_mv": -80.5878067016602,
    "pre_noise_rms_mv": 0.035319946706295,
    "pre_vm_mv": -80.6212005615234,
    "slow_noise_rms_mv": 0.138099491596222,
    "slow_vm_mv": -80.6212005615234,
    "specimen_id": 313862167,
    "stimulus_absolute_amplitude": 29.9999990127642,
    "stimulus_description": "C1LSCOARSE141203[7]",
    "stimulus_duration": 0.999995,
    "stimulus_interval": 0.0,
    "stimulus_name": "Long Square",
    "stimulus_relative_amplitude": 1.0,
    "stimulus_start_time": 0.92,
    "stimulus_units": "pA",
    "sweep_number": 29,
    "vm_delta_mv": 0.0333938598632812
  },
  {
    "bridge_balance_mohm": 13.7362642288208,
    "id": 396303042,
    "leak_pa": 0.0,
    "num_spikes": 69,
    "peak_deflection": 0.0,
    "post_noise_rms_mv": 0.0419777631759644,
    "post_vm_mv": -79.739875793457,
    "pre_noise_rms_mv": 0.0334639623761177,
    "pre_vm_mv": -78.5453491210938,
    "slow_noise_rms_mv": 0.157809421420097,
    "slow_vm_mv": -78.5453491210938,
    "specimen_id": 313862167,
    "stimulus_absolute_amplitude": 269.999994584325,
    "stimulus_description": "C1LSCOARSE141203[19]",
    "stimulus_duration": 0.999995,
    "stimulus_interval": 0.0,
    "stimulus_name": "Long Square",
    "stimulus_relative_amplitude": 1.0,
    "stimulus_start_time": 0.92,
    "stimulus_units": "pA",
    "sweep_number": 41,
    "vm_delta_mv": 1.19452667236328
  },
  {
    "bridge_balance_mohm": 13.7362642288208,
    "id": 396303004,
    "leak_pa": 0.0,
    "num_spikes": 0,
    "peak_deflection": -94.28125,
    "post_noise_rms_mv": 0.0390265807509422,
    "post_vm_mv": -80.2635116577148,
    "pre_noise_rms_mv": 0.0403024330735207,
    "pre_vm_mv": -80.3967208862305,
    "slow_noise_rms_mv": 0.111590497195721,
    "slow_vm_mv": -80.3967208862305,
    "specimen_id": 313862167,
    "stimulus_absolute_amplitude": -69.9999988529321,
    "stimulus_description": "C1LSCOARSE141203[2]",
    "stimulus_duration": 0.999995,
    "stimulus_interval": 0.0,
    "stimulus_name": "Long Square",
    "stimulus_relative_amplitude": 1.0,
    "stimulus_start_time": 0.92,
    "stimulus_units": "pA",
    "sweep_number": 24,
    "vm_delta_mv": 0.133209228515625
  },
  {
    "bridge_balance_mohm": 13.7362642288208,
    "id": 396303056,
    "leak_pa": 0.0,
    "num_spikes": 0,
    "peak_deflection": 0.0,
    "post_noise_rms_mv": 0.0378260537981987,
    "post_vm_mv": -79.3747482299805,
    "pre_noise_rms_mv": 0.0377130694687366,
    "pre_vm_mv": -79.0554275512695,
    "slow_noise_rms_mv": 0.35311233997345,
    "slow_vm_mv": -79.0554275512695,
    "specimen_id": 313862167,
    "stimulus_absolute_amplitude": -200.000002670286,
    "stimulus_description": "C1SQCAPCHK141203[0]",
    "stimulus_duration": 7.819995,
    "stimulus_interval": 0.2,
    "stimulus_name": "Square - 0.5ms Subthreshold",
    "stimulus_relative_amplitude": 1.0,
    "stimulus_start_time": 0.12,
    "stimulus_units": "pA",
    "sweep_number": 48,
    "vm_delta_mv": 0.319320678710938
  },
  {
    "bridge_balance_mohm": 13.7362642288208,
    "id": 396303130,
    "leak_pa": 0.0,
    "num_spikes": 3,
    "peak_deflection": 0.0,
    "post_noise_rms_mv": 0.0362006239593029,
    "post_vm_mv": -79.2721710205078,
    "pre_noise_rms_mv": 0.0341208577156067,
    "pre_vm_mv": -78.8640365600586,
    "slow_noise_rms_mv": 0.176050156354904,
    "slow_vm_mv": -78.8640365600586,
    "specimen_id": 313862167,
    "stimulus_absolute_amplitude": 669.999999924897,
    "stimulus_description": "C2SSTRIPLE141203[7]",
    "stimulus_duration": 0.072995,
    "stimulus_interval": 0.032,
    "stimulus_name": "Short Square - Triple",
    "stimulus_relative_amplitude": 6.7,
    "stimulus_start_time": 1.92,
    "stimulus_units": "pA",
    "sweep_number": 81,
    "vm_delta_mv": 0.408134460449219
  },
  {
    "bridge_balance_mohm": 13.7362642288208,
    "id": 396303030,
    "leak_pa": 0.0,
    "num_spikes": 31,
    "peak_deflection": 0.0,
    "post_noise_rms_mv": 0.0397207960486412,
    "post_vm_mv": -78.565788269043,
    "pre_noise_rms_mv": 0.0348337925970554,
    "pre_vm_mv": -78.3901214599609,
    "slow_noise_rms_mv": 0.16132079064846,
    "slow_vm_mv": -78.3901214599609,
    "specimen_id": 313862167,
    "stimulus_absolute_amplitude": 170.000000188075,
    "stimulus_description": "C1LSCOARSE141203[14]",
    "stimulus_duration": 0.999995,
    "stimulus_interval": 0.0,
    "stimulus_name": "Long Square",
    "stimulus_relative_amplitude": 1.0,
    "stimulus_start_time": 0.92,
    "stimulus_units": "pA",
    "sweep_number": 36,
    "vm_delta_mv": 0.175666809082031
  },
  {
    "bridge_balance_mohm": 13.7362642288208,
    "id": 396303038,
    "leak_pa": 0.0,
    "num_spikes": 23,
    "peak_deflection": 0.0,
    "post_noise_rms_mv": 0.0,
    "post_vm_mv": 0.0,
    "pre_noise_rms_mv": 0.0366841070353985,
    "pre_vm_mv": -80.4539947509766,
    "slow_noise_rms_mv": 0.0897351428866386,
    "slow_vm_mv": -80.4539947509766,
    "specimen_id": 313862167,
    "stimulus_absolute_amplitude": 800.000010681146,
    "stimulus_description": "C1RP25PR1S141203[0]",
    "stimulus_duration": 31.997495,
    "stimulus_interval": 0.0,
    "stimulus_name": "Ramp",
    "stimulus_relative_amplitude": 1.0,
    "stimulus_start_time": 0.9225,
    "stimulus_units": "pA",
    "sweep_number": 4,
    "vm_delta_mv": 0.0
  },
  {
    "bridge_balance_mohm": 13.7362642288208,
    "id": 396302996,
    "leak_pa": 0.0,
    "num_spikes": 1,
    "peak_deflection": 0.0,
    "post_noise_rms_mv": 0.0362558551132679,
    "post_vm_mv": -80.3869018554688,
    "pre_noise_rms_mv": 0.037298172712326,
    "pre_vm_mv": -80.7425155639648,
    "slow_noise_rms_mv": 0.0820810496807098,
    "slow_vm_mv": -80.7425155639648,
    "specimen_id": 313862167,
    "stimulus_absolute_amplitude": 669.999999924897,
    "stimulus_description": "C1SSFINEST141203[0]",
    "stimulus_duration": 0.002995,
    "stimulus_interval": 0.0,
    "stimulus_name": "Short Square",
    "stimulus_relative_amplitude": 6.7,
    "stimulus_start_time": 0.92,
    "stimulus_units": "pA",
    "sweep_number": 20,
    "vm_delta_mv": 0.355613708496094
  },
  {
    "bridge_balance_mohm": 13.7362642288208,
    "id": 396303066,
    "leak_pa": 0.0,
    "num_spikes": 72,
    "peak_deflection": 0.0,
    "post_noise_rms_mv": 0.0358723886311054,
    "post_vm_mv": -79.9537200927734,
    "pre_noise_rms_mv": 0.039551630616188,
    "pre_vm_mv": -78.9365844726562,
    "slow_noise_rms_mv": 0.162587150931358,
    "slow_vm_mv": -78.9365844726562,
    "specimen_id": 313862167,
    "stimulus_absolute_amplitude": 170.000000188075,
    "stimulus_description": "C2SQRHELNG141203[0]",
    "stimulus_duration": 1.999995,
    "stimulus_interval": 0.0,
    "stimulus_name": "Square - 2s Suprathreshold",
    "stimulus_relative_amplitude": 1.7,
    "stimulus_start_time": 0.92,
    "stimulus_units": "pA",
    "sweep_number": 52,
    "vm_delta_mv": 1.01713562011719
  },
  {
    "bridge_balance_mohm": 13.7362642288208,
    "id": 396303112,
    "leak_pa": 0.0,
    "num_spikes": 3,
    "peak_deflection": 0.0,
    "post_noise_rms_mv": 0.0378338135778904,
    "post_vm_mv": -79.6906127929688,
    "pre_noise_rms_mv": 0.0370121523737907,
    "pre_vm_mv": -79.3451919555664,
    "slow_noise_rms_mv": 0.152736976742744,
    "slow_vm_mv": -79.3451919555664,
    "specimen_id": 313862167,
    "stimulus_absolute_amplitude": 669.999999924897,
    "stimulus_description": "C2SSTRIPLE141203[7]",
    "stimulus_duration": 0.072995,
    "stimulus_interval": 0.032,
    "stimulus_name": "Short Square - Triple",
    "stimulus_relative_amplitude": 6.7,
    "stimulus_start_time": 1.92,
    "stimulus_units": "pA",
    "sweep_number": 73,
    "vm_delta_mv": 0.345420837402344
  },
  {
    "bridge_balance_mohm": 13.7362642288208,
    "id": 396303058,
    "leak_pa": 0.0,
    "num_spikes": 39,
    "peak_deflection": 0.0,
    "post_noise_rms_mv": 0.0381282716989517,
    "post_vm_mv": -79.7165756225586,
    "pre_noise_rms_mv": 0.0405509807169437,
    "pre_vm_mv": -79.7265777587891,
    "slow_noise_rms_mv": 0.134881466627121,
    "slow_vm_mv": -79.7265777587891,
    "specimen_id": 313862167,
    "stimulus_absolute_amplitude": 129.99999687846,
    "stimulus_description": "C2SQRHELNG141203[0]",
    "stimulus_duration": 1.999995,
    "stimulus_interval": 0.0,
    "stimulus_name": "Square - 2s Suprathreshold",
    "stimulus_relative_amplitude": 1.3,
    "stimulus_start_time": 0.92,
    "stimulus_units": "pA",
    "sweep_number": 49,
    "vm_delta_mv": 0.0100021362304688
  },
  {
    "bridge_balance_mohm": 0.0,
    "id": 396302994,
    "leak_pa": 0.0,
    "num_spikes": 0,
    "peak_deflection": 0.0,
    "post_noise_rms_mv": 0.0,
    "post_vm_mv": 0.0,
    "pre_noise_rms_mv": 0.0,
    "pre_vm_mv": 0.0,
    "slow_noise_rms_mv": 0.0,
    "slow_vm_mv": 0.0,
    "specimen_id": 313862167,
    "stimulus_absolute_amplitude": 9.99999977648258,
    "stimulus_description": "EXTPCllATT141203[0]",
    "stimulus_duration": 0.069995,
    "stimulus_interval": 0.05,
    "stimulus_name": "Test",
    "stimulus_relative_amplitude": 1.0,
    "stimulus_start_time": 0.03,
    "stimulus_units": "mV",
    "sweep_number": 2,
    "vm_delta_mv": 0.0
  },
  {
    "bridge_balance_mohm": 13.7362642288208,
    "id": 396302978,
    "leak_pa": 0.0,
    "num_spikes": 0,
    "peak_deflection": 0.0,
    "post_noise_rms_mv": 0.0429143197834492,
    "post_vm_mv": -79.5579223632812,
    "pre_noise_rms_mv": 0.0334933549165726,
    "pre_vm_mv": -80.4946670532227,
    "slow_noise_rms_mv": 0.0727428644895554,
    "slow_vm_mv": -80.4946670532227,
    "specimen_id": 313862167,
    "stimulus_absolute_amplitude": 599.999994133071,
    "stimulus_description": "C1SSCOARSE141203[5]",
    "stimulus_duration": 0.002995,
    "stimulus_interval": 0.0,
    "stimulus_name": "Short Square",
    "stimulus_relative_amplitude": 1.0,
    "stimulus_start_time": 0.92,
    "stimulus_units": "pA",
    "sweep_number": 12,
    "vm_delta_mv": 0.936744689941406
  },
  {
    "bridge_balance_mohm": 13.7362642288208,
    "id": 396302976,
    "leak_pa": 0.0,
    "num_spikes": 0,
    "peak_deflection": 0.0,
    "post_noise_rms_mv": 0.0360368080437183,
    "post_vm_mv": -79.8512725830078,
    "pre_noise_rms_mv": 0.0382068417966366,
    "pre_vm_mv": -80.4084243774414,
    "slow_noise_rms_mv": 0.0922214910387993,
    "slow_vm_mv": -80.4084243774414,
    "specimen_id": 313862167,
    "stimulus_absolute_amplitude": 499.999985859034,
    "stimulus_description": "C1SSCOARSE141203[4]",
    "stimulus_duration": 0.002995,
    "stimulus_interval": 0.0,
    "stimulus_name": "Short Square",
    "stimulus_relative_amplitude": 1.0,
    "stimulus_start_time": 0.92,
    "stimulus_units": "pA",
    "sweep_number": 11,
    "vm_delta_mv": 0.557151794433594
  },
  {
    "bridge_balance_mohm": 13.7362642288208,
    "id": 396303012,
    "leak_pa": 0.0,
    "num_spikes": 0,
    "peak_deflection": -77.53125,
    "post_noise_rms_mv": 0.0372641980648041,
    "post_vm_mv": -80.4435577392578,
    "pre_noise_rms_mv": 0.0327258184552193,
    "pre_vm_mv": -80.5005035400391,
    "slow_noise_rms_mv": 0.0712071135640144,
    "slow_vm_mv": -80.5005035400391,
    "specimen_id": 313862167,
    "stimulus_absolute_amplitude": 9.99999996004197,
    "stimulus_description": "C1LSCOARSE141203[6]",
    "stimulus_duration": 0.999995,
    "stimulus_interval": 0.0,
    "stimulus_name": "Long Square",
    "stimulus_relative_amplitude": 1.0,
    "stimulus_start_time": 0.92,
    "stimulus_units": "pA",
    "sweep_number": 28,
    "vm_delta_mv": 0.05694580078125
  },
  {
    "bridge_balance_mohm": 13.7362642288208,
    "id": 396302974,
    "leak_pa": 0.0,
    "num_spikes": 0,
    "peak_deflection": 0.0,
    "post_noise_rms_mv": 0.0359604731202126,
    "post_vm_mv": -79.6037063598633,
    "pre_noise_rms_mv": 0.0306716840714216,
    "pre_vm_mv": -80.0839004516602,
    "slow_noise_rms_mv": 0.0993648245930672,
    "slow_vm_mv": -80.0839004516602,
    "specimen_id": 313862167,
    "stimulus_absolute_amplitude": 400.000005340573,
    "stimulus_description": "C1SSCOARSE141203[3]",
    "stimulus_duration": 0.002995,
    "stimulus_interval": 0.0,
    "stimulus_name": "Short Square",
    "stimulus_relative_amplitude": 1.0,
    "stimulus_start_time": 0.92,
    "stimulus_units": "pA",
    "sweep_number": 10,
    "vm_delta_mv": 0.480194091796875
  },
  {
    "bridge_balance_mohm": 13.7362642288208,
    "id": 396303120,
    "leak_pa": 0.0,
    "num_spikes": 3,
    "peak_deflection": 0.0,
    "post_noise_rms_mv": 0.0366004332900047,
    "post_vm_mv": -79.534049987793,
    "pre_noise_rms_mv": 0.0345623008906841,
    "pre_vm_mv": -79.1814346313477,
    "slow_noise_rms_mv": 0.132266864180565,
    "slow_vm_mv": -79.1814346313477,
    "specimen_id": 313862167,
    "stimulus_absolute_amplitude": 669.999999924897,
    "stimulus_description": "C2SSTRIPLE141203[3]",
    "stimulus_duration": 0.040995,
    "stimulus_interval": 0.016,
    "stimulus_name": "Short Square - Triple",
    "stimulus_relative_amplitude": 6.7,
    "stimulus_start_time": 1.92,
    "stimulus_units": "pA",
    "sweep_number": 77,
    "vm_delta_mv": 0.352615356445312
  },
  {
    "bridge_balance_mohm": 13.7362642288208,
    "id": 396303044,
    "leak_pa": 0.0,
    "num_spikes": 161,
    "peak_deflection": 0.0,
    "post_noise_rms_mv": 0.0374370254576206,
    "post_vm_mv": -80.2405776977539,
    "pre_noise_rms_mv": 0.0377632901072502,
    "pre_vm_mv": -78.9382400512695,
    "slow_noise_rms_mv": 0.193547070026398,
    "slow_vm_mv": -78.9382400512695,
    "specimen_id": 313862167,
    "stimulus_absolute_amplitude": 301.375008282534,
    "stimulus_description": "C1NSSEED_1141203[0]",
    "stimulus_duration": 18.999995,
    "stimulus_interval": 5.0,
    "stimulus_name": "Noise 1",
    "stimulus_relative_amplitude": 1.3,
    "stimulus_start_time": 1.92,
    "stimulus_units": "pA",
    "sweep_number": 42,
    "vm_delta_mv": 1.30233764648438
  },
  {
    "bridge_balance_mohm": 13.7362642288208,
    "id": 396303026,
    "leak_pa": 0.0,
    "num_spikes": 9,
    "peak_deflection": 0.0,
    "post_noise_rms_mv": 0.0365667156875134,
    "post_vm_mv": -79.4134521484375,
    "pre_noise_rms_mv": 0.0357288084924221,
    "pre_vm_mv": -79.1753082275391,
    "slow_noise_rms_mv": 0.119532823562622,
    "slow_vm_mv": -79.1753082275391,
    "specimen_id": 313862167,
    "stimulus_absolute_amplitude": 129.99999687846,
    "stimulus_description": "C1LSCOARSE141203[12]",
    "stimulus_duration": 0.999995,
    "stimulus_interval": 0.0,
    "stimulus_name": "Long Square",
    "stimulus_relative_amplitude": 1.0,
    "stimulus_start_time": 0.92,
    "stimulus_units": "pA",
    "sweep_number": 34,
    "vm_delta_mv": 0.238143920898438
  },
  {
    "bridge_balance_mohm": 13.7362642288208,
    "id": 396302988,
    "leak_pa": 0.0,
    "num_spikes": 1,
    "peak_deflection": 0.0,
    "post_noise_rms_mv": 0.0356727801263332,
    "post_vm_mv": -80.1728973388672,
    "pre_noise_rms_mv": 0.0423016287386417,
    "pre_vm_mv": -80.4793930053711,
    "slow_noise_rms_mv": 0.0662490725517273,
    "slow_vm_mv": -80.4793930053711,
    "specimen_id": 313862167,
    "stimulus_absolute_amplitude": 669.999999924897,
    "stimulus_description": "C1SSFINEST141203[0]",
    "stimulus_duration": 0.002995,
    "stimulus_interval": 0.0,
    "stimulus_name": "Short Square",
    "stimulus_relative_amplitude": 6.7,
    "stimulus_start_time": 0.92,
    "stimulus_units": "pA",
    "sweep_number": 17,
    "vm_delta_mv": 0.306495666503906
  },
  {
    "bridge_balance_mohm": 13.7362642288208,
    "id": 396303110,
    "leak_pa": 0.0,
    "num_spikes": 3,
    "peak_deflection": 0.0,
    "post_noise_rms_mv": 0.0393685735762119,
    "post_vm_mv": -79.6703414916992,
    "pre_noise_rms_mv": 0.0352706499397755,
    "pre_vm_mv": -79.3782577514648,
    "slow_noise_rms_mv": 0.149997442960739,
    "slow_vm_mv": -79.3782577514648,
    "specimen_id": 313862167,
    "stimulus_absolute_amplitude": 669.999999924897,
    "stimulus_description": "C2SSTRIPLE141203[6]",
    "stimulus_duration": 0.064995,
    "stimulus_interval": 0.028,
    "stimulus_name": "Short Square - Triple",
    "stimulus_relative_amplitude": 6.7,
    "stimulus_start_time": 1.92,
    "stimulus_units": "pA",
    "sweep_number": 72,
    "vm_delta_mv": 0.292083740234375
  },
  {
    "bridge_balance_mohm": 13.7362642288208,
    "id": 396302984,
    "leak_pa": 0.0,
    "num_spikes": 1,
    "peak_deflection": 0.0,
    "post_noise_rms_mv": 0.0334122627973557,
    "post_vm_mv": -80.0110168457031,
    "pre_noise_rms_mv": 0.0459915548563004,
    "pre_vm_mv": -80.2707214355469,
    "slow_noise_rms_mv": 0.22662952542305,
    "slow_vm_mv": -80.2707214355469,
    "specimen_id": 313862167,
    "stimulus_absolute_amplitude": 669.999999924897,
    "stimulus_description": "C1SSFINEST141203[0]",
    "stimulus_duration": 0.002995,
    "stimulus_interval": 0.0,
    "stimulus_name": "Short Square",
    "stimulus_relative_amplitude": 6.7,
    "stimulus_start_time": 0.92,
    "stimulus_units": "pA",
    "sweep_number": 15,
    "vm_delta_mv": 0.25970458984375
  },
  {
    "bridge_balance_mohm": 13.7362642288208,
    "id": 396303098,
    "leak_pa": 0.0,
    "num_spikes": 3,
    "peak_deflection": 0.0,
    "post_noise_rms_mv": 0.0450190082192421,
    "post_vm_mv": -78.9533157348633,
    "pre_noise_rms_mv": 0.0379391051828861,
    "pre_vm_mv": -78.6335220336914,
    "slow_noise_rms_mv": 0.15243923664093,
    "slow_vm_mv": -78.6335220336914,
    "specimen_id": 313862167,
    "stimulus_absolute_amplitude": 669.999999924897,
    "stimulus_description": "C2SSTRIPLE141203[1]",
    "stimulus_duration": 0.024995,
    "stimulus_interval": 0.008,
    "stimulus_name": "Short Square - Triple",
    "stimulus_relative_amplitude": 6.7,
    "stimulus_start_time": 1.92,
    "stimulus_units": "pA",
    "sweep_number": 67,
    "vm_delta_mv": 0.319793701171875
  },
  {
    "bridge_balance_mohm": 0.0,
    "id": 396303136,
    "leak_pa": 0.0,
    "num_spikes": 0,
    "peak_deflection": 0.0,
    "post_noise_rms_mv": 0.0366957969963551,
    "post_vm_mv": -4.67838764190674,
    "pre_noise_rms_mv": 0.0369015671312809,
    "pre_vm_mv": -4.67003488540649,
    "slow_noise_rms_mv": 0.0391800962388515,
    "slow_vm_mv": -4.67003488540649,
    "specimen_id": 313862167,
    "stimulus_absolute_amplitude": 0.0,
    "stimulus_description": "EXTPBLWOUT141203[0]",
    "stimulus_duration": 0.0,
    "stimulus_interval": 0.0,
    "stimulus_name": "Test",
    "stimulus_relative_amplitude": 1.0,
    "stimulus_start_time": 0.0,
    "stimulus_units": "pA",
    "sweep_number": 84,
    "vm_delta_mv": 0.00835275650024414
  },
  {
    "bridge_balance_mohm": 13.7362642288208,
    "id": 396303084,
    "leak_pa": 0.0,
    "num_spikes": 3,
    "peak_deflection": 0.0,
    "post_noise_rms_mv": 0.0394699573516846,
    "post_vm_mv": -79.2572479248047,
    "pre_noise_rms_mv": 0.0344015434384346,
    "pre_vm_mv": -78.9595718383789,
    "slow_noise_rms_mv": 0.0857647210359573,
    "slow_vm_mv": -78.9595718383789,
    "specimen_id": 313862167,
    "stimulus_absolute_amplitude": 669.999999924897,
    "stimulus_description": "C2SSTRIPLE141203[2]",
    "stimulus_duration": 0.032995,
    "stimulus_interval": 0.012,
    "stimulus_name": "Short Square - Triple",
    "stimulus_relative_amplitude": 6.7,
    "stimulus_start_time": 1.92,
    "stimulus_units": "pA",
    "sweep_number": 60,
    "vm_delta_mv": 0.297676086425781
  },
  {
    "bridge_balance_mohm": 13.7362642288208,
    "id": 396303062,
    "leak_pa": 0.0,
    "num_spikes": 40,
    "peak_deflection": 0.0,
    "post_noise_rms_mv": 0.0363092385232449,
    "post_vm_mv": -79.337760925293,
    "pre_noise_rms_mv": 0.0318769849836826,
    "pre_vm_mv": -79.3848724365234,
    "slow_noise_rms_mv": 0.0853782966732979,
    "slow_vm_mv": -79.3848724365234,
    "specimen_id": 313862167,
    "stimulus_absolute_amplitude": 129.99999687846,
    "stimulus_description": "C2SQRHELNG141203[0]",
    "stimulus_duration": 1.999995,
    "stimulus_interval": 0.0,
    "stimulus_name": "Square - 2s Suprathreshold",
    "stimulus_relative_amplitude": 1.3,
    "stimulus_start_time": 0.92,
    "stimulus_units": "pA",
    "sweep_number": 50,
    "vm_delta_mv": 0.0471115112304688
  },
  {
    "bridge_balance_mohm": 13.7362642288208,
    "id": 396303100,
    "leak_pa": 0.0,
    "num_spikes": 3,
    "peak_deflection": 0.0,
    "post_noise_rms_mv": 0.0397087894380093,
    "post_vm_mv": -79.1101226806641,
    "pre_noise_rms_mv": 0.0318066030740738,
    "pre_vm_mv": -78.8033142089844,
    "slow_noise_rms_mv": 0.224123910069466,
    "slow_vm_mv": -78.8033142089844,
    "specimen_id": 313862167,
    "stimulus_absolute_amplitude": 669.999999924897,
    "stimulus_description": "C2SSTRIPLE141203[2]",
    "stimulus_duration": 0.032995,
    "stimulus_interval": 0.012,
    "stimulus_name": "Short Square - Triple",
    "stimulus_relative_amplitude": 6.7,
    "stimulus_start_time": 1.92,
    "stimulus_units": "pA",
    "sweep_number": 68,
    "vm_delta_mv": 0.306808471679688
  },
  {
    "bridge_balance_mohm": 13.7362642288208,
    "id": 396303106,
    "leak_pa": 0.0,
    "num_spikes": 3,
    "peak_deflection": 0.0,
    "post_noise_rms_mv": 0.0365049429237843,
    "post_vm_mv": -79.2070236206055,
    "pre_noise_rms_mv": 0.0395114347338676,
    "pre_vm_mv": -78.7811813354492,
    "slow_noise_rms_mv": 0.152367472648621,
    "slow_vm_mv": -78.7811813354492,
    "specimen_id": 313862167,
    "stimulus_absolute_amplitude": 669.999999924897,
    "stimulus_description": "C2SSTRIPLE141203[4]",
    "stimulus_duration": 0.048995,
    "stimulus_interval": 0.02,
    "stimulus_name": "Short Square - Triple",
    "stimulus_relative_amplitude": 6.7,
    "stimulus_start_time": 1.92,
    "stimulus_units": "pA",
    "sweep_number": 70,
    "vm_delta_mv": 0.42584228515625
  },
  {
    "bridge_balance_mohm": 13.7362642288208,
    "id": 396302990,
    "leak_pa": 0.0,
    "num_spikes": 1,
    "peak_deflection": 0.0,
    "post_noise_rms_mv": 0.0443656705319881,
    "post_vm_mv": -80.3439559936523,
    "pre_noise_rms_mv": 0.0332901328802109,
    "pre_vm_mv": -80.6817626953125,
    "slow_noise_rms_mv": 0.090160146355629,
    "slow_vm_mv": -80.6817626953125,
    "specimen_id": 313862167,
    "stimulus_absolute_amplitude": 669.999999924897,
    "stimulus_description": "C1SSFINEST141203[0]",
    "stimulus_duration": 0.002995,
    "stimulus_interval": 0.0,
    "stimulus_name": "Short Square",
    "stimulus_relative_amplitude": 6.7,
    "stimulus_start_time": 0.92,
    "stimulus_units": "pA",
    "sweep_number": 18,
    "vm_delta_mv": 0.337806701660156
  },
  {
    "bridge_balance_mohm": 13.7362642288208,
    "id": 396303074,
    "leak_pa": 0.0,
    "num_spikes": 105,
    "peak_deflection": 0.0,
    "post_noise_rms_mv": 0.0472042262554169,
    "post_vm_mv": -80.2040863037109,
    "pre_noise_rms_mv": 0.034830380231142,
    "pre_vm_mv": -78.5436019897461,
    "slow_noise_rms_mv": 0.109078980982304,
    "slow_vm_mv": -78.5436019897461,
    "specimen_id": 313862167,
    "stimulus_absolute_amplitude": 210.00000349769,
    "stimulus_description": "C2SQRHELNG141203[0]",
    "stimulus_duration": 1.999995,
    "stimulus_interval": 0.0,
    "stimulus_name": "Square - 2s Suprathreshold",
    "stimulus_relative_amplitude": 2.1,
    "stimulus_start_time": 0.92,
    "stimulus_units": "pA",
    "sweep_number": 56,
    "vm_delta_mv": 1.66048431396484
  },
  {
    "bridge_balance_mohm": 13.7362642288208,
    "id": 396303032,
    "leak_pa": 0.0,
    "num_spikes": 40,
    "peak_deflection": 0.0,
    "post_noise_rms_mv": 0.0377832278609276,
    "post_vm_mv": -78.9851837158203,
    "pre_noise_rms_mv": 0.0389727652072906,
    "pre_vm_mv": -78.2086791992188,
    "slow_noise_rms_mv": 0.332047194242477,
    "slow_vm_mv": -78.2086791992188,
    "specimen_id": 313862167,
    "stimulus_absolute_amplitude": 190.000001842883,
    "stimulus_description": "C1LSCOARSE141203[15]",
    "stimulus_duration": 0.999995,
    "stimulus_interval": 0.0,
    "stimulus_name": "Long Square",
    "stimulus_relative_amplitude": 1.0,
    "stimulus_start_time": 0.92,
    "stimulus_units": "pA",
    "sweep_number": 37,
    "vm_delta_mv": 0.776504516601562
  },
  {
    "bridge_balance_mohm": 13.7362642288208,
    "id": 396303102,
    "leak_pa": 0.0,
    "num_spikes": 3,
    "peak_deflection": 0.0,
    "post_noise_rms_mv": 0.0401699356734753,
    "post_vm_mv": -79.100212097168,
    "pre_noise_rms_mv": 0.0299078188836575,
    "pre_vm_mv": -78.7520065307617,
    "slow_noise_rms_mv": 0.164905399084091,
    "slow_vm_mv": -78.7520065307617,
    "specimen_id": 313862167,
    "stimulus_absolute_amplitude": 669.999999924897,
    "stimulus_description": "C2SSTRIPLE141203[3]",
    "stimulus_duration": 0.040995,
    "stimulus_interval": 0.016,
    "stimulus_name": "Short Square - Triple",
    "stimulus_relative_amplitude": 6.7,
    "stimulus_start_time": 1.92,
    "stimulus_units": "pA",
    "sweep_number": 69,
    "vm_delta_mv": 0.34820556640625
  },
  {
    "bridge_balance_mohm": 13.7362642288208,
    "id": 396303068,
    "leak_pa": 0.0,
    "num_spikes": 71,
    "peak_deflection": 0.0,
    "post_noise_rms_mv": 0.0382354930043221,
    "post_vm_mv": -79.9269485473633,
    "pre_noise_rms_mv": 0.0358167104423046,
    "pre_vm_mv": -79.0820770263672,
    "slow_noise_rms_mv": 0.101803906261921,
    "slow_vm_mv": -79.0820770263672,
    "specimen_id": 313862167,
    "stimulus_absolute_amplitude": 170.000000188075,
    "stimulus_description": "C2SQRHELNG141203[0]",
    "stimulus_duration": 1.999995,
    "stimulus_interval": 0.0,
    "stimulus_name": "Square - 2s Suprathreshold",
    "stimulus_relative_amplitude": 1.7,
    "stimulus_start_time": 0.92,
    "stimulus_units": "pA",
    "sweep_number": 53,
    "vm_delta_mv": 0.844871520996094
  },
  {
    "bridge_balance_mohm": 13.7362642288208,
    "id": 396303034,
    "leak_pa": 0.0,
    "num_spikes": 47,
    "peak_deflection": 0.0,
    "post_noise_rms_mv": 0.0343268029391766,
    "post_vm_mv": -79.2559814453125,
    "pre_noise_rms_mv": 0.0397085584700108,
    "pre_vm_mv": -78.7815780639648,
    "slow_noise_rms_mv": 0.149514049291611,
    "slow_vm_mv": -78.7815780639648,
    "specimen_id": 313862167,
    "stimulus_absolute_amplitude": 210.00000349769,
    "stimulus_description": "C1LSCOARSE141203[16]",
    "stimulus_duration": 0.999995,
    "stimulus_interval": 0.0,
    "stimulus_name": "Long Square",
    "stimulus_relative_amplitude": 1.0,
    "stimulus_start_time": 0.92,
    "stimulus_units": "pA",
    "sweep_number": 38,
    "vm_delta_mv": 0.474403381347656
  },
  {
    "bridge_balance_mohm": 13.7362642288208,
    "id": 396303090,
    "leak_pa": 0.0,
    "num_spikes": 3,
    "peak_deflection": 0.0,
    "post_noise_rms_mv": 0.0356086902320385,
    "post_vm_mv": -79.4520034790039,
    "pre_noise_rms_mv": 0.0347748510539532,
    "pre_vm_mv": -78.9721832275391,
    "slow_noise_rms_mv": 0.142479971051216,
    "slow_vm_mv": -78.9721832275391,
    "specimen_id": 313862167,
    "stimulus_absolute_amplitude": 669.999999924897,
    "stimulus_description": "C2SSTRIPLE141203[5]",
    "stimulus_duration": 0.056995,
    "stimulus_interval": 0.024,
    "stimulus_name": "Short Square - Triple",
    "stimulus_relative_amplitude": 6.7,
    "stimulus_start_time": 1.92,
    "stimulus_units": "pA",
    "sweep_number": 63,
    "vm_delta_mv": 0.479820251464844
  },
  {
    "bridge_balance_mohm": 13.7362642288208,
    "id": 396303076,
    "leak_pa": 0.0,
    "num_spikes": 106,
    "peak_deflection": 0.0,
    "post_noise_rms_mv": 0.0382128469645977,
    "post_vm_mv": -80.0082626342773,
    "pre_noise_rms_mv": 0.0362118817865849,
    "pre_vm_mv": -78.0674362182617,
    "slow_noise_rms_mv": 0.168222069740295,
    "slow_vm_mv": -78.0674362182617,
    "specimen_id": 313862167,
    "stimulus_absolute_amplitude": 210.00000349769,
    "stimulus_description": "C2SQRHELNG141203[0]",
    "stimulus_duration": 1.999995,
    "stimulus_interval": 0.0,
    "stimulus_name": "Square - 2s Suprathreshold",
    "stimulus_relative_amplitude": 2.1,
    "stimulus_start_time": 0.92,
    "stimulus_units": "pA",
    "sweep_number": 57,
    "vm_delta_mv": 1.94082641601562
  },
  {
    "bridge_balance_mohm": 13.7362642288208,
    "id": 396303092,
    "leak_pa": 0.0,
    "num_spikes": 3,
    "peak_deflection": 0.0,
    "post_noise_rms_mv": 0.038116630166769,
    "post_vm_mv": -79.4736633300781,
    "pre_noise_rms_mv": 0.0341510102152824,
    "pre_vm_mv": -79.1235427856445,
    "slow_noise_rms_mv": 0.111552864313126,
    "slow_vm_mv": -79.1235427856445,
    "specimen_id": 313862167,
    "stimulus_absolute_amplitude": 669.999999924897,
    "stimulus_description": "C2SSTRIPLE141203[6]",
    "stimulus_duration": 0.064995,
    "stimulus_interval": 0.028,
    "stimulus_name": "Short Square - Triple",
    "stimulus_relative_amplitude": 6.7,
    "stimulus_start_time": 1.92,
    "stimulus_units": "pA",
    "sweep_number": 64,
    "vm_delta_mv": 0.350120544433594
  },
  {
    "bridge_balance_mohm": 13.7362642288208,
    "id": 396303050,
    "leak_pa": 0.0,
    "num_spikes": 170,
    "peak_deflection": 0.0,
    "post_noise_rms_mv": 0.0270632393658161,
    "post_vm_mv": -80.207878112793,
    "pre_noise_rms_mv": 0.0369472652673721,
    "pre_vm_mv": -78.1713485717773,
    "slow_noise_rms_mv": 0.187373116612434,
    "slow_vm_mv": -78.1713485717773,
    "specimen_id": 313862167,
    "stimulus_absolute_amplitude": 306.499992053233,
    "stimulus_description": "C1NSSEED_2141203[0]",
    "stimulus_duration": 18.999995,
    "stimulus_interval": 5.0,
    "stimulus_name": "Noise 2",
    "stimulus_relative_amplitude": 1.3,
    "stimulus_start_time": 1.92,
    "stimulus_units": "pA",
    "sweep_number": 45,
    "vm_delta_mv": 2.03652954101562
  },
  {
    "bridge_balance_mohm": 13.7362642288208,
    "id": 396303022,
    "leak_pa": 0.0,
    "num_spikes": 0,
    "peak_deflection": -55.0,
    "post_noise_rms_mv": 0.0379024296998978,
    "post_vm_mv": -79.6336975097656,
    "pre_noise_rms_mv": 0.0347048342227936,
    "pre_vm_mv": -79.606803894043,
    "slow_noise_rms_mv": 0.111169457435608,
    "slow_vm_mv": -79.606803894043,
    "specimen_id": 313862167,
    "stimulus_absolute_amplitude": 90.0000005077395,
    "stimulus_description": "C1LSCOARSE141203[10]",
    "stimulus_duration": 0.999995,
    "stimulus_interval": 0.0,
    "stimulus_name": "Long Square",
    "stimulus_relative_amplitude": 1.0,
    "stimulus_start_time": 0.92,
    "stimulus_units": "pA",
    "sweep_number": 32,
    "vm_delta_mv": 0.0268936157226562
  },
  {
    "bridge_balance_mohm": 13.7362642288208,
    "id": 396303118,
    "leak_pa": 0.0,
    "num_spikes": 3,
    "peak_deflection": 0.0,
    "post_noise_rms_mv": 0.0432129055261612,
    "post_vm_mv": -79.5153732299805,
    "pre_noise_rms_mv": 0.0310533381998539,
    "pre_vm_mv": -79.0628433227539,
    "slow_noise_rms_mv": 0.185239166021347,
    "slow_vm_mv": -79.0628433227539,
    "specimen_id": 313862167,
    "stimulus_absolute_amplitude": 669.999999924897,
    "stimulus_description": "C2SSTRIPLE141203[2]",
    "stimulus_duration": 0.032995,
    "stimulus_interval": 0.012,
    "stimulus_name": "Short Square - Triple",
    "stimulus_relative_amplitude": 6.7,
    "stimulus_start_time": 1.92,
    "stimulus_units": "pA",
    "sweep_number": 76,
    "vm_delta_mv": 0.452529907226562
  },
  {
    "bridge_balance_mohm": 13.7362642288208,
    "id": 396303096,
    "leak_pa": 0.0,
    "num_spikes": 3,
    "peak_deflection": 0.0,
    "post_noise_rms_mv": 0.0349354967474937,
    "post_vm_mv": -78.9419479370117,
    "pre_noise_rms_mv": 0.0309040118008852,
    "pre_vm_mv": -78.8834915161133,
    "slow_noise_rms_mv": 0.196761578321457,
    "slow_vm_mv": -78.8834915161133,
    "specimen_id": 313862167,
    "stimulus_absolute_amplitude": 669.999999924897,
    "stimulus_description": "C2SSTRIPLE141203[0]",
    "stimulus_duration": 0.016995,
    "stimulus_interval": 0.004,
    "stimulus_name": "Short Square - Triple",
    "stimulus_relative_amplitude": 6.7,
    "stimulus_start_time": 1.92,
    "stimulus_units": "pA",
    "sweep_number": 66,
    "vm_delta_mv": 0.0584564208984375
  },
  {
    "bridge_balance_mohm": 13.7362642288208,
    "id": 396303126,
    "leak_pa": 0.0,
    "num_spikes": 0,
    "peak_deflection": 0.0,
    "post_noise_rms_mv": 0.037003867328167,
    "post_vm_mv": -79.3141174316406,
    "pre_noise_rms_mv": 0.0366370752453804,
    "pre_vm_mv": -79.4799423217773,
    "slow_noise_rms_mv": 0.095941536128521,
    "slow_vm_mv": -79.4799423217773,
    "specimen_id": 313862167,
    "stimulus_absolute_amplitude": 200.000002670286,
    "stimulus_description": "C1SSCOARSE141203[1]",
    "stimulus_duration": 0.002995,
    "stimulus_interval": 0.0,
    "stimulus_name": "Short Square",
    "stimulus_relative_amplitude": 1.0,
    "stimulus_start_time": 0.92,
    "stimulus_units": "pA",
    "sweep_number": 8,
    "vm_delta_mv": 0.165824890136719
  },
  {
    "bridge_balance_mohm": 0.0,
    "id": 396302970,
    "leak_pa": 0.0,
    "num_spikes": 0,
    "peak_deflection": 0.0,
    "post_noise_rms_mv": 0.0,
    "post_vm_mv": 0.0,
    "pre_noise_rms_mv": 0.0,
    "pre_vm_mv": 0.0,
    "slow_noise_rms_mv": 0.0,
    "slow_vm_mv": 0.0,
    "specimen_id": 313862167,
    "stimulus_absolute_amplitude": 9.99999977648258,
    "stimulus_description": "EXTPSMOKET141203[0]",
    "stimulus_duration": 0.069995,
    "stimulus_interval": 0.05,
    "stimulus_name": "Test",
    "stimulus_relative_amplitude": 1.0,
    "stimulus_start_time": 0.03,
    "stimulus_units": "mV",
    "sweep_number": 0,
    "vm_delta_mv": 0.0
  },
  {
    "bridge_balance_mohm": 13.7362642288208,
    "id": 396303048,
    "leak_pa": 0.0,
    "num_spikes": 168,
    "peak_deflection": 0.0,
    "post_noise_rms_mv": 0.0391059406101704,
    "post_vm_mv": -80.1262664794922,
    "pre_noise_rms_mv": 0.0337520577013493,
    "pre_vm_mv": -79.2244262695312,
    "slow_noise_rms_mv": 0.161013707518578,
    "slow_vm_mv": -79.2244262695312,
    "specimen_id": 313862167,
    "stimulus_absolute_amplitude": 301.375008282534,
    "stimulus_description": "C1NSSEED_1141203[0]",
    "stimulus_duration": 18.999995,
    "stimulus_interval": 5.0,
    "stimulus_name": "Noise 1",
    "stimulus_relative_amplitude": 1.3,
    "stimulus_start_time": 1.92,
    "stimulus_units": "pA",
    "sweep_number": 44,
    "vm_delta_mv": 0.901840209960938
  },
  {
    "bridge_balance_mohm": 13.7362642288208,
    "id": 396303064,
    "leak_pa": 0.0,
    "num_spikes": 41,
    "peak_deflection": 0.0,
    "post_noise_rms_mv": 0.0333120264112949,
    "post_vm_mv": -79.36767578125,
    "pre_noise_rms_mv": 0.0390224531292915,
    "pre_vm_mv": -79.0805816650391,
    "slow_noise_rms_mv": 0.159656971693039,
    "slow_vm_mv": -79.0805816650391,
    "specimen_id": 313862167,
    "stimulus_absolute_amplitude": 129.99999687846,
    "stimulus_description": "C2SQRHELNG141203[0]",
    "stimulus_duration": 1.999995,
    "stimulus_interval": 0.0,
    "stimulus_name": "Square - 2s Suprathreshold",
    "stimulus_relative_amplitude": 1.3,
    "stimulus_start_time": 0.92,
    "stimulus_units": "pA",
    "sweep_number": 51,
    "vm_delta_mv": 0.287094116210938
  },
  {
    "bridge_balance_mohm": 13.7362642288208,
    "id": 396303080,
    "leak_pa": 0.0,
    "num_spikes": 3,
    "peak_deflection": 0.0,
    "post_noise_rms_mv": 0.0370743907988071,
    "post_vm_mv": -79.21435546875,
    "pre_noise_rms_mv": 0.0326041802763939,
    "pre_vm_mv": -78.7832107543945,
    "slow_noise_rms_mv": 0.154455587267876,
    "slow_vm_mv": -78.7832107543945,
    "specimen_id": 313862167,
    "stimulus_absolute_amplitude": 669.999999924897,
    "stimulus_description": "C2SSTRIPLE141203[1]",
    "stimulus_duration": 0.024995,
    "stimulus_interval": 0.008,
    "stimulus_name": "Short Square - Triple",
    "stimulus_relative_amplitude": 6.7,
    "stimulus_start_time": 1.92,
    "stimulus_units": "pA",
    "sweep_number": 59,
    "vm_delta_mv": 0.431144714355469
  },
  {
    "bridge_balance_mohm": 13.7362642288208,
    "id": 396303060,
    "leak_pa": 0.0,
    "num_spikes": 49,
    "peak_deflection": 0.0,
    "post_noise_rms_mv": 0.0,
    "post_vm_mv": 0.0,
    "pre_noise_rms_mv": 0.0378345362842083,
    "pre_vm_mv": -80.1461715698242,
    "slow_noise_rms_mv": 0.0859867557883263,
    "slow_vm_mv": -80.1461715698242,
    "specimen_id": 313862167,
    "stimulus_absolute_amplitude": 800.000010681146,
    "stimulus_description": "C1RP25PR1S141203[0]",
    "stimulus_duration": 31.997495,
    "stimulus_interval": 0.0,
    "stimulus_name": "Ramp",
    "stimulus_relative_amplitude": 1.0,
    "stimulus_start_time": 0.9225,
    "stimulus_units": "pA",
    "sweep_number": 5,
    "vm_delta_mv": 0.0
  },
  {
    "bridge_balance_mohm": 13.7362642288208,
    "id": 396303046,
    "leak_pa": 0.0,
    "num_spikes": 162,
    "peak_deflection": 0.0,
    "post_noise_rms_mv": 0.0360403470695019,
    "post_vm_mv": -80.1029434204102,
    "pre_noise_rms_mv": 0.0358000062406063,
    "pre_vm_mv": -79.065055847168,
    "slow_noise_rms_mv": 0.166879758238792,
    "slow_vm_mv": -79.065055847168,
    "specimen_id": 313862167,
    "stimulus_absolute_amplitude": 306.499992053233,
    "stimulus_description": "C1NSSEED_2141203[0]",
    "stimulus_duration": 18.999995,
    "stimulus_interval": 5.0,
    "stimulus_name": "Noise 2",
    "stimulus_relative_amplitude": 1.3,
    "stimulus_start_time": 1.92,
    "stimulus_units": "pA",
    "sweep_number": 43,
    "vm_delta_mv": 1.03788757324219
  },
  {
    "bridge_balance_mohm": 13.7362642288208,
    "id": 396303036,
    "leak_pa": 0.0,
    "num_spikes": 55,
    "peak_deflection": 0.0,
    "post_noise_rms_mv": 0.0380251482129097,
    "post_vm_mv": -79.4373321533203,
    "pre_noise_rms_mv": 0.0433346554636955,
    "pre_vm_mv": -78.3876876831055,
    "slow_noise_rms_mv": 0.179884165525436,
    "slow_vm_mv": -78.3876876831055,
    "specimen_id": 313862167,
    "stimulus_absolute_amplitude": 230.000005152498,
    "stimulus_description": "C1LSCOARSE141203[17]",
    "stimulus_duration": 0.999995,
    "stimulus_interval": 0.0,
    "stimulus_name": "Long Square",
    "stimulus_relative_amplitude": 1.0,
    "stimulus_start_time": 0.92,
    "stimulus_units": "pA",
    "sweep_number": 39,
    "vm_delta_mv": 1.04964447021484
  },
  {
    "bridge_balance_mohm": 13.7362642288208,
    "id": 396303040,
    "leak_pa": 0.0,
    "num_spikes": 62,
    "peak_deflection": 0.0,
    "post_noise_rms_mv": 0.0323424860835075,
    "post_vm_mv": -79.5767135620117,
    "pre_noise_rms_mv": 0.0420281775295734,
    "pre_vm_mv": -78.6161727905273,
    "slow_noise_rms_mv": 0.101771377027035,
    "slow_vm_mv": -78.6161727905273,
    "specimen_id": 313862167,
    "stimulus_absolute_amplitude": 249.999992929517,
    "stimulus_description": "C1LSCOARSE141203[18]",
    "stimulus_duration": 0.999995,
    "stimulus_interval": 0.0,
    "stimulus_name": "Long Square",
    "stimulus_relative_amplitude": 1.0,
    "stimulus_start_time": 0.92,
    "stimulus_units": "pA",
    "sweep_number": 40,
    "vm_delta_mv": 0.960540771484375
  },
  {
    "bridge_balance_mohm": 13.7362642288208,
    "id": 396303128,
    "leak_pa": 0.0,
    "num_spikes": 3,
    "peak_deflection": 0.0,
    "post_noise_rms_mv": 0.0334649905562401,
    "post_vm_mv": -79.3590621948242,
    "pre_noise_rms_mv": 0.037938017398119,
    "pre_vm_mv": -78.9467468261719,
    "slow_noise_rms_mv": 0.0908432751893997,
    "slow_vm_mv": -78.9467468261719,
    "specimen_id": 313862167,
    "stimulus_absolute_amplitude": 669.999999924897,
    "stimulus_description": "C2SSTRIPLE141203[6]",
    "stimulus_duration": 0.064995,
    "stimulus_interval": 0.028,
    "stimulus_name": "Short Square - Triple",
    "stimulus_relative_amplitude": 6.7,
    "stimulus_start_time": 1.92,
    "stimulus_units": "pA",
    "sweep_number": 80,
    "vm_delta_mv": 0.412315368652344
  },
  {
    "bridge_balance_mohm": 13.7362642288208,
    "id": 396303114,
    "leak_pa": 0.0,
    "num_spikes": 3,
    "peak_deflection": 0.0,
    "post_noise_rms_mv": 0.0424367152154446,
    "post_vm_mv": -78.9748229980469,
    "pre_noise_rms_mv": 0.0358176492154598,
    "pre_vm_mv": -78.720100402832,
    "slow_noise_rms_mv": 0.31608921289444,
    "slow_vm_mv": -78.720100402832,
    "specimen_id": 313862167,
    "stimulus_absolute_amplitude": 669.999999924897,
    "stimulus_description": "C2SSTRIPLE141203[0]",
    "stimulus_duration": 0.016995,
    "stimulus_interval": 0.004,
    "stimulus_name": "Short Square - Triple",
    "stimulus_relative_amplitude": 6.7,
    "stimulus_start_time": 1.92,
    "stimulus_units": "pA",
    "sweep_number": 74,
    "vm_delta_mv": 0.254722595214844
  },
  {
    "bridge_balance_mohm": 0.0,
    "id": 396303132,
    "leak_pa": 0.0,
    "num_spikes": 0,
    "peak_deflection": 0.0,
    "post_noise_rms_mv": 0.0,
    "post_vm_mv": 0.0,
    "pre_noise_rms_mv": 0.0,
    "pre_vm_mv": 0.0,
    "slow_noise_rms_mv": 0.0,
    "slow_vm_mv": 0.0,
    "specimen_id": 313862167,
    "stimulus_absolute_amplitude": 9.99999977648258,
    "stimulus_description": "EXTPEXPEND141203[0]",
    "stimulus_duration": 0.069995,
    "stimulus_interval": 0.05,
    "stimulus_name": "Test",
    "stimulus_relative_amplitude": 1.0,
    "stimulus_start_time": 0.03,
    "stimulus_units": "mV",
    "sweep_number": 82,
    "vm_delta_mv": 0.0
  },
  {
    "bridge_balance_mohm": 13.7362642288208,
    "id": 396302980,
    "leak_pa": 0.0,
    "num_spikes": 0,
    "peak_deflection": 0.0,
    "post_noise_rms_mv": 0.0367798060178757,
    "post_vm_mv": -80.1002044677734,
    "pre_noise_rms_mv": 0.0342543162405491,
    "pre_vm_mv": -80.3726196289062,
    "slow_noise_rms_mv": 0.155312791466713,
    "slow_vm_mv": -80.3726196289062,
    "specimen_id": 313862167,
    "stimulus_absolute_amplitude": 700.000002407108,
    "stimulus_description": "C1SSCOARSE141203[6]",
    "stimulus_duration": 0.002995,
    "stimulus_interval": 0.0,
    "stimulus_name": "Short Square",
    "stimulus_relative_amplitude": 1.0,
    "stimulus_start_time": 0.92,
    "stimulus_units": "pA",
    "sweep_number": 13,
    "vm_delta_mv": 0.272415161132812
  },
  {
    "bridge_balance_mohm": 13.7362642288208,
    "id": 396303088,
    "leak_pa": 0.0,
    "num_spikes": 3,
    "peak_deflection": 0.0,
    "post_noise_rms_mv": 0.0389728471636772,
    "post_vm_mv": -79.3292694091797,
    "pre_noise_rms_mv": 0.0273502469062805,
    "pre_vm_mv": -78.9538421630859,
    "slow_noise_rms_mv": 0.105570785701275,
    "slow_vm_mv": -78.9538421630859,
    "specimen_id": 313862167,
    "stimulus_absolute_amplitude": 669.999999924897,
    "stimulus_description": "C2SSTRIPLE141203[4]",
    "stimulus_duration": 0.048995,
    "stimulus_interval": 0.02,
    "stimulus_name": "Short Square - Triple",
    "stimulus_relative_amplitude": 6.7,
    "stimulus_start_time": 1.92,
    "stimulus_units": "pA",
    "sweep_number": 62,
    "vm_delta_mv": 0.37542724609375
  },
  {
    "bridge_balance_mohm": 13.7362642288208,
    "id": 396303086,
    "leak_pa": 0.0,
    "num_spikes": 3,
    "peak_deflection": 0.0,
    "post_noise_rms_mv": 0.0381032526493073,
    "post_vm_mv": -79.5752487182617,
    "pre_noise_rms_mv": 0.0430414937436581,
    "pre_vm_mv": -79.1834182739258,
    "slow_noise_rms_mv": 0.095124751329422,
    "slow_vm_mv": -79.1834182739258,
    "specimen_id": 313862167,
    "stimulus_absolute_amplitude": 669.999999924897,
    "stimulus_description": "C2SSTRIPLE141203[3]",
    "stimulus_duration": 0.040995,
    "stimulus_interval": 0.016,
    "stimulus_name": "Short Square - Triple",
    "stimulus_relative_amplitude": 6.7,
    "stimulus_start_time": 1.92,
    "stimulus_units": "pA",
    "sweep_number": 61,
    "vm_delta_mv": 0.391830444335938
  },
  {
    "bridge_balance_mohm": 13.7362642288208,
    "id": 396303072,
    "leak_pa": 0.0,
    "num_spikes": 105,
    "peak_deflection": 0.0,
    "post_noise_rms_mv": 0.0325980260968208,
    "post_vm_mv": -80.476432800293,
    "pre_noise_rms_mv": 0.0324850156903267,
    "pre_vm_mv": -78.6700210571289,
    "slow_noise_rms_mv": 0.133044525980949,
    "slow_vm_mv": -78.6700210571289,
    "specimen_id": 313862167,
    "stimulus_absolute_amplitude": 210.00000349769,
    "stimulus_description": "C2SQRHELNG141203[0]",
    "stimulus_duration": 1.999995,
    "stimulus_interval": 0.0,
    "stimulus_name": "Square - 2s Suprathreshold",
    "stimulus_relative_amplitude": 2.1,
    "stimulus_start_time": 0.92,
    "stimulus_units": "pA",
    "sweep_number": 55,
    "vm_delta_mv": 1.80641174316406
  },
  {
    "bridge_balance_mohm": 13.7362642288208,
    "id": 396303052,
    "leak_pa": 0.0,
    "num_spikes": 176,
    "peak_deflection": 0.0,
    "post_noise_rms_mv": 0.0357206054031849,
    "post_vm_mv": -80.5249328613281,
    "pre_noise_rms_mv": 0.0353093594312668,
    "pre_vm_mv": -78.962516784668,
    "slow_noise_rms_mv": 0.118774242699146,
    "slow_vm_mv": -78.962516784668,
    "specimen_id": 313862167,
    "stimulus_absolute_amplitude": 301.375008282534,
    "stimulus_description": "C1NSSEED_1141203[0]",
    "stimulus_duration": 18.999995,
    "stimulus_interval": 5.0,
    "stimulus_name": "Noise 1",
    "stimulus_relative_amplitude": 1.3,
    "stimulus_start_time": 1.92,
    "stimulus_units": "pA",
    "sweep_number": 46,
    "vm_delta_mv": 1.56241607666016
  },
  {
    "bridge_balance_mohm": 13.7362642288208,
    "id": 396303122,
    "leak_pa": 0.0,
    "num_spikes": 3,
    "peak_deflection": 0.0,
    "post_noise_rms_mv": 0.0357559658586979,
    "post_vm_mv": -79.4621887207031,
    "pre_noise_rms_mv": 0.0419172123074532,
    "pre_vm_mv": -79.1867065429688,
    "slow_noise_rms_mv": 0.124737106263638,
    "slow_vm_mv": -79.1867065429688,
    "specimen_id": 313862167,
    "stimulus_absolute_amplitude": 669.999999924897,
    "stimulus_description": "C2SSTRIPLE141203[4]",
    "stimulus_duration": 0.048995,
    "stimulus_interval": 0.02,
    "stimulus_name": "Short Square - Triple",
    "stimulus_relative_amplitude": 6.7,
    "stimulus_start_time": 1.92,
    "stimulus_units": "pA",
    "sweep_number": 78,
    "vm_delta_mv": 0.275482177734375
  },
  {
    "bridge_balance_mohm": 13.7362642288208,
    "id": 396303006,
    "leak_pa": 0.0,
    "num_spikes": 0,
    "peak_deflection": -90.84375,
    "post_noise_rms_mv": 0.0358187891542912,
    "post_vm_mv": -80.4273376464844,
    "pre_noise_rms_mv": 0.0322856232523918,
    "pre_vm_mv": -80.4477233886719,
    "slow_noise_rms_mv": 0.176683455705643,
    "slow_vm_mv": -80.4477233886719,
    "specimen_id": 313862167,
    "stimulus_absolute_amplitude": -50.0000006675716,
    "stimulus_description": "C1LSCOARSE141203[3]",
    "stimulus_duration": 0.999995,
    "stimulus_interval": 0.0,
    "stimulus_name": "Long Square",
    "stimulus_relative_amplitude": 1.0,
    "stimulus_start_time": 0.92,
    "stimulus_units": "pA",
    "sweep_number": 25,
    "vm_delta_mv": 0.0203857421875
  },
  {
    "bridge_balance_mohm": 13.7362642288208,
    "id": 396303094,
    "leak_pa": 0.0,
    "num_spikes": 3,
    "peak_deflection": 0.0,
    "post_noise_rms_mv": 0.0344756282866001,
    "post_vm_mv": -79.3889770507812,
    "pre_noise_rms_mv": 0.0395608805119991,
    "pre_vm_mv": -79.1913681030273,
    "slow_noise_rms_mv": 0.101389147341251,
    "slow_vm_mv": -79.1913681030273,
    "specimen_id": 313862167,
    "stimulus_absolute_amplitude": 669.999999924897,
    "stimulus_description": "C2SSTRIPLE141203[7]",
    "stimulus_duration": 0.072995,
    "stimulus_interval": 0.032,
    "stimulus_name": "Short Square - Triple",
    "stimulus_relative_amplitude": 6.7,
    "stimulus_start_time": 1.92,
    "stimulus_units": "pA",
    "sweep_number": 65,
    "vm_delta_mv": 0.197608947753906
  },
  {
    "bridge_balance_mohm": 13.7362642288208,
    "id": 396303020,
    "leak_pa": 0.0,
    "num_spikes": 0,
    "peak_deflection": -61.5625,
    "post_noise_rms_mv": 0.0404095686972141,
    "post_vm_mv": -79.7124176025391,
    "pre_noise_rms_mv": 0.0371887274086475,
    "pre_vm_mv": -80.5060348510742,
    "slow_noise_rms_mv": 0.397252589464188,
    "slow_vm_mv": -80.5060348510742,
    "specimen_id": 313862167,
    "stimulus_absolute_amplitude": 69.9999988529321,
    "stimulus_description": "C1LSCOARSE141203[9]",
    "stimulus_duration": 0.999995,
    "stimulus_interval": 0.0,
    "stimulus_name": "Long Square",
    "stimulus_relative_amplitude": 1.0,
    "stimulus_start_time": 0.92,
    "stimulus_units": "pA",
    "sweep_number": 31,
    "vm_delta_mv": 0.793617248535156
  },
  {
    "bridge_balance_mohm": 13.7362642288208,
    "id": 396303116,
    "leak_pa": 0.0,
    "num_spikes": 3,
    "peak_deflection": 0.0,
    "post_noise_rms_mv": 0.0393042378127575,
    "post_vm_mv": -79.4878234863281,
    "pre_noise_rms_mv": 0.0335873439908028,
    "pre_vm_mv": -79.1651077270508,
    "slow_noise_rms_mv": 0.254475802183151,
    "slow_vm_mv": -79.1651077270508,
    "specimen_id": 313862167,
    "stimulus_absolute_amplitude": 669.999999924897,
    "stimulus_description": "C2SSTRIPLE141203[1]",
    "stimulus_duration": 0.024995,
    "stimulus_interval": 0.008,
    "stimulus_name": "Short Square - Triple",
    "stimulus_relative_amplitude": 6.7,
    "stimulus_start_time": 1.92,
    "stimulus_units": "pA",
    "sweep_number": 75,
    "vm_delta_mv": 0.322715759277344
  },
  {
    "bridge_balance_mohm": 13.7362642288208,
    "id": 396303138,
    "leak_pa": 0.0,
    "num_spikes": 0,
    "peak_deflection": 0.0,
    "post_noise_rms_mv": 0.0377226658165455,
    "post_vm_mv": -79.5383224487305,
    "pre_noise_rms_mv": 0.0484034009277821,
    "pre_vm_mv": -79.8027648925781,
    "slow_noise_rms_mv": 0.100039072334766,
    "slow_vm_mv": -79.8027648925781,
    "specimen_id": 313862167,
    "stimulus_absolute_amplitude": 299.999997066536,
    "stimulus_description": "C1SSCOARSE141203[2]",
    "stimulus_duration": 0.002995,
    "stimulus_interval": 0.0,
    "stimulus_name": "Short Square",
    "stimulus_relative_amplitude": 1.0,
    "stimulus_start_time": 0.92,
    "stimulus_units": "pA",
    "sweep_number": 9,
    "vm_delta_mv": 0.264442443847656
  },
  {
    "bridge_balance_mohm": 13.7362642288208,
    "id": 396303008,
    "leak_pa": 0.0,
    "num_spikes": 0,
    "peak_deflection": -87.0937576293945,
    "post_noise_rms_mv": 0.0331397652626038,
    "post_vm_mv": -80.5772399902344,
    "pre_noise_rms_mv": 0.0335237309336662,
    "pre_vm_mv": -80.5643844604492,
    "slow_noise_rms_mv": 0.0720290690660477,
    "slow_vm_mv": -80.5643844604492,
    "specimen_id": 313862167,
    "stimulus_absolute_amplitude": -29.9999990127642,
    "stimulus_description": "C1LSCOARSE141203[4]",
    "stimulus_duration": 0.999995,
    "stimulus_interval": 0.0,
    "stimulus_name": "Long Square",
    "stimulus_relative_amplitude": 1.0,
    "stimulus_start_time": 0.92,
    "stimulus_units": "pA",
    "sweep_number": 26,
    "vm_delta_mv": 0.0128555297851562
  },
  {
    "bridge_balance_mohm": 13.7362642288208,
    "id": 396303078,
    "leak_pa": 0.0,
    "num_spikes": 3,
    "peak_deflection": 0.0,
    "post_noise_rms_mv": 0.0351241491734982,
    "post_vm_mv": -79.0979919433594,
    "pre_noise_rms_mv": 0.0341376662254333,
    "pre_vm_mv": -78.6720428466797,
    "slow_noise_rms_mv": 0.133298128843307,
    "slow_vm_mv": -78.6720428466797,
    "specimen_id": 313862167,
    "stimulus_absolute_amplitude": 669.999999924897,
    "stimulus_description": "C2SSTRIPLE141203[0]",
    "stimulus_duration": 0.016995,
    "stimulus_interval": 0.004,
    "stimulus_name": "Short Square - Triple",
    "stimulus_relative_amplitude": 6.7,
    "stimulus_start_time": 1.92,
    "stimulus_units": "pA",
    "sweep_number": 58,
    "vm_delta_mv": 0.425949096679688
  },
  {
    "bridge_balance_mohm": 13.7362642288208,
    "id": 396303010,
    "leak_pa": 0.0,
    "num_spikes": 0,
    "peak_deflection": -83.0625,
    "post_noise_rms_mv": 0.0350378789007664,
    "post_vm_mv": -80.3523635864258,
    "pre_noise_rms_mv": 0.036463376134634,
    "pre_vm_mv": -80.5012512207031,
    "slow_noise_rms_mv": 0.0986011549830437,
    "slow_vm_mv": -80.5012512207031,
    "specimen_id": 313862167,
    "stimulus_absolute_amplitude": -9.99999996004197,
    "stimulus_description": "C1LSCOARSE141203[5]",
    "stimulus_duration": 0.999995,
    "stimulus_interval": 0.0,
    "stimulus_name": "Long Square",
    "stimulus_relative_amplitude": 1.0,
    "stimulus_start_time": 0.92,
    "stimulus_units": "pA",
    "sweep_number": 27,
    "vm_delta_mv": 0.148887634277344
  },
  {
    "bridge_balance_mohm": 13.7362642288208,
    "id": 396303028,
    "leak_pa": 0.0,
    "num_spikes": 23,
    "peak_deflection": 0.0,
    "post_noise_rms_mv": 0.0349357016384602,
    "post_vm_mv": -78.4517364501953,
    "pre_noise_rms_mv": 0.0361508093774319,
    "pre_vm_mv": -78.2826232910156,
    "slow_noise_rms_mv": 0.181689858436584,
    "slow_vm_mv": -78.2826232910156,
    "specimen_id": 313862167,
    "stimulus_absolute_amplitude": 149.999998533268,
    "stimulus_description": "C1LSCOARSE141203[13]",
    "stimulus_duration": 0.999995,
    "stimulus_interval": 0.0,
    "stimulus_name": "Long Square",
    "stimulus_relative_amplitude": 1.0,
    "stimulus_start_time": 0.92,
    "stimulus_units": "pA",
    "sweep_number": 35,
    "vm_delta_mv": 0.169113159179688
  },
  {
    "bridge_balance_mohm": 13.7362642288208,
    "id": 396303002,
    "leak_pa": 0.0,
    "num_spikes": 0,
    "peak_deflection": -97.65625,
    "post_noise_rms_mv": 0.0389168411493301,
    "post_vm_mv": -80.4344940185547,
    "pre_noise_rms_mv": 0.0407274477183819,
    "pre_vm_mv": -80.8160018920898,
    "slow_noise_rms_mv": 0.140668854117393,
    "slow_vm_mv": -80.8160018920898,
    "specimen_id": 313862167,
    "stimulus_absolute_amplitude": -90.0000005077395,
    "stimulus_description": "C1LSCOARSE141203[1]",
    "stimulus_duration": 0.999995,
    "stimulus_interval": 0.0,
    "stimulus_name": "Long Square",
    "stimulus_relative_amplitude": 1.0,
    "stimulus_start_time": 0.92,
    "stimulus_units": "pA",
    "sweep_number": 23,
    "vm_delta_mv": 0.381507873535156
  },
  {
    "bridge_balance_mohm": 13.7362642288208,
    "id": 396302998,
    "leak_pa": 0.0,
    "num_spikes": 1,
    "peak_deflection": 0.0,
    "post_noise_rms_mv": 0.0387099608778954,
    "post_vm_mv": -80.3629150390625,
    "pre_noise_rms_mv": 0.043784074485302,
    "pre_vm_mv": -80.6356506347656,
    "slow_noise_rms_mv": 0.124458245933056,
    "slow_vm_mv": -80.6356506347656,
    "specimen_id": 313862167,
    "stimulus_absolute_amplitude": 669.999999924897,
    "stimulus_description": "C1SSFINEST141203[0]",
    "stimulus_duration": 0.002995,
    "stimulus_interval": 0.0,
    "stimulus_name": "Short Square",
    "stimulus_relative_amplitude": 6.7,
    "stimulus_start_time": 0.92,
    "stimulus_units": "pA",
    "sweep_number": 21,
    "vm_delta_mv": 0.272735595703125
  },
  {
    "bridge_balance_mohm": 13.7362642288208,
    "id": 396303108,
    "leak_pa": 0.0,
    "num_spikes": 3,
    "peak_deflection": 0.0,
    "post_noise_rms_mv": 0.0423571467399597,
    "post_vm_mv": -79.5176849365234,
    "pre_noise_rms_mv": 0.035655852407217,
    "pre_vm_mv": -79.0117111206055,
    "slow_noise_rms_mv": 0.210465729236603,
    "slow_vm_mv": -79.0117111206055,
    "specimen_id": 313862167,
    "stimulus_absolute_amplitude": 669.999999924897,
    "stimulus_description": "C2SSTRIPLE141203[5]",
    "stimulus_duration": 0.056995,
    "stimulus_interval": 0.024,
    "stimulus_name": "Short Square - Triple",
    "stimulus_relative_amplitude": 6.7,
    "stimulus_start_time": 1.92,
    "stimulus_units": "pA",
    "sweep_number": 71,
    "vm_delta_mv": 0.505973815917969
  },
  {
    "bridge_balance_mohm": 13.7362642288208,
    "id": 396303024,
    "leak_pa": 0.0,
    "num_spikes": 0,
    "peak_deflection": -46.875,
    "post_noise_rms_mv": 0.0365784876048565,
    "post_vm_mv": -79.4638671875,
    "pre_noise_rms_mv": 0.0362197086215019,
    "pre_vm_mv": -79.6105499267578,
    "slow_noise_rms_mv": 0.196079850196838,
    "slow_vm_mv": -79.6105499267578,
    "specimen_id": 313862167,
    "stimulus_absolute_amplitude": 110.000002162547,
    "stimulus_description": "C1LSCOARSE141203[11]",
    "stimulus_duration": 0.999995,
    "stimulus_interval": 0.0,
    "stimulus_name": "Long Square",
    "stimulus_relative_amplitude": 1.0,
    "stimulus_start_time": 0.92,
    "stimulus_units": "pA",
    "sweep_number": 33,
    "vm_delta_mv": 0.146682739257812
  },
  {
    "bridge_balance_mohm": 13.7362642288208,
    "id": 396303124,
    "leak_pa": 0.0,
    "num_spikes": 3,
    "peak_deflection": 0.0,
    "post_noise_rms_mv": 0.0391035564243793,
    "post_vm_mv": -79.3659820556641,
    "pre_noise_rms_mv": 0.0385434255003929,
    "pre_vm_mv": -79.0894775390625,
    "slow_noise_rms_mv": 0.10848156362772,
    "slow_vm_mv": -79.0894775390625,
    "specimen_id": 313862167,
    "stimulus_absolute_amplitude": 669.999999924897,
    "stimulus_description": "C2SSTRIPLE141203[5]",
    "stimulus_duration": 0.056995,
    "stimulus_interval": 0.024,
    "stimulus_name": "Short Square - Triple",
    "stimulus_relative_amplitude": 6.7,
    "stimulus_start_time": 1.92,
    "stimulus_units": "pA",
    "sweep_number": 79,
    "vm_delta_mv": 0.276504516601562
  },
  {
    "bridge_balance_mohm": 13.7362642288208,
    "id": 396303018,
    "leak_pa": 0.0,
    "num_spikes": 0,
    "peak_deflection": -68.0937576293945,
    "post_noise_rms_mv": 0.0405141524970531,
    "post_vm_mv": -80.6534423828125,
    "pre_noise_rms_mv": 0.0365453064441681,
    "pre_vm_mv": -80.5932083129883,
    "slow_noise_rms_mv": 0.0878684744238853,
    "slow_vm_mv": -80.5932083129883,
    "specimen_id": 313862167,
    "stimulus_absolute_amplitude": 50.0000006675716,
    "stimulus_description": "C1LSCOARSE141203[8]",
    "stimulus_duration": 0.999995,
    "stimulus_interval": 0.0,
    "stimulus_name": "Long Square",
    "stimulus_relative_amplitude": 1.0,
    "stimulus_start_time": 0.92,
    "stimulus_units": "pA",
    "sweep_number": 30,
    "vm_delta_mv": 0.0602340698242188
  },
  {
    "bridge_balance_mohm": 13.7362642288208,
    "id": 396303070,
    "leak_pa": 0.0,
    "num_spikes": 73,
    "peak_deflection": 0.0,
    "post_noise_rms_mv": 0.0328570902347565,
    "post_vm_mv": -79.6255493164062,
    "pre_noise_rms_mv": 0.0311934445053339,
    "pre_vm_mv": -78.7679595947266,
    "slow_noise_rms_mv": 0.151764139533043,
    "slow_vm_mv": -78.7679595947266,
    "specimen_id": 313862167,
    "stimulus_absolute_amplitude": 170.000000188075,
    "stimulus_description": "C2SQRHELNG141203[0]",
    "stimulus_duration": 1.999995,
    "stimulus_interval": 0.0,
    "stimulus_name": "Square - 2s Suprathreshold",
    "stimulus_relative_amplitude": 1.7,
    "stimulus_start_time": 0.92,
    "stimulus_units": "pA",
    "sweep_number": 54,
    "vm_delta_mv": 0.857589721679688
  },
  {
    "bridge_balance_mohm": 13.7362642288208,
    "id": 396303082,
    "leak_pa": 0.0,
    "num_spikes": 26,
    "peak_deflection": 0.0,
    "post_noise_rms_mv": 0.0,
    "post_vm_mv": 0.0,
    "pre_noise_rms_mv": 0.03752601146698,
    "pre_vm_mv": -79.7866058349609,
    "slow_noise_rms_mv": 0.12206257879734,
    "slow_vm_mv": -79.7866058349609,
    "specimen_id": 313862167,
    "stimulus_absolute_amplitude": 800.000010681146,
    "stimulus_description": "C1RP25PR1S141203[0]",
    "stimulus_duration": 31.997495,
    "stimulus_interval": 0.0,
    "stimulus_name": "Ramp",
    "stimulus_relative_amplitude": 1.0,
    "stimulus_start_time": 0.9225,
    "stimulus_units": "pA",
    "sweep_number": 6,
    "vm_delta_mv": 0.0
  },
  {
    "bridge_balance_mohm": 13.7362642288208,
    "id": 396302992,
    "leak_pa": 0.0,
    "num_spikes": 1,
    "peak_deflection": 0.0,
    "post_noise_rms_mv": 0.0427738688886166,
    "post_vm_mv": -80.2797927856445,
    "pre_noise_rms_mv": 0.0375245101749897,
    "pre_vm_mv": -80.5362854003906,
    "slow_noise_rms_mv": 0.171662300825119,
    "slow_vm_mv": -80.5362854003906,
    "specimen_id": 313862167,
    "stimulus_absolute_amplitude": 669.999999924897,
    "stimulus_description": "C1SSFINEST141203[0]",
    "stimulus_duration": 0.002995,
    "stimulus_interval": 0.0,
    "stimulus_name": "Short Square",
    "stimulus_relative_amplitude": 6.7,
    "stimulus_start_time": 0.92,
    "stimulus_units": "pA",
    "sweep_number": 19,
    "vm_delta_mv": 0.256492614746094
  },
  {
    "bridge_balance_mohm": 13.7362642288208,
    "id": 396302982,
    "leak_pa": 0.0,
    "num_spikes": 0,
    "peak_deflection": 0.0,
    "post_noise_rms_mv": 0.0350304245948792,
    "post_vm_mv": -79.5099029541016,
    "pre_noise_rms_mv": 0.0380172990262508,
    "pre_vm_mv": -80.1880569458008,
    "slow_noise_rms_mv": 0.113591603934765,
    "slow_vm_mv": -80.1880569458008,
    "specimen_id": 313862167,
    "stimulus_absolute_amplitude": 649.99999827009,
    "stimulus_description": "C1SSFINEST141203[0]",
    "stimulus_duration": 0.002995,
    "stimulus_interval": 0.0,
    "stimulus_name": "Short Square",
    "stimulus_relative_amplitude": 6.5,
    "stimulus_start_time": 0.92,
    "stimulus_units": "pA",
    "sweep_number": 14,
    "vm_delta_mv": 0.678153991699219
  }
]