[
  {
    "bridge_balance_mohm": 18.3760681152344,
    "id": 467781225,
    "leak_pa": 0.0,
    "num_spikes": 6,
    "peak_deflection": 0.0,
    "post_noise_rms_mv": 0.0387443974614143,
    "post_vm_mv": -78.2692031860352,
    "pre_noise_rms_mv": 0.0381081812083721,
    "pre_vm_mv": -79.1554412841797,
    "slow_noise_rms_mv": 0.146663695573807,
    "slow_vm_mv": -79.1554412841797,
    "specimen_id": 467703703,
    "stimulus_absolute_amplitude": 69.9999988529321,
    "stimulus_description": "C1LSFINEST150112[0]",
    "stimulus_duration": 0.999995,
    "stimulus_interval": 0.0,
    "stimulus_name": "Long Square",
    "stimulus_relative_amplitude": 0.7,
    "stimulus_start_time": 0.92,
    "stimulus_units": "pA",
    "sweep_number": 42,
    "vm_delta_mv": 0.886238098144531
  },
  {
    "bridge_balance_mohm": 0.0,
    "id": 467781153,
    "leak_pa": 0.0,
    "num_spikes": 0,
    "peak_deflection": 0.0,
    "post_noise_rms_mv": 0.0,
    "post_vm_mv": 0.0,
    "pre_noise_rms_mv": 0.0,
    "pre_vm_mv": 0.0,
    "slow_noise_rms_mv": 0.0,
    "slow_vm_mv": 0.0,
    "specimen_id": 467703703,
    "stimulus_absolute_amplitude": 9.99999977648258,
    "stimulus_description": "EXTPINBATH141203[0]",
    "stimulus_duration": 0.069995,
    "stimulus_interval": 0.05,
    "stimulus_name": "Test",
    "stimulus_relative_amplitude": 1.0,
    "stimulus_start_time": 0.03,
    "stimulus_units": "mV",
    "sweep_number": 1,
    "vm_delta_mv": 0.0
  },
  {
    "bridge_balance_mohm": 16.4224662780762,
    "id": 467781281,
    "leak_pa": 0.0,
    "num_spikes": 6,
    "peak_deflection": 0.0,
    "post_noise_rms_mv": 0.0383825041353703,
    "post_vm_mv": -79.6778564453125,
    "pre_noise_rms_mv": 0.0412064120173454,
    "pre_vm_mv": -79.5501098632812,
    "slow_noise_rms_mv": 0.146376505494118,
    "slow_vm_mv": -79.5501098632812,
    "specimen_id": 467703703,
    "stimulus_absolute_amplitude": 400.000005340573,
    "stimulus_description": "C2SQRHELNG150216[0]",
    "stimulus_duration": 1.999995,
    "stimulus_interval": 0.0,
    "stimulus_name": "Square - 2s Suprathreshold",
    "stimulus_relative_amplitude": 4.0,
    "stimulus_start_time": 0.92,
    "stimulus_units": "pA",
    "sweep_number": 68,
    "vm_delta_mv": 0.12774658203125
  },
  {
    "bridge_balance_mohm": 18.3760681152344,
    "id": 467781191,
    "leak_pa": 0.0,
    "num_spikes": 0,
    "peak_deflection": -89.21875,
    "post_noise_rms_mv": 0.0400436371564865,
    "post_vm_mv": -79.2088623046875,
    "pre_noise_rms_mv": 0.0428400784730911,
    "pre_vm_mv": -79.2973937988281,
    "slow_noise_rms_mv": 0.182785734534264,
    "slow_vm_mv": -79.2973937988281,
    "specimen_id": 467703703,
    "stimulus_absolute_amplitude": -50.0000006675716,
    "stimulus_description": "C1LSCOARSE150216[3]",
    "stimulus_duration": 0.999995,
    "stimulus_interval": 0.0,
    "stimulus_name": "Long Square",
    "stimulus_relative_amplitude": 1.0,
    "stimulus_start_time": 0.92,
    "stimulus_units": "pA",
    "sweep_number": 27,
    "vm_delta_mv": 0.088531494140625
  },
  {
    "bridge_balance_mohm": 18.3760681152344,
    "id": 467781203,
    "leak_pa": 0.0,
    "num_spikes": 0,
    "peak_deflection": -59.9375038146973,
    "post_noise_rms_mv": 0.0390531122684479,
    "post_vm_mv": -79.3865127563477,
    "pre_noise_rms_mv": 0.0400545187294483,
    "pre_vm_mv": -79.4267730712891,
    "slow_noise_rms_mv": 0.0872161239385605,
    "slow_vm_mv": -79.4267730712891,
    "specimen_id": 467703703,
    "stimulus_absolute_amplitude": 50.0000006675716,
    "stimulus_description": "C1LSCOARSE150216[8]",
    "stimulus_duration": 0.999995,
    "stimulus_interval": 0.0,
    "stimulus_name": "Long Square",
    "stimulus_relative_amplitude": 1.0,
    "stimulus_start_time": 0.92,
    "stimulus_units": "pA",
    "sweep_number": 32,
    "vm_delta_mv": 0.0402603149414062
  },
  {
    "bridge_balance_mohm": 18.3760681152344,
    "id": 467781189,
    "leak_pa": 0.0,
    "num_spikes": 0,
    "peak_deflection": -91.9375076293945,
    "post_noise_rms_mv": 0.042174119502306,
    "post_vm_mv": -79.5845413208008,
    "pre_noise_rms_mv": 0.0385337993502617,
    "pre_vm_mv": -79.5476837158203,
    "slow_noise_rms_mv": 0.134321540594101,
    "slow_vm_mv": -79.5476837158203,
    "specimen_id": 467703703,
    "stimulus_absolute_amplitude": -69.9999988529321,
    "stimulus_description": "C1LSCOARSE150216[2]",
    "stimulus_duration": 0.999995,
    "stimulus_interval": 0.0,
    "stimulus_name": "Long Square",
    "stimulus_relative_amplitude": 1.0,
    "stimulus_start_time": 0.92,
    "stimulus_units": "pA",
    "sweep_number": 26,
    "vm_delta_mv": 0.0368576049804688
  },
  {
    "bridge_balance_mohm": 18.3760681152344,
    "id": 467781215,
    "leak_pa": 0.0,
    "num_spikes": 28,
    "peak_deflection": 0.0,
    "post_noise_rms_mv": 0.0521636083722115,
    "post_vm_mv": -79.7328872680664,
    "pre_noise_rms_mv": 0.037115391343832,
    "pre_vm_mv": -79.3789215087891,
    "slow_noise_rms_mv": 0.179976850748062,
    "slow_vm_mv": -79.3789215087891,
    "specimen_id": 467703703,
    "stimulus_absolute_amplitude": 170.000000188075,
    "stimulus_description": "C1LSCOARSE150216[14]",
    "stimulus_duration": 0.999995,
    "stimulus_interval": 0.0,
    "stimulus_name": "Long Square",
    "stimulus_relative_amplitude": 1.0,
    "stimulus_start_time": 0.92,
    "stimulus_units": "pA",
    "sweep_number": 38,
    "vm_delta_mv": 0.353965759277344
  },
  {
    "bridge_balance_mohm": 0.0,
    "id": 467781283,
    "leak_pa": 0.0,
    "num_spikes": 0,
    "peak_deflection": 0.0,
    "post_noise_rms_mv": 0.0,
    "post_vm_mv": 0.0,
    "pre_noise_rms_mv": 0.0,
    "pre_vm_mv": 0.0,
    "slow_noise_rms_mv": 0.0,
    "slow_vm_mv": 0.0,
    "specimen_id": 467703703,
    "stimulus_absolute_amplitude": 39.9999991059303,
    "stimulus_description": "EXTPBREAKN141203[0]",
    "stimulus_duration": 0.069995,
    "stimulus_interval": 0.05,
    "stimulus_name": "Test",
    "stimulus_relative_amplitude": 4.0,
    "stimulus_start_time": 0.03,
    "stimulus_units": "mV",
    "sweep_number": 69,
    "vm_delta_mv": 0.0
  },
  {
    "bridge_balance_mohm": 0.0,
    "id": 467781151,
    "leak_pa": 0.0,
    "num_spikes": 0,
    "peak_deflection": 0.0,
    "post_noise_rms_mv": 0.0,
    "post_vm_mv": 0.0,
    "pre_noise_rms_mv": 0.0,
    "pre_vm_mv": 0.0,
    "slow_noise_rms_mv": 0.0,
    "slow_vm_mv": 0.0,
    "specimen_id": 467703703,
    "stimulus_absolute_amplitude": 9.99999977648258,
    "stimulus_description": "EXTPSMOKET141203[0]",
    "stimulus_duration": 0.069995,
    "stimulus_interval": 0.05,
    "stimulus_name": "Test",
    "stimulus_relative_amplitude": 1.0,
    "stimulus_start_time": 0.03,
    "stimulus_units": "mV",
    "sweep_number": 0,
    "vm_delta_mv": 0.0
  },
  {
    "bridge_balance_mohm": 18.9865684509277,
    "id": 467781161,
    "leak_pa": 0.0,
    "num_spikes": 0,
    "peak_deflection": 0.0,
    "post_noise_rms_mv": 0.0403669886291027,
    "post_vm_mv": -80.300666809082,
    "pre_noise_rms_mv": 0.0366966240108013,
    "pre_vm_mv": -80.4520034790039,
    "slow_noise_rms_mv": 0.0950114205479622,
    "slow_vm_mv": -80.4520034790039,
    "specimen_id": 467703703,
    "stimulus_absolute_amplitude": 700.000002407108,
    "stimulus_description": "C1SSCOARSE150112[6]",
    "stimulus_duration": 0.002995,
    "stimulus_interval": 0.0,
    "stimulus_name": "Short Square",
    "stimulus_relative_amplitude": 1.0,
    "stimulus_start_time": 0.92,
    "stimulus_units": "pA",
    "sweep_number": 13,
    "vm_delta_mv": 0.151336669921875
  },
  {
    "bridge_balance_mohm": 18.3760681152344,
    "id": 467781213,
    "leak_pa": 0.0,
    "num_spikes": 24,
    "peak_deflection": 0.0,
    "post_noise_rms_mv": 0.0480371899902821,
    "post_vm_mv": -80.2183227539062,
    "pre_noise_rms_mv": 0.0386273711919785,
    "pre_vm_mv": -79.7998657226562,
    "slow_noise_rms_mv": 0.155264869332314,
    "slow_vm_mv": -79.7998657226562,
    "specimen_id": 467703703,
    "stimulus_absolute_amplitude": 149.999998533268,
    "stimulus_description": "C1LSCOARSE150216[13]",
    "stimulus_duration": 0.999995,
    "stimulus_interval": 0.0,
    "stimulus_name": "Long Square",
    "stimulus_relative_amplitude": 1.0,
    "stimulus_start_time": 0.92,
    "stimulus_units": "pA",
    "sweep_number": 37,
    "vm_delta_mv": 0.41845703125
  },
  {
    "bridge_balance_mohm": 16.4224662780762,
    "id": 467781253,
    "leak_pa": 0.0,
    "num_spikes": 0,
    "peak_deflection": 0.0,
    "post_noise_rms_mv": 0.0373623892664909,
    "post_vm_mv": -78.8182754516602,
    "pre_noise_rms_mv": 0.0369128696620464,
    "pre_vm_mv": -78.6118621826172,
    "slow_noise_rms_mv": 0.229692190885544,
    "slow_vm_mv": -78.6118621826172,
    "specimen_id": 467703703,
    "stimulus_absolute_amplitude": -200.000002670286,
    "stimulus_description": "C1SQCAPCHK141203[0]",
    "stimulus_duration": 7.819995,
    "stimulus_interval": 0.2,
    "stimulus_name": "Square - 0.5ms Subthreshold",
    "stimulus_relative_amplitude": 1.0,
    "stimulus_start_time": 0.12,
    "stimulus_units": "pA",
    "sweep_number": 55,
    "vm_delta_mv": 0.206413269042969
  },
  {
    "bridge_balance_mohm": 16.4224662780762,
    "id": 467781257,
    "leak_pa": 0.0,
    "num_spikes": 2,
    "peak_deflection": 0.0,
    "post_noise_rms_mv": 0.0372457429766655,
    "post_vm_mv": -79.7221527099609,
    "pre_noise_rms_mv": 0.043834526091814,
    "pre_vm_mv": -79.236442565918,
    "slow_noise_rms_mv": 0.135306239128113,
    "slow_vm_mv": -79.236442565918,
    "specimen_id": 467703703,
    "stimulus_absolute_amplitude": 319.999998721343,
    "stimulus_description": "C2SQRHELNG150216[0]",
    "stimulus_duration": 1.999995,
    "stimulus_interval": 0.0,
    "stimulus_name": "Square - 2s Suprathreshold",
    "stimulus_relative_amplitude": 3.2,
    "stimulus_start_time": 0.92,
    "stimulus_units": "pA",
    "sweep_number": 57,
    "vm_delta_mv": 0.485710144042969
  },
  {
    "bridge_balance_mohm": 18.3760681152344,
    "id": 467781227,
    "leak_pa": 0.0,
    "num_spikes": 6,
    "peak_deflection": 0.0,
    "post_noise_rms_mv": 0.0369769781827927,
    "post_vm_mv": -79.2166519165039,
    "pre_noise_rms_mv": 0.0419619083404541,
    "pre_vm_mv": -78.9801254272461,
    "slow_noise_rms_mv": 0.147133603692055,
    "slow_vm_mv": -78.9801254272461,
    "specimen_id": 467703703,
    "stimulus_absolute_amplitude": 69.9999988529321,
    "stimulus_description": "C1LSFINEST150112[0]",
    "stimulus_duration": 0.999995,
    "stimulus_interval": 0.0,
    "stimulus_name": "Long Square",
    "stimulus_relative_amplitude": 0.7,
    "stimulus_start_time": 0.92,
    "stimulus_units": "pA",
    "sweep_number": 43,
    "vm_delta_mv": 0.236526489257812
  },
  {
    "bridge_balance_mohm": 18.3760681152344,
    "id": 467781205,
    "leak_pa": 0.0,
    "num_spikes": 6,
    "peak_deflection": 0.0,
    "post_noise_rms_mv": 0.0394093543291092,
    "post_vm_mv": -79.3060607910156,
    "pre_noise_rms_mv": 0.0407316423952579,
    "pre_vm_mv": -79.4531021118164,
    "slow_noise_rms_mv": 0.145635545253754,
    "slow_vm_mv": -79.4531021118164,
    "specimen_id": 467703703,
    "stimulus_absolute_amplitude": 69.9999988529321,
    "stimulus_description": "C1LSCOARSE150216[9]",
    "stimulus_duration": 0.999995,
    "stimulus_interval": 0.0,
    "stimulus_name": "Long Square",
    "stimulus_relative_amplitude": 1.0,
    "stimulus_start_time": 0.92,
    "stimulus_units": "pA",
    "sweep_number": 33,
    "vm_delta_mv": 0.147041320800781
  },
  {
    "bridge_balance_mohm": 16.4224662780762,
    "id": 467781275,
    "leak_pa": 0.0,
    "num_spikes": 7,
    "peak_deflection": 0.0,
    "post_noise_rms_mv": 0.0363027900457382,
    "post_vm_mv": -80.3856964111328,
    "pre_noise_rms_mv": 0.037049513310194,
    "pre_vm_mv": -79.6496734619141,
    "slow_noise_rms_mv": 0.146962285041809,
    "slow_vm_mv": -79.6496734619141,
    "specimen_id": 467703703,
    "stimulus_absolute_amplitude": 400.000005340573,
    "stimulus_description": "C2SQRHELNG150216[0]",
    "stimulus_duration": 1.999995,
    "stimulus_interval": 0.0,
    "stimulus_name": "Square - 2s Suprathreshold",
    "stimulus_relative_amplitude": 4.0,
    "stimulus_start_time": 0.92,
    "stimulus_units": "pA",
    "sweep_number": 65,
    "vm_delta_mv": 0.73602294921875
  },
  {
    "bridge_balance_mohm": 18.9865684509277,
    "id": 467781157,
    "leak_pa": 0.0,
    "num_spikes": 0,
    "peak_deflection": 0.0,
    "post_noise_rms_mv": 0.0386510230600834,
    "post_vm_mv": -81.0072326660156,
    "pre_noise_rms_mv": 0.0369507968425751,
    "pre_vm_mv": -80.7647857666016,
    "slow_noise_rms_mv": 0.167519435286522,
    "slow_vm_mv": -80.7647857666016,
    "specimen_id": 467703703,
    "stimulus_absolute_amplitude": 499.999985859034,
    "stimulus_description": "C1SSCOARSE150112[4]",
    "stimulus_duration": 0.002995,
    "stimulus_interval": 0.0,
    "stimulus_name": "Short Square",
    "stimulus_relative_amplitude": 1.0,
    "stimulus_start_time": 0.92,
    "stimulus_units": "pA",
    "sweep_number": 11,
    "vm_delta_mv": 0.242446899414062
  },
  {
    "bridge_balance_mohm": 18.3760681152344,
    "id": 467781169,
    "leak_pa": 0.0,
    "num_spikes": 0,
    "peak_deflection": 0.0,
    "post_noise_rms_mv": 0.0382179990410805,
    "post_vm_mv": -79.1446762084961,
    "pre_noise_rms_mv": 0.0284273698925972,
    "pre_vm_mv": -79.0158843994141,
    "slow_noise_rms_mv": 0.0952320992946625,
    "slow_vm_mv": -79.0158843994141,
    "specimen_id": 467703703,
    "stimulus_absolute_amplitude": 840.00001399076,
    "stimulus_description": "C1SSFINEST150112[0]",
    "stimulus_duration": 0.002995,
    "stimulus_interval": 0.0,
    "stimulus_name": "Short Square",
    "stimulus_relative_amplitude": 8.4,
    "stimulus_start_time": 0.92,
    "stimulus_units": "pA",
    "sweep_number": 17,
    "vm_delta_mv": 0.128791809082031
  },
  {
    "bridge_balance_mohm": 18.3760681152344,
    "id": 467781193,
    "leak_pa": 0.0,
    "num_spikes": 0,
    "peak_deflection": -86.625,
    "post_noise_rms_mv": 0.0348813645541668,
    "post_vm_mv": -79.9643859863281,
    "pre_noise_rms_mv": 0.039238553494215,
    "pre_vm_mv": -79.3657608032227,
    "slow_noise_rms_mv": 0.157963588833809,
    "slow_vm_mv": -79.3657608032227,
    "specimen_id": 467703703,
    "stimulus_absolute_amplitude": -29.9999990127642,
    "stimulus_description": "C1LSCOARSE150216[4]",
    "stimulus_duration": 0.999995,
    "stimulus_interval": 0.0,
    "stimulus_name": "Long Square",
    "stimulus_relative_amplitude": 1.0,
    "stimulus_start_time": 0.92,
    "stimulus_units": "pA",
    "sweep_number": 28,
    "vm_delta_mv": 0.598625183105469
  },
  {
    "bridge_balance_mohm": 18.3760681152344,
    "id": 467781183,
    "leak_pa": 0.0,
    "num_spikes": 1,
    "peak_deflection": 0.0,
    "post_noise_rms_mv": 0.0422236993908882,
    "post_vm_mv": -79.2697830200195,
    "pre_noise_rms_mv": 0.0403356552124023,
    "pre_vm_mv": -79.0394744873047,
    "slow_noise_rms_mv": 0.102607741951942,
    "slow_vm_mv": -79.0394744873047,
    "specimen_id": 467703703,
    "stimulus_absolute_amplitude": 890.000018127779,
    "stimulus_description": "C1SSFINEST150112[0]",
    "stimulus_duration": 0.002995,
    "stimulus_interval": 0.0,
    "stimulus_name": "Short Square",
    "stimulus_relative_amplitude": 8.9,
    "stimulus_start_time": 0.92,
    "stimulus_units": "pA",
    "sweep_number": 23,
    "vm_delta_mv": 0.230308532714844
  },
  {
    "bridge_balance_mohm": 18.9865684509277,
    "id": 467781155,
    "leak_pa": 0.0,
    "num_spikes": 0,
    "peak_deflection": 0.0,
    "post_noise_rms_mv": 0.0376391783356667,
    "post_vm_mv": -82.0569686889648,
    "pre_noise_rms_mv": 0.0389802381396294,
    "pre_vm_mv": -82.0996017456055,
    "slow_noise_rms_mv": 0.128622055053711,
    "slow_vm_mv": -82.0996017456055,
    "specimen_id": 467703703,
    "stimulus_absolute_amplitude": 400.000005340573,
    "stimulus_description": "C1SSCOARSE150112[3]",
    "stimulus_duration": 0.002995,
    "stimulus_interval": 0.0,
    "stimulus_name": "Short Square",
    "stimulus_relative_amplitude": 1.0,
    "stimulus_start_time": 0.92,
    "stimulus_units": "pA",
    "sweep_number": 10,
    "vm_delta_mv": 0.042633056640625
  },
  {
    "bridge_balance_mohm": 18.3760681152344,
    "id": 467781217,
    "leak_pa": 0.0,
    "num_spikes": 31,
    "peak_deflection": 0.0,
    "post_noise_rms_mv": 0.0362546667456627,
    "post_vm_mv": -79.2544250488281,
    "pre_noise_rms_mv": 0.0367099232971668,
    "pre_vm_mv": -78.7228317260742,
    "slow_noise_rms_mv": 0.157823115587234,
    "slow_vm_mv": -78.7228317260742,
    "specimen_id": 467703703,
    "stimulus_absolute_amplitude": 190.000001842883,
    "stimulus_description": "C1LSCOARSE150216[15]",
    "stimulus_duration": 0.999995,
    "stimulus_interval": 0.0,
    "stimulus_name": "Long Square",
    "stimulus_relative_amplitude": 1.0,
    "stimulus_start_time": 0.92,
    "stimulus_units": "pA",
    "sweep_number": 39,
    "vm_delta_mv": 0.531593322753906
  },
  {
    "bridge_balance_mohm": 16.4224662780762,
    "id": 467781277,
    "leak_pa": 0.0,
    "num_spikes": 7,
    "peak_deflection": 0.0,
    "post_noise_rms_mv": 0.0457499213516712,
    "post_vm_mv": -79.4907073974609,
    "pre_noise_rms_mv": 0.0349880829453468,
    "pre_vm_mv": -80.0405120849609,
    "slow_noise_rms_mv": 0.0897841677069664,
    "slow_vm_mv": -80.0405120849609,
    "specimen_id": 467703703,
    "stimulus_absolute_amplitude": 400.000005340573,
    "stimulus_description": "C2SQRHELNG150216[0]",
    "stimulus_duration": 1.999995,
    "stimulus_interval": 0.0,
    "stimulus_name": "Square - 2s Suprathreshold",
    "stimulus_relative_amplitude": 4.0,
    "stimulus_start_time": 0.92,
    "stimulus_units": "pA",
    "sweep_number": 66,
    "vm_delta_mv": 0.5498046875
  },
  {
    "bridge_balance_mohm": 16.4224662780762,
    "id": 467781235,
    "leak_pa": 0.0,
    "num_spikes": 39,
    "peak_deflection": 0.0,
    "post_noise_rms_mv": 0.0390851423144341,
    "post_vm_mv": -79.9920043945312,
    "pre_noise_rms_mv": 0.0364843159914017,
    "pre_vm_mv": -79.9724578857422,
    "slow_noise_rms_mv": 0.116070456802845,
    "slow_vm_mv": -79.9724578857422,
    "specimen_id": 467703703,
    "stimulus_absolute_amplitude": 518.624976297843,
    "stimulus_description": "C1NSSEED_2150216[0]",
    "stimulus_duration": 18.999995,
    "stimulus_interval": 5.0,
    "stimulus_name": "Noise 2",
    "stimulus_relative_amplitude": 2.2,
    "stimulus_start_time": 1.92,
    "stimulus_units": "pA",
    "sweep_number": 47,
    "vm_delta_mv": 0.0195465087890625
  },
  {
    "bridge_balance_mohm": 16.4224662780762,
    "id": 467781269,
    "leak_pa": 0.0,
    "num_spikes": 4,
    "peak_deflection": 0.0,
    "post_noise_rms_mv": 0.0391143262386322,
    "post_vm_mv": -80.0032348632812,
    "pre_noise_rms_mv": 0.0377224050462246,
    "pre_vm_mv": -80.127197265625,
    "slow_noise_rms_mv": 0.116015806794167,
    "slow_vm_mv": -80.127197265625,
    "specimen_id": 467703703,
    "stimulus_absolute_amplitude": 360.000002030958,
    "stimulus_description": "C2SQRHELNG150216[0]",
    "stimulus_duration": 1.999995,
    "stimulus_interval": 0.0,
    "stimulus_name": "Square - 2s Suprathreshold",
    "stimulus_relative_amplitude": 3.6,
    "stimulus_start_time": 0.92,
    "stimulus_units": "pA",
    "sweep_number": 62,
    "vm_delta_mv": 0.12396240234375
  },
  {
    "bridge_balance_mohm": 18.3760681152344,
    "id": 467781195,
    "leak_pa": 0.0,
    "num_spikes": 0,
    "peak_deflection": -82.2812576293945,
    "post_noise_rms_mv": 0.0415595434606075,
    "post_vm_mv": -79.9490051269531,
    "pre_noise_rms_mv": 0.0338206104934216,
    "pre_vm_mv": -79.516731262207,
    "slow_noise_rms_mv": 0.162719890475273,
    "slow_vm_mv": -79.516731262207,
    "specimen_id": 467703703,
    "stimulus_absolute_amplitude": -9.99999996004197,
    "stimulus_description": "C1LSCOARSE150216[5]",
    "stimulus_duration": 0.999995,
    "stimulus_interval": 0.0,
    "stimulus_name": "Long Square",
    "stimulus_relative_amplitude": 1.0,
    "stimulus_start_time": 0.92,
    "stimulus_units": "pA",
    "sweep_number": 29,
    "vm_delta_mv": 0.432273864746094
  },
  {
    "bridge_balance_mohm": 18.3760681152344,
    "id": 467781167,
    "leak_pa": 0.0,
    "num_spikes": 0,
    "peak_deflection": 0.0,
    "post_noise_rms_mv": 0.0389664359390736,
    "post_vm_mv": -79.9446334838867,
    "pre_noise_rms_mv": 0.036348819732666,
    "pre_vm_mv": -79.7657318115234,
    "slow_noise_rms_mv": 0.128454968333244,
    "slow_vm_mv": -79.7657318115234,
    "specimen_id": 467703703,
    "stimulus_absolute_amplitude": 820.000012335953,
    "stimulus_description": "C1SSFINEST150112[0]",
    "stimulus_duration": 0.002995,
    "stimulus_interval": 0.0,
    "stimulus_name": "Short Square",
    "stimulus_relative_amplitude": 8.2,
    "stimulus_start_time": 0.92,
    "stimulus_units": "pA",
    "sweep_number": 16,
    "vm_delta_mv": 0.178901672363281
  },
  {
    "bridge_balance_mohm": 16.4224662780762,
    "id": 467781259,
    "leak_pa": 0.0,
    "num_spikes": 1,
    "peak_deflection": 0.0,
    "post_noise_rms_mv": 0.0387521013617516,
    "post_vm_mv": -79.426872253418,
    "pre_noise_rms_mv": 0.0435128509998322,
    "pre_vm_mv": -80.0325012207031,
    "slow_noise_rms_mv": 0.117421239614487,
    "slow_vm_mv": -80.0325012207031,
    "specimen_id": 467703703,
    "stimulus_absolute_amplitude": 319.999998721343,
    "stimulus_description": "C2SQRHELNG150216[0]",
    "stimulus_duration": 1.999995,
    "stimulus_interval": 0.0,
    "stimulus_name": "Square - 2s Suprathreshold",
    "stimulus_relative_amplitude": 3.2,
    "stimulus_start_time": 0.92,
    "stimulus_units": "pA",
    "sweep_number": 58,
    "vm_delta_mv": 0.605628967285156
  },
  {
    "bridge_balance_mohm": 16.4224662780762,
    "id": 467781243,
    "leak_pa": 0.0,
    "num_spikes": 26,
    "peak_deflection": 0.0,
    "post_noise_rms_mv": 0.0398611687123775,
    "post_vm_mv": -78.4469375610352,
    "pre_noise_rms_mv": 0.0420131683349609,
    "pre_vm_mv": -77.5090713500977,
    "slow_noise_rms_mv": 0.230264574289322,
    "slow_vm_mv": -77.5090713500977,
    "specimen_id": 467703703,
    "stimulus_absolute_amplitude": 509.874975573865,
    "stimulus_description": "C1NSSEED_1150216[0]",
    "stimulus_duration": 18.999995,
    "stimulus_interval": 5.0,
    "stimulus_name": "Noise 1",
    "stimulus_relative_amplitude": 2.2,
    "stimulus_start_time": 1.92,
    "stimulus_units": "pA",
    "sweep_number": 50,
    "vm_delta_mv": 0.9378662109375
  },
  {
    "bridge_balance_mohm": 0.0,
    "id": 467781289,
    "leak_pa": 0.0,
    "num_spikes": 0,
    "peak_deflection": 0.0,
    "post_noise_rms_mv": 0.0321326814591885,
    "post_vm_mv": 2.46370697021484,
    "pre_noise_rms_mv": 0.037077434360981,
    "pre_vm_mv": 2.20270824432373,
    "slow_noise_rms_mv": 0.150798782706261,
    "slow_vm_mv": 2.20270824432373,
    "specimen_id": 467703703,
    "stimulus_absolute_amplitude": 0.0,
    "stimulus_description": "EXTPBLWOUT141203[0]",
    "stimulus_duration": 0.0,
    "stimulus_interval": 0.0,
    "stimulus_name": "Test",
    "stimulus_relative_amplitude": 1.0,
    "stimulus_start_time": 0.0,
    "stimulus_units": "pA",
    "sweep_number": 71,
    "vm_delta_mv": 0.260998725891113
  },
  {
    "bridge_balance_mohm": 18.3760681152344,
    "id": 467781229,
    "leak_pa": 0.0,
    "num_spikes": 6,
    "peak_deflection": 0.0,
    "post_noise_rms_mv": 0.0402921102941036,
    "post_vm_mv": -78.6336364746094,
    "pre_noise_rms_mv": 0.0377372950315475,
    "pre_vm_mv": -79.0494995117188,
    "slow_noise_rms_mv": 0.310221701860428,
    "slow_vm_mv": -79.0494995117188,
    "specimen_id": 467703703,
    "stimulus_absolute_amplitude": 69.9999988529321,
    "stimulus_description": "C1LSFINEST150112[0]",
    "stimulus_duration": 0.999995,
    "stimulus_interval": 0.0,
    "stimulus_name": "Long Square",
    "stimulus_relative_amplitude": 0.7,
    "stimulus_start_time": 0.92,
    "stimulus_units": "pA",
    "sweep_number": 44,
    "vm_delta_mv": 0.415863037109375
  },
  {
    "bridge_balance_mohm": 18.3760681152344,
    "id": 467781185,
    "leak_pa": 0.0,
    "num_spikes": 0,
    "peak_deflection": -95.34375,
    "post_noise_rms_mv": 0.0479032136499882,
    "post_vm_mv": -79.5541915893555,
    "pre_noise_rms_mv": 0.0379735045135021,
    "pre_vm_mv": -79.4000701904297,
    "slow_noise_rms_mv": 0.155309915542603,
    "slow_vm_mv": -79.4000701904297,
    "specimen_id": 467703703,
    "stimulus_absolute_amplitude": -110.000002162547,
    "stimulus_description": "C1LSCOARSE150216[0]",
    "stimulus_duration": 0.999995,
    "stimulus_interval": 0.0,
    "stimulus_name": "Long Square",
    "stimulus_relative_amplitude": 1.0,
    "stimulus_start_time": 0.92,
    "stimulus_units": "pA",
    "sweep_number": 24,
    "vm_delta_mv": 0.154121398925781
  },
  {
    "bridge_balance_mohm": 18.9865684509277,
    "id": 467781263,
    "leak_pa": 0.0,
    "num_spikes": 13,
    "peak_deflection": 0.0,
    "post_noise_rms_mv": 0.0,
    "post_vm_mv": 0.0,
    "pre_noise_rms_mv": 0.0389220789074898,
    "pre_vm_mv": -84.5175018310547,
    "slow_noise_rms_mv": 0.211907356977463,
    "slow_vm_mv": -84.5175018310547,
    "specimen_id": 467703703,
    "stimulus_absolute_amplitude": 800.000010681146,
    "stimulus_description": "C1RP25PR1S141203[0]",
    "stimulus_duration": 31.997495,
    "stimulus_interval": 0.0,
    "stimulus_name": "Ramp",
    "stimulus_relative_amplitude": 1.0,
    "stimulus_start_time": 0.9225,
    "stimulus_units": "pA",
    "sweep_number": 6,
    "vm_delta_mv": 0.0
  },
  {
    "bridge_balance_mohm": 0.0,
    "id": 467781287,
    "leak_pa": 0.0,
    "num_spikes": 0,
    "peak_deflection": 0.0,
    "post_noise_rms_mv": 0.0,
    "post_vm_mv": 0.0,
    "pre_noise_rms_mv": 0.0,
    "pre_vm_mv": 0.0,
    "slow_noise_rms_mv": 0.0,
    "slow_vm_mv": 0.0,
    "specimen_id": 467703703,
    "stimulus_absolute_amplitude": 9.99999977648258,
    "stimulus_description": "EXTPGGAEND141203[0]",
    "stimulus_duration": 0.069995,
    "stimulus_interval": 0.05,
    "stimulus_name": "Test",
    "stimulus_relative_amplitude": 1.0,
    "stimulus_start_time": 0.03,
    "stimulus_units": "mV",
    "sweep_number": 70,
    "vm_delta_mv": 0.0
  },
  {
    "bridge_balance_mohm": 16.4224662780762,
    "id": 467781233,
    "leak_pa": 0.0,
    "num_spikes": 45,
    "peak_deflection": 0.0,
    "post_noise_rms_mv": 0.0365134291350842,
    "post_vm_mv": -80.6148223876953,
    "pre_noise_rms_mv": 0.0395955517888069,
    "pre_vm_mv": -80.2372741699219,
    "slow_noise_rms_mv": 0.161992713809013,
    "slow_vm_mv": -80.2372741699219,
    "specimen_id": 467703703,
    "stimulus_absolute_amplitude": 509.874975573865,
    "stimulus_description": "C1NSSEED_1150216[0]",
    "stimulus_duration": 18.999995,
    "stimulus_interval": 5.0,
    "stimulus_name": "Noise 1",
    "stimulus_relative_amplitude": 2.2,
    "stimulus_start_time": 1.92,
    "stimulus_units": "pA",
    "sweep_number": 46,
    "vm_delta_mv": 0.377548217773438
  },
  {
    "bridge_balance_mohm": 18.3760681152344,
    "id": 467781187,
    "leak_pa": 0.0,
    "num_spikes": 0,
    "peak_deflection": -94.15625,
    "post_noise_rms_mv": 0.0366952419281006,
    "post_vm_mv": -79.7482147216797,
    "pre_noise_rms_mv": 0.0389864780008793,
    "pre_vm_mv": -79.518180847168,
    "slow_noise_rms_mv": 0.158487841486931,
    "slow_vm_mv": -79.518180847168,
    "specimen_id": 467703703,
    "stimulus_absolute_amplitude": -90.0000005077395,
    "stimulus_description": "C1LSCOARSE150216[1]",
    "stimulus_duration": 0.999995,
    "stimulus_interval": 0.0,
    "stimulus_name": "Long Square",
    "stimulus_relative_amplitude": 1.0,
    "stimulus_start_time": 0.92,
    "stimulus_units": "pA",
    "sweep_number": 25,
    "vm_delta_mv": 0.230033874511719
  },
  {
    "bridge_balance_mohm": 16.4224662780762,
    "id": 467781249,
    "leak_pa": 0.0,
    "num_spikes": 20,
    "peak_deflection": 0.0,
    "post_noise_rms_mv": 0.0393207296729088,
    "post_vm_mv": -81.5930786132812,
    "pre_noise_rms_mv": 0.0375379733741283,
    "pre_vm_mv": -80.9895172119141,
    "slow_noise_rms_mv": 0.151499226689339,
    "slow_vm_mv": -80.9895172119141,
    "specimen_id": 467703703,
    "stimulus_absolute_amplitude": 518.624976297843,
    "stimulus_description": "C1NSSEED_2150216[0]",
    "stimulus_duration": 18.999995,
    "stimulus_interval": 5.0,
    "stimulus_name": "Noise 2",
    "stimulus_relative_amplitude": 2.2,
    "stimulus_start_time": 1.92,
    "stimulus_units": "pA",
    "sweep_number": 53,
    "vm_delta_mv": 0.603561401367188
  },
  {
    "bridge_balance_mohm": 18.9865684509277,
    "id": 467781163,
    "leak_pa": 0.0,
    "num_spikes": 0,
    "peak_deflection": 0.0,
    "post_noise_rms_mv": 0.0419696345925331,
    "post_vm_mv": -80.6179733276367,
    "pre_noise_rms_mv": 0.0383581668138504,
    "pre_vm_mv": -80.5081329345703,
    "slow_noise_rms_mv": 0.208072692155838,
    "slow_vm_mv": -80.5081329345703,
    "specimen_id": 467703703,
    "stimulus_absolute_amplitude": 800.000010681146,
    "stimulus_description": "C1SSCOARSE150112[7]",
    "stimulus_duration": 0.002995,
    "stimulus_interval": 0.0,
    "stimulus_name": "Short Square",
    "stimulus_relative_amplitude": 1.0,
    "stimulus_start_time": 0.92,
    "stimulus_units": "pA",
    "sweep_number": 14,
    "vm_delta_mv": 0.109840393066406
  },
  {
    "bridge_balance_mohm": 18.3760681152344,
    "id": 467781173,
    "leak_pa": 0.0,
    "num_spikes": 1,
    "peak_deflection": 0.0,
    "post_noise_rms_mv": 0.0366399548947811,
    "post_vm_mv": -78.6584625244141,
    "pre_noise_rms_mv": 0.0357467569410801,
    "pre_vm_mv": -78.935432434082,
    "slow_noise_rms_mv": 0.179414063692093,
    "slow_vm_mv": -78.935432434082,
    "specimen_id": 467703703,
    "stimulus_absolute_amplitude": 890.000018127779,
    "stimulus_description": "C1SSFINEST150112[0]",
    "stimulus_duration": 0.002995,
    "stimulus_interval": 0.0,
    "stimulus_name": "Short Square",
    "stimulus_relative_amplitude": 8.9,
    "stimulus_start_time": 0.92,
    "stimulus_units": "pA",
    "sweep_number": 19,
    "vm_delta_mv": 0.276969909667969
  },
  {
    "bridge_balance_mohm": 18.9865684509277,
    "id": 467781241,
    "leak_pa": 0.0,
    "num_spikes": 36,
    "peak_deflection": 0.0,
    "post_noise_rms_mv": 0.0,
    "post_vm_mv": 0.0,
    "pre_noise_rms_mv": 0.0366952121257782,
    "pre_vm_mv": -83.2073822021484,
    "slow_noise_rms_mv": 0.19420924782753,
    "slow_vm_mv": -83.2073822021484,
    "specimen_id": 467703703,
    "stimulus_absolute_amplitude": 800.000010681146,
    "stimulus_description": "C1RP25PR1S141203[0]",
    "stimulus_duration": 31.997495,
    "stimulus_interval": 0.0,
    "stimulus_name": "Ramp",
    "stimulus_relative_amplitude": 1.0,
    "stimulus_start_time": 0.9225,
    "stimulus_units": "pA",
    "sweep_number": 5,
    "vm_delta_mv": 0.0
  },
  {
    "bridge_balance_mohm": 18.3760681152344,
    "id": 467781181,
    "leak_pa": 0.0,
    "num_spikes": 1,
    "peak_deflection": 0.0,
    "post_noise_rms_mv": 0.0394680611789227,
    "post_vm_mv": -79.1930694580078,
    "pre_noise_rms_mv": 0.0438996218144894,
    "pre_vm_mv": -79.4865188598633,
    "slow_noise_rms_mv": 0.224944069981575,
    "slow_vm_mv": -79.4865188598633,
    "specimen_id": 467703703,
    "stimulus_absolute_amplitude": 890.000018127779,
    "stimulus_description": "C1SSFINEST150112[0]",
    "stimulus_duration": 0.002995,
    "stimulus_interval": 0.0,
    "stimulus_name": "Short Square",
    "stimulus_relative_amplitude": 8.9,
    "stimulus_start_time": 0.92,
    "stimulus_units": "pA",
    "sweep_number": 22,
    "vm_delta_mv": 0.293449401855469
  },
  {
    "bridge_balance_mohm": 16.4224662780762,
    "id": 467781239,
    "leak_pa": 0.0,
    "num_spikes": 36,
    "peak_deflection": 0.0,
    "post_noise_rms_mv": 0.0352538079023361,
    "post_vm_mv": -78.4537734985352,
    "pre_noise_rms_mv": 0.0391233265399933,
    "pre_vm_mv": -77.7158432006836,
    "slow_noise_rms_mv": 0.132975518703461,
    "slow_vm_mv": -77.7158432006836,
    "specimen_id": 467703703,
    "stimulus_absolute_amplitude": 518.624976297843,
    "stimulus_description": "C1NSSEED_2150216[0]",
    "stimulus_duration": 18.999995,
    "stimulus_interval": 5.0,
    "stimulus_name": "Noise 2",
    "stimulus_relative_amplitude": 2.2,
    "stimulus_start_time": 1.92,
    "stimulus_units": "pA",
    "sweep_number": 49,
    "vm_delta_mv": 0.737930297851562
  },
  {
    "bridge_balance_mohm": 18.3760681152344,
    "id": 467781211,
    "leak_pa": 0.0,
    "num_spikes": 20,
    "peak_deflection": 0.0,
    "post_noise_rms_mv": 0.045492485165596,
    "post_vm_mv": -79.2663726806641,
    "pre_noise_rms_mv": 0.0410867370665073,
    "pre_vm_mv": -79.2020721435547,
    "slow_noise_rms_mv": 0.208216145634651,
    "slow_vm_mv": -79.2020721435547,
    "specimen_id": 467703703,
    "stimulus_absolute_amplitude": 129.99999687846,
    "stimulus_description": "C1LSCOARSE150216[12]",
    "stimulus_duration": 0.999995,
    "stimulus_interval": 0.0,
    "stimulus_name": "Long Square",
    "stimulus_relative_amplitude": 1.0,
    "stimulus_start_time": 0.92,
    "stimulus_units": "pA",
    "sweep_number": 36,
    "vm_delta_mv": 0.064300537109375
  },
  {
    "bridge_balance_mohm": 18.9865684509277,
    "id": 467781159,
    "leak_pa": 0.0,
    "num_spikes": 0,
    "peak_deflection": 0.0,
    "post_noise_rms_mv": 0.0375242121517658,
    "post_vm_mv": -80.1468811035156,
    "pre_noise_rms_mv": 0.0392064638435841,
    "pre_vm_mv": -79.9555053710938,
    "slow_noise_rms_mv": 0.15770298242569,
    "slow_vm_mv": -79.9555053710938,
    "specimen_id": 467703703,
    "stimulus_absolute_amplitude": 599.999994133071,
    "stimulus_description": "C1SSCOARSE150112[5]",
    "stimulus_duration": 0.002995,
    "stimulus_interval": 0.0,
    "stimulus_name": "Short Square",
    "stimulus_relative_amplitude": 1.0,
    "stimulus_start_time": 0.92,
    "stimulus_units": "pA",
    "sweep_number": 12,
    "vm_delta_mv": 0.191375732421875
  },
  {
    "bridge_balance_mohm": 16.4224662780762,
    "id": 467781237,
    "leak_pa": 0.0,
    "num_spikes": 38,
    "peak_deflection": 0.0,
    "post_noise_rms_mv": 0.0415740087628365,
    "post_vm_mv": -77.4708633422852,
    "pre_noise_rms_mv": 0.0394566729664803,
    "pre_vm_mv": -78.1871643066406,
    "slow_noise_rms_mv": 0.183832809329033,
    "slow_vm_mv": -78.1871643066406,
    "specimen_id": 467703703,
    "stimulus_absolute_amplitude": 509.874975573865,
    "stimulus_description": "C1NSSEED_1150216[0]",
    "stimulus_duration": 18.999995,
    "stimulus_interval": 5.0,
    "stimulus_name": "Noise 1",
    "stimulus_relative_amplitude": 2.2,
    "stimulus_start_time": 1.92,
    "stimulus_units": "pA",
    "sweep_number": 48,
    "vm_delta_mv": 0.716300964355469
  },
  {
    "bridge_balance_mohm": 18.3760681152344,
    "id": 467781209,
    "leak_pa": 0.0,
    "num_spikes": 17,
    "peak_deflection": 0.0,
    "post_noise_rms_mv": 0.0369372740387917,
    "post_vm_mv": -78.7743301391602,
    "pre_noise_rms_mv": 0.0278808977454901,
    "pre_vm_mv": -78.7474822998047,
    "slow_noise_rms_mv": 0.327486753463745,
    "slow_vm_mv": -78.7474822998047,
    "specimen_id": 467703703,
    "stimulus_absolute_amplitude": 110.000002162547,
    "stimulus_description": "C1LSCOARSE150216[11]",
    "stimulus_duration": 0.999995,
    "stimulus_interval": 0.0,
    "stimulus_name": "Long Square",
    "stimulus_relative_amplitude": 1.0,
    "stimulus_start_time": 0.92,
    "stimulus_units": "pA",
    "sweep_number": 35,
    "vm_delta_mv": 0.0268478393554688
  },
  {
    "bridge_balance_mohm": 18.9865684509277,
    "id": 467781219,
    "leak_pa": 0.0,
    "num_spikes": 16,
    "peak_deflection": 0.0,
    "post_noise_rms_mv": 0.0,
    "post_vm_mv": 0.0,
    "pre_noise_rms_mv": 0.0474670901894569,
    "pre_vm_mv": -82.5904846191406,
    "slow_noise_rms_mv": 0.298794358968735,
    "slow_vm_mv": -82.5904846191406,
    "specimen_id": 467703703,
    "stimulus_absolute_amplitude": 800.000010681146,
    "stimulus_description": "C1RP25PR1S141203[0]",
    "stimulus_duration": 31.997495,
    "stimulus_interval": 0.0,
    "stimulus_name": "Ramp",
    "stimulus_relative_amplitude": 1.0,
    "stimulus_start_time": 0.9225,
    "stimulus_units": "pA",
    "sweep_number": 4,
    "vm_delta_mv": 0.0
  },
  {
    "bridge_balance_mohm": 18.3760681152344,
    "id": 467781171,
    "leak_pa": 0.0,
    "num_spikes": 0,
    "peak_deflection": 0.0,
    "post_noise_rms_mv": 0.0360706634819508,
    "post_vm_mv": -79.6125335693359,
    "pre_noise_rms_mv": 0.0447295382618904,
    "pre_vm_mv": -79.5617523193359,
    "slow_noise_rms_mv": 0.107500858604908,
    "slow_vm_mv": -79.5617523193359,
    "specimen_id": 467703703,
    "stimulus_absolute_amplitude": 860.000015645568,
    "stimulus_description": "C1SSFINEST150112[0]",
    "stimulus_duration": 0.002995,
    "stimulus_interval": 0.0,
    "stimulus_name": "Short Square",
    "stimulus_relative_amplitude": 8.6,
    "stimulus_start_time": 0.92,
    "stimulus_units": "pA",
    "sweep_number": 18,
    "vm_delta_mv": 0.05078125
  },
  {
    "bridge_balance_mohm": 16.4224662780762,
    "id": 467781279,
    "leak_pa": 0.0,
    "num_spikes": 6,
    "peak_deflection": 0.0,
    "post_noise_rms_mv": 0.0419452115893364,
    "post_vm_mv": -79.1769790649414,
    "pre_noise_rms_mv": 0.0450160652399063,
    "pre_vm_mv": -79.2936782836914,
    "slow_noise_rms_mv": 0.164736241102219,
    "slow_vm_mv": -79.2936782836914,
    "specimen_id": 467703703,
    "stimulus_absolute_amplitude": 400.000005340573,
    "stimulus_description": "C2SQRHELNG150216[0]",
    "stimulus_duration": 1.999995,
    "stimulus_interval": 0.0,
    "stimulus_name": "Square - 2s Suprathreshold",
    "stimulus_relative_amplitude": 4.0,
    "stimulus_start_time": 0.92,
    "stimulus_units": "pA",
    "sweep_number": 67,
    "vm_delta_mv": 0.11669921875
  },
  {
    "bridge_balance_mohm": 16.4224662780762,
    "id": 467781245,
    "leak_pa": 0.0,
    "num_spikes": 19,
    "peak_deflection": 0.0,
    "post_noise_rms_mv": 0.040091335773468,
    "post_vm_mv": -78.9843597412109,
    "pre_noise_rms_mv": 0.0443413630127907,
    "pre_vm_mv": -77.9891967773438,
    "slow_noise_rms_mv": 0.120224811136723,
    "slow_vm_mv": -77.9891967773438,
    "specimen_id": 467703703,
    "stimulus_absolute_amplitude": 518.624976297843,
    "stimulus_description": "C1NSSEED_2150216[0]",
    "stimulus_duration": 18.999995,
    "stimulus_interval": 5.0,
    "stimulus_name": "Noise 2",
    "stimulus_relative_amplitude": 2.2,
    "stimulus_start_time": 1.92,
    "stimulus_units": "pA",
    "sweep_number": 51,
    "vm_delta_mv": 0.995162963867188
  },
  {
    "bridge_balance_mohm": 18.9865684509277,
    "id": 467781291,
    "leak_pa": 0.0,
    "num_spikes": 0,
    "peak_deflection": 0.0,
    "post_noise_rms_mv": 0.0375400744378567,
    "post_vm_mv": -81.828857421875,
    "pre_noise_rms_mv": 0.0422818847000599,
    "pre_vm_mv": -82.0966186523438,
    "slow_noise_rms_mv": 0.164913892745972,
    "slow_vm_mv": -82.0966186523438,
    "specimen_id": 467703703,
    "stimulus_absolute_amplitude": 200.000002670286,
    "stimulus_description": "C1SSCOARSE150112[1]",
    "stimulus_duration": 0.002995,
    "stimulus_interval": 0.0,
    "stimulus_name": "Short Square",
    "stimulus_relative_amplitude": 1.0,
    "stimulus_start_time": 0.92,
    "stimulus_units": "pA",
    "sweep_number": 8,
    "vm_delta_mv": 0.26776123046875
  },
  {
    "bridge_balance_mohm": 18.9865684509277,
    "id": 467781285,
    "leak_pa": 0.0,
    "num_spikes": 0,
    "peak_deflection": 0.0,
    "post_noise_rms_mv": 0.03696259111166,
    "post_vm_mv": -82.1085433959961,
    "pre_noise_rms_mv": 0.0353939794003963,
    "pre_vm_mv": -82.050422668457,
    "slow_noise_rms_mv": 0.110411003232002,
    "slow_vm_mv": -82.050422668457,
    "specimen_id": 467703703,
    "stimulus_absolute_amplitude": 100.000001335143,
    "stimulus_description": "C1SSCOARSE150112[0]",
    "stimulus_duration": 0.002995,
    "stimulus_interval": 0.0,
    "stimulus_name": "Short Square",
    "stimulus_relative_amplitude": 1.0,
    "stimulus_start_time": 0.92,
    "stimulus_units": "pA",
    "sweep_number": 7,
    "vm_delta_mv": 0.0581207275390625
  },
  {
    "bridge_balance_mohm": 0.0,
    "id": 467781175,
    "leak_pa": 0.0,
    "num_spikes": 0,
    "peak_deflection": 0.0,
    "post_noise_rms_mv": 0.0,
    "post_vm_mv": 0.0,
    "pre_noise_rms_mv": 0.0,
    "pre_vm_mv": 0.0,
    "slow_noise_rms_mv": 0.0,
    "slow_vm_mv": 0.0,
    "specimen_id": 467703703,
    "stimulus_absolute_amplitude": 9.99999977648258,
    "stimulus_description": "EXTPCllATT141203[0]",
    "stimulus_duration": 0.069995,
    "stimulus_interval": 0.05,
    "stimulus_name": "Test",
    "stimulus_relative_amplitude": 1.0,
    "stimulus_start_time": 0.03,
    "stimulus_units": "mV",
    "sweep_number": 2,
    "vm_delta_mv": 0.0
  },
  {
    "bridge_balance_mohm": 16.4224662780762,
    "id": 467781251,
    "leak_pa": 0.0,
    "num_spikes": 0,
    "peak_deflection": 0.0,
    "post_noise_rms_mv": 0.0381614416837692,
    "post_vm_mv": -78.9379119873047,
    "pre_noise_rms_mv": 0.0380351841449738,
    "pre_vm_mv": -79.3290786743164,
    "slow_noise_rms_mv": 0.214914545416832,
    "slow_vm_mv": -79.3290786743164,
    "specimen_id": 467703703,
    "stimulus_absolute_amplitude": -200.000002670286,
    "stimulus_description": "C1SQCAPCHK141203[0]",
    "stimulus_duration": 7.819995,
    "stimulus_interval": 0.2,
    "stimulus_name": "Square - 0.5ms Subthreshold",
    "stimulus_relative_amplitude": 1.0,
    "stimulus_start_time": 0.12,
    "stimulus_units": "pA",
    "sweep_number": 54,
    "vm_delta_mv": 0.391166687011719
  },
  {
    "bridge_balance_mohm": 16.4224662780762,
    "id": 467781267,
    "leak_pa": 0.0,
    "num_spikes": 5,
    "peak_deflection": 0.0,
    "post_noise_rms_mv": 0.0370014756917953,
    "post_vm_mv": -80.3280181884766,
    "pre_noise_rms_mv": 0.0405605621635914,
    "pre_vm_mv": -79.5997848510742,
    "slow_noise_rms_mv": 0.144660413265228,
    "slow_vm_mv": -79.5997848510742,
    "specimen_id": 467703703,
    "stimulus_absolute_amplitude": 360.000002030958,
    "stimulus_description": "C2SQRHELNG150216[0]",
    "stimulus_duration": 1.999995,
    "stimulus_interval": 0.0,
    "stimulus_name": "Square - 2s Suprathreshold",
    "stimulus_relative_amplitude": 3.6,
    "stimulus_start_time": 0.92,
    "stimulus_units": "pA",
    "sweep_number": 61,
    "vm_delta_mv": 0.728233337402344
  },
  {
    "bridge_balance_mohm": 18.9865684509277,
    "id": 467781293,
    "leak_pa": 0.0,
    "num_spikes": 0,
    "peak_deflection": 0.0,
    "post_noise_rms_mv": 0.040241789072752,
    "post_vm_mv": -82.195686340332,
    "pre_noise_rms_mv": 0.0395453050732613,
    "pre_vm_mv": -82.1698913574219,
    "slow_noise_rms_mv": 0.217974469065666,
    "slow_vm_mv": -82.1698913574219,
    "specimen_id": 467703703,
    "stimulus_absolute_amplitude": 299.999997066536,
    "stimulus_description": "C1SSCOARSE150112[2]",
    "stimulus_duration": 0.002995,
    "stimulus_interval": 0.0,
    "stimulus_name": "Short Square",
    "stimulus_relative_amplitude": 1.0,
    "stimulus_start_time": 0.92,
    "stimulus_units": "pA",
    "sweep_number": 9,
    "vm_delta_mv": 0.0257949829101562
  },
  {
    "bridge_balance_mohm": 18.3760681152344,
    "id": 467781199,
    "leak_pa": 0.0,
    "num_spikes": 0,
    "peak_deflection": -76.65625,
    "post_noise_rms_mv": 0.0440090484917164,
    "post_vm_mv": -78.8204345703125,
    "pre_noise_rms_mv": 0.0359139628708363,
    "pre_vm_mv": -79.5170822143555,
    "slow_noise_rms_mv": 0.198577061295509,
    "slow_vm_mv": -79.5170822143555,
    "specimen_id": 467703703,
    "stimulus_absolute_amplitude": 9.99999996004197,
    "stimulus_description": "C1LSCOARSE150216[6]",
    "stimulus_duration": 0.999995,
    "stimulus_interval": 0.0,
    "stimulus_name": "Long Square",
    "stimulus_relative_amplitude": 1.0,
    "stimulus_start_time": 0.92,
    "stimulus_units": "pA",
    "sweep_number": 30,
    "vm_delta_mv": 0.696647644042969
  },
  {
    "bridge_balance_mohm": 16.4224662780762,
    "id": 467781265,
    "leak_pa": 0.0,
    "num_spikes": 1,
    "peak_deflection": 0.0,
    "post_noise_rms_mv": 0.0359303615987301,
    "post_vm_mv": -80.3852081298828,
    "pre_noise_rms_mv": 0.0402353443205357,
    "pre_vm_mv": -80.1775283813477,
    "slow_noise_rms_mv": 0.113199464976788,
    "slow_vm_mv": -80.1775283813477,
    "specimen_id": 467703703,
    "stimulus_absolute_amplitude": 319.999998721343,
    "stimulus_description": "C2SQRHELNG150216[0]",
    "stimulus_duration": 1.999995,
    "stimulus_interval": 0.0,
    "stimulus_name": "Square - 2s Suprathreshold",
    "stimulus_relative_amplitude": 3.2,
    "stimulus_start_time": 0.92,
    "stimulus_units": "pA",
    "sweep_number": 60,
    "vm_delta_mv": 0.207679748535156
  },
  {
    "bridge_balance_mohm": 18.3760681152344,
    "id": 467781179,
    "leak_pa": 0.0,
    "num_spikes": 1,
    "peak_deflection": 0.0,
    "post_noise_rms_mv": 0.0409532897174358,
    "post_vm_mv": -79.5245208740234,
    "pre_noise_rms_mv": 0.0384153947234154,
    "pre_vm_mv": -79.5784072875977,
    "slow_noise_rms_mv": 0.144005358219147,
    "slow_vm_mv": -79.5784072875977,
    "specimen_id": 467703703,
    "stimulus_absolute_amplitude": 890.000018127779,
    "stimulus_description": "C1SSFINEST150112[0]",
    "stimulus_duration": 0.002995,
    "stimulus_interval": 0.0,
    "stimulus_name": "Short Square",
    "stimulus_relative_amplitude": 8.9,
    "stimulus_start_time": 0.92,
    "stimulus_units": "pA",
    "sweep_number": 21,
    "vm_delta_mv": 0.0538864135742188
  },
  {
    "bridge_balance_mohm": 16.4224662780762,
    "id": 467781271,
    "leak_pa": 0.0,
    "num_spikes": 4,
    "peak_deflection": 0.0,
    "post_noise_rms_mv": 0.0394374243915081,
    "post_vm_mv": -79.8802032470703,
    "pre_noise_rms_mv": 0.0400263890624046,
    "pre_vm_mv": -80.1309509277344,
    "slow_noise_rms_mv": 0.0966753587126732,
    "slow_vm_mv": -80.1309509277344,
    "specimen_id": 467703703,
    "stimulus_absolute_amplitude": 360.000002030958,
    "stimulus_description": "C2SQRHELNG150216[0]",
    "stimulus_duration": 1.999995,
    "stimulus_interval": 0.0,
    "stimulus_name": "Square - 2s Suprathreshold",
    "stimulus_relative_amplitude": 3.6,
    "stimulus_start_time": 0.92,
    "stimulus_units": "pA",
    "sweep_number": 63,
    "vm_delta_mv": 0.250747680664062
  },
  {
    "bridge_balance_mohm": 18.3760681152344,
    "id": 467781177,
    "leak_pa": 0.0,
    "num_spikes": 1,
    "peak_deflection": 0.0,
    "post_noise_rms_mv": 0.0351235680282116,
    "post_vm_mv": -79.1828231811523,
    "pre_noise_rms_mv": 0.039097897708416,
    "pre_vm_mv": -79.7030258178711,
    "slow_noise_rms_mv": 0.2253747433424,
    "slow_vm_mv": -79.7030258178711,
    "specimen_id": 467703703,
    "stimulus_absolute_amplitude": 890.000018127779,
    "stimulus_description": "C1SSFINEST150112[0]",
    "stimulus_duration": 0.002995,
    "stimulus_interval": 0.0,
    "stimulus_name": "Short Square",
    "stimulus_relative_amplitude": 8.9,
    "stimulus_start_time": 0.92,
    "stimulus_units": "pA",
    "sweep_number": 20,
    "vm_delta_mv": 0.52020263671875
  },
  {
    "bridge_balance_mohm": 16.4224662780762,
    "id": 467781273,
    "leak_pa": 0.0,
    "num_spikes": 5,
    "peak_deflection": 0.0,
    "post_noise_rms_mv": 0.0411517769098282,
    "post_vm_mv": -79.9407119750977,
    "pre_noise_rms_mv": 0.0446156486868858,
    "pre_vm_mv": -80.0803070068359,
    "slow_noise_rms_mv": 0.230630859732628,
    "slow_vm_mv": -80.0803070068359,
    "specimen_id": 467703703,
    "stimulus_absolute_amplitude": 360.000002030958,
    "stimulus_description": "C2SQRHELNG150216[0]",
    "stimulus_duration": 1.999995,
    "stimulus_interval": 0.0,
    "stimulus_name": "Square - 2s Suprathreshold",
    "stimulus_relative_amplitude": 3.6,
    "stimulus_start_time": 0.92,
    "stimulus_units": "pA",
    "sweep_number": 64,
    "vm_delta_mv": 0.139595031738281
  },
  {
    "bridge_balance_mohm": 16.4224662780762,
    "id": 467781261,
    "leak_pa": 0.0,
    "num_spikes": 2,
    "peak_deflection": 0.0,
    "post_noise_rms_mv": 0.0372619517147541,
    "post_vm_mv": -79.3701629638672,
    "pre_noise_rms_mv": 0.044280868023634,
    "pre_vm_mv": -79.7375030517578,
    "slow_noise_rms_mv": 0.131854385137558,
    "slow_vm_mv": -79.7375030517578,
    "specimen_id": 467703703,
    "stimulus_absolute_amplitude": 319.999998721343,
    "stimulus_description": "C2SQRHELNG150216[0]",
    "stimulus_duration": 1.999995,
    "stimulus_interval": 0.0,
    "stimulus_name": "Square - 2s Suprathreshold",
    "stimulus_relative_amplitude": 3.2,
    "stimulus_start_time": 0.92,
    "stimulus_units": "pA",
    "sweep_number": 59,
    "vm_delta_mv": 0.367340087890625
  },
  {
    "bridge_balance_mohm": 0.0,
    "id": 467781197,
    "leak_pa": 0.0,
    "num_spikes": 0,
    "peak_deflection": 0.0,
    "post_noise_rms_mv": 0.0,
    "post_vm_mv": 0.0,
    "pre_noise_rms_mv": 0.0,
    "pre_vm_mv": 0.0,
    "slow_noise_rms_mv": 0.0,
    "slow_vm_mv": 0.0,
    "specimen_id": 467703703,
    "stimulus_absolute_amplitude": 9.99999977648258,
    "stimulus_description": "EXTPBREAKN141203[0]",
    "stimulus_duration": 0.069995,
    "stimulus_interval": 0.05,
    "stimulus_name": "Test",
    "stimulus_relative_amplitude": 1.0,
    "stimulus_start_time": 0.03,
    "stimulus_units": "mV",
    "sweep_number": 3,
    "vm_delta_mv": 0.0
  }
]