[
  {
    "bridge_balance_mohm": 15.7509155273438,
    "id": 464301615,
    "leak_pa": 0.0,
    "num_spikes": 3,
    "peak_deflection": 0.0,
    "post_noise_rms_mv": 0.0429674983024597,
    "post_vm_mv": -75.9429168701172,
    "pre_noise_rms_mv": 0.0390212275087833,
    "pre_vm_mv": -76.0496520996094,
    "slow_noise_rms_mv": 0.217117592692375,
    "slow_vm_mv": -76.0496520996094,
    "specimen_id": 397353539,
    "stimulus_absolute_amplitude": 269.999994584325,
    "stimulus_description": "C2SQRHELNG150216[0]",
    "stimulus_duration": 1.999995,
    "stimulus_interval": 0.0,
    "stimulus_name": "Square - 2s Suprathreshold",
    "stimulus_relative_amplitude": 2.7,
    "stimulus_start_time": 0.92,
    "stimulus_units": "pA",
    "sweep_number": 67,
    "vm_delta_mv": 0.106735229492188
  },
  {
    "bridge_balance_mohm": 15.1404151916504,
    "id": 464301471,
    "leak_pa": 0.0,
    "num_spikes": 1,
    "peak_deflection": 0.0,
    "post_noise_rms_mv": 0.0500110574066639,
    "post_vm_mv": -60.0771789550781,
    "pre_noise_rms_mv": 0.04719627648592,
    "pre_vm_mv": -59.8243598937988,
    "slow_noise_rms_mv": 0.480697482824326,
    "slow_vm_mv": -59.8243598937988,
    "specimen_id": 397353539,
    "stimulus_absolute_amplitude": 400.000005340573,
    "stimulus_description": "C2SSHM60CS150112[3]",
    "stimulus_duration": 0.002995,
    "stimulus_interval": 0.0,
    "stimulus_name": "Short Square - Hold -60mV",
    "stimulus_relative_amplitude": 1.0,
    "stimulus_start_time": 0.92,
    "stimulus_units": "pA",
    "sweep_number": 123,
    "vm_delta_mv": 0.252819061279297
  },
  {
    "bridge_balance_mohm": 0.0,
    "id": 464301533,
    "leak_pa": 0.0,
    "num_spikes": 0,
    "peak_deflection": 0.0,
    "post_noise_rms_mv": 0.0,
    "post_vm_mv": 0.0,
    "pre_noise_rms_mv": 0.0,
    "pre_vm_mv": 0.0,
    "slow_noise_rms_mv": 0.0,
    "slow_vm_mv": 0.0,
    "specimen_id": 397353539,
    "stimulus_absolute_amplitude": 9.99999977648258,
    "stimulus_description": "EXTPBREAKN141203[0]",
    "stimulus_duration": 0.069995,
    "stimulus_interval": 0.05,
    "stimulus_name": "Test",
    "stimulus_relative_amplitude": 1.0,
    "stimulus_start_time": 0.03,
    "stimulus_units": "mV",
    "sweep_number": 3,
    "vm_delta_mv": 0.0
  },
  {
    "bridge_balance_mohm": 15.1404151916504,
    "id": 464301429,
    "leak_pa": 0.0,
    "num_spikes": 0,
    "peak_deflection": 0.0,
    "post_noise_rms_mv": 0.0435354374349117,
    "post_vm_mv": -79.8836669921875,
    "pre_noise_rms_mv": 0.0412752106785774,
    "pre_vm_mv": -79.6597366333008,
    "slow_noise_rms_mv": 0.261727958917618,
    "slow_vm_mv": -79.6597366333008,
    "specimen_id": 397353539,
    "stimulus_absolute_amplitude": 400.000005340573,
    "stimulus_description": "C2SSHM80CS150112[3]",
    "stimulus_duration": 0.002995,
    "stimulus_interval": 0.0,
    "stimulus_name": "Short Square - Hold -80mV",
    "stimulus_relative_amplitude": 1.0,
    "stimulus_start_time": 0.92,
    "stimulus_units": "pA",
    "sweep_number": 104,
    "vm_delta_mv": 0.223930358886719
  },
  {
    "bridge_balance_mohm": 15.1404151916504,
    "id": 464301453,
    "leak_pa": 0.0,
    "num_spikes": 1,
    "peak_deflection": 0.0,
    "post_noise_rms_mv": 0.0342413373291492,
    "post_vm_mv": -81.594856262207,
    "pre_noise_rms_mv": 0.0414425432682037,
    "pre_vm_mv": -81.667236328125,
    "slow_noise_rms_mv": 0.221081078052521,
    "slow_vm_mv": -81.667236328125,
    "specimen_id": 397353539,
    "stimulus_absolute_amplitude": 850.000014818164,
    "stimulus_description": "C2SSHM80FN150112[0]",
    "stimulus_duration": 0.002995,
    "stimulus_interval": 0.0,
    "stimulus_name": "Short Square - Hold -80mV",
    "stimulus_relative_amplitude": 8.5,
    "stimulus_start_time": 0.92,
    "stimulus_units": "pA",
    "sweep_number": 115,
    "vm_delta_mv": 0.0723800659179688
  },
  {
    "bridge_balance_mohm": 14.529914855957,
    "id": 464301621,
    "leak_pa": 0.0,
    "num_spikes": 0,
    "peak_deflection": 0.0,
    "post_noise_rms_mv": 0.0367719531059265,
    "post_vm_mv": -76.8882904052734,
    "pre_noise_rms_mv": 0.0310053434222937,
    "pre_vm_mv": -76.7983322143555,
    "slow_noise_rms_mv": 0.165318369865417,
    "slow_vm_mv": -76.7983322143555,
    "specimen_id": 397353539,
    "stimulus_absolute_amplitude": 100.000001335143,
    "stimulus_description": "C1SSCOARSE150112[0]",
    "stimulus_duration": 0.002995,
    "stimulus_interval": 0.0,
    "stimulus_name": "Short Square",
    "stimulus_relative_amplitude": 1.0,
    "stimulus_start_time": 0.92,
    "stimulus_units": "pA",
    "sweep_number": 7,
    "vm_delta_mv": 0.0899581909179688
  },
  {
    "bridge_balance_mohm": 15.1404151916504,
    "id": 464301449,
    "leak_pa": 0.0,
    "num_spikes": 0,
    "peak_deflection": 0.0,
    "post_noise_rms_mv": 0.0499722212553024,
    "post_vm_mv": -79.3801879882812,
    "pre_noise_rms_mv": 0.0385427288711071,
    "pre_vm_mv": -80.1084518432617,
    "slow_noise_rms_mv": 0.276919007301331,
    "slow_vm_mv": -80.1084518432617,
    "specimen_id": 397353539,
    "stimulus_absolute_amplitude": 830.000013163357,
    "stimulus_description": "C2SSHM80FN150112[0]",
    "stimulus_duration": 0.002995,
    "stimulus_interval": 0.0,
    "stimulus_name": "Short Square - Hold -80mV",
    "stimulus_relative_amplitude": 8.3,
    "stimulus_start_time": 0.92,
    "stimulus_units": "pA",
    "sweep_number": 113,
    "vm_delta_mv": 0.728263854980469
  },
  {
    "bridge_balance_mohm": 15.7509155273438,
    "id": 464301677,
    "leak_pa": 0.0,
    "num_spikes": 3,
    "peak_deflection": 0.0,
    "post_noise_rms_mv": 0.0525377318263054,
    "post_vm_mv": -75.9917984008789,
    "pre_noise_rms_mv": 0.0620215870440006,
    "pre_vm_mv": -76.0544204711914,
    "slow_noise_rms_mv": 0.29565092921257,
    "slow_vm_mv": -76.0544204711914,
    "specimen_id": 397353539,
    "stimulus_absolute_amplitude": 900.000018955183,
    "stimulus_description": "C2SSTRIPLE141203[5]",
    "stimulus_duration": 0.056995,
    "stimulus_interval": 0.024,
    "stimulus_name": "Short Square - Triple",
    "stimulus_relative_amplitude": 9.0,
    "stimulus_start_time": 1.92,
    "stimulus_units": "pA",
    "sweep_number": 95,
    "vm_delta_mv": 0.0626220703125
  },
  {
    "bridge_balance_mohm": 15.7509155273438,
    "id": 464301421,
    "leak_pa": 0.0,
    "num_spikes": 32,
    "peak_deflection": 0.0,
    "post_noise_rms_mv": 0.0371620431542397,
    "post_vm_mv": -78.2840194702148,
    "pre_noise_rms_mv": 0.043156486004591,
    "pre_vm_mv": -79.063232421875,
    "slow_noise_rms_mv": 0.20395565032959,
    "slow_vm_mv": -79.063232421875,
    "specimen_id": 397353539,
    "stimulus_absolute_amplitude": 610.125006073048,
    "stimulus_description": "C2NSRMPRH2150216[0]",
    "stimulus_duration": 31.99998,
    "stimulus_interval": 4.5e-05,
    "stimulus_name": "Ramp to Rheobase",
    "stimulus_relative_amplitude": 1.8,
    "stimulus_start_time": 1.920015,
    "stimulus_units": "pA",
    "sweep_number": 100,
    "vm_delta_mv": 0.779212951660156
  },
  {
    "bridge_balance_mohm": 15.7509155273438,
    "id": 464301627,
    "leak_pa": 0.0,
    "num_spikes": 1,
    "peak_deflection": 0.0,
    "post_noise_rms_mv": 0.0355800874531269,
    "post_vm_mv": -76.4789276123047,
    "pre_noise_rms_mv": 0.0521419607102871,
    "pre_vm_mv": -76.2981719970703,
    "slow_noise_rms_mv": 0.388863980770111,
    "slow_vm_mv": -76.2981719970703,
    "specimen_id": 397353539,
    "stimulus_absolute_amplitude": 309.999997893939,
    "stimulus_description": "C2SQRHELNG150216[0]",
    "stimulus_duration": 1.999995,
    "stimulus_interval": 0.0,
    "stimulus_name": "Square - 2s Suprathreshold",
    "stimulus_relative_amplitude": 3.1,
    "stimulus_start_time": 0.92,
    "stimulus_units": "pA",
    "sweep_number": 72,
    "vm_delta_mv": 0.180755615234375
  },
  {
    "bridge_balance_mohm": 14.529914855957,
    "id": 464301501,
    "leak_pa": 0.0,
    "num_spikes": 1,
    "peak_deflection": 0.0,
    "post_noise_rms_mv": 0.0422195419669151,
    "post_vm_mv": -75.5469512939453,
    "pre_noise_rms_mv": 0.0410970263183117,
    "pre_vm_mv": -75.3356628417969,
    "slow_noise_rms_mv": 0.280041366815567,
    "slow_vm_mv": -75.3356628417969,
    "specimen_id": 397353539,
    "stimulus_absolute_amplitude": 900.000018955183,
    "stimulus_description": "C1SSCOARSE150112[8]",
    "stimulus_duration": 0.002995,
    "stimulus_interval": 0.0,
    "stimulus_name": "Short Square",
    "stimulus_relative_amplitude": 1.0,
    "stimulus_start_time": 0.92,
    "stimulus_units": "pA",
    "sweep_number": 15,
    "vm_delta_mv": 0.211288452148438
  },
  {
    "bridge_balance_mohm": 15.3235645294189,
    "id": 464301489,
    "leak_pa": 0.0,
    "num_spikes": 1,
    "peak_deflection": 0.0,
    "post_noise_rms_mv": 0.0393911860883236,
    "post_vm_mv": -59.8166236877441,
    "pre_noise_rms_mv": 0.0387872122228146,
    "pre_vm_mv": -59.7070198059082,
    "slow_noise_rms_mv": 0.307839334011078,
    "slow_vm_mv": -59.7070198059082,
    "specimen_id": 397353539,
    "stimulus_absolute_amplitude": 329.999999548747,
    "stimulus_description": "C2SSHM60FN150112[0]",
    "stimulus_duration": 0.002995,
    "stimulus_interval": 0.0,
    "stimulus_name": "Short Square - Hold -60mV",
    "stimulus_relative_amplitude": 3.3,
    "stimulus_start_time": 0.92,
    "stimulus_units": "pA",
    "sweep_number": 131,
    "vm_delta_mv": 0.109603881835938
  },
  {
    "bridge_balance_mohm": 16.8498153686523,
    "id": 464301567,
    "leak_pa": 0.0,
    "num_spikes": 0,
    "peak_deflection": -43.0,
    "post_noise_rms_mv": 0.0377385094761848,
    "post_vm_mv": -77.1616973876953,
    "pre_noise_rms_mv": 0.0372292846441269,
    "pre_vm_mv": -76.8043518066406,
    "slow_noise_rms_mv": 0.242653504014015,
    "slow_vm_mv": -76.8043518066406,
    "specimen_id": 397353539,
    "stimulus_absolute_amplitude": 159.999999360672,
    "stimulus_description": "C1LSFINEST150112[0]",
    "stimulus_duration": 0.999995,
    "stimulus_interval": 0.0,
    "stimulus_name": "Long Square",
    "stimulus_relative_amplitude": 1.6,
    "stimulus_start_time": 0.92,
    "stimulus_units": "pA",
    "sweep_number": 45,
    "vm_delta_mv": 0.357345581054688
  },
  {
    "bridge_balance_mohm": 15.7509155273438,
    "id": 464301649,
    "leak_pa": 0.0,
    "num_spikes": 3,
    "peak_deflection": 0.0,
    "post_noise_rms_mv": 0.0400023199617863,
    "post_vm_mv": -75.1346206665039,
    "pre_noise_rms_mv": 0.0424503274261951,
    "pre_vm_mv": -75.0430068969727,
    "slow_noise_rms_mv": 0.386780440807343,
    "slow_vm_mv": -75.0430068969727,
    "specimen_id": 397353539,
    "stimulus_absolute_amplitude": 900.000018955183,
    "stimulus_description": "C2SSTRIPLE141203[0]",
    "stimulus_duration": 0.016995,
    "stimulus_interval": 0.004,
    "stimulus_name": "Short Square - Triple",
    "stimulus_relative_amplitude": 9.0,
    "stimulus_start_time": 1.92,
    "stimulus_units": "pA",
    "sweep_number": 82,
    "vm_delta_mv": 0.09161376953125
  },
  {
    "bridge_balance_mohm": 14.529914855957,
    "id": 464301509,
    "leak_pa": 0.0,
    "num_spikes": 1,
    "peak_deflection": 0.0,
    "post_noise_rms_mv": 0.0380020327866077,
    "post_vm_mv": -76.8780212402344,
    "pre_noise_rms_mv": 0.0401505902409554,
    "pre_vm_mv": -77.351188659668,
    "slow_noise_rms_mv": 0.161832645535469,
    "slow_vm_mv": -77.351188659668,
    "specimen_id": 397353539,
    "stimulus_absolute_amplitude": 900.000018955183,
    "stimulus_description": "C1SSFINEST150112[0]",
    "stimulus_duration": 0.002995,
    "stimulus_interval": 0.0,
    "stimulus_name": "Short Square",
    "stimulus_relative_amplitude": 9.0,
    "stimulus_start_time": 0.92,
    "stimulus_units": "pA",
    "sweep_number": 19,
    "vm_delta_mv": 0.473167419433594
  },
  {
    "bridge_balance_mohm": 14.529914855957,
    "id": 464301499,
    "leak_pa": 0.0,
    "num_spikes": 0,
    "peak_deflection": 0.0,
    "post_noise_rms_mv": 0.0364001430571079,
    "post_vm_mv": -75.7311096191406,
    "pre_noise_rms_mv": 0.0391384549438953,
    "pre_vm_mv": -76.1581115722656,
    "slow_noise_rms_mv": 0.11720422655344,
    "slow_vm_mv": -76.1581115722656,
    "specimen_id": 397353539,
    "stimulus_absolute_amplitude": 800.000010681146,
    "stimulus_description": "C1SSCOARSE150112[7]",
    "stimulus_duration": 0.002995,
    "stimulus_interval": 0.0,
    "stimulus_name": "Short Square",
    "stimulus_relative_amplitude": 1.0,
    "stimulus_start_time": 0.92,
    "stimulus_units": "pA",
    "sweep_number": 14,
    "vm_delta_mv": 0.427001953125
  },
  {
    "bridge_balance_mohm": 15.7509155273438,
    "id": 464301683,
    "leak_pa": 0.0,
    "num_spikes": 21,
    "peak_deflection": 0.0,
    "post_noise_rms_mv": 0.0376198403537273,
    "post_vm_mv": -77.4615631103516,
    "pre_noise_rms_mv": 0.0412913262844086,
    "pre_vm_mv": -76.7945327758789,
    "slow_noise_rms_mv": 0.161039620637894,
    "slow_vm_mv": -76.7945327758789,
    "specimen_id": 397353539,
    "stimulus_absolute_amplitude": 610.125006073048,
    "stimulus_description": "C2NSRMPRH2150216[0]",
    "stimulus_duration": 31.99998,
    "stimulus_interval": 4.5e-05,
    "stimulus_name": "Ramp to Rheobase",
    "stimulus_relative_amplitude": 1.8,
    "stimulus_start_time": 1.920015,
    "stimulus_units": "pA",
    "sweep_number": 98,
    "vm_delta_mv": 0.667030334472656
  },
  {
    "bridge_balance_mohm": 15.7509155273438,
    "id": 464301635,
    "leak_pa": 0.0,
    "num_spikes": 3,
    "peak_deflection": 0.0,
    "post_noise_rms_mv": 0.0371368415653706,
    "post_vm_mv": -76.1032333374023,
    "pre_noise_rms_mv": 0.0360683985054493,
    "pre_vm_mv": -76.2861404418945,
    "slow_noise_rms_mv": 0.300661087036133,
    "slow_vm_mv": -76.2861404418945,
    "specimen_id": 397353539,
    "stimulus_absolute_amplitude": 900.000018955183,
    "stimulus_description": "C2SSTRIPLE141203[2]",
    "stimulus_duration": 0.032995,
    "stimulus_interval": 0.012,
    "stimulus_name": "Short Square - Triple",
    "stimulus_relative_amplitude": 9.0,
    "stimulus_start_time": 1.92,
    "stimulus_units": "pA",
    "sweep_number": 76,
    "vm_delta_mv": 0.182907104492188
  },
  {
    "bridge_balance_mohm": 14.529914855957,
    "id": 464301563,
    "leak_pa": 0.0,
    "num_spikes": 7,
    "peak_deflection": 0.0,
    "post_noise_rms_mv": 0.0314930602908134,
    "post_vm_mv": -76.88720703125,
    "pre_noise_rms_mv": 0.0419753268361092,
    "pre_vm_mv": -76.9371719360352,
    "slow_noise_rms_mv": 0.196362882852554,
    "slow_vm_mv": -76.9371719360352,
    "specimen_id": 397353539,
    "stimulus_absolute_amplitude": 269.999994584325,
    "stimulus_description": "C1LSCOARSE150216[19]",
    "stimulus_duration": 0.999995,
    "stimulus_interval": 0.0,
    "stimulus_name": "Long Square",
    "stimulus_relative_amplitude": 1.0,
    "stimulus_start_time": 0.92,
    "stimulus_units": "pA",
    "sweep_number": 43,
    "vm_delta_mv": 0.0499649047851562
  },
  {
    "bridge_balance_mohm": 14.529914855957,
    "id": 464301599,
    "leak_pa": 0.0,
    "num_spikes": 18,
    "peak_deflection": 0.0,
    "post_noise_rms_mv": 0.0,
    "post_vm_mv": 0.0,
    "pre_noise_rms_mv": 0.0316971726715565,
    "pre_vm_mv": -77.4360809326172,
    "slow_noise_rms_mv": 0.183275893330574,
    "slow_vm_mv": -77.4360809326172,
    "specimen_id": 397353539,
    "stimulus_absolute_amplitude": 800.000010681146,
    "stimulus_description": "C1RP25PR1S141203[0]",
    "stimulus_duration": 31.997495,
    "stimulus_interval": 0.0,
    "stimulus_name": "Ramp",
    "stimulus_relative_amplitude": 1.0,
    "stimulus_start_time": 0.9225,
    "stimulus_units": "pA",
    "sweep_number": 6,
    "vm_delta_mv": 0.0
  },
  {
    "bridge_balance_mohm": 15.7509155273438,
    "id": 464301659,
    "leak_pa": 0.0,
    "num_spikes": 3,
    "peak_deflection": 0.0,
    "post_noise_rms_mv": 0.0403900146484375,
    "post_vm_mv": -74.7205810546875,
    "pre_noise_rms_mv": 0.0380177162587643,
    "pre_vm_mv": -75.5485610961914,
    "slow_noise_rms_mv": 0.326088488101959,
    "slow_vm_mv": -75.5485610961914,
    "specimen_id": 397353539,
    "stimulus_absolute_amplitude": 900.000018955183,
    "stimulus_description": "C2SSTRIPLE141203[5]",
    "stimulus_duration": 0.056995,
    "stimulus_interval": 0.024,
    "stimulus_name": "Short Square - Triple",
    "stimulus_relative_amplitude": 9.0,
    "stimulus_start_time": 1.92,
    "stimulus_units": "pA",
    "sweep_number": 87,
    "vm_delta_mv": 0.827980041503906
  },
  {
    "bridge_balance_mohm": 15.1404151916504,
    "id": 464301479,
    "leak_pa": 0.0,
    "num_spikes": 0,
    "peak_deflection": 0.0,
    "post_noise_rms_mv": 0.0426359474658966,
    "post_vm_mv": -60.1271705627441,
    "pre_noise_rms_mv": 0.0394739061594009,
    "pre_vm_mv": -59.9939002990723,
    "slow_noise_rms_mv": 0.384335786104202,
    "slow_vm_mv": -59.9939002990723,
    "specimen_id": 397353539,
    "stimulus_absolute_amplitude": 299.999997066536,
    "stimulus_description": "C2SSHM60FN150112[0]",
    "stimulus_duration": 0.002995,
    "stimulus_interval": 0.0,
    "stimulus_name": "Short Square - Hold -60mV",
    "stimulus_relative_amplitude": 3.0,
    "stimulus_start_time": 0.92,
    "stimulus_units": "pA",
    "sweep_number": 127,
    "vm_delta_mv": 0.133270263671875
  },
  {
    "bridge_balance_mohm": 14.529914855957,
    "id": 464301505,
    "leak_pa": 0.0,
    "num_spikes": 0,
    "peak_deflection": 0.0,
    "post_noise_rms_mv": 0.0383732467889786,
    "post_vm_mv": -77.537712097168,
    "pre_noise_rms_mv": 0.036574199795723,
    "pre_vm_mv": -76.9581527709961,
    "slow_noise_rms_mv": 0.259371042251587,
    "slow_vm_mv": -76.9581527709961,
    "specimen_id": 397353539,
    "stimulus_absolute_amplitude": 860.000015645568,
    "stimulus_description": "C1SSFINEST150112[0]",
    "stimulus_duration": 0.002995,
    "stimulus_interval": 0.0,
    "stimulus_name": "Short Square",
    "stimulus_relative_amplitude": 8.6,
    "stimulus_start_time": 0.92,
    "stimulus_units": "pA",
    "sweep_number": 17,
    "vm_delta_mv": 0.579559326171875
  },
  {
    "bridge_balance_mohm": 0.0,
    "id": 464301413,
    "leak_pa": 0.0,
    "num_spikes": 0,
    "peak_deflection": 0.0,
    "post_noise_rms_mv": 0.0,
    "post_vm_mv": 0.0,
    "pre_noise_rms_mv": 0.0,
    "pre_vm_mv": 0.0,
    "slow_noise_rms_mv": 0.0,
    "slow_vm_mv": 0.0,
    "specimen_id": 397353539,
    "stimulus_absolute_amplitude": 9.99999977648258,
    "stimulus_description": "EXTPSMOKET141203[0]",
    "stimulus_duration": 0.069995,
    "stimulus_interval": 0.05,
    "stimulus_name": "Test",
    "stimulus_relative_amplitude": 1.0,
    "stimulus_start_time": 0.03,
    "stimulus_units": "mV",
    "sweep_number": 0,
    "vm_delta_mv": 0.0
  },
  {
    "bridge_balance_mohm": 16.8498153686523,
    "id": 464301593,
    "leak_pa": 0.0,
    "num_spikes": 15,
    "peak_deflection": 0.0,
    "post_noise_rms_mv": 0.0360708348453045,
    "post_vm_mv": -76.7386627197266,
    "pre_noise_rms_mv": 0.0361655242741108,
    "pre_vm_mv": -75.7660827636719,
    "slow_noise_rms_mv": 0.270486861467361,
    "slow_vm_mv": -75.7660827636719,
    "specimen_id": 397353539,
    "stimulus_absolute_amplitude": 417.250012318959,
    "stimulus_description": "C1NSSEED_1150216[0]",
    "stimulus_duration": 18.999995,
    "stimulus_interval": 5.0,
    "stimulus_name": "Noise 1",
    "stimulus_relative_amplitude": 1.8,
    "stimulus_start_time": 1.92,
    "stimulus_units": "pA",
    "sweep_number": 57,
    "vm_delta_mv": 0.972579956054688
  },
  {
    "bridge_balance_mohm": 15.1404151916504,
    "id": 464301465,
    "leak_pa": 0.0,
    "num_spikes": 0,
    "peak_deflection": 0.0,
    "post_noise_rms_mv": 0.0388182774186134,
    "post_vm_mv": -60.3841667175293,
    "pre_noise_rms_mv": 0.0401813536882401,
    "pre_vm_mv": -59.8616333007812,
    "slow_noise_rms_mv": 0.474831461906433,
    "slow_vm_mv": -59.8616333007812,
    "specimen_id": 397353539,
    "stimulus_absolute_amplitude": 100.000001335143,
    "stimulus_description": "C2SSHM60CS150112[0]",
    "stimulus_duration": 0.002995,
    "stimulus_interval": 0.0,
    "stimulus_name": "Short Square - Hold -60mV",
    "stimulus_relative_amplitude": 1.0,
    "stimulus_start_time": 0.92,
    "stimulus_units": "pA",
    "sweep_number": 120,
    "vm_delta_mv": 0.522533416748047
  },
  {
    "bridge_balance_mohm": 14.529914855957,
    "id": 464301521,
    "leak_pa": 0.0,
    "num_spikes": 0,
    "peak_deflection": -96.375,
    "post_noise_rms_mv": 0.0424167513847351,
    "post_vm_mv": -77.7808609008789,
    "pre_noise_rms_mv": 0.0417707413434982,
    "pre_vm_mv": -77.2473907470703,
    "slow_noise_rms_mv": 0.362148433923721,
    "slow_vm_mv": -77.2473907470703,
    "specimen_id": 397353539,
    "stimulus_absolute_amplitude": -110.000002162547,
    "stimulus_description": "C1LSCOARSE150216[0]",
    "stimulus_duration": 0.999995,
    "stimulus_interval": 0.0,
    "stimulus_name": "Long Square",
    "stimulus_relative_amplitude": 1.0,
    "stimulus_start_time": 0.92,
    "stimulus_units": "pA",
    "sweep_number": 24,
    "vm_delta_mv": 0.533470153808594
  },
  {
    "bridge_balance_mohm": 15.7509155273438,
    "id": 464301667,
    "leak_pa": 0.0,
    "num_spikes": 3,
    "peak_deflection": 0.0,
    "post_noise_rms_mv": 0.0495171546936035,
    "post_vm_mv": -76.7665710449219,
    "pre_noise_rms_mv": 0.0491928420960903,
    "pre_vm_mv": -76.5017471313477,
    "slow_noise_rms_mv": 0.229453653097153,
    "slow_vm_mv": -76.5017471313477,
    "specimen_id": 397353539,
    "stimulus_absolute_amplitude": 900.000018955183,
    "stimulus_description": "C2SSTRIPLE141203[0]",
    "stimulus_duration": 0.016995,
    "stimulus_interval": 0.004,
    "stimulus_name": "Short Square - Triple",
    "stimulus_relative_amplitude": 9.0,
    "stimulus_start_time": 1.92,
    "stimulus_units": "pA",
    "sweep_number": 90,
    "vm_delta_mv": 0.264823913574219
  },
  {
    "bridge_balance_mohm": 15.1404151916504,
    "id": 464301427,
    "leak_pa": 0.0,
    "num_spikes": 0,
    "peak_deflection": 0.0,
    "post_noise_rms_mv": 0.0367539525032043,
    "post_vm_mv": -78.9656143188477,
    "pre_noise_rms_mv": 0.0423211231827736,
    "pre_vm_mv": -79.8686294555664,
    "slow_noise_rms_mv": 0.386086702346802,
    "slow_vm_mv": -79.8686294555664,
    "specimen_id": 397353539,
    "stimulus_absolute_amplitude": 299.999997066536,
    "stimulus_description": "C2SSHM80CS150112[2]",
    "stimulus_duration": 0.002995,
    "stimulus_interval": 0.0,
    "stimulus_name": "Short Square - Hold -80mV",
    "stimulus_relative_amplitude": 1.0,
    "stimulus_start_time": 0.92,
    "stimulus_units": "pA",
    "sweep_number": 103,
    "vm_delta_mv": 0.90301513671875
  },
  {
    "bridge_balance_mohm": 0.0,
    "id": 464301415,
    "leak_pa": 0.0,
    "num_spikes": 0,
    "peak_deflection": 0.0,
    "post_noise_rms_mv": 0.0,
    "post_vm_mv": 0.0,
    "pre_noise_rms_mv": 0.0,
    "pre_vm_mv": 0.0,
    "slow_noise_rms_mv": 0.0,
    "slow_vm_mv": 0.0,
    "specimen_id": 397353539,
    "stimulus_absolute_amplitude": 9.99999977648258,
    "stimulus_description": "EXTPINBATH141203[0]",
    "stimulus_duration": 0.069995,
    "stimulus_interval": 0.05,
    "stimulus_name": "Test",
    "stimulus_relative_amplitude": 1.0,
    "stimulus_start_time": 0.03,
    "stimulus_units": "mV",
    "sweep_number": 1,
    "vm_delta_mv": 0.0
  },
  {
    "bridge_balance_mohm": 14.529914855957,
    "id": 464301565,
    "leak_pa": 0.0,
    "num_spikes": 8,
    "peak_deflection": 0.0,
    "post_noise_rms_mv": 0.0249713137745857,
    "post_vm_mv": -76.8101577758789,
    "pre_noise_rms_mv": 0.0345416776835918,
    "pre_vm_mv": -76.732307434082,
    "slow_noise_rms_mv": 0.241636261343956,
    "slow_vm_mv": -76.732307434082,
    "specimen_id": 397353539,
    "stimulus_absolute_amplitude": 289.999996239132,
    "stimulus_description": "C1LSCOARSE150216[20]",
    "stimulus_duration": 0.999995,
    "stimulus_interval": 0.0,
    "stimulus_name": "Long Square",
    "stimulus_relative_amplitude": 1.0,
    "stimulus_start_time": 0.92,
    "stimulus_units": "pA",
    "sweep_number": 44,
    "vm_delta_mv": 0.077850341796875
  },
  {
    "bridge_balance_mohm": 15.7509155273438,
    "id": 464301681,
    "leak_pa": 0.0,
    "num_spikes": 3,
    "peak_deflection": 0.0,
    "post_noise_rms_mv": 0.0366930700838566,
    "post_vm_mv": -76.421272277832,
    "pre_noise_rms_mv": 0.0355638191103935,
    "pre_vm_mv": -76.272087097168,
    "slow_noise_rms_mv": 0.208643332123756,
    "slow_vm_mv": -76.272087097168,
    "specimen_id": 397353539,
    "stimulus_absolute_amplitude": 900.000018955183,
    "stimulus_description": "C2SSTRIPLE141203[7]",
    "stimulus_duration": 0.072995,
    "stimulus_interval": 0.032,
    "stimulus_name": "Short Square - Triple",
    "stimulus_relative_amplitude": 9.0,
    "stimulus_start_time": 1.92,
    "stimulus_units": "pA",
    "sweep_number": 97,
    "vm_delta_mv": 0.149185180664062
  },
  {
    "bridge_balance_mohm": 15.1404151916504,
    "id": 464301423,
    "leak_pa": 0.0,
    "num_spikes": 0,
    "peak_deflection": 0.0,
    "post_noise_rms_mv": 0.0354095995426178,
    "post_vm_mv": -80.0751037597656,
    "pre_noise_rms_mv": 0.0370753034949303,
    "pre_vm_mv": -80.2524032592773,
    "slow_noise_rms_mv": 0.242410942912102,
    "slow_vm_mv": -80.2524032592773,
    "specimen_id": 397353539,
    "stimulus_absolute_amplitude": 100.000001335143,
    "stimulus_description": "C2SSHM80CS150112[0]",
    "stimulus_duration": 0.002995,
    "stimulus_interval": 0.0,
    "stimulus_name": "Short Square - Hold -80mV",
    "stimulus_relative_amplitude": 1.0,
    "stimulus_start_time": 0.92,
    "stimulus_units": "pA",
    "sweep_number": 101,
    "vm_delta_mv": 0.177299499511719
  },
  {
    "bridge_balance_mohm": 15.1404151916504,
    "id": 464301447,
    "leak_pa": 0.0,
    "num_spikes": 0,
    "peak_deflection": 0.0,
    "post_noise_rms_mv": 0.0449241399765015,
    "post_vm_mv": -80.3403930664062,
    "pre_noise_rms_mv": 0.0456120260059834,
    "pre_vm_mv": -80.5251617431641,
    "slow_noise_rms_mv": 0.220138877630234,
    "slow_vm_mv": -80.5251617431641,
    "specimen_id": 397353539,
    "stimulus_absolute_amplitude": 800.000010681146,
    "stimulus_description": "C2SSHM80FN150112[0]",
    "stimulus_duration": 0.002995,
    "stimulus_interval": 0.0,
    "stimulus_name": "Short Square - Hold -80mV",
    "stimulus_relative_amplitude": 8.0,
    "stimulus_start_time": 0.92,
    "stimulus_units": "pA",
    "sweep_number": 112,
    "vm_delta_mv": 0.184768676757812
  },
  {
    "bridge_balance_mohm": 15.7509155273438,
    "id": 464301613,
    "leak_pa": 0.0,
    "num_spikes": 4,
    "peak_deflection": 0.0,
    "post_noise_rms_mv": 0.040777176618576,
    "post_vm_mv": -75.4901733398438,
    "pre_noise_rms_mv": 0.0374713242053986,
    "pre_vm_mv": -76.1210708618164,
    "slow_noise_rms_mv": 0.317090481519699,
    "slow_vm_mv": -76.1210708618164,
    "specimen_id": 397353539,
    "stimulus_absolute_amplitude": 269.999994584325,
    "stimulus_description": "C2SQRHELNG150216[0]",
    "stimulus_duration": 1.999995,
    "stimulus_interval": 0.0,
    "stimulus_name": "Square - 2s Suprathreshold",
    "stimulus_relative_amplitude": 2.7,
    "stimulus_start_time": 0.92,
    "stimulus_units": "pA",
    "sweep_number": 66,
    "vm_delta_mv": 0.630897521972656
  },
  {
    "bridge_balance_mohm": 15.1404151916504,
    "id": 464301445,
    "leak_pa": 0.0,
    "num_spikes": 0,
    "peak_deflection": 0.0,
    "post_noise_rms_mv": 0.0389893315732479,
    "post_vm_mv": -80.3492431640625,
    "pre_noise_rms_mv": 0.0397305376827717,
    "pre_vm_mv": -80.2472305297852,
    "slow_noise_rms_mv": 0.253924876451492,
    "slow_vm_mv": -80.2472305297852,
    "specimen_id": 397353539,
    "stimulus_absolute_amplitude": 780.000009026338,
    "stimulus_description": "C2SSHM80FN150112[0]",
    "stimulus_duration": 0.002995,
    "stimulus_interval": 0.0,
    "stimulus_name": "Short Square - Hold -80mV",
    "stimulus_relative_amplitude": 7.8,
    "stimulus_start_time": 0.92,
    "stimulus_units": "pA",
    "sweep_number": 111,
    "vm_delta_mv": 0.102012634277344
  },
  {
    "bridge_balance_mohm": 16.8498153686523,
    "id": 464301583,
    "leak_pa": 0.0,
    "num_spikes": 20,
    "peak_deflection": 0.0,
    "post_noise_rms_mv": 0.0451391525566578,
    "post_vm_mv": -76.0790023803711,
    "pre_noise_rms_mv": 0.043702207505703,
    "pre_vm_mv": -77.0789337158203,
    "slow_noise_rms_mv": 0.220629706978798,
    "slow_vm_mv": -77.0789337158203,
    "specimen_id": 397353539,
    "stimulus_absolute_amplitude": 424.375007357369,
    "stimulus_description": "C1NSSEED_2150216[0]",
    "stimulus_duration": 18.999995,
    "stimulus_interval": 5.0,
    "stimulus_name": "Noise 2",
    "stimulus_relative_amplitude": 1.8,
    "stimulus_start_time": 1.92,
    "stimulus_units": "pA",
    "sweep_number": 52,
    "vm_delta_mv": 0.999931335449219
  },
  {
    "bridge_balance_mohm": 15.7509155273438,
    "id": 464301607,
    "leak_pa": 0.0,
    "num_spikes": 1,
    "peak_deflection": 0.0,
    "post_noise_rms_mv": 0.0377249009907246,
    "post_vm_mv": -76.0340728759766,
    "pre_noise_rms_mv": 0.037054181098938,
    "pre_vm_mv": -75.990608215332,
    "slow_noise_rms_mv": 0.252399057149887,
    "slow_vm_mv": -75.990608215332,
    "specimen_id": 397353539,
    "stimulus_absolute_amplitude": 230.000005152498,
    "stimulus_description": "C2SQRHELNG150216[0]",
    "stimulus_duration": 1.999995,
    "stimulus_interval": 0.0,
    "stimulus_name": "Square - 2s Suprathreshold",
    "stimulus_relative_amplitude": 2.3,
    "stimulus_start_time": 0.92,
    "stimulus_units": "pA",
    "sweep_number": 63,
    "vm_delta_mv": 0.0434646606445312
  },
  {
    "bridge_balance_mohm": 14.529914855957,
    "id": 464301665,
    "leak_pa": 0.0,
    "num_spikes": 0,
    "peak_deflection": 0.0,
    "post_noise_rms_mv": 0.0353979803621769,
    "post_vm_mv": -75.5952911376953,
    "pre_noise_rms_mv": 0.038254726678133,
    "pre_vm_mv": -75.493522644043,
    "slow_noise_rms_mv": 0.154495969414711,
    "slow_vm_mv": -75.493522644043,
    "specimen_id": 397353539,
    "stimulus_absolute_amplitude": 299.999997066536,
    "stimulus_description": "C1SSCOARSE150112[2]",
    "stimulus_duration": 0.002995,
    "stimulus_interval": 0.0,
    "stimulus_name": "Short Square",
    "stimulus_relative_amplitude": 1.0,
    "stimulus_start_time": 0.92,
    "stimulus_units": "pA",
    "sweep_number": 9,
    "vm_delta_mv": 0.101768493652344
  },
  {
    "bridge_balance_mohm": 14.529914855957,
    "id": 464301513,
    "leak_pa": 0.0,
    "num_spikes": 1,
    "peak_deflection": 0.0,
    "post_noise_rms_mv": 0.0443145148456097,
    "post_vm_mv": -76.3340072631836,
    "pre_noise_rms_mv": 0.0423851907253265,
    "pre_vm_mv": -75.9344177246094,
    "slow_noise_rms_mv": 0.396481573581696,
    "slow_vm_mv": -75.9344177246094,
    "specimen_id": 397353539,
    "stimulus_absolute_amplitude": 900.000018955183,
    "stimulus_description": "C1SSFINEST150112[0]",
    "stimulus_duration": 0.002995,
    "stimulus_interval": 0.0,
    "stimulus_name": "Short Square",
    "stimulus_relative_amplitude": 9.0,
    "stimulus_start_time": 0.92,
    "stimulus_units": "pA",
    "sweep_number": 20,
    "vm_delta_mv": 0.399589538574219
  },
  {
    "bridge_balance_mohm": 14.529914855957,
    "id": 464301539,
    "leak_pa": 0.0,
    "num_spikes": 0,
    "peak_deflection": -63.0625038146973,
    "post_noise_rms_mv": 0.0438240803778172,
    "post_vm_mv": -76.5302429199219,
    "pre_noise_rms_mv": 0.0398474745452404,
    "pre_vm_mv": -75.9231414794922,
    "slow_noise_rms_mv": 0.326708853244781,
    "slow_vm_mv": -75.9231414794922,
    "specimen_id": 397353539,
    "stimulus_absolute_amplitude": 50.0000006675716,
    "stimulus_description": "C1LSCOARSE150216[8]",
    "stimulus_duration": 0.999995,
    "stimulus_interval": 0.0,
    "stimulus_name": "Long Square",
    "stimulus_relative_amplitude": 1.0,
    "stimulus_start_time": 0.92,
    "stimulus_units": "pA",
    "sweep_number": 32,
    "vm_delta_mv": 0.607101440429688
  },
  {
    "bridge_balance_mohm": 15.3235645294189,
    "id": 464301491,
    "leak_pa": 0.0,
    "num_spikes": 0,
    "peak_deflection": 0.0,
    "post_noise_rms_mv": 0.0387813746929169,
    "post_vm_mv": -59.3538703918457,
    "pre_noise_rms_mv": 0.03943732380867,
    "pre_vm_mv": -60.3445587158203,
    "slow_noise_rms_mv": 0.291044324636459,
    "slow_vm_mv": -60.3445587158203,
    "specimen_id": 397353539,
    "stimulus_absolute_amplitude": 329.999999548747,
    "stimulus_description": "C2SSHM60FN150112[0]",
    "stimulus_duration": 0.002995,
    "stimulus_interval": 0.0,
    "stimulus_name": "Short Square - Hold -60mV",
    "stimulus_relative_amplitude": 3.3,
    "stimulus_start_time": 0.92,
    "stimulus_units": "pA",
    "sweep_number": 132,
    "vm_delta_mv": 0.990688323974609
  },
  {
    "bridge_balance_mohm": 15.7509155273438,
    "id": 464301645,
    "leak_pa": 0.0,
    "num_spikes": 3,
    "peak_deflection": 0.0,
    "post_noise_rms_mv": 0.0450038574635983,
    "post_vm_mv": -75.8222732543945,
    "pre_noise_rms_mv": 0.041896715760231,
    "pre_vm_mv": -75.7533493041992,
    "slow_noise_rms_mv": 0.358207553625107,
    "slow_vm_mv": -75.7533493041992,
    "specimen_id": 397353539,
    "stimulus_absolute_amplitude": 900.000018955183,
    "stimulus_description": "C2SSTRIPLE141203[6]",
    "stimulus_duration": 0.064995,
    "stimulus_interval": 0.028,
    "stimulus_name": "Short Square - Triple",
    "stimulus_relative_amplitude": 9.0,
    "stimulus_start_time": 1.92,
    "stimulus_units": "pA",
    "sweep_number": 80,
    "vm_delta_mv": 0.0689239501953125
  },
  {
    "bridge_balance_mohm": 15.1404151916504,
    "id": 464301443,
    "leak_pa": 0.0,
    "num_spikes": 0,
    "peak_deflection": 0.0,
    "post_noise_rms_mv": 0.044423084706068,
    "post_vm_mv": -79.9795684814453,
    "pre_noise_rms_mv": 0.0374269634485245,
    "pre_vm_mv": -80.8379364013672,
    "slow_noise_rms_mv": 0.301652729511261,
    "slow_vm_mv": -80.8379364013672,
    "specimen_id": 397353539,
    "stimulus_absolute_amplitude": 750.000006544127,
    "stimulus_description": "C2SSHM80FN150112[0]",
    "stimulus_duration": 0.002995,
    "stimulus_interval": 0.0,
    "stimulus_name": "Short Square - Hold -80mV",
    "stimulus_relative_amplitude": 7.5,
    "stimulus_start_time": 0.92,
    "stimulus_units": "pA",
    "sweep_number": 110,
    "vm_delta_mv": 0.858367919921875
  },
  {
    "bridge_balance_mohm": 15.7509155273438,
    "id": 464301641,
    "leak_pa": 0.0,
    "num_spikes": 3,
    "peak_deflection": 0.0,
    "post_noise_rms_mv": 0.0445208176970482,
    "post_vm_mv": -76.1571197509766,
    "pre_noise_rms_mv": 0.0431589297950268,
    "pre_vm_mv": -75.475341796875,
    "slow_noise_rms_mv": 0.230995923280716,
    "slow_vm_mv": -75.475341796875,
    "specimen_id": 397353539,
    "stimulus_absolute_amplitude": 900.000018955183,
    "stimulus_description": "C2SSTRIPLE141203[5]",
    "stimulus_duration": 0.056995,
    "stimulus_interval": 0.024,
    "stimulus_name": "Short Square - Triple",
    "stimulus_relative_amplitude": 9.0,
    "stimulus_start_time": 1.92,
    "stimulus_units": "pA",
    "sweep_number": 79,
    "vm_delta_mv": 0.681777954101562
  },
  {
    "bridge_balance_mohm": 0.0,
    "id": 464301511,
    "leak_pa": 0.0,
    "num_spikes": 0,
    "peak_deflection": 0.0,
    "post_noise_rms_mv": 0.0,
    "post_vm_mv": 0.0,
    "pre_noise_rms_mv": 0.0,
    "pre_vm_mv": 0.0,
    "slow_noise_rms_mv": 0.0,
    "slow_vm_mv": 0.0,
    "specimen_id": 397353539,
    "stimulus_absolute_amplitude": 9.99999977648258,
    "stimulus_description": "EXTPCllATT141203[0]",
    "stimulus_duration": 0.069995,
    "stimulus_interval": 0.05,
    "stimulus_name": "Test",
    "stimulus_relative_amplitude": 1.0,
    "stimulus_start_time": 0.03,
    "stimulus_units": "mV",
    "sweep_number": 2,
    "vm_delta_mv": 0.0
  },
  {
    "bridge_balance_mohm": 14.529914855957,
    "id": 464301553,
    "leak_pa": 0.0,
    "num_spikes": 3,
    "peak_deflection": 0.0,
    "post_noise_rms_mv": 0.0396665669977665,
    "post_vm_mv": -76.1544952392578,
    "pre_noise_rms_mv": 0.0347504802048206,
    "pre_vm_mv": -76.9435119628906,
    "slow_noise_rms_mv": 0.233421474695206,
    "slow_vm_mv": -76.9435119628906,
    "specimen_id": 397353539,
    "stimulus_absolute_amplitude": 190.000001842883,
    "stimulus_description": "C1LSCOARSE150216[15]",
    "stimulus_duration": 0.999995,
    "stimulus_interval": 0.0,
    "stimulus_name": "Long Square",
    "stimulus_relative_amplitude": 1.0,
    "stimulus_start_time": 0.92,
    "stimulus_units": "pA",
    "sweep_number": 39,
    "vm_delta_mv": 0.789016723632812
  },
  {
    "bridge_balance_mohm": 14.529914855957,
    "id": 464301559,
    "leak_pa": 0.0,
    "num_spikes": 6,
    "peak_deflection": 0.0,
    "post_noise_rms_mv": 0.0485139675438404,
    "post_vm_mv": -77.8379364013672,
    "pre_noise_rms_mv": 0.0383658483624458,
    "pre_vm_mv": -76.1235656738281,
    "slow_noise_rms_mv": 0.473667800426483,
    "slow_vm_mv": -76.1235656738281,
    "specimen_id": 397353539,
    "stimulus_absolute_amplitude": 230.000005152498,
    "stimulus_description": "C1LSCOARSE150216[17]",
    "stimulus_duration": 0.999995,
    "stimulus_interval": 0.0,
    "stimulus_name": "Long Square",
    "stimulus_relative_amplitude": 1.0,
    "stimulus_start_time": 0.92,
    "stimulus_units": "pA",
    "sweep_number": 41,
    "vm_delta_mv": 1.71437072753906
  },
  {
    "bridge_balance_mohm": 15.7509155273438,
    "id": 464301651,
    "leak_pa": 0.0,
    "num_spikes": 3,
    "peak_deflection": 0.0,
    "post_noise_rms_mv": 0.050568412989378,
    "post_vm_mv": -75.9538497924805,
    "pre_noise_rms_mv": 0.038771528750658,
    "pre_vm_mv": -75.5395965576172,
    "slow_noise_rms_mv": 0.367828279733658,
    "slow_vm_mv": -75.5395965576172,
    "specimen_id": 397353539,
    "stimulus_absolute_amplitude": 900.000018955183,
    "stimulus_description": "C2SSTRIPLE141203[1]",
    "stimulus_duration": 0.024995,
    "stimulus_interval": 0.008,
    "stimulus_name": "Short Square - Triple",
    "stimulus_relative_amplitude": 9.0,
    "stimulus_start_time": 1.92,
    "stimulus_units": "pA",
    "sweep_number": 83,
    "vm_delta_mv": 0.414253234863281
  },
  {
    "bridge_balance_mohm": 16.8498153686523,
    "id": 464301591,
    "leak_pa": 0.0,
    "num_spikes": 16,
    "peak_deflection": 0.0,
    "post_noise_rms_mv": 0.0391818806529045,
    "post_vm_mv": -76.249755859375,
    "pre_noise_rms_mv": 0.035324689000845,
    "pre_vm_mv": -75.7907562255859,
    "slow_noise_rms_mv": 0.375198304653168,
    "slow_vm_mv": -75.7907562255859,
    "specimen_id": 397353539,
    "stimulus_absolute_amplitude": 424.375007357369,
    "stimulus_description": "C1NSSEED_2150216[0]",
    "stimulus_duration": 18.999995,
    "stimulus_interval": 5.0,
    "stimulus_name": "Noise 2",
    "stimulus_relative_amplitude": 1.8,
    "stimulus_start_time": 1.92,
    "stimulus_units": "pA",
    "sweep_number": 56,
    "vm_delta_mv": 0.458999633789062
  },
  {
    "bridge_balance_mohm": 14.529914855957,
    "id": 464301515,
    "leak_pa": 0.0,
    "num_spikes": 1,
    "peak_deflection": 0.0,
    "post_noise_rms_mv": 0.0420962236821651,
    "post_vm_mv": -76.2945861816406,
    "pre_noise_rms_mv": 0.0400974750518799,
    "pre_vm_mv": -76.5089569091797,
    "slow_noise_rms_mv": 0.48540261387825,
    "slow_vm_mv": -76.5089569091797,
    "specimen_id": 397353539,
    "stimulus_absolute_amplitude": 900.000018955183,
    "stimulus_description": "C1SSFINEST150112[0]",
    "stimulus_duration": 0.002995,
    "stimulus_interval": 0.0,
    "stimulus_name": "Short Square",
    "stimulus_relative_amplitude": 9.0,
    "stimulus_start_time": 0.92,
    "stimulus_units": "pA",
    "sweep_number": 21,
    "vm_delta_mv": 0.214370727539062
  },
  {
    "bridge_balance_mohm": 15.7509155273438,
    "id": 464301629,
    "leak_pa": 0.0,
    "num_spikes": 3,
    "peak_deflection": 0.0,
    "post_noise_rms_mv": 0.0626506879925728,
    "post_vm_mv": -74.9645233154297,
    "pre_noise_rms_mv": 0.0438508167862892,
    "pre_vm_mv": -74.2053604125977,
    "slow_noise_rms_mv": 0.302035510540009,
    "slow_vm_mv": -74.2053604125977,
    "specimen_id": 397353539,
    "stimulus_absolute_amplitude": 309.999997893939,
    "stimulus_description": "C2SQRHELNG150216[0]",
    "stimulus_duration": 1.999995,
    "stimulus_interval": 0.0,
    "stimulus_name": "Square - 2s Suprathreshold",
    "stimulus_relative_amplitude": 3.1,
    "stimulus_start_time": 0.92,
    "stimulus_units": "pA",
    "sweep_number": 73,
    "vm_delta_mv": 0.759162902832031
  },
  {
    "bridge_balance_mohm": 15.3235645294189,
    "id": 464301481,
    "leak_pa": 0.0,
    "num_spikes": 1,
    "peak_deflection": 0.0,
    "post_noise_rms_mv": 0.03848497569561,
    "post_vm_mv": -59.381290435791,
    "pre_noise_rms_mv": 0.0514684617519379,
    "pre_vm_mv": -59.0036010742188,
    "slow_noise_rms_mv": 0.357084423303604,
    "slow_vm_mv": -59.0036010742188,
    "specimen_id": 397353539,
    "stimulus_absolute_amplitude": 329.999999548747,
    "stimulus_description": "C2SSHM60FN150112[0]",
    "stimulus_duration": 0.002995,
    "stimulus_interval": 0.0,
    "stimulus_name": "Short Square - Hold -60mV",
    "stimulus_relative_amplitude": 3.3,
    "stimulus_start_time": 0.92,
    "stimulus_units": "pA",
    "sweep_number": 128,
    "vm_delta_mv": 0.377689361572266
  },
  {
    "bridge_balance_mohm": 14.529914855957,
    "id": 464301543,
    "leak_pa": 0.0,
    "num_spikes": 0,
    "peak_deflection": -54.5937538146973,
    "post_noise_rms_mv": 0.0531831383705139,
    "post_vm_mv": -76.2689437866211,
    "pre_noise_rms_mv": 0.0429787188768387,
    "pre_vm_mv": -76.8048477172852,
    "slow_noise_rms_mv": 0.28754785656929,
    "slow_vm_mv": -76.8048477172852,
    "specimen_id": 397353539,
    "stimulus_absolute_amplitude": 90.0000005077395,
    "stimulus_description": "C1LSCOARSE150216[10]",
    "stimulus_duration": 0.999995,
    "stimulus_interval": 0.0,
    "stimulus_name": "Long Square",
    "stimulus_relative_amplitude": 1.0,
    "stimulus_start_time": 0.92,
    "stimulus_units": "pA",
    "sweep_number": 34,
    "vm_delta_mv": 0.535903930664062
  },
  {
    "bridge_balance_mohm": 15.1404151916504,
    "id": 464301477,
    "leak_pa": 0.0,
    "num_spikes": 0,
    "peak_deflection": 0.0,
    "post_noise_rms_mv": 0.0503999255597591,
    "post_vm_mv": -59.6987838745117,
    "pre_noise_rms_mv": 0.0608641169965267,
    "pre_vm_mv": -59.4297790527344,
    "slow_noise_rms_mv": 0.251767992973328,
    "slow_vm_mv": -59.4297790527344,
    "specimen_id": 397353539,
    "stimulus_absolute_amplitude": 279.999995411728,
    "stimulus_description": "C2SSHM60FN150112[0]",
    "stimulus_duration": 0.002995,
    "stimulus_interval": 0.0,
    "stimulus_name": "Short Square - Hold -60mV",
    "stimulus_relative_amplitude": 2.8,
    "stimulus_start_time": 0.92,
    "stimulus_units": "pA",
    "sweep_number": 126,
    "vm_delta_mv": 0.269004821777344
  },
  {
    "bridge_balance_mohm": 14.529914855957,
    "id": 464301507,
    "leak_pa": 0.0,
    "num_spikes": 0,
    "peak_deflection": 0.0,
    "post_noise_rms_mv": 0.036639716476202,
    "post_vm_mv": -78.0862731933594,
    "pre_noise_rms_mv": 0.0337018184363842,
    "pre_vm_mv": -77.5688323974609,
    "slow_noise_rms_mv": 0.2498569637537,
    "slow_vm_mv": -77.5688323974609,
    "specimen_id": 397353539,
    "stimulus_absolute_amplitude": 880.000017300375,
    "stimulus_description": "C1SSFINEST150112[0]",
    "stimulus_duration": 0.002995,
    "stimulus_interval": 0.0,
    "stimulus_name": "Short Square",
    "stimulus_relative_amplitude": 8.8,
    "stimulus_start_time": 0.92,
    "stimulus_units": "pA",
    "sweep_number": 18,
    "vm_delta_mv": 0.517440795898438
  },
  {
    "bridge_balance_mohm": 15.7509155273438,
    "id": 464301679,
    "leak_pa": 0.0,
    "num_spikes": 3,
    "peak_deflection": 0.0,
    "post_noise_rms_mv": 0.0475548021495342,
    "post_vm_mv": -76.1857070922852,
    "pre_noise_rms_mv": 0.0383825562894344,
    "pre_vm_mv": -76.2142028808594,
    "slow_noise_rms_mv": 0.259997844696045,
    "slow_vm_mv": -76.2142028808594,
    "specimen_id": 397353539,
    "stimulus_absolute_amplitude": 900.000018955183,
    "stimulus_description": "C2SSTRIPLE141203[6]",
    "stimulus_duration": 0.064995,
    "stimulus_interval": 0.028,
    "stimulus_name": "Short Square - Triple",
    "stimulus_relative_amplitude": 9.0,
    "stimulus_start_time": 1.92,
    "stimulus_units": "pA",
    "sweep_number": 96,
    "vm_delta_mv": 0.0284957885742188
  },
  {
    "bridge_balance_mohm": 15.1404151916504,
    "id": 464301457,
    "leak_pa": 0.0,
    "num_spikes": 1,
    "peak_deflection": 0.0,
    "post_noise_rms_mv": 0.0358727835118771,
    "post_vm_mv": -80.5918426513672,
    "pre_noise_rms_mv": 0.04149329662323,
    "pre_vm_mv": -80.4902191162109,
    "slow_noise_rms_mv": 0.192376956343651,
    "slow_vm_mv": -80.4902191162109,
    "specimen_id": 397353539,
    "stimulus_absolute_amplitude": 850.000014818164,
    "stimulus_description": "C2SSHM80FN150112[0]",
    "stimulus_duration": 0.002995,
    "stimulus_interval": 0.0,
    "stimulus_name": "Short Square - Hold -80mV",
    "stimulus_relative_amplitude": 8.5,
    "stimulus_start_time": 0.92,
    "stimulus_units": "pA",
    "sweep_number": 117,
    "vm_delta_mv": 0.10162353515625
  },
  {
    "bridge_balance_mohm": 14.529914855957,
    "id": 464301417,
    "leak_pa": 0.0,
    "num_spikes": 0,
    "peak_deflection": 0.0,
    "post_noise_rms_mv": 0.0338785499334335,
    "post_vm_mv": -75.1617279052734,
    "pre_noise_rms_mv": 0.0350484438240528,
    "pre_vm_mv": -74.9303970336914,
    "slow_noise_rms_mv": 0.265535801649094,
    "slow_vm_mv": -74.9303970336914,
    "specimen_id": 397353539,
    "stimulus_absolute_amplitude": 400.000005340573,
    "stimulus_description": "C1SSCOARSE150112[3]",
    "stimulus_duration": 0.002995,
    "stimulus_interval": 0.0,
    "stimulus_name": "Short Square",
    "stimulus_relative_amplitude": 1.0,
    "stimulus_start_time": 0.92,
    "stimulus_units": "pA",
    "sweep_number": 10,
    "vm_delta_mv": 0.231330871582031
  },
  {
    "bridge_balance_mohm": 14.529914855957,
    "id": 464301549,
    "leak_pa": 0.0,
    "num_spikes": 2,
    "peak_deflection": 0.0,
    "post_noise_rms_mv": 0.045150812715292,
    "post_vm_mv": -77.6360168457031,
    "pre_noise_rms_mv": 0.0344299711287022,
    "pre_vm_mv": -76.6034698486328,
    "slow_noise_rms_mv": 0.349886953830719,
    "slow_vm_mv": -76.6034698486328,
    "specimen_id": 397353539,
    "stimulus_absolute_amplitude": 149.999998533268,
    "stimulus_description": "C1LSCOARSE150216[13]",
    "stimulus_duration": 0.999995,
    "stimulus_interval": 0.0,
    "stimulus_name": "Long Square",
    "stimulus_relative_amplitude": 1.0,
    "stimulus_start_time": 0.92,
    "stimulus_units": "pA",
    "sweep_number": 37,
    "vm_delta_mv": 1.03254699707031
  },
  {
    "bridge_balance_mohm": 14.529914855957,
    "id": 464301441,
    "leak_pa": 0.0,
    "num_spikes": 0,
    "peak_deflection": 0.0,
    "post_noise_rms_mv": 0.0387780703604221,
    "post_vm_mv": -76.1728744506836,
    "pre_noise_rms_mv": 0.0375981330871582,
    "pre_vm_mv": -76.3189010620117,
    "slow_noise_rms_mv": 0.118523769080639,
    "slow_vm_mv": -76.3189010620117,
    "specimen_id": 397353539,
    "stimulus_absolute_amplitude": 499.999985859034,
    "stimulus_description": "C1SSCOARSE150112[4]",
    "stimulus_duration": 0.002995,
    "stimulus_interval": 0.0,
    "stimulus_name": "Short Square",
    "stimulus_relative_amplitude": 1.0,
    "stimulus_start_time": 0.92,
    "stimulus_units": "pA",
    "sweep_number": 11,
    "vm_delta_mv": 0.146026611328125
  },
  {
    "bridge_balance_mohm": 14.529914855957,
    "id": 464301643,
    "leak_pa": 0.0,
    "num_spikes": 0,
    "peak_deflection": 0.0,
    "post_noise_rms_mv": 0.0371699295938015,
    "post_vm_mv": -76.3216400146484,
    "pre_noise_rms_mv": 0.0391138307750225,
    "pre_vm_mv": -75.7101287841797,
    "slow_noise_rms_mv": 0.204718932509422,
    "slow_vm_mv": -75.7101287841797,
    "specimen_id": 397353539,
    "stimulus_absolute_amplitude": 200.000002670286,
    "stimulus_description": "C1SSCOARSE150112[1]",
    "stimulus_duration": 0.002995,
    "stimulus_interval": 0.0,
    "stimulus_name": "Short Square",
    "stimulus_relative_amplitude": 1.0,
    "stimulus_start_time": 0.92,
    "stimulus_units": "pA",
    "sweep_number": 8,
    "vm_delta_mv": 0.61151123046875
  },
  {
    "bridge_balance_mohm": 0.0,
    "id": 464301497,
    "leak_pa": 0.0,
    "num_spikes": 0,
    "peak_deflection": 0.0,
    "post_noise_rms_mv": 0.0363157913088799,
    "post_vm_mv": -0.492774069309235,
    "pre_noise_rms_mv": 0.0371768474578857,
    "pre_vm_mv": -0.423833400011063,
    "slow_noise_rms_mv": 0.0672830194234848,
    "slow_vm_mv": -0.423833400011063,
    "specimen_id": 397353539,
    "stimulus_absolute_amplitude": 0.0,
    "stimulus_description": "EXTPBLWOUT141203[0]",
    "stimulus_duration": 0.0,
    "stimulus_interval": 0.0,
    "stimulus_name": "Test",
    "stimulus_relative_amplitude": 1.0,
    "stimulus_start_time": 0.0,
    "stimulus_units": "pA",
    "sweep_number": 135,
    "vm_delta_mv": 0.068940669298172
  },
  {
    "bridge_balance_mohm": 14.529914855957,
    "id": 464301463,
    "leak_pa": 0.0,
    "num_spikes": 0,
    "peak_deflection": 0.0,
    "post_noise_rms_mv": 0.0436826087534428,
    "post_vm_mv": -75.6492919921875,
    "pre_noise_rms_mv": 0.0378759987652302,
    "pre_vm_mv": -75.7327194213867,
    "slow_noise_rms_mv": 0.314276605844498,
    "slow_vm_mv": -75.7327194213867,
    "specimen_id": 397353539,
    "stimulus_absolute_amplitude": 599.999994133071,
    "stimulus_description": "C1SSCOARSE150112[5]",
    "stimulus_duration": 0.002995,
    "stimulus_interval": 0.0,
    "stimulus_name": "Short Square",
    "stimulus_relative_amplitude": 1.0,
    "stimulus_start_time": 0.92,
    "stimulus_units": "pA",
    "sweep_number": 12,
    "vm_delta_mv": 0.0834274291992188
  },
  {
    "bridge_balance_mohm": 15.7509155273438,
    "id": 464301673,
    "leak_pa": 0.0,
    "num_spikes": 3,
    "peak_deflection": 0.0,
    "post_noise_rms_mv": 0.0428702980279922,
    "post_vm_mv": -74.7618637084961,
    "pre_noise_rms_mv": 0.0558722168207169,
    "pre_vm_mv": -75.086296081543,
    "slow_noise_rms_mv": 0.25311341881752,
    "slow_vm_mv": -75.086296081543,
    "specimen_id": 397353539,
    "stimulus_absolute_amplitude": 900.000018955183,
    "stimulus_description": "C2SSTRIPLE141203[3]",
    "stimulus_duration": 0.040995,
    "stimulus_interval": 0.016,
    "stimulus_name": "Short Square - Triple",
    "stimulus_relative_amplitude": 9.0,
    "stimulus_start_time": 1.92,
    "stimulus_units": "pA",
    "sweep_number": 93,
    "vm_delta_mv": 0.324432373046875
  },
  {
    "bridge_balance_mohm": 15.1404151916504,
    "id": 464301439,
    "leak_pa": 0.0,
    "num_spikes": 0,
    "peak_deflection": 0.0,
    "post_noise_rms_mv": 0.0404709316790104,
    "post_vm_mv": -80.5550231933594,
    "pre_noise_rms_mv": 0.0418202057480812,
    "pre_vm_mv": -80.2055816650391,
    "slow_noise_rms_mv": 0.350581496953964,
    "slow_vm_mv": -80.2055816650391,
    "specimen_id": 397353539,
    "stimulus_absolute_amplitude": 730.00000488932,
    "stimulus_description": "C2SSHM80FN150112[0]",
    "stimulus_duration": 0.002995,
    "stimulus_interval": 0.0,
    "stimulus_name": "Short Square - Hold -80mV",
    "stimulus_relative_amplitude": 7.3,
    "stimulus_start_time": 0.92,
    "stimulus_units": "pA",
    "sweep_number": 109,
    "vm_delta_mv": 0.349441528320312
  },
  {
    "bridge_balance_mohm": 15.7509155273438,
    "id": 464301657,
    "leak_pa": 0.0,
    "num_spikes": 3,
    "peak_deflection": 0.0,
    "post_noise_rms_mv": 0.0445521213114262,
    "post_vm_mv": -75.2602310180664,
    "pre_noise_rms_mv": 0.0463580228388309,
    "pre_vm_mv": -75.044548034668,
    "slow_noise_rms_mv": 0.360121130943298,
    "slow_vm_mv": -75.044548034668,
    "specimen_id": 397353539,
    "stimulus_absolute_amplitude": 900.000018955183,
    "stimulus_description": "C2SSTRIPLE141203[4]",
    "stimulus_duration": 0.048995,
    "stimulus_interval": 0.02,
    "stimulus_name": "Short Square - Triple",
    "stimulus_relative_amplitude": 9.0,
    "stimulus_start_time": 1.92,
    "stimulus_units": "pA",
    "sweep_number": 86,
    "vm_delta_mv": 0.215682983398438
  },
  {
    "bridge_balance_mohm": 14.529914855957,
    "id": 464301523,
    "leak_pa": 0.0,
    "num_spikes": 0,
    "peak_deflection": -93.4375,
    "post_noise_rms_mv": 0.0411789119243622,
    "post_vm_mv": -75.0145416259766,
    "pre_noise_rms_mv": 0.0382375903427601,
    "pre_vm_mv": -75.4460067749023,
    "slow_noise_rms_mv": 0.318344682455063,
    "slow_vm_mv": -75.4460067749023,
    "specimen_id": 397353539,
    "stimulus_absolute_amplitude": -90.0000005077395,
    "stimulus_description": "C1LSCOARSE150216[1]",
    "stimulus_duration": 0.999995,
    "stimulus_interval": 0.0,
    "stimulus_name": "Long Square",
    "stimulus_relative_amplitude": 1.0,
    "stimulus_start_time": 0.92,
    "stimulus_units": "pA",
    "sweep_number": 25,
    "vm_delta_mv": 0.431465148925781
  },
  {
    "bridge_balance_mohm": 15.1404151916504,
    "id": 464301433,
    "leak_pa": 0.0,
    "num_spikes": 0,
    "peak_deflection": 0.0,
    "post_noise_rms_mv": 0.0578875504434109,
    "post_vm_mv": -80.7226867675781,
    "pre_noise_rms_mv": 0.0368787683546543,
    "pre_vm_mv": -80.8164825439453,
    "slow_noise_rms_mv": 0.215344980359077,
    "slow_vm_mv": -80.8164825439453,
    "specimen_id": 397353539,
    "stimulus_absolute_amplitude": 599.999994133071,
    "stimulus_description": "C2SSHM80CS150112[5]",
    "stimulus_duration": 0.002995,
    "stimulus_interval": 0.0,
    "stimulus_name": "Short Square - Hold -80mV",
    "stimulus_relative_amplitude": 1.0,
    "stimulus_start_time": 0.92,
    "stimulus_units": "pA",
    "sweep_number": 106,
    "vm_delta_mv": 0.0937957763671875
  },
  {
    "bridge_balance_mohm": 14.529914855957,
    "id": 464301535,
    "leak_pa": 0.0,
    "num_spikes": 0,
    "peak_deflection": -74.0,
    "post_noise_rms_mv": 0.035216212272644,
    "post_vm_mv": -76.8015441894531,
    "pre_noise_rms_mv": 0.0461173914372921,
    "pre_vm_mv": -77.2511825561523,
    "slow_noise_rms_mv": 0.270652115345001,
    "slow_vm_mv": -77.2511825561523,
    "specimen_id": 397353539,
    "stimulus_absolute_amplitude": 9.99999996004197,
    "stimulus_description": "C1LSCOARSE150216[6]",
    "stimulus_duration": 0.999995,
    "stimulus_interval": 0.0,
    "stimulus_name": "Long Square",
    "stimulus_relative_amplitude": 1.0,
    "stimulus_start_time": 0.92,
    "stimulus_units": "pA",
    "sweep_number": 30,
    "vm_delta_mv": 0.449638366699219
  },
  {
    "bridge_balance_mohm": 14.529914855957,
    "id": 464301577,
    "leak_pa": 0.0,
    "num_spikes": 14,
    "peak_deflection": 0.0,
    "post_noise_rms_mv": 0.0,
    "post_vm_mv": 0.0,
    "pre_noise_rms_mv": 0.0324866212904453,
    "pre_vm_mv": -77.703971862793,
    "slow_noise_rms_mv": 0.180701747536659,
    "slow_vm_mv": -77.703971862793,
    "specimen_id": 397353539,
    "stimulus_absolute_amplitude": 800.000010681146,
    "stimulus_description": "C1RP25PR1S141203[0]",
    "stimulus_duration": 31.997495,
    "stimulus_interval": 0.0,
    "stimulus_name": "Ramp",
    "stimulus_relative_amplitude": 1.0,
    "stimulus_start_time": 0.9225,
    "stimulus_units": "pA",
    "sweep_number": 5,
    "vm_delta_mv": 0.0
  },
  {
    "bridge_balance_mohm": 16.8498153686523,
    "id": 464301571,
    "leak_pa": 0.0,
    "num_spikes": 0,
    "peak_deflection": -40.9375038146973,
    "post_noise_rms_mv": 0.0433231145143509,
    "post_vm_mv": -77.1221694946289,
    "pre_noise_rms_mv": 0.0327229537069798,
    "pre_vm_mv": -76.6817855834961,
    "slow_noise_rms_mv": 0.266620278358459,
    "slow_vm_mv": -76.6817855834961,
    "specimen_id": 397353539,
    "stimulus_absolute_amplitude": 180.000001015479,
    "stimulus_description": "C1LSFINEST150112[0]",
    "stimulus_duration": 0.999995,
    "stimulus_interval": 0.0,
    "stimulus_name": "Long Square",
    "stimulus_relative_amplitude": 1.8,
    "stimulus_start_time": 0.92,
    "stimulus_units": "pA",
    "sweep_number": 47,
    "vm_delta_mv": 0.440383911132812
  },
  {
    "bridge_balance_mohm": 15.7509155273438,
    "id": 464301605,
    "leak_pa": 0.0,
    "num_spikes": 1,
    "peak_deflection": 0.0,
    "post_noise_rms_mv": 0.0394381023943424,
    "post_vm_mv": -76.2865219116211,
    "pre_noise_rms_mv": 0.0355262942612171,
    "pre_vm_mv": -75.7685623168945,
    "slow_noise_rms_mv": 0.304576635360718,
    "slow_vm_mv": -75.7685623168945,
    "specimen_id": 397353539,
    "stimulus_absolute_amplitude": 230.000005152498,
    "stimulus_description": "C2SQRHELNG150216[0]",
    "stimulus_duration": 1.999995,
    "stimulus_interval": 0.0,
    "stimulus_name": "Square - 2s Suprathreshold",
    "stimulus_relative_amplitude": 2.3,
    "stimulus_start_time": 0.92,
    "stimulus_units": "pA",
    "sweep_number": 62,
    "vm_delta_mv": 0.517959594726562
  },
  {
    "bridge_balance_mohm": 16.8498153686523,
    "id": 464301601,
    "leak_pa": 0.0,
    "num_spikes": 0,
    "peak_deflection": 0.0,
    "post_noise_rms_mv": 0.0404149666428566,
    "post_vm_mv": -75.651481628418,
    "pre_noise_rms_mv": 0.0313215851783752,
    "pre_vm_mv": -75.864128112793,
    "slow_noise_rms_mv": 0.37934672832489,
    "slow_vm_mv": -75.864128112793,
    "specimen_id": 397353539,
    "stimulus_absolute_amplitude": -200.000002670286,
    "stimulus_description": "C1SQCAPCHK141203[0]",
    "stimulus_duration": 7.819995,
    "stimulus_interval": 0.2,
    "stimulus_name": "Square - 0.5ms Subthreshold",
    "stimulus_relative_amplitude": 1.0,
    "stimulus_start_time": 0.12,
    "stimulus_units": "pA",
    "sweep_number": 60,
    "vm_delta_mv": 0.212646484375
  },
  {
    "bridge_balance_mohm": 16.8498153686523,
    "id": 464301569,
    "leak_pa": 0.0,
    "num_spikes": 1,
    "peak_deflection": 0.0,
    "post_noise_rms_mv": 0.0399361811578274,
    "post_vm_mv": -76.2576751708984,
    "pre_noise_rms_mv": 0.0382904037833214,
    "pre_vm_mv": -76.1230239868164,
    "slow_noise_rms_mv": 0.238383784890175,
    "slow_vm_mv": -76.1230239868164,
    "specimen_id": 397353539,
    "stimulus_absolute_amplitude": 180.000001015479,
    "stimulus_description": "C1LSFINEST150112[0]",
    "stimulus_duration": 0.999995,
    "stimulus_interval": 0.0,
    "stimulus_name": "Long Square",
    "stimulus_relative_amplitude": 1.8,
    "stimulus_start_time": 0.92,
    "stimulus_units": "pA",
    "sweep_number": 46,
    "vm_delta_mv": 0.134651184082031
  },
  {
    "bridge_balance_mohm": 15.7509155273438,
    "id": 464301675,
    "leak_pa": 0.0,
    "num_spikes": 3,
    "peak_deflection": 0.0,
    "post_noise_rms_mv": 0.0360563173890114,
    "post_vm_mv": -76.0551071166992,
    "pre_noise_rms_mv": 0.0484007783234119,
    "pre_vm_mv": -75.9073715209961,
    "slow_noise_rms_mv": 0.182439163327217,
    "slow_vm_mv": -75.9073715209961,
    "specimen_id": 397353539,
    "stimulus_absolute_amplitude": 900.000018955183,
    "stimulus_description": "C2SSTRIPLE141203[4]",
    "stimulus_duration": 0.048995,
    "stimulus_interval": 0.02,
    "stimulus_name": "Short Square - Triple",
    "stimulus_relative_amplitude": 9.0,
    "stimulus_start_time": 1.92,
    "stimulus_units": "pA",
    "sweep_number": 94,
    "vm_delta_mv": 0.147735595703125
  },
  {
    "bridge_balance_mohm": 15.7509155273438,
    "id": 464301663,
    "leak_pa": 0.0,
    "num_spikes": 3,
    "peak_deflection": 0.0,
    "post_noise_rms_mv": 0.0556395947933197,
    "post_vm_mv": -76.4035873413086,
    "pre_noise_rms_mv": 0.0489768199622631,
    "pre_vm_mv": -76.722526550293,
    "slow_noise_rms_mv": 0.380863189697266,
    "slow_vm_mv": -76.722526550293,
    "specimen_id": 397353539,
    "stimulus_absolute_amplitude": 900.000018955183,
    "stimulus_description": "C2SSTRIPLE141203[7]",
    "stimulus_duration": 0.072995,
    "stimulus_interval": 0.032,
    "stimulus_name": "Short Square - Triple",
    "stimulus_relative_amplitude": 9.0,
    "stimulus_start_time": 1.92,
    "stimulus_units": "pA",
    "sweep_number": 89,
    "vm_delta_mv": 0.318939208984375
  },
  {
    "bridge_balance_mohm": 15.1404151916504,
    "id": 464301425,
    "leak_pa": 0.0,
    "num_spikes": 0,
    "peak_deflection": 0.0,
    "post_noise_rms_mv": 0.0383110083639622,
    "post_vm_mv": -80.49560546875,
    "pre_noise_rms_mv": 0.0421310812234879,
    "pre_vm_mv": -80.3374481201172,
    "slow_noise_rms_mv": 0.338542133569717,
    "slow_vm_mv": -80.3374481201172,
    "specimen_id": 397353539,
    "stimulus_absolute_amplitude": 200.000002670286,
    "stimulus_description": "C2SSHM80CS150112[1]",
    "stimulus_duration": 0.002995,
    "stimulus_interval": 0.0,
    "stimulus_name": "Short Square - Hold -80mV",
    "stimulus_relative_amplitude": 1.0,
    "stimulus_start_time": 0.92,
    "stimulus_units": "pA",
    "sweep_number": 102,
    "vm_delta_mv": 0.158157348632812
  },
  {
    "bridge_balance_mohm": 14.529914855957,
    "id": 464301519,
    "leak_pa": 0.0,
    "num_spikes": 1,
    "peak_deflection": 0.0,
    "post_noise_rms_mv": 0.0432124622166157,
    "post_vm_mv": -75.7190170288086,
    "pre_noise_rms_mv": 0.0431764088571072,
    "pre_vm_mv": -76.4419555664062,
    "slow_noise_rms_mv": 0.411970973014832,
    "slow_vm_mv": -76.4419555664062,
    "specimen_id": 397353539,
    "stimulus_absolute_amplitude": 900.000018955183,
    "stimulus_description": "C1SSFINEST150112[0]",
    "stimulus_duration": 0.002995,
    "stimulus_interval": 0.0,
    "stimulus_name": "Short Square",
    "stimulus_relative_amplitude": 9.0,
    "stimulus_start_time": 0.92,
    "stimulus_units": "pA",
    "sweep_number": 23,
    "vm_delta_mv": 0.722938537597656
  },
  {
    "bridge_balance_mohm": 15.3235645294189,
    "id": 464301483,
    "leak_pa": 0.0,
    "num_spikes": 1,
    "peak_deflection": 0.0,
    "post_noise_rms_mv": 0.0389019139111042,
    "post_vm_mv": -59.0675010681152,
    "pre_noise_rms_mv": 0.0470403954386711,
    "pre_vm_mv": -59.4996185302734,
    "slow_noise_rms_mv": 0.206212729215622,
    "slow_vm_mv": -59.4996185302734,
    "specimen_id": 397353539,
    "stimulus_absolute_amplitude": 329.999999548747,
    "stimulus_description": "C2SSHM60FN150112[0]",
    "stimulus_duration": 0.002995,
    "stimulus_interval": 0.0,
    "stimulus_name": "Short Square - Hold -60mV",
    "stimulus_relative_amplitude": 3.3,
    "stimulus_start_time": 0.92,
    "stimulus_units": "pA",
    "sweep_number": 129,
    "vm_delta_mv": 0.432117462158203
  },
  {
    "bridge_balance_mohm": 15.7509155273438,
    "id": 464301671,
    "leak_pa": 0.0,
    "num_spikes": 3,
    "peak_deflection": 0.0,
    "post_noise_rms_mv": 0.0508083663880825,
    "post_vm_mv": -76.0324401855469,
    "pre_noise_rms_mv": 0.0364444814622402,
    "pre_vm_mv": -75.0483703613281,
    "slow_noise_rms_mv": 0.430682063102722,
    "slow_vm_mv": -75.0483703613281,
    "specimen_id": 397353539,
    "stimulus_absolute_amplitude": 900.000018955183,
    "stimulus_description": "C2SSTRIPLE141203[2]",
    "stimulus_duration": 0.032995,
    "stimulus_interval": 0.012,
    "stimulus_name": "Short Square - Triple",
    "stimulus_relative_amplitude": 9.0,
    "stimulus_start_time": 1.92,
    "stimulus_units": "pA",
    "sweep_number": 92,
    "vm_delta_mv": 0.98406982421875
  },
  {
    "bridge_balance_mohm": 15.1404151916504,
    "id": 464301461,
    "leak_pa": 0.0,
    "num_spikes": 1,
    "peak_deflection": 0.0,
    "post_noise_rms_mv": 0.0334529131650925,
    "post_vm_mv": -81.1347045898438,
    "pre_noise_rms_mv": 0.0379430875182152,
    "pre_vm_mv": -80.2759323120117,
    "slow_noise_rms_mv": 0.252327710390091,
    "slow_vm_mv": -80.2759323120117,
    "specimen_id": 397353539,
    "stimulus_absolute_amplitude": 850.000014818164,
    "stimulus_description": "C2SSHM80FN150112[0]",
    "stimulus_duration": 0.002995,
    "stimulus_interval": 0.0,
    "stimulus_name": "Short Square - Hold -80mV",
    "stimulus_relative_amplitude": 8.5,
    "stimulus_start_time": 0.92,
    "stimulus_units": "pA",
    "sweep_number": 119,
    "vm_delta_mv": 0.858772277832031
  },
  {
    "bridge_balance_mohm": 15.3235645294189,
    "id": 464301487,
    "leak_pa": 0.0,
    "num_spikes": 1,
    "peak_deflection": 0.0,
    "post_noise_rms_mv": 0.0520265810191631,
    "post_vm_mv": -59.8530158996582,
    "pre_noise_rms_mv": 0.0374214947223663,
    "pre_vm_mv": -59.455493927002,
    "slow_noise_rms_mv": 0.486210972070694,
    "slow_vm_mv": -59.455493927002,
    "specimen_id": 397353539,
    "stimulus_absolute_amplitude": 329.999999548747,
    "stimulus_description": "C2SSHM60FN150112[0]",
    "stimulus_duration": 0.002995,
    "stimulus_interval": 0.0,
    "stimulus_name": "Short Square - Hold -60mV",
    "stimulus_relative_amplitude": 3.3,
    "stimulus_start_time": 0.92,
    "stimulus_units": "pA",
    "sweep_number": 130,
    "vm_delta_mv": 0.39752197265625
  },
  {
    "bridge_balance_mohm": 15.1404151916504,
    "id": 464301469,
    "leak_pa": 0.0,
    "num_spikes": 1,
    "peak_deflection": 0.0,
    "post_noise_rms_mv": 0.049086719751358,
    "post_vm_mv": -60.8094940185547,
    "pre_noise_rms_mv": 0.0370491035282612,
    "pre_vm_mv": -60.3866081237793,
    "slow_noise_rms_mv": 0.359703958034515,
    "slow_vm_mv": -60.3866081237793,
    "specimen_id": 397353539,
    "stimulus_absolute_amplitude": 299.999997066536,
    "stimulus_description": "C2SSHM60CS150112[2]",
    "stimulus_duration": 0.002995,
    "stimulus_interval": 0.0,
    "stimulus_name": "Short Square - Hold -60mV",
    "stimulus_relative_amplitude": 1.0,
    "stimulus_start_time": 0.92,
    "stimulus_units": "pA",
    "sweep_number": 122,
    "vm_delta_mv": 0.422885894775391
  },
  {
    "bridge_balance_mohm": 15.1404151916504,
    "id": 464301473,
    "leak_pa": 0.0,
    "num_spikes": 1,
    "peak_deflection": 0.0,
    "post_noise_rms_mv": 0.0380825363099575,
    "post_vm_mv": -59.8958396911621,
    "pre_noise_rms_mv": 0.0341341122984886,
    "pre_vm_mv": -60.3798141479492,
    "slow_noise_rms_mv": 0.396430194377899,
    "slow_vm_mv": -60.3798141479492,
    "specimen_id": 397353539,
    "stimulus_absolute_amplitude": 499.999985859034,
    "stimulus_description": "C2SSHM60CS150112[4]",
    "stimulus_duration": 0.002995,
    "stimulus_interval": 0.0,
    "stimulus_name": "Short Square - Hold -60mV",
    "stimulus_relative_amplitude": 1.0,
    "stimulus_start_time": 0.92,
    "stimulus_units": "pA",
    "sweep_number": 124,
    "vm_delta_mv": 0.483974456787109
  },
  {
    "bridge_balance_mohm": 15.1404151916504,
    "id": 464301459,
    "leak_pa": 0.0,
    "num_spikes": 1,
    "peak_deflection": 0.0,
    "post_noise_rms_mv": 0.0395275056362152,
    "post_vm_mv": -80.7355575561523,
    "pre_noise_rms_mv": 0.047355305403471,
    "pre_vm_mv": -80.6087875366211,
    "slow_noise_rms_mv": 0.180013850331306,
    "slow_vm_mv": -80.6087875366211,
    "specimen_id": 397353539,
    "stimulus_absolute_amplitude": 850.000014818164,
    "stimulus_description": "C2SSHM80FN150112[0]",
    "stimulus_duration": 0.002995,
    "stimulus_interval": 0.0,
    "stimulus_name": "Short Square - Hold -80mV",
    "stimulus_relative_amplitude": 8.5,
    "stimulus_start_time": 0.92,
    "stimulus_units": "pA",
    "sweep_number": 118,
    "vm_delta_mv": 0.12677001953125
  },
  {
    "bridge_balance_mohm": 16.8498153686523,
    "id": 464301587,
    "leak_pa": 0.0,
    "num_spikes": 16,
    "peak_deflection": 0.0,
    "post_noise_rms_mv": 0.0340004116296768,
    "post_vm_mv": -77.5862808227539,
    "pre_noise_rms_mv": 0.041375782340765,
    "pre_vm_mv": -76.9153823852539,
    "slow_noise_rms_mv": 0.322751194238663,
    "slow_vm_mv": -76.9153823852539,
    "specimen_id": 397353539,
    "stimulus_absolute_amplitude": 424.375007357369,
    "stimulus_description": "C1NSSEED_2150216[0]",
    "stimulus_duration": 18.999995,
    "stimulus_interval": 5.0,
    "stimulus_name": "Noise 2",
    "stimulus_relative_amplitude": 1.8,
    "stimulus_start_time": 1.92,
    "stimulus_units": "pA",
    "sweep_number": 54,
    "vm_delta_mv": 0.6708984375
  },
  {
    "bridge_balance_mohm": 0.0,
    "id": 464301495,
    "leak_pa": 0.0,
    "num_spikes": 0,
    "peak_deflection": 0.0,
    "post_noise_rms_mv": 0.0,
    "post_vm_mv": 0.0,
    "pre_noise_rms_mv": 0.0,
    "pre_vm_mv": 0.0,
    "slow_noise_rms_mv": 0.0,
    "slow_vm_mv": 0.0,
    "specimen_id": 397353539,
    "stimulus_absolute_amplitude": 9.99999977648258,
    "stimulus_description": "EXTPGGAEND141203[0]",
    "stimulus_duration": 0.069995,
    "stimulus_interval": 0.05,
    "stimulus_name": "Test",
    "stimulus_relative_amplitude": 1.0,
    "stimulus_start_time": 0.03,
    "stimulus_units": "mV",
    "sweep_number": 134,
    "vm_delta_mv": 0.0
  },
  {
    "bridge_balance_mohm": 0.0,
    "id": 464301493,
    "leak_pa": 0.0,
    "num_spikes": 0,
    "peak_deflection": 0.0,
    "post_noise_rms_mv": 0.0,
    "post_vm_mv": 0.0,
    "pre_noise_rms_mv": 0.0,
    "pre_vm_mv": 0.0,
    "slow_noise_rms_mv": 0.0,
    "slow_vm_mv": 0.0,
    "specimen_id": 397353539,
    "stimulus_absolute_amplitude": 9.99999977648258,
    "stimulus_description": "EXTPEXPEND141203[0]",
    "stimulus_duration": 0.069995,
    "stimulus_interval": 0.05,
    "stimulus_name": "Test",
    "stimulus_relative_amplitude": 1.0,
    "stimulus_start_time": 0.03,
    "stimulus_units": "mV",
    "sweep_number": 133,
    "vm_delta_mv": 0.0
  },
  {
    "bridge_balance_mohm": 16.8498153686523,
    "id": 464301585,
    "leak_pa": 0.0,
    "num_spikes": 16,
    "peak_deflection": 0.0,
    "post_noise_rms_mv": 0.0471510253846645,
    "post_vm_mv": -76.8573913574219,
    "pre_noise_rms_mv": 0.0387911535799503,
    "pre_vm_mv": -76.0100326538086,
    "slow_noise_rms_mv": 0.325997829437256,
    "slow_vm_mv": -76.0100326538086,
    "specimen_id": 397353539,
    "stimulus_absolute_amplitude": 417.250012318959,
    "stimulus_description": "C1NSSEED_1150216[0]",
    "stimulus_duration": 18.999995,
    "stimulus_interval": 5.0,
    "stimulus_name": "Noise 1",
    "stimulus_relative_amplitude": 1.8,
    "stimulus_start_time": 1.92,
    "stimulus_units": "pA",
    "sweep_number": 53,
    "vm_delta_mv": 0.847358703613281
  },
  {
    "bridge_balance_mohm": 15.1404151916504,
    "id": 464301431,
    "leak_pa": 0.0,
    "num_spikes": 0,
    "peak_deflection": 0.0,
    "post_noise_rms_mv": 0.0384448990225792,
    "post_vm_mv": -80.5853118896484,
    "pre_noise_rms_mv": 0.0368636026978493,
    "pre_vm_mv": -80.4557342529297,
    "slow_noise_rms_mv": 0.192001357674599,
    "slow_vm_mv": -80.4557342529297,
    "specimen_id": 397353539,
    "stimulus_absolute_amplitude": 499.999985859034,
    "stimulus_description": "C2SSHM80CS150112[4]",
    "stimulus_duration": 0.002995,
    "stimulus_interval": 0.0,
    "stimulus_name": "Short Square - Hold -80mV",
    "stimulus_relative_amplitude": 1.0,
    "stimulus_start_time": 0.92,
    "stimulus_units": "pA",
    "sweep_number": 105,
    "vm_delta_mv": 0.12957763671875
  },
  {
    "bridge_balance_mohm": 14.529914855957,
    "id": 464301551,
    "leak_pa": 0.0,
    "num_spikes": 2,
    "peak_deflection": 0.0,
    "post_noise_rms_mv": 0.0417252108454704,
    "post_vm_mv": -77.2909545898438,
    "pre_noise_rms_mv": 0.0372454524040222,
    "pre_vm_mv": -77.7260208129883,
    "slow_noise_rms_mv": 0.376297026872635,
    "slow_vm_mv": -77.7260208129883,
    "specimen_id": 397353539,
    "stimulus_absolute_amplitude": 170.000000188075,
    "stimulus_description": "C1LSCOARSE150216[14]",
    "stimulus_duration": 0.999995,
    "stimulus_interval": 0.0,
    "stimulus_name": "Long Square",
    "stimulus_relative_amplitude": 1.0,
    "stimulus_start_time": 0.92,
    "stimulus_units": "pA",
    "sweep_number": 38,
    "vm_delta_mv": 0.435066223144531
  },
  {
    "bridge_balance_mohm": 15.1404151916504,
    "id": 464301435,
    "leak_pa": 0.0,
    "num_spikes": 0,
    "peak_deflection": 0.0,
    "post_noise_rms_mv": 0.0368196330964565,
    "post_vm_mv": -79.936393737793,
    "pre_noise_rms_mv": 0.0417702086269855,
    "pre_vm_mv": -80.3752517700195,
    "slow_noise_rms_mv": 0.350873738527298,
    "slow_vm_mv": -80.3752517700195,
    "specimen_id": 397353539,
    "stimulus_absolute_amplitude": 700.000002407108,
    "stimulus_description": "C2SSHM80CS150112[6]",
    "stimulus_duration": 0.002995,
    "stimulus_interval": 0.0,
    "stimulus_name": "Short Square - Hold -80mV",
    "stimulus_relative_amplitude": 1.0,
    "stimulus_start_time": 0.92,
    "stimulus_units": "pA",
    "sweep_number": 107,
    "vm_delta_mv": 0.438858032226562
  },
  {
    "bridge_balance_mohm": 16.8498153686523,
    "id": 464301573,
    "leak_pa": 0.0,
    "num_spikes": 1,
    "peak_deflection": 0.0,
    "post_noise_rms_mv": 0.0355844758450985,
    "post_vm_mv": -76.320930480957,
    "pre_noise_rms_mv": 0.0524712093174458,
    "pre_vm_mv": -76.3929214477539,
    "slow_noise_rms_mv": 0.292670756578445,
    "slow_vm_mv": -76.3929214477539,
    "specimen_id": 397353539,
    "stimulus_absolute_amplitude": 180.000001015479,
    "stimulus_description": "C1LSFINEST150112[0]",
    "stimulus_duration": 0.999995,
    "stimulus_interval": 0.0,
    "stimulus_name": "Long Square",
    "stimulus_relative_amplitude": 1.8,
    "stimulus_start_time": 0.92,
    "stimulus_units": "pA",
    "sweep_number": 48,
    "vm_delta_mv": 0.071990966796875
  },
  {
    "bridge_balance_mohm": 15.1404151916504,
    "id": 464301451,
    "leak_pa": 0.0,
    "num_spikes": 1,
    "peak_deflection": 0.0,
    "post_noise_rms_mv": 0.0384854376316071,
    "post_vm_mv": -81.2833557128906,
    "pre_noise_rms_mv": 0.0408639907836914,
    "pre_vm_mv": -80.602783203125,
    "slow_noise_rms_mv": 0.26930183172226,
    "slow_vm_mv": -80.602783203125,
    "specimen_id": 397353539,
    "stimulus_absolute_amplitude": 850.000014818164,
    "stimulus_description": "C2SSHM80FN150112[0]",
    "stimulus_duration": 0.002995,
    "stimulus_interval": 0.0,
    "stimulus_name": "Short Square - Hold -80mV",
    "stimulus_relative_amplitude": 8.5,
    "stimulus_start_time": 0.92,
    "stimulus_units": "pA",
    "sweep_number": 114,
    "vm_delta_mv": 0.680572509765625
  },
  {
    "bridge_balance_mohm": 14.529914855957,
    "id": 464301555,
    "leak_pa": 0.0,
    "num_spikes": 14,
    "peak_deflection": 0.0,
    "post_noise_rms_mv": 0.0,
    "post_vm_mv": 0.0,
    "pre_noise_rms_mv": 0.0360354483127594,
    "pre_vm_mv": -77.855712890625,
    "slow_noise_rms_mv": 0.223646506667137,
    "slow_vm_mv": -77.855712890625,
    "specimen_id": 397353539,
    "stimulus_absolute_amplitude": 800.000010681146,
    "stimulus_description": "C1RP25PR1S141203[0]",
    "stimulus_duration": 31.997495,
    "stimulus_interval": 0.0,
    "stimulus_name": "Ramp",
    "stimulus_relative_amplitude": 1.0,
    "stimulus_start_time": 0.9225,
    "stimulus_units": "pA",
    "sweep_number": 4,
    "vm_delta_mv": 0.0
  },
  {
    "bridge_balance_mohm": 14.529914855957,
    "id": 464301485,
    "leak_pa": 0.0,
    "num_spikes": 0,
    "peak_deflection": 0.0,
    "post_noise_rms_mv": 0.0325720347464085,
    "post_vm_mv": -76.5705108642578,
    "pre_noise_rms_mv": 0.0417618602514267,
    "pre_vm_mv": -76.569580078125,
    "slow_noise_rms_mv": 0.149732813239098,
    "slow_vm_mv": -76.569580078125,
    "specimen_id": 397353539,
    "stimulus_absolute_amplitude": 700.000002407108,
    "stimulus_description": "C1SSCOARSE150112[6]",
    "stimulus_duration": 0.002995,
    "stimulus_interval": 0.0,
    "stimulus_name": "Short Square",
    "stimulus_relative_amplitude": 1.0,
    "stimulus_start_time": 0.92,
    "stimulus_units": "pA",
    "sweep_number": 13,
    "vm_delta_mv": 0.0009307861328125
  },
  {
    "bridge_balance_mohm": 15.7509155273438,
    "id": 464301655,
    "leak_pa": 0.0,
    "num_spikes": 3,
    "peak_deflection": 0.0,
    "post_noise_rms_mv": 0.0384333617985249,
    "post_vm_mv": -75.6423263549805,
    "pre_noise_rms_mv": 0.0401212908327579,
    "pre_vm_mv": -76.1673431396484,
    "slow_noise_rms_mv": 0.28863251209259,
    "slow_vm_mv": -76.1673431396484,
    "specimen_id": 397353539,
    "stimulus_absolute_amplitude": 900.000018955183,
    "stimulus_description": "C2SSTRIPLE141203[3]",
    "stimulus_duration": 0.040995,
    "stimulus_interval": 0.016,
    "stimulus_name": "Short Square - Triple",
    "stimulus_relative_amplitude": 9.0,
    "stimulus_start_time": 1.92,
    "stimulus_units": "pA",
    "sweep_number": 85,
    "vm_delta_mv": 0.525016784667969
  },
  {
    "bridge_balance_mohm": 14.529914855957,
    "id": 464301529,
    "leak_pa": 0.0,
    "num_spikes": 0,
    "peak_deflection": -84.5312576293945,
    "post_noise_rms_mv": 0.0427947118878365,
    "post_vm_mv": -77.077018737793,
    "pre_noise_rms_mv": 0.0375000089406967,
    "pre_vm_mv": -77.5597534179688,
    "slow_noise_rms_mv": 0.519126355648041,
    "slow_vm_mv": -77.5597534179688,
    "specimen_id": 397353539,
    "stimulus_absolute_amplitude": -29.9999990127642,
    "stimulus_description": "C1LSCOARSE150216[4]",
    "stimulus_duration": 0.999995,
    "stimulus_interval": 0.0,
    "stimulus_name": "Long Square",
    "stimulus_relative_amplitude": 1.0,
    "stimulus_start_time": 0.92,
    "stimulus_units": "pA",
    "sweep_number": 28,
    "vm_delta_mv": 0.482734680175781
  },
  {
    "bridge_balance_mohm": 15.7509155273438,
    "id": 464301609,
    "leak_pa": 0.0,
    "num_spikes": 1,
    "peak_deflection": 0.0,
    "post_noise_rms_mv": 0.0435573905706406,
    "post_vm_mv": -76.3343734741211,
    "pre_noise_rms_mv": 0.0378363505005836,
    "pre_vm_mv": -75.9958267211914,
    "slow_noise_rms_mv": 0.195366159081459,
    "slow_vm_mv": -75.9958267211914,
    "specimen_id": 397353539,
    "stimulus_absolute_amplitude": 230.000005152498,
    "stimulus_description": "C2SQRHELNG150216[0]",
    "stimulus_duration": 1.999995,
    "stimulus_interval": 0.0,
    "stimulus_name": "Square - 2s Suprathreshold",
    "stimulus_relative_amplitude": 2.3,
    "stimulus_start_time": 0.92,
    "stimulus_units": "pA",
    "sweep_number": 64,
    "vm_delta_mv": 0.338546752929688
  },
  {
    "bridge_balance_mohm": 15.1404151916504,
    "id": 464301455,
    "leak_pa": 0.0,
    "num_spikes": 1,
    "peak_deflection": 0.0,
    "post_noise_rms_mv": 0.02540098503232,
    "post_vm_mv": -81.1779174804688,
    "pre_noise_rms_mv": 0.0397506915032864,
    "pre_vm_mv": -80.8278732299805,
    "slow_noise_rms_mv": 0.160690531134605,
    "slow_vm_mv": -80.8278732299805,
    "specimen_id": 397353539,
    "stimulus_absolute_amplitude": 850.000014818164,
    "stimulus_description": "C2SSHM80FN150112[0]",
    "stimulus_duration": 0.002995,
    "stimulus_interval": 0.0,
    "stimulus_name": "Short Square - Hold -80mV",
    "stimulus_relative_amplitude": 8.5,
    "stimulus_start_time": 0.92,
    "stimulus_units": "pA",
    "sweep_number": 116,
    "vm_delta_mv": 0.350044250488281
  },
  {
    "bridge_balance_mohm": 15.1404151916504,
    "id": 464301437,
    "leak_pa": 0.0,
    "num_spikes": 1,
    "peak_deflection": 0.0,
    "post_noise_rms_mv": 0.0403403900563717,
    "post_vm_mv": -80.0829086303711,
    "pre_noise_rms_mv": 0.0488824248313904,
    "pre_vm_mv": -79.6023025512695,
    "slow_noise_rms_mv": 0.305753767490387,
    "slow_vm_mv": -79.6023025512695,
    "specimen_id": 397353539,
    "stimulus_absolute_amplitude": 800.000010681146,
    "stimulus_description": "C2SSHM80CS150112[7]",
    "stimulus_duration": 0.002995,
    "stimulus_interval": 0.0,
    "stimulus_name": "Short Square - Hold -80mV",
    "stimulus_relative_amplitude": 1.0,
    "stimulus_start_time": 0.92,
    "stimulus_units": "pA",
    "sweep_number": 108,
    "vm_delta_mv": 0.480606079101562
  }
]