[
  {
    "bridge_balance_mohm": 17.3992671966553,
    "id": 396427338,
    "leak_pa": 0.0,
    "num_spikes": 0,
    "peak_deflection": 0.0,
    "post_noise_rms_mv": 0.0366655327379704,
    "post_vm_mv": -62.0177345275879,
    "pre_noise_rms_mv": 0.037799809128046,
    "pre_vm_mv": -62.0120849609375,
    "slow_noise_rms_mv": 0.386550843715668,
    "slow_vm_mv": -62.0120849609375,
    "specimen_id": 354190013,
    "stimulus_absolute_amplitude": 499.999985859034,
    "stimulus_description": "C2SSHM60CS150112[4]",
    "stimulus_duration": 0.002995,
    "stimulus_interval": 0.0,
    "stimulus_name": "Short Square - Hold -60mV",
    "stimulus_relative_amplitude": 1.0,
    "stimulus_start_time": 0.92,
    "stimulus_units": "pA",
    "sweep_number": 109,
    "vm_delta_mv": 0.00564956665039062
  },
  {
    "bridge_balance_mohm": 16.9719161987305,
    "id": 396427378,
    "leak_pa": 0.0,
    "num_spikes": 0,
    "peak_deflection": 0.0,
    "post_noise_rms_mv": 0.0421880893409252,
    "post_vm_mv": -73.354736328125,
    "pre_noise_rms_mv": 0.0380988419055939,
    "pre_vm_mv": -72.8050231933594,
    "slow_noise_rms_mv": 0.226176038384438,
    "slow_vm_mv": -72.8050231933594,
    "specimen_id": 354190013,
    "stimulus_absolute_amplitude": 1099.99997999211,
    "stimulus_description": "C1SSCOARSE150112[10]",
    "stimulus_duration": 0.002995,
    "stimulus_interval": 0.0,
    "stimulus_name": "Short Square",
    "stimulus_relative_amplitude": 1.0,
    "stimulus_start_time": 0.92,
    "stimulus_units": "pA",
    "sweep_number": 17,
    "vm_delta_mv": 0.549713134765625
  },
  {
    "bridge_balance_mohm": 18.9255180358887,
    "id": 396427454,
    "leak_pa": 0.0,
    "num_spikes": 11,
    "peak_deflection": 0.0,
    "post_noise_rms_mv": 0.0390925779938698,
    "post_vm_mv": -72.5836715698242,
    "pre_noise_rms_mv": 0.0345024392008781,
    "pre_vm_mv": -72.9100723266602,
    "slow_noise_rms_mv": 0.0963826179504395,
    "slow_vm_mv": -72.9100723266602,
    "specimen_id": 354190013,
    "stimulus_absolute_amplitude": 230.000005152498,
    "stimulus_description": "C1LSCOARSE150216[17]",
    "stimulus_duration": 0.999995,
    "stimulus_interval": 0.0,
    "stimulus_name": "Long Square",
    "stimulus_relative_amplitude": 1.0,
    "stimulus_start_time": 0.92,
    "stimulus_units": "pA",
    "sweep_number": 51,
    "vm_delta_mv": 0.326400756835938
  },
  {
    "bridge_balance_mohm": 18.9255180358887,
    "id": 396427426,
    "leak_pa": 0.0,
    "num_spikes": 0,
    "peak_deflection": -75.75,
    "post_noise_rms_mv": 0.0334782376885414,
    "post_vm_mv": -73.5673828125,
    "pre_noise_rms_mv": 0.0343169532716274,
    "pre_vm_mv": -72.9133377075195,
    "slow_noise_rms_mv": 0.172767296433449,
    "slow_vm_mv": -72.9133377075195,
    "specimen_id": 354190013,
    "stimulus_absolute_amplitude": -9.99999996004197,
    "stimulus_description": "C1LSCOARSE150216[5]",
    "stimulus_duration": 0.999995,
    "stimulus_interval": 0.0,
    "stimulus_name": "Long Square",
    "stimulus_relative_amplitude": 1.0,
    "stimulus_start_time": 0.92,
    "stimulus_units": "pA",
    "sweep_number": 39,
    "vm_delta_mv": 0.654045104980469
  },
  {
    "bridge_balance_mohm": 16.9719161987305,
    "id": 396427428,
    "leak_pa": 0.0,
    "num_spikes": 10,
    "peak_deflection": 0.0,
    "post_noise_rms_mv": 0.0,
    "post_vm_mv": 0.0,
    "pre_noise_rms_mv": 0.0399126000702381,
    "pre_vm_mv": -72.1350555419922,
    "slow_noise_rms_mv": 0.325368732213974,
    "slow_vm_mv": -72.1350555419922,
    "specimen_id": 354190013,
    "stimulus_absolute_amplitude": 800.000010681146,
    "stimulus_description": "C1RP25PR1S141203[0]",
    "stimulus_duration": 31.997495,
    "stimulus_interval": 0.0,
    "stimulus_name": "Ramp",
    "stimulus_relative_amplitude": 1.0,
    "stimulus_start_time": 0.9225,
    "stimulus_units": "pA",
    "sweep_number": 4,
    "vm_delta_mv": 0.0
  },
  {
    "bridge_balance_mohm": 20.0244197845459,
    "id": 396427480,
    "leak_pa": 0.0,
    "num_spikes": 33,
    "peak_deflection": 0.0,
    "post_noise_rms_mv": 0.0434063114225864,
    "post_vm_mv": -71.5260391235352,
    "pre_noise_rms_mv": 0.0387871861457825,
    "pre_vm_mv": -70.8298645019531,
    "slow_noise_rms_mv": 0.14760485291481,
    "slow_vm_mv": -70.8298645019531,
    "specimen_id": 354190013,
    "stimulus_absolute_amplitude": 330.12501066132,
    "stimulus_description": "C1NSSEED_2150216[0]",
    "stimulus_duration": 18.999995,
    "stimulus_interval": 5.0,
    "stimulus_name": "Noise 2",
    "stimulus_relative_amplitude": 1.4,
    "stimulus_start_time": 1.92,
    "stimulus_units": "pA",
    "sweep_number": 63,
    "vm_delta_mv": 0.696174621582031
  },
  {
    "bridge_balance_mohm": 18.9255180358887,
    "id": 396427452,
    "leak_pa": 0.0,
    "num_spikes": 10,
    "peak_deflection": 0.0,
    "post_noise_rms_mv": 0.039474081248045,
    "post_vm_mv": -73.4214477539062,
    "pre_noise_rms_mv": 0.0369594991207123,
    "pre_vm_mv": -72.5522308349609,
    "slow_noise_rms_mv": 0.148857668042183,
    "slow_vm_mv": -72.5522308349609,
    "specimen_id": 354190013,
    "stimulus_absolute_amplitude": 210.00000349769,
    "stimulus_description": "C1LSCOARSE150216[16]",
    "stimulus_duration": 0.999995,
    "stimulus_interval": 0.0,
    "stimulus_name": "Long Square",
    "stimulus_relative_amplitude": 1.0,
    "stimulus_start_time": 0.92,
    "stimulus_units": "pA",
    "sweep_number": 50,
    "vm_delta_mv": 0.869216918945312
  },
  {
    "bridge_balance_mohm": 0.0,
    "id": 396427366,
    "leak_pa": 0.0,
    "num_spikes": 0,
    "peak_deflection": 0.0,
    "post_noise_rms_mv": 0.0,
    "post_vm_mv": 0.0,
    "pre_noise_rms_mv": 0.0,
    "pre_vm_mv": 0.0,
    "slow_noise_rms_mv": 0.0,
    "slow_vm_mv": 0.0,
    "specimen_id": 354190013,
    "stimulus_absolute_amplitude": 9.99999977648258,
    "stimulus_description": "EXTPGGAEND141203[0]",
    "stimulus_duration": 0.069995,
    "stimulus_interval": 0.05,
    "stimulus_name": "Test",
    "stimulus_relative_amplitude": 1.0,
    "stimulus_start_time": 0.03,
    "stimulus_units": "mV",
    "sweep_number": 121,
    "vm_delta_mv": 0.0
  },
  {
    "bridge_balance_mohm": 17.3992671966553,
    "id": 396427328,
    "leak_pa": 0.0,
    "num_spikes": 1,
    "peak_deflection": 0.0,
    "post_noise_rms_mv": 0.0492210946977139,
    "post_vm_mv": -80.1423873901367,
    "pre_noise_rms_mv": 0.0356214828789234,
    "pre_vm_mv": -80.098876953125,
    "slow_noise_rms_mv": 0.20050473511219,
    "slow_vm_mv": -80.098876953125,
    "specimen_id": 354190013,
    "stimulus_absolute_amplitude": 1450.00000895124,
    "stimulus_description": "C2SSHM80FN150112[0]",
    "stimulus_duration": 0.002995,
    "stimulus_interval": 0.0,
    "stimulus_name": "Short Square - Hold -80mV",
    "stimulus_relative_amplitude": 14.5,
    "stimulus_start_time": 0.92,
    "stimulus_units": "pA",
    "sweep_number": 104,
    "vm_delta_mv": 0.0435104370117188
  },
  {
    "bridge_balance_mohm": 17.3992671966553,
    "id": 396427530,
    "leak_pa": 0.0,
    "num_spikes": 0,
    "peak_deflection": 0.0,
    "post_noise_rms_mv": 0.0410133227705956,
    "post_vm_mv": -80.8241119384766,
    "pre_noise_rms_mv": 0.0408279486000538,
    "pre_vm_mv": -80.8409576416016,
    "slow_noise_rms_mv": 0.115432314574718,
    "slow_vm_mv": -80.8409576416016,
    "specimen_id": 354190013,
    "stimulus_absolute_amplitude": 599.999994133071,
    "stimulus_description": "C2SSHM80CS150112[5]",
    "stimulus_duration": 0.002995,
    "stimulus_interval": 0.0,
    "stimulus_name": "Short Square - Hold -80mV",
    "stimulus_relative_amplitude": 1.0,
    "stimulus_start_time": 0.92,
    "stimulus_units": "pA",
    "sweep_number": 86,
    "vm_delta_mv": 0.016845703125
  },
  {
    "bridge_balance_mohm": 16.9719161987305,
    "id": 396427374,
    "leak_pa": 0.0,
    "num_spikes": 0,
    "peak_deflection": 0.0,
    "post_noise_rms_mv": 0.0379546359181404,
    "post_vm_mv": -73.5317535400391,
    "pre_noise_rms_mv": 0.0370954126119614,
    "pre_vm_mv": -72.6096725463867,
    "slow_noise_rms_mv": 0.192534163594246,
    "slow_vm_mv": -72.6096725463867,
    "specimen_id": 354190013,
    "stimulus_absolute_amplitude": 900.000018955183,
    "stimulus_description": "C1SSCOARSE150112[8]",
    "stimulus_duration": 0.002995,
    "stimulus_interval": 0.0,
    "stimulus_name": "Short Square",
    "stimulus_relative_amplitude": 1.0,
    "stimulus_start_time": 0.92,
    "stimulus_units": "pA",
    "sweep_number": 15,
    "vm_delta_mv": 0.922080993652344
  },
  {
    "bridge_balance_mohm": 18.9255180358887,
    "id": 396427462,
    "leak_pa": 0.0,
    "num_spikes": 1,
    "peak_deflection": 0.0,
    "post_noise_rms_mv": 0.0403030775487423,
    "post_vm_mv": -72.5333023071289,
    "pre_noise_rms_mv": 0.0367325842380524,
    "pre_vm_mv": -72.2317123413086,
    "slow_noise_rms_mv": 0.129721969366074,
    "slow_vm_mv": -72.2317123413086,
    "specimen_id": 354190013,
    "stimulus_absolute_amplitude": 139.999997705864,
    "stimulus_description": "C1LSFINEST150112[0]",
    "stimulus_duration": 0.999995,
    "stimulus_interval": 0.0,
    "stimulus_name": "Long Square",
    "stimulus_relative_amplitude": 1.4,
    "stimulus_start_time": 0.92,
    "stimulus_units": "pA",
    "sweep_number": 55,
    "vm_delta_mv": 0.301589965820312
  },
  {
    "bridge_balance_mohm": 18.9255180358887,
    "id": 396427436,
    "leak_pa": 0.0,
    "num_spikes": 0,
    "peak_deflection": -59.625,
    "post_noise_rms_mv": 0.042709045112133,
    "post_vm_mv": -73.2522964477539,
    "pre_noise_rms_mv": 0.0327250994741917,
    "pre_vm_mv": -74.1565551757812,
    "slow_noise_rms_mv": 0.168065056204796,
    "slow_vm_mv": -74.1565551757812,
    "specimen_id": 354190013,
    "stimulus_absolute_amplitude": 69.9999988529321,
    "stimulus_description": "C1LSCOARSE150216[9]",
    "stimulus_duration": 0.999995,
    "stimulus_interval": 0.0,
    "stimulus_name": "Long Square",
    "stimulus_relative_amplitude": 1.0,
    "stimulus_start_time": 0.92,
    "stimulus_units": "pA",
    "sweep_number": 43,
    "vm_delta_mv": 0.904258728027344
  },
  {
    "bridge_balance_mohm": 17.3992671966553,
    "id": 396427330,
    "leak_pa": 0.0,
    "num_spikes": 0,
    "peak_deflection": 0.0,
    "post_noise_rms_mv": 0.0403840951621532,
    "post_vm_mv": -60.8415985107422,
    "pre_noise_rms_mv": 0.0402907282114029,
    "pre_vm_mv": -60.7414932250977,
    "slow_noise_rms_mv": 0.297213107347488,
    "slow_vm_mv": -60.7414932250977,
    "specimen_id": 354190013,
    "stimulus_absolute_amplitude": 100.000001335143,
    "stimulus_description": "C2SSHM60CS150112[0]",
    "stimulus_duration": 0.002995,
    "stimulus_interval": 0.0,
    "stimulus_name": "Short Square - Hold -60mV",
    "stimulus_relative_amplitude": 1.0,
    "stimulus_start_time": 0.92,
    "stimulus_units": "pA",
    "sweep_number": 105,
    "vm_delta_mv": 0.100105285644531
  },
  {
    "bridge_balance_mohm": 17.3992671966553,
    "id": 396427520,
    "leak_pa": 0.0,
    "num_spikes": 0,
    "peak_deflection": 0.0,
    "post_noise_rms_mv": 0.045305397361517,
    "post_vm_mv": -80.4381942749023,
    "pre_noise_rms_mv": 0.0361280851066113,
    "pre_vm_mv": -80.7321090698242,
    "slow_noise_rms_mv": 0.0919686257839203,
    "slow_vm_mv": -80.7321090698242,
    "specimen_id": 354190013,
    "stimulus_absolute_amplitude": 100.000001335143,
    "stimulus_description": "C2SSHM80CS150112[0]",
    "stimulus_duration": 0.002995,
    "stimulus_interval": 0.0,
    "stimulus_name": "Short Square - Hold -80mV",
    "stimulus_relative_amplitude": 1.0,
    "stimulus_start_time": 0.92,
    "stimulus_units": "pA",
    "sweep_number": 81,
    "vm_delta_mv": 0.293914794921875
  },
  {
    "bridge_balance_mohm": 17.3992671966553,
    "id": 396427352,
    "leak_pa": 0.0,
    "num_spikes": 1,
    "peak_deflection": 0.0,
    "post_noise_rms_mv": 0.0393835827708244,
    "post_vm_mv": -60.4484252929688,
    "pre_noise_rms_mv": 0.0403809994459152,
    "pre_vm_mv": -60.7301635742188,
    "slow_noise_rms_mv": 0.307030886411667,
    "slow_vm_mv": -60.7301635742188,
    "specimen_id": 354190013,
    "stimulus_absolute_amplitude": 589.999993305668,
    "stimulus_description": "C2SSHM60FN150112[0]",
    "stimulus_duration": 0.002995,
    "stimulus_interval": 0.0,
    "stimulus_name": "Short Square - Hold -60mV",
    "stimulus_relative_amplitude": 5.9,
    "stimulus_start_time": 0.92,
    "stimulus_units": "pA",
    "sweep_number": 115,
    "vm_delta_mv": 0.28173828125
  },
  {
    "bridge_balance_mohm": 0.0,
    "id": 396427368,
    "leak_pa": 0.0,
    "num_spikes": 0,
    "peak_deflection": 0.0,
    "post_noise_rms_mv": 0.0,
    "post_vm_mv": 0.0,
    "pre_noise_rms_mv": 0.0380701720714569,
    "pre_vm_mv": 0.0205604005604982,
    "slow_noise_rms_mv": 0.0318081378936768,
    "slow_vm_mv": 0.0205604005604982,
    "specimen_id": 354190013,
    "stimulus_absolute_amplitude": 0.0,
    "stimulus_description": "EXTPBLWOUT141203[0]",
    "stimulus_duration": 0.0,
    "stimulus_interval": 0.0,
    "stimulus_name": "Test",
    "stimulus_relative_amplitude": 1.0,
    "stimulus_start_time": 0.0,
    "stimulus_units": "pA",
    "sweep_number": 122,
    "vm_delta_mv": 0.0
  },
  {
    "bridge_balance_mohm": 16.9719161987305,
    "id": 396427414,
    "leak_pa": 0.0,
    "num_spikes": 1,
    "peak_deflection": 0.0,
    "post_noise_rms_mv": 0.0383747853338718,
    "post_vm_mv": -73.1543426513672,
    "pre_noise_rms_mv": 0.0305442586541176,
    "pre_vm_mv": -72.9203567504883,
    "slow_noise_rms_mv": 0.186888545751572,
    "slow_vm_mv": -72.9203567504883,
    "specimen_id": 354190013,
    "stimulus_absolute_amplitude": 1279.99999488537,
    "stimulus_description": "C1SSFINEST150112[0]",
    "stimulus_duration": 0.002995,
    "stimulus_interval": 0.0,
    "stimulus_name": "Short Square",
    "stimulus_relative_amplitude": 12.8,
    "stimulus_start_time": 0.92,
    "stimulus_units": "pA",
    "sweep_number": 33,
    "vm_delta_mv": 0.233985900878906
  },
  {
    "bridge_balance_mohm": 0.0,
    "id": 396427406,
    "leak_pa": 0.0,
    "num_spikes": 0,
    "peak_deflection": 0.0,
    "post_noise_rms_mv": 0.0,
    "post_vm_mv": 0.0,
    "pre_noise_rms_mv": 0.0,
    "pre_vm_mv": 0.0,
    "slow_noise_rms_mv": 0.0,
    "slow_vm_mv": 0.0,
    "specimen_id": 354190013,
    "stimulus_absolute_amplitude": 9.99999977648258,
    "stimulus_description": "EXTPBREAKN141203[0]",
    "stimulus_duration": 0.069995,
    "stimulus_interval": 0.05,
    "stimulus_name": "Test",
    "stimulus_relative_amplitude": 1.0,
    "stimulus_start_time": 0.03,
    "stimulus_units": "mV",
    "sweep_number": 3,
    "vm_delta_mv": 0.0
  },
  {
    "bridge_balance_mohm": 16.9719161987305,
    "id": 396427390,
    "leak_pa": 0.0,
    "num_spikes": 1,
    "peak_deflection": 0.0,
    "post_noise_rms_mv": 0.0355223603546619,
    "post_vm_mv": -72.8918075561523,
    "pre_noise_rms_mv": 0.0353669002652168,
    "pre_vm_mv": -73.0922164916992,
    "slow_noise_rms_mv": 0.322220057249069,
    "slow_vm_mv": -73.0922164916992,
    "specimen_id": 354190013,
    "stimulus_absolute_amplitude": 1259.99999323056,
    "stimulus_description": "C1SSFINEST150112[0]",
    "stimulus_duration": 0.002995,
    "stimulus_interval": 0.0,
    "stimulus_name": "Short Square",
    "stimulus_relative_amplitude": 12.6,
    "stimulus_start_time": 0.92,
    "stimulus_units": "pA",
    "sweep_number": 22,
    "vm_delta_mv": 0.200408935546875
  },
  {
    "bridge_balance_mohm": 17.3992671966553,
    "id": 396427336,
    "leak_pa": 0.0,
    "num_spikes": 0,
    "peak_deflection": 0.0,
    "post_noise_rms_mv": 0.0384050644934177,
    "post_vm_mv": -61.7758560180664,
    "pre_noise_rms_mv": 0.0434895381331444,
    "pre_vm_mv": -62.3164405822754,
    "slow_noise_rms_mv": 0.344407021999359,
    "slow_vm_mv": -62.3164405822754,
    "specimen_id": 354190013,
    "stimulus_absolute_amplitude": 400.000005340573,
    "stimulus_description": "C2SSHM60CS150112[3]",
    "stimulus_duration": 0.002995,
    "stimulus_interval": 0.0,
    "stimulus_name": "Short Square - Hold -60mV",
    "stimulus_relative_amplitude": 1.0,
    "stimulus_start_time": 0.92,
    "stimulus_units": "pA",
    "sweep_number": 108,
    "vm_delta_mv": 0.540584564208984
  },
  {
    "bridge_balance_mohm": 18.9255180358887,
    "id": 396427418,
    "leak_pa": 0.0,
    "num_spikes": 0,
    "peak_deflection": -86.0625,
    "post_noise_rms_mv": 0.0243254248052835,
    "post_vm_mv": -73.207649230957,
    "pre_noise_rms_mv": 0.0367543250322342,
    "pre_vm_mv": -73.2632064819336,
    "slow_noise_rms_mv": 0.209087789058685,
    "slow_vm_mv": -73.2632064819336,
    "specimen_id": 354190013,
    "stimulus_absolute_amplitude": -90.0000005077395,
    "stimulus_description": "C1LSCOARSE150216[1]",
    "stimulus_duration": 0.999995,
    "stimulus_interval": 0.0,
    "stimulus_name": "Long Square",
    "stimulus_relative_amplitude": 1.0,
    "stimulus_start_time": 0.92,
    "stimulus_units": "pA",
    "sweep_number": 35,
    "vm_delta_mv": 0.0555572509765625
  },
  {
    "bridge_balance_mohm": 16.9719161987305,
    "id": 396427318,
    "leak_pa": 0.0,
    "num_spikes": 0,
    "peak_deflection": 0.0,
    "post_noise_rms_mv": 0.0387538485229015,
    "post_vm_mv": -73.0094146728516,
    "pre_noise_rms_mv": 0.0467324033379555,
    "pre_vm_mv": -73.06494140625,
    "slow_noise_rms_mv": 0.273936301469803,
    "slow_vm_mv": -73.06494140625,
    "specimen_id": 354190013,
    "stimulus_absolute_amplitude": 400.000005340573,
    "stimulus_description": "C1SSCOARSE150112[3]",
    "stimulus_duration": 0.002995,
    "stimulus_interval": 0.0,
    "stimulus_name": "Short Square",
    "stimulus_relative_amplitude": 1.0,
    "stimulus_start_time": 0.92,
    "stimulus_units": "pA",
    "sweep_number": 10,
    "vm_delta_mv": 0.0555267333984375
  },
  {
    "bridge_balance_mohm": 18.9255180358887,
    "id": 396427446,
    "leak_pa": 0.0,
    "num_spikes": 4,
    "peak_deflection": 0.0,
    "post_noise_rms_mv": 0.0354738831520081,
    "post_vm_mv": -72.7147369384766,
    "pre_noise_rms_mv": 0.0296974126249552,
    "pre_vm_mv": -72.9714202880859,
    "slow_noise_rms_mv": 0.137237265706062,
    "slow_vm_mv": -72.9714202880859,
    "specimen_id": 354190013,
    "stimulus_absolute_amplitude": 170.000000188075,
    "stimulus_description": "C1LSCOARSE150216[14]",
    "stimulus_duration": 0.999995,
    "stimulus_interval": 0.0,
    "stimulus_name": "Long Square",
    "stimulus_relative_amplitude": 1.0,
    "stimulus_start_time": 0.92,
    "stimulus_units": "pA",
    "sweep_number": 48,
    "vm_delta_mv": 0.256683349609375
  },
  {
    "bridge_balance_mohm": 17.3992671966553,
    "id": 396427528,
    "leak_pa": 0.0,
    "num_spikes": 0,
    "peak_deflection": 0.0,
    "post_noise_rms_mv": 0.041195809841156,
    "post_vm_mv": -80.2943115234375,
    "pre_noise_rms_mv": 0.0402147397398949,
    "pre_vm_mv": -80.3711471557617,
    "slow_noise_rms_mv": 0.134993761777878,
    "slow_vm_mv": -80.3711471557617,
    "specimen_id": 354190013,
    "stimulus_absolute_amplitude": 499.999985859034,
    "stimulus_description": "C2SSHM80CS150112[4]",
    "stimulus_duration": 0.002995,
    "stimulus_interval": 0.0,
    "stimulus_name": "Short Square - Hold -80mV",
    "stimulus_relative_amplitude": 1.0,
    "stimulus_start_time": 0.92,
    "stimulus_units": "pA",
    "sweep_number": 85,
    "vm_delta_mv": 0.0768356323242188
  },
  {
    "bridge_balance_mohm": 16.9719161987305,
    "id": 396427416,
    "leak_pa": 0.0,
    "num_spikes": 0,
    "peak_deflection": -88.875,
    "post_noise_rms_mv": 0.0397010333836079,
    "post_vm_mv": -73.0430068969727,
    "pre_noise_rms_mv": 0.0412564016878605,
    "pre_vm_mv": -73.9055023193359,
    "slow_noise_rms_mv": 0.210197433829308,
    "slow_vm_mv": -73.9055023193359,
    "specimen_id": 354190013,
    "stimulus_absolute_amplitude": -110.000002162547,
    "stimulus_description": "C1LSCOARSE150216[0]",
    "stimulus_duration": 0.999995,
    "stimulus_interval": 0.0,
    "stimulus_name": "Long Square",
    "stimulus_relative_amplitude": 1.0,
    "stimulus_start_time": 0.92,
    "stimulus_units": "pA",
    "sweep_number": 34,
    "vm_delta_mv": 0.862495422363281
  },
  {
    "bridge_balance_mohm": 18.9255180358887,
    "id": 396427434,
    "leak_pa": 0.0,
    "num_spikes": 0,
    "peak_deflection": -64.3125,
    "post_noise_rms_mv": 0.0427305847406387,
    "post_vm_mv": -73.4419784545898,
    "pre_noise_rms_mv": 0.0366619303822517,
    "pre_vm_mv": -73.3538970947266,
    "slow_noise_rms_mv": 0.37664121389389,
    "slow_vm_mv": -73.3538970947266,
    "specimen_id": 354190013,
    "stimulus_absolute_amplitude": 50.0000006675716,
    "stimulus_description": "C1LSCOARSE150216[8]",
    "stimulus_duration": 0.999995,
    "stimulus_interval": 0.0,
    "stimulus_name": "Long Square",
    "stimulus_relative_amplitude": 1.0,
    "stimulus_start_time": 0.92,
    "stimulus_units": "pA",
    "sweep_number": 42,
    "vm_delta_mv": 0.0880813598632812
  },
  {
    "bridge_balance_mohm": 17.3992671966553,
    "id": 396427532,
    "leak_pa": 0.0,
    "num_spikes": 0,
    "peak_deflection": 0.0,
    "post_noise_rms_mv": 0.0410386547446251,
    "post_vm_mv": -80.6146774291992,
    "pre_noise_rms_mv": 0.0362362079322338,
    "pre_vm_mv": -80.6798477172852,
    "slow_noise_rms_mv": 0.096277080476284,
    "slow_vm_mv": -80.6798477172852,
    "specimen_id": 354190013,
    "stimulus_absolute_amplitude": 700.000002407108,
    "stimulus_description": "C2SSHM80CS150112[6]",
    "stimulus_duration": 0.002995,
    "stimulus_interval": 0.0,
    "stimulus_name": "Short Square - Hold -80mV",
    "stimulus_relative_amplitude": 1.0,
    "stimulus_start_time": 0.92,
    "stimulus_units": "pA",
    "sweep_number": 87,
    "vm_delta_mv": 0.0651702880859375
  },
  {
    "bridge_balance_mohm": 0.0,
    "id": 396427364,
    "leak_pa": 0.0,
    "num_spikes": 0,
    "peak_deflection": 0.0,
    "post_noise_rms_mv": 0.0,
    "post_vm_mv": 0.0,
    "pre_noise_rms_mv": 0.0,
    "pre_vm_mv": 0.0,
    "slow_noise_rms_mv": 0.0,
    "slow_vm_mv": 0.0,
    "specimen_id": 354190013,
    "stimulus_absolute_amplitude": 9.99999977648258,
    "stimulus_description": "EXTPEXPEND141203[0]",
    "stimulus_duration": 0.069995,
    "stimulus_interval": 0.05,
    "stimulus_name": "Test",
    "stimulus_relative_amplitude": 1.0,
    "stimulus_start_time": 0.03,
    "stimulus_units": "mV",
    "sweep_number": 120,
    "vm_delta_mv": 0.0
  },
  {
    "bridge_balance_mohm": 17.3992671966553,
    "id": 396427542,
    "leak_pa": 0.0,
    "num_spikes": 0,
    "peak_deflection": 0.0,
    "post_noise_rms_mv": 0.0432436056435108,
    "post_vm_mv": -79.6977081298828,
    "pre_noise_rms_mv": 0.0415716469287872,
    "pre_vm_mv": -79.2898330688477,
    "slow_noise_rms_mv": 0.334582507610321,
    "slow_vm_mv": -79.2898330688477,
    "specimen_id": 354190013,
    "stimulus_absolute_amplitude": 1099.99997999211,
    "stimulus_description": "C2SSHM80CS150112[10]",
    "stimulus_duration": 0.002995,
    "stimulus_interval": 0.0,
    "stimulus_name": "Short Square - Hold -80mV",
    "stimulus_relative_amplitude": 1.0,
    "stimulus_start_time": 0.92,
    "stimulus_units": "pA",
    "sweep_number": 91,
    "vm_delta_mv": 0.407875061035156
  },
  {
    "bridge_balance_mohm": 16.9719161987305,
    "id": 396427396,
    "leak_pa": 0.0,
    "num_spikes": 1,
    "peak_deflection": 0.0,
    "post_noise_rms_mv": 0.0426446087658405,
    "post_vm_mv": -73.3816452026367,
    "pre_noise_rms_mv": 0.0419176518917084,
    "pre_vm_mv": -73.5537567138672,
    "slow_noise_rms_mv": 0.236903116106987,
    "slow_vm_mv": -73.5537567138672,
    "specimen_id": 354190013,
    "stimulus_absolute_amplitude": 1269.99999405797,
    "stimulus_description": "C1SSFINEST150112[0]",
    "stimulus_duration": 0.002995,
    "stimulus_interval": 0.0,
    "stimulus_name": "Short Square",
    "stimulus_relative_amplitude": 12.7,
    "stimulus_start_time": 0.92,
    "stimulus_units": "pA",
    "sweep_number": 25,
    "vm_delta_mv": 0.172111511230469
  },
  {
    "bridge_balance_mohm": 0.0,
    "id": 396427384,
    "leak_pa": 0.0,
    "num_spikes": 0,
    "peak_deflection": 0.0,
    "post_noise_rms_mv": 0.0,
    "post_vm_mv": 0.0,
    "pre_noise_rms_mv": 0.0,
    "pre_vm_mv": 0.0,
    "slow_noise_rms_mv": 0.0,
    "slow_vm_mv": 0.0,
    "specimen_id": 354190013,
    "stimulus_absolute_amplitude": 9.99999977648258,
    "stimulus_description": "EXTPCllATT141203[0]",
    "stimulus_duration": 0.069995,
    "stimulus_interval": 0.05,
    "stimulus_name": "Test",
    "stimulus_relative_amplitude": 1.0,
    "stimulus_start_time": 0.03,
    "stimulus_units": "mV",
    "sweep_number": 2,
    "vm_delta_mv": 0.0
  },
  {
    "bridge_balance_mohm": 17.3992671966553,
    "id": 396427508,
    "leak_pa": 0.0,
    "num_spikes": 3,
    "peak_deflection": 0.0,
    "post_noise_rms_mv": 0.0434815399348736,
    "post_vm_mv": -72.1171112060547,
    "pre_noise_rms_mv": 0.040726326406002,
    "pre_vm_mv": -71.5307922363281,
    "slow_noise_rms_mv": 0.0886182337999344,
    "slow_vm_mv": -71.5307922363281,
    "specimen_id": 354190013,
    "stimulus_absolute_amplitude": 220.000004325094,
    "stimulus_description": "C2SQRHELNG150216[0]",
    "stimulus_duration": 1.999995,
    "stimulus_interval": 0.0,
    "stimulus_name": "Square - 2s Suprathreshold",
    "stimulus_relative_amplitude": 2.2,
    "stimulus_start_time": 0.92,
    "stimulus_units": "pA",
    "sweep_number": 76,
    "vm_delta_mv": 0.586318969726562
  },
  {
    "bridge_balance_mohm": 17.3992671966553,
    "id": 396427500,
    "leak_pa": 0.0,
    "num_spikes": 1,
    "peak_deflection": 0.0,
    "post_noise_rms_mv": 0.0398435182869434,
    "post_vm_mv": -71.128776550293,
    "pre_noise_rms_mv": 0.0401967279613018,
    "pre_vm_mv": -71.1997451782227,
    "slow_noise_rms_mv": 0.0887223705649376,
    "slow_vm_mv": -71.1997451782227,
    "specimen_id": 354190013,
    "stimulus_absolute_amplitude": 180.000001015479,
    "stimulus_description": "C2SQRHELNG150216[0]",
    "stimulus_duration": 1.999995,
    "stimulus_interval": 0.0,
    "stimulus_name": "Square - 2s Suprathreshold",
    "stimulus_relative_amplitude": 1.8,
    "stimulus_start_time": 0.92,
    "stimulus_units": "pA",
    "sweep_number": 72,
    "vm_delta_mv": 0.0709686279296875
  },
  {
    "bridge_balance_mohm": 17.3992671966553,
    "id": 396427526,
    "leak_pa": 0.0,
    "num_spikes": 0,
    "peak_deflection": 0.0,
    "post_noise_rms_mv": 0.0414329767227173,
    "post_vm_mv": -80.0707168579102,
    "pre_noise_rms_mv": 0.0461241230368614,
    "pre_vm_mv": -80.2696990966797,
    "slow_noise_rms_mv": 0.115784354507923,
    "slow_vm_mv": -80.2696990966797,
    "specimen_id": 354190013,
    "stimulus_absolute_amplitude": 400.000005340573,
    "stimulus_description": "C2SSHM80CS150112[3]",
    "stimulus_duration": 0.002995,
    "stimulus_interval": 0.0,
    "stimulus_name": "Short Square - Hold -80mV",
    "stimulus_relative_amplitude": 1.0,
    "stimulus_start_time": 0.92,
    "stimulus_units": "pA",
    "sweep_number": 84,
    "vm_delta_mv": 0.198982238769531
  },
  {
    "bridge_balance_mohm": 17.3992671966553,
    "id": 396427514,
    "leak_pa": 0.0,
    "num_spikes": 10,
    "peak_deflection": 0.0,
    "post_noise_rms_mv": 0.0363066606223583,
    "post_vm_mv": -71.3167877197266,
    "pre_noise_rms_mv": 0.04106330499053,
    "pre_vm_mv": -70.6391143798828,
    "slow_noise_rms_mv": 0.128143697977066,
    "slow_vm_mv": -70.6391143798828,
    "specimen_id": 354190013,
    "stimulus_absolute_amplitude": 259.999993756921,
    "stimulus_description": "C2SQRHELNG150216[0]",
    "stimulus_duration": 1.999995,
    "stimulus_interval": 0.0,
    "stimulus_name": "Square - 2s Suprathreshold",
    "stimulus_relative_amplitude": 2.6,
    "stimulus_start_time": 0.92,
    "stimulus_units": "pA",
    "sweep_number": 79,
    "vm_delta_mv": 0.67767333984375
  },
  {
    "bridge_balance_mohm": 17.3992671966553,
    "id": 396427358,
    "leak_pa": 0.0,
    "num_spikes": 1,
    "peak_deflection": 0.0,
    "post_noise_rms_mv": 0.0387797579169273,
    "post_vm_mv": -61.7189102172852,
    "pre_noise_rms_mv": 0.0361688360571861,
    "pre_vm_mv": -62.049991607666,
    "slow_noise_rms_mv": 0.342558205127716,
    "slow_vm_mv": -62.049991607666,
    "specimen_id": 354190013,
    "stimulus_absolute_amplitude": 589.999993305668,
    "stimulus_description": "C2SSHM60FN150112[0]",
    "stimulus_duration": 0.002995,
    "stimulus_interval": 0.0,
    "stimulus_name": "Short Square - Hold -60mV",
    "stimulus_relative_amplitude": 5.9,
    "stimulus_start_time": 0.92,
    "stimulus_units": "pA",
    "sweep_number": 118,
    "vm_delta_mv": 0.331081390380859
  },
  {
    "bridge_balance_mohm": 16.9719161987305,
    "id": 396427472,
    "leak_pa": 0.0,
    "num_spikes": 12,
    "peak_deflection": 0.0,
    "post_noise_rms_mv": 0.0,
    "post_vm_mv": 0.0,
    "pre_noise_rms_mv": 0.0359799899160862,
    "pre_vm_mv": -73.7601165771484,
    "slow_noise_rms_mv": 0.300819665193558,
    "slow_vm_mv": -73.7601165771484,
    "specimen_id": 354190013,
    "stimulus_absolute_amplitude": 800.000010681146,
    "stimulus_description": "C1RP25PR1S141203[0]",
    "stimulus_duration": 31.997495,
    "stimulus_interval": 0.0,
    "stimulus_name": "Ramp",
    "stimulus_relative_amplitude": 1.0,
    "stimulus_start_time": 0.9225,
    "stimulus_units": "pA",
    "sweep_number": 6,
    "vm_delta_mv": 0.0
  },
  {
    "bridge_balance_mohm": 16.9719161987305,
    "id": 396427410,
    "leak_pa": 0.0,
    "num_spikes": 1,
    "peak_deflection": 0.0,
    "post_noise_rms_mv": 0.0331415794789791,
    "post_vm_mv": -74.1286163330078,
    "pre_noise_rms_mv": 0.0388036519289017,
    "pre_vm_mv": -74.1915664672852,
    "slow_noise_rms_mv": 0.23964536190033,
    "slow_vm_mv": -74.1915664672852,
    "specimen_id": 354190013,
    "stimulus_absolute_amplitude": 1279.99999488537,
    "stimulus_description": "C1SSFINEST150112[0]",
    "stimulus_duration": 0.002995,
    "stimulus_interval": 0.0,
    "stimulus_name": "Short Square",
    "stimulus_relative_amplitude": 12.8,
    "stimulus_start_time": 0.92,
    "stimulus_units": "pA",
    "sweep_number": 31,
    "vm_delta_mv": 0.0629501342773438
  },
  {
    "bridge_balance_mohm": 17.3992671966553,
    "id": 396427326,
    "leak_pa": 0.0,
    "num_spikes": 1,
    "peak_deflection": 0.0,
    "post_noise_rms_mv": 0.0433153323829174,
    "post_vm_mv": -80.4807281494141,
    "pre_noise_rms_mv": 0.0383014976978302,
    "pre_vm_mv": -80.3444519042969,
    "slow_noise_rms_mv": 0.138947263360023,
    "slow_vm_mv": -80.3444519042969,
    "specimen_id": 354190013,
    "stimulus_absolute_amplitude": 1450.00000895124,
    "stimulus_description": "C2SSHM80FN150112[0]",
    "stimulus_duration": 0.002995,
    "stimulus_interval": 0.0,
    "stimulus_name": "Short Square - Hold -80mV",
    "stimulus_relative_amplitude": 14.5,
    "stimulus_start_time": 0.92,
    "stimulus_units": "pA",
    "sweep_number": 103,
    "vm_delta_mv": 0.136276245117188
  },
  {
    "bridge_balance_mohm": 16.9719161987305,
    "id": 396427382,
    "leak_pa": 0.0,
    "num_spikes": 1,
    "peak_deflection": 0.0,
    "post_noise_rms_mv": 0.0393852889537811,
    "post_vm_mv": -71.8211059570312,
    "pre_noise_rms_mv": 0.0488228611648083,
    "pre_vm_mv": -71.7482376098633,
    "slow_noise_rms_mv": 0.332790732383728,
    "slow_vm_mv": -71.7482376098633,
    "specimen_id": 354190013,
    "stimulus_absolute_amplitude": 1299.99999654018,
    "stimulus_description": "C1SSCOARSE150112[12]",
    "stimulus_duration": 0.002995,
    "stimulus_interval": 0.0,
    "stimulus_name": "Short Square",
    "stimulus_relative_amplitude": 1.0,
    "stimulus_start_time": 0.92,
    "stimulus_units": "pA",
    "sweep_number": 19,
    "vm_delta_mv": 0.0728683471679688
  },
  {
    "bridge_balance_mohm": 17.3992671966553,
    "id": 396427320,
    "leak_pa": 0.0,
    "num_spikes": 1,
    "peak_deflection": 0.0,
    "post_noise_rms_mv": 0.0417464375495911,
    "post_vm_mv": -79.5995101928711,
    "pre_noise_rms_mv": 0.0465879030525684,
    "pre_vm_mv": -79.9256134033203,
    "slow_noise_rms_mv": 0.173906207084656,
    "slow_vm_mv": -79.9256134033203,
    "specimen_id": 354190013,
    "stimulus_absolute_amplitude": 1450.00000895124,
    "stimulus_description": "C2SSHM80FN150112[0]",
    "stimulus_duration": 0.002995,
    "stimulus_interval": 0.0,
    "stimulus_name": "Short Square - Hold -80mV",
    "stimulus_relative_amplitude": 14.5,
    "stimulus_start_time": 0.92,
    "stimulus_units": "pA",
    "sweep_number": 100,
    "vm_delta_mv": 0.326103210449219
  },
  {
    "bridge_balance_mohm": 17.3992671966553,
    "id": 396427344,
    "leak_pa": 0.0,
    "num_spikes": 0,
    "peak_deflection": 0.0,
    "post_noise_rms_mv": 0.0488604642450809,
    "post_vm_mv": -61.8505554199219,
    "pre_noise_rms_mv": 0.0423604249954224,
    "pre_vm_mv": -61.7386856079102,
    "slow_noise_rms_mv": 0.327575743198395,
    "slow_vm_mv": -61.7386856079102,
    "specimen_id": 354190013,
    "stimulus_absolute_amplitude": 519.999987513842,
    "stimulus_description": "C2SSHM60FN150112[0]",
    "stimulus_duration": 0.002995,
    "stimulus_interval": 0.0,
    "stimulus_name": "Short Square - Hold -60mV",
    "stimulus_relative_amplitude": 5.2,
    "stimulus_start_time": 0.92,
    "stimulus_units": "pA",
    "sweep_number": 111,
    "vm_delta_mv": 0.111869812011719
  },
  {
    "bridge_balance_mohm": 17.3992671966553,
    "id": 396427360,
    "leak_pa": 0.0,
    "num_spikes": 1,
    "peak_deflection": 0.0,
    "post_noise_rms_mv": 0.0406706891953945,
    "post_vm_mv": -62.7673683166504,
    "pre_noise_rms_mv": 0.0384757779538631,
    "pre_vm_mv": -62.687068939209,
    "slow_noise_rms_mv": 0.376069605350494,
    "slow_vm_mv": -62.687068939209,
    "specimen_id": 354190013,
    "stimulus_absolute_amplitude": 589.999993305668,
    "stimulus_description": "C2SSHM60FN150112[0]",
    "stimulus_duration": 0.002995,
    "stimulus_interval": 0.0,
    "stimulus_name": "Short Square - Hold -60mV",
    "stimulus_relative_amplitude": 5.9,
    "stimulus_start_time": 0.92,
    "stimulus_units": "pA",
    "sweep_number": 119,
    "vm_delta_mv": 0.0802993774414062
  },
  {
    "bridge_balance_mohm": 18.9255180358887,
    "id": 396427448,
    "leak_pa": 0.0,
    "num_spikes": 8,
    "peak_deflection": 0.0,
    "post_noise_rms_mv": 0.0386301353573799,
    "post_vm_mv": -72.3650131225586,
    "pre_noise_rms_mv": 0.0414164662361145,
    "pre_vm_mv": -72.1582794189453,
    "slow_noise_rms_mv": 0.2040905803442,
    "slow_vm_mv": -72.1582794189453,
    "specimen_id": 354190013,
    "stimulus_absolute_amplitude": 190.000001842883,
    "stimulus_description": "C1LSCOARSE150216[15]",
    "stimulus_duration": 0.999995,
    "stimulus_interval": 0.0,
    "stimulus_name": "Long Square",
    "stimulus_relative_amplitude": 1.0,
    "stimulus_start_time": 0.92,
    "stimulus_units": "pA",
    "sweep_number": 49,
    "vm_delta_mv": 0.206733703613281
  },
  {
    "bridge_balance_mohm": 17.3992671966553,
    "id": 396427350,
    "leak_pa": 0.0,
    "num_spikes": 1,
    "peak_deflection": 0.0,
    "post_noise_rms_mv": 0.0544724427163601,
    "post_vm_mv": -61.3732414245605,
    "pre_noise_rms_mv": 0.0408853106200695,
    "pre_vm_mv": -61.2389793395996,
    "slow_noise_rms_mv": 0.186458602547646,
    "slow_vm_mv": -61.2389793395996,
    "specimen_id": 354190013,
    "stimulus_absolute_amplitude": 589.999993305668,
    "stimulus_description": "C2SSHM60FN150112[0]",
    "stimulus_duration": 0.002995,
    "stimulus_interval": 0.0,
    "stimulus_name": "Short Square - Hold -60mV",
    "stimulus_relative_amplitude": 5.9,
    "stimulus_start_time": 0.92,
    "stimulus_units": "pA",
    "sweep_number": 114,
    "vm_delta_mv": 0.134262084960938
  },
  {
    "bridge_balance_mohm": 17.3992671966553,
    "id": 396427506,
    "leak_pa": 0.0,
    "num_spikes": 6,
    "peak_deflection": 0.0,
    "post_noise_rms_mv": 0.0344560258090496,
    "post_vm_mv": -71.3031616210938,
    "pre_noise_rms_mv": 0.026072459295392,
    "pre_vm_mv": -71.2435531616211,
    "slow_noise_rms_mv": 0.210203379392624,
    "slow_vm_mv": -71.2435531616211,
    "specimen_id": 354190013,
    "stimulus_absolute_amplitude": 220.000004325094,
    "stimulus_description": "C2SQRHELNG150216[0]",
    "stimulus_duration": 1.999995,
    "stimulus_interval": 0.0,
    "stimulus_name": "Square - 2s Suprathreshold",
    "stimulus_relative_amplitude": 2.2,
    "stimulus_start_time": 0.92,
    "stimulus_units": "pA",
    "sweep_number": 75,
    "vm_delta_mv": 0.0596084594726562
  },
  {
    "bridge_balance_mohm": 17.3992671966553,
    "id": 396427558,
    "leak_pa": 0.0,
    "num_spikes": 1,
    "peak_deflection": 0.0,
    "post_noise_rms_mv": 0.0341711305081844,
    "post_vm_mv": -80.7399673461914,
    "pre_noise_rms_mv": 0.0389711335301399,
    "pre_vm_mv": -80.8061370849609,
    "slow_noise_rms_mv": 0.0892684161663055,
    "slow_vm_mv": -80.8061370849609,
    "specimen_id": 354190013,
    "stimulus_absolute_amplitude": 1450.00000895124,
    "stimulus_description": "C2SSHM80FN150112[0]",
    "stimulus_duration": 0.002995,
    "stimulus_interval": 0.0,
    "stimulus_name": "Short Square - Hold -80mV",
    "stimulus_relative_amplitude": 14.5,
    "stimulus_start_time": 0.92,
    "stimulus_units": "pA",
    "sweep_number": 99,
    "vm_delta_mv": 0.0661697387695312
  },
  {
    "bridge_balance_mohm": 18.9255180358887,
    "id": 396427470,
    "leak_pa": 0.0,
    "num_spikes": 27,
    "peak_deflection": 0.0,
    "post_noise_rms_mv": 0.0378753431141376,
    "post_vm_mv": -72.4702835083008,
    "pre_noise_rms_mv": 0.038953747600317,
    "pre_vm_mv": -71.895378112793,
    "slow_noise_rms_mv": 0.123877726495266,
    "slow_vm_mv": -71.895378112793,
    "specimen_id": 354190013,
    "stimulus_absolute_amplitude": 330.12501066132,
    "stimulus_description": "C1NSSEED_2150216[0]",
    "stimulus_duration": 18.999995,
    "stimulus_interval": 5.0,
    "stimulus_name": "Noise 2",
    "stimulus_relative_amplitude": 1.4,
    "stimulus_start_time": 1.92,
    "stimulus_units": "pA",
    "sweep_number": 59,
    "vm_delta_mv": 0.574905395507812
  },
  {
    "bridge_balance_mohm": 16.9719161987305,
    "id": 396427538,
    "leak_pa": 0.0,
    "num_spikes": 0,
    "peak_deflection": 0.0,
    "post_noise_rms_mv": 0.0426371097564697,
    "post_vm_mv": -74.0221481323242,
    "pre_noise_rms_mv": 0.0412993282079697,
    "pre_vm_mv": -73.883056640625,
    "slow_noise_rms_mv": 0.346267223358154,
    "slow_vm_mv": -73.883056640625,
    "specimen_id": 354190013,
    "stimulus_absolute_amplitude": 299.999997066536,
    "stimulus_description": "C1SSCOARSE150112[2]",
    "stimulus_duration": 0.002995,
    "stimulus_interval": 0.0,
    "stimulus_name": "Short Square",
    "stimulus_relative_amplitude": 1.0,
    "stimulus_start_time": 0.92,
    "stimulus_units": "pA",
    "sweep_number": 9,
    "vm_delta_mv": 0.139091491699219
  },
  {
    "bridge_balance_mohm": 17.3992671966553,
    "id": 396427322,
    "leak_pa": 0.0,
    "num_spikes": 1,
    "peak_deflection": 0.0,
    "post_noise_rms_mv": 0.0367801785469055,
    "post_vm_mv": -80.1399307250977,
    "pre_noise_rms_mv": 0.046916488558054,
    "pre_vm_mv": -80.7087707519531,
    "slow_noise_rms_mv": 0.208896353840828,
    "slow_vm_mv": -80.7087707519531,
    "specimen_id": 354190013,
    "stimulus_absolute_amplitude": 1450.00000895124,
    "stimulus_description": "C2SSHM80FN150112[0]",
    "stimulus_duration": 0.002995,
    "stimulus_interval": 0.0,
    "stimulus_name": "Short Square - Hold -80mV",
    "stimulus_relative_amplitude": 14.5,
    "stimulus_start_time": 0.92,
    "stimulus_units": "pA",
    "sweep_number": 101,
    "vm_delta_mv": 0.568840026855469
  },
  {
    "bridge_balance_mohm": 18.9255180358887,
    "id": 396427422,
    "leak_pa": 0.0,
    "num_spikes": 0,
    "peak_deflection": -81.9687576293945,
    "post_noise_rms_mv": 0.0408695340156555,
    "post_vm_mv": -74.5452346801758,
    "pre_noise_rms_mv": 0.0409984067082405,
    "pre_vm_mv": -74.2792129516602,
    "slow_noise_rms_mv": 0.082184337079525,
    "slow_vm_mv": -74.2792129516602,
    "specimen_id": 354190013,
    "stimulus_absolute_amplitude": -50.0000006675716,
    "stimulus_description": "C1LSCOARSE150216[3]",
    "stimulus_duration": 0.999995,
    "stimulus_interval": 0.0,
    "stimulus_name": "Long Square",
    "stimulus_relative_amplitude": 1.0,
    "stimulus_start_time": 0.92,
    "stimulus_units": "pA",
    "sweep_number": 37,
    "vm_delta_mv": 0.266021728515625
  },
  {
    "bridge_balance_mohm": 0.0,
    "id": 396427316,
    "leak_pa": 0.0,
    "num_spikes": 0,
    "peak_deflection": 0.0,
    "post_noise_rms_mv": 0.0,
    "post_vm_mv": 0.0,
    "pre_noise_rms_mv": 0.0,
    "pre_vm_mv": 0.0,
    "slow_noise_rms_mv": 0.0,
    "slow_vm_mv": 0.0,
    "specimen_id": 354190013,
    "stimulus_absolute_amplitude": 9.99999977648258,
    "stimulus_description": "EXTPINBATH141203[0]",
    "stimulus_duration": 0.069995,
    "stimulus_interval": 0.05,
    "stimulus_name": "Test",
    "stimulus_relative_amplitude": 1.0,
    "stimulus_start_time": 0.03,
    "stimulus_units": "mV",
    "sweep_number": 1,
    "vm_delta_mv": 0.0
  },
  {
    "bridge_balance_mohm": 17.3992671966553,
    "id": 396427554,
    "leak_pa": 0.0,
    "num_spikes": 0,
    "peak_deflection": 0.0,
    "post_noise_rms_mv": 0.039121501147747,
    "post_vm_mv": -80.7912673950195,
    "pre_noise_rms_mv": 0.0345587991178036,
    "pre_vm_mv": -80.674072265625,
    "slow_noise_rms_mv": 0.110068716108799,
    "slow_vm_mv": -80.674072265625,
    "specimen_id": 354190013,
    "stimulus_absolute_amplitude": 1350.0000006772,
    "stimulus_description": "C2SSHM80FN150112[0]",
    "stimulus_duration": 0.002995,
    "stimulus_interval": 0.0,
    "stimulus_name": "Short Square - Hold -80mV",
    "stimulus_relative_amplitude": 13.5,
    "stimulus_start_time": 0.92,
    "stimulus_units": "pA",
    "sweep_number": 97,
    "vm_delta_mv": 0.117195129394531
  },
  {
    "bridge_balance_mohm": 16.9719161987305,
    "id": 396427516,
    "leak_pa": 0.0,
    "num_spikes": 0,
    "peak_deflection": 0.0,
    "post_noise_rms_mv": 0.0448735095560551,
    "post_vm_mv": -75.0654907226562,
    "pre_noise_rms_mv": 0.0391092821955681,
    "pre_vm_mv": -74.5218505859375,
    "slow_noise_rms_mv": 0.226949587464333,
    "slow_vm_mv": -74.5218505859375,
    "specimen_id": 354190013,
    "stimulus_absolute_amplitude": 200.000002670286,
    "stimulus_description": "C1SSCOARSE150112[1]",
    "stimulus_duration": 0.002995,
    "stimulus_interval": 0.0,
    "stimulus_name": "Short Square",
    "stimulus_relative_amplitude": 1.0,
    "stimulus_start_time": 0.92,
    "stimulus_units": "pA",
    "sweep_number": 8,
    "vm_delta_mv": 0.54364013671875
  },
  {
    "bridge_balance_mohm": 16.9719161987305,
    "id": 396427392,
    "leak_pa": 0.0,
    "num_spikes": 0,
    "peak_deflection": 0.0,
    "post_noise_rms_mv": 0.0370311699807644,
    "post_vm_mv": -73.9947128295898,
    "pre_noise_rms_mv": 0.0372298955917358,
    "pre_vm_mv": -73.69580078125,
    "slow_noise_rms_mv": 0.29122918844223,
    "slow_vm_mv": -73.69580078125,
    "specimen_id": 354190013,
    "stimulus_absolute_amplitude": 1259.99999323056,
    "stimulus_description": "C1SSFINEST150112[0]",
    "stimulus_duration": 0.002995,
    "stimulus_interval": 0.0,
    "stimulus_name": "Short Square",
    "stimulus_relative_amplitude": 12.6,
    "stimulus_start_time": 0.92,
    "stimulus_units": "pA",
    "sweep_number": 23,
    "vm_delta_mv": 0.298912048339844
  },
  {
    "bridge_balance_mohm": 16.9719161987305,
    "id": 396427408,
    "leak_pa": 0.0,
    "num_spikes": 1,
    "peak_deflection": 0.0,
    "post_noise_rms_mv": 0.0360529497265816,
    "post_vm_mv": -74.5854873657227,
    "pre_noise_rms_mv": 0.0423500090837479,
    "pre_vm_mv": -74.1005020141602,
    "slow_noise_rms_mv": 0.165960252285004,
    "slow_vm_mv": -74.1005020141602,
    "specimen_id": 354190013,
    "stimulus_absolute_amplitude": 1279.99999488537,
    "stimulus_description": "C1SSFINEST150112[0]",
    "stimulus_duration": 0.002995,
    "stimulus_interval": 0.0,
    "stimulus_name": "Short Square",
    "stimulus_relative_amplitude": 12.8,
    "stimulus_start_time": 0.92,
    "stimulus_units": "pA",
    "sweep_number": 30,
    "vm_delta_mv": 0.4849853515625
  },
  {
    "bridge_balance_mohm": 17.3992671966553,
    "id": 396427354,
    "leak_pa": 0.0,
    "num_spikes": 1,
    "peak_deflection": 0.0,
    "post_noise_rms_mv": 0.0400372818112373,
    "post_vm_mv": -61.7653007507324,
    "pre_noise_rms_mv": 0.0374966785311699,
    "pre_vm_mv": -61.5862236022949,
    "slow_noise_rms_mv": 0.254842042922974,
    "slow_vm_mv": -61.5862236022949,
    "specimen_id": 354190013,
    "stimulus_absolute_amplitude": 589.999993305668,
    "stimulus_description": "C2SSHM60FN150112[0]",
    "stimulus_duration": 0.002995,
    "stimulus_interval": 0.0,
    "stimulus_name": "Short Square - Hold -60mV",
    "stimulus_relative_amplitude": 5.9,
    "stimulus_start_time": 0.92,
    "stimulus_units": "pA",
    "sweep_number": 116,
    "vm_delta_mv": 0.1790771484375
  },
  {
    "bridge_balance_mohm": 17.3992671966553,
    "id": 396427556,
    "leak_pa": 0.0,
    "num_spikes": 0,
    "peak_deflection": 0.0,
    "post_noise_rms_mv": 0.028005188331008,
    "post_vm_mv": -81.012939453125,
    "pre_noise_rms_mv": 0.0437800176441669,
    "pre_vm_mv": -80.99365234375,
    "slow_noise_rms_mv": 0.171721026301384,
    "slow_vm_mv": -80.99365234375,
    "specimen_id": 354190013,
    "stimulus_absolute_amplitude": 1390.00000398681,
    "stimulus_description": "C2SSHM80FN150112[0]",
    "stimulus_duration": 0.002995,
    "stimulus_interval": 0.0,
    "stimulus_name": "Short Square - Hold -80mV",
    "stimulus_relative_amplitude": 13.9,
    "stimulus_start_time": 0.92,
    "stimulus_units": "pA",
    "sweep_number": 98,
    "vm_delta_mv": 0.019287109375
  },
  {
    "bridge_balance_mohm": 18.9255180358887,
    "id": 396427440,
    "leak_pa": 0.0,
    "num_spikes": 0,
    "peak_deflection": -44.96875,
    "post_noise_rms_mv": 0.0397338196635246,
    "post_vm_mv": -74.3110961914062,
    "pre_noise_rms_mv": 0.0405602194368839,
    "pre_vm_mv": -73.9028854370117,
    "slow_noise_rms_mv": 0.288842022418976,
    "slow_vm_mv": -73.9028854370117,
    "specimen_id": 354190013,
    "stimulus_absolute_amplitude": 110.000002162547,
    "stimulus_description": "C1LSCOARSE150216[11]",
    "stimulus_duration": 0.999995,
    "stimulus_interval": 0.0,
    "stimulus_name": "Long Square",
    "stimulus_relative_amplitude": 1.0,
    "stimulus_start_time": 0.92,
    "stimulus_units": "pA",
    "sweep_number": 45,
    "vm_delta_mv": 0.408210754394531
  },
  {
    "bridge_balance_mohm": 17.3992671966553,
    "id": 396427534,
    "leak_pa": 0.0,
    "num_spikes": 0,
    "peak_deflection": 0.0,
    "post_noise_rms_mv": 0.034297339618206,
    "post_vm_mv": -80.4525680541992,
    "pre_noise_rms_mv": 0.0373258367180824,
    "pre_vm_mv": -80.4104232788086,
    "slow_noise_rms_mv": 0.126436322927475,
    "slow_vm_mv": -80.4104232788086,
    "specimen_id": 354190013,
    "stimulus_absolute_amplitude": 800.000010681146,
    "stimulus_description": "C2SSHM80CS150112[7]",
    "stimulus_duration": 0.002995,
    "stimulus_interval": 0.0,
    "stimulus_name": "Short Square - Hold -80mV",
    "stimulus_relative_amplitude": 1.0,
    "stimulus_start_time": 0.92,
    "stimulus_units": "pA",
    "sweep_number": 88,
    "vm_delta_mv": 0.042144775390625
  },
  {
    "bridge_balance_mohm": 17.3992671966553,
    "id": 396427502,
    "leak_pa": 0.0,
    "num_spikes": 7,
    "peak_deflection": 0.0,
    "post_noise_rms_mv": 0.0456083938479424,
    "post_vm_mv": -72.1013336181641,
    "pre_noise_rms_mv": 0.038212563842535,
    "pre_vm_mv": -71.7226028442383,
    "slow_noise_rms_mv": 0.0773558393120766,
    "slow_vm_mv": -71.7226028442383,
    "specimen_id": 354190013,
    "stimulus_absolute_amplitude": 220.000004325094,
    "stimulus_description": "C2SQRHELNG150216[0]",
    "stimulus_duration": 1.999995,
    "stimulus_interval": 0.0,
    "stimulus_name": "Square - 2s Suprathreshold",
    "stimulus_relative_amplitude": 2.2,
    "stimulus_start_time": 0.92,
    "stimulus_units": "pA",
    "sweep_number": 73,
    "vm_delta_mv": 0.378730773925781
  },
  {
    "bridge_balance_mohm": 16.9719161987305,
    "id": 396427398,
    "leak_pa": 0.0,
    "num_spikes": 1,
    "peak_deflection": 0.0,
    "post_noise_rms_mv": 0.0413864776492119,
    "post_vm_mv": -73.3493270874023,
    "pre_noise_rms_mv": 0.0392064340412617,
    "pre_vm_mv": -73.4719924926758,
    "slow_noise_rms_mv": 0.223112598061562,
    "slow_vm_mv": -73.4719924926758,
    "specimen_id": 354190013,
    "stimulus_absolute_amplitude": 1269.99999405797,
    "stimulus_description": "C1SSFINEST150112[0]",
    "stimulus_duration": 0.002995,
    "stimulus_interval": 0.0,
    "stimulus_name": "Short Square",
    "stimulus_relative_amplitude": 12.7,
    "stimulus_start_time": 0.92,
    "stimulus_units": "pA",
    "sweep_number": 26,
    "vm_delta_mv": 0.122665405273438
  },
  {
    "bridge_balance_mohm": 18.9255180358887,
    "id": 396427474,
    "leak_pa": 0.0,
    "num_spikes": 23,
    "peak_deflection": 0.0,
    "post_noise_rms_mv": 0.0477355271577835,
    "post_vm_mv": -71.7875823974609,
    "pre_noise_rms_mv": 0.0352716781198978,
    "pre_vm_mv": -71.3811721801758,
    "slow_noise_rms_mv": 0.142023012042046,
    "slow_vm_mv": -71.3811721801758,
    "specimen_id": 354190013,
    "stimulus_absolute_amplitude": 324.500010195905,
    "stimulus_description": "C1NSSEED_1150216[0]",
    "stimulus_duration": 18.999995,
    "stimulus_interval": 5.0,
    "stimulus_name": "Noise 1",
    "stimulus_relative_amplitude": 1.4,
    "stimulus_start_time": 1.92,
    "stimulus_units": "pA",
    "sweep_number": 60,
    "vm_delta_mv": 0.406410217285156
  },
  {
    "bridge_balance_mohm": 16.9719161987305,
    "id": 396427400,
    "leak_pa": 0.0,
    "num_spikes": 0,
    "peak_deflection": 0.0,
    "post_noise_rms_mv": 0.0365489684045315,
    "post_vm_mv": -73.0632400512695,
    "pre_noise_rms_mv": 0.0466433018445969,
    "pre_vm_mv": -73.2714996337891,
    "slow_noise_rms_mv": 0.273752808570862,
    "slow_vm_mv": -73.2714996337891,
    "specimen_id": 354190013,
    "stimulus_absolute_amplitude": 1269.99999405797,
    "stimulus_description": "C1SSFINEST150112[0]",
    "stimulus_duration": 0.002995,
    "stimulus_interval": 0.0,
    "stimulus_name": "Short Square",
    "stimulus_relative_amplitude": 12.7,
    "stimulus_start_time": 0.92,
    "stimulus_units": "pA",
    "sweep_number": 27,
    "vm_delta_mv": 0.208259582519531
  },
  {
    "bridge_balance_mohm": 17.3992671966553,
    "id": 396427540,
    "leak_pa": 0.0,
    "num_spikes": 0,
    "peak_deflection": 0.0,
    "post_noise_rms_mv": 0.0398142822086811,
    "post_vm_mv": -79.8416137695312,
    "pre_noise_rms_mv": 0.0383327528834343,
    "pre_vm_mv": -79.8992767333984,
    "slow_noise_rms_mv": 0.255610764026642,
    "slow_vm_mv": -79.8992767333984,
    "specimen_id": 354190013,
    "stimulus_absolute_amplitude": 999.999971718069,
    "stimulus_description": "C2SSHM80CS150112[9]",
    "stimulus_duration": 0.002995,
    "stimulus_interval": 0.0,
    "stimulus_name": "Short Square - Hold -80mV",
    "stimulus_relative_amplitude": 1.0,
    "stimulus_start_time": 0.92,
    "stimulus_units": "pA",
    "sweep_number": 90,
    "vm_delta_mv": 0.0576629638671875
  },
  {
    "bridge_balance_mohm": 17.3992671966553,
    "id": 396427346,
    "leak_pa": 0.0,
    "num_spikes": 0,
    "peak_deflection": 0.0,
    "post_noise_rms_mv": 0.0275961384177208,
    "post_vm_mv": -62.0670700073242,
    "pre_noise_rms_mv": 0.0391534753143787,
    "pre_vm_mv": -62.2953758239746,
    "slow_noise_rms_mv": 0.297379076480865,
    "slow_vm_mv": -62.2953758239746,
    "specimen_id": 354190013,
    "stimulus_absolute_amplitude": 549.999989996053,
    "stimulus_description": "C2SSHM60FN150112[0]",
    "stimulus_duration": 0.002995,
    "stimulus_interval": 0.0,
    "stimulus_name": "Short Square - Hold -60mV",
    "stimulus_relative_amplitude": 5.5,
    "stimulus_start_time": 0.92,
    "stimulus_units": "pA",
    "sweep_number": 112,
    "vm_delta_mv": 0.228305816650391
  },
  {
    "bridge_balance_mohm": 18.9255180358887,
    "id": 396427456,
    "leak_pa": 0.0,
    "num_spikes": 13,
    "peak_deflection": 0.0,
    "post_noise_rms_mv": 0.0445697046816349,
    "post_vm_mv": -72.4894866943359,
    "pre_noise_rms_mv": 0.0411794558167458,
    "pre_vm_mv": -72.0107574462891,
    "slow_noise_rms_mv": 0.167947545647621,
    "slow_vm_mv": -72.0107574462891,
    "specimen_id": 354190013,
    "stimulus_absolute_amplitude": 249.999992929517,
    "stimulus_description": "C1LSCOARSE150216[18]",
    "stimulus_duration": 0.999995,
    "stimulus_interval": 0.0,
    "stimulus_name": "Long Square",
    "stimulus_relative_amplitude": 1.0,
    "stimulus_start_time": 0.92,
    "stimulus_units": "pA",
    "sweep_number": 52,
    "vm_delta_mv": 0.478729248046875
  },
  {
    "bridge_balance_mohm": 20.0244197845459,
    "id": 396427488,
    "leak_pa": 0.0,
    "num_spikes": 0,
    "peak_deflection": 0.0,
    "post_noise_rms_mv": 0.0375238135457039,
    "post_vm_mv": -71.8006286621094,
    "pre_noise_rms_mv": 0.0374976694583893,
    "pre_vm_mv": -71.9568328857422,
    "slow_noise_rms_mv": 0.188685029745102,
    "slow_vm_mv": -71.9568328857422,
    "specimen_id": 354190013,
    "stimulus_absolute_amplitude": -200.000002670286,
    "stimulus_description": "C1SQCAPCHK141203[0]",
    "stimulus_duration": 7.819995,
    "stimulus_interval": 0.2,
    "stimulus_name": "Square - 0.5ms Subthreshold",
    "stimulus_relative_amplitude": 1.0,
    "stimulus_start_time": 0.12,
    "stimulus_units": "pA",
    "sweep_number": 67,
    "vm_delta_mv": 0.156204223632812
  },
  {
    "bridge_balance_mohm": 17.3992671966553,
    "id": 396427332,
    "leak_pa": 0.0,
    "num_spikes": 0,
    "peak_deflection": 0.0,
    "post_noise_rms_mv": 0.046137597411871,
    "post_vm_mv": -61.2244186401367,
    "pre_noise_rms_mv": 0.0423089228570461,
    "pre_vm_mv": -61.0444297790527,
    "slow_noise_rms_mv": 0.260748475790024,
    "slow_vm_mv": -61.0444297790527,
    "specimen_id": 354190013,
    "stimulus_absolute_amplitude": 200.000002670286,
    "stimulus_description": "C2SSHM60CS150112[1]",
    "stimulus_duration": 0.002995,
    "stimulus_interval": 0.0,
    "stimulus_name": "Short Square - Hold -60mV",
    "stimulus_relative_amplitude": 1.0,
    "stimulus_start_time": 0.92,
    "stimulus_units": "pA",
    "sweep_number": 106,
    "vm_delta_mv": 0.179988861083984
  },
  {
    "bridge_balance_mohm": 16.9719161987305,
    "id": 396427388,
    "leak_pa": 0.0,
    "num_spikes": 0,
    "peak_deflection": 0.0,
    "post_noise_rms_mv": 0.0359301008284092,
    "post_vm_mv": -73.3734130859375,
    "pre_noise_rms_mv": 0.0395005457103252,
    "pre_vm_mv": -73.6134719848633,
    "slow_noise_rms_mv": 0.341018170118332,
    "slow_vm_mv": -73.6134719848633,
    "specimen_id": 354190013,
    "stimulus_absolute_amplitude": 1239.99999157576,
    "stimulus_description": "C1SSFINEST150112[0]",
    "stimulus_duration": 0.002995,
    "stimulus_interval": 0.0,
    "stimulus_name": "Short Square",
    "stimulus_relative_amplitude": 12.4,
    "stimulus_start_time": 0.92,
    "stimulus_units": "pA",
    "sweep_number": 21,
    "vm_delta_mv": 0.240058898925781
  },
  {
    "bridge_balance_mohm": 16.9719161987305,
    "id": 396427404,
    "leak_pa": 0.0,
    "num_spikes": 1,
    "peak_deflection": 0.0,
    "post_noise_rms_mv": 0.0392595566809177,
    "post_vm_mv": -73.4766464233398,
    "pre_noise_rms_mv": 0.0399459823966026,
    "pre_vm_mv": -73.6194076538086,
    "slow_noise_rms_mv": 0.187224715948105,
    "slow_vm_mv": -73.6194076538086,
    "specimen_id": 354190013,
    "stimulus_absolute_amplitude": 1279.99999488537,
    "stimulus_description": "C1SSFINEST150112[0]",
    "stimulus_duration": 0.002995,
    "stimulus_interval": 0.0,
    "stimulus_name": "Short Square",
    "stimulus_relative_amplitude": 12.8,
    "stimulus_start_time": 0.92,
    "stimulus_units": "pA",
    "sweep_number": 29,
    "vm_delta_mv": 0.14276123046875
  },
  {
    "bridge_balance_mohm": 17.3992671966553,
    "id": 396427552,
    "leak_pa": 0.0,
    "num_spikes": 0,
    "peak_deflection": 0.0,
    "post_noise_rms_mv": 0.0246328003704548,
    "post_vm_mv": -80.9709014892578,
    "pre_noise_rms_mv": 0.0374900698661804,
    "pre_vm_mv": -80.9357833862305,
    "slow_noise_rms_mv": 0.373148143291473,
    "slow_vm_mv": -80.9357833862305,
    "specimen_id": 354190013,
    "stimulus_absolute_amplitude": 1289.99999571278,
    "stimulus_description": "C2SSHM80FN150112[0]",
    "stimulus_duration": 0.002995,
    "stimulus_interval": 0.0,
    "stimulus_name": "Short Square - Hold -80mV",
    "stimulus_relative_amplitude": 12.9,
    "stimulus_start_time": 0.92,
    "stimulus_units": "pA",
    "sweep_number": 96,
    "vm_delta_mv": 0.0351181030273438
  },
  {
    "bridge_balance_mohm": 17.3992671966553,
    "id": 396427342,
    "leak_pa": 0.0,
    "num_spikes": 1,
    "peak_deflection": 0.0,
    "post_noise_rms_mv": 0.0360028780996799,
    "post_vm_mv": -61.5557060241699,
    "pre_noise_rms_mv": 0.0398698076605797,
    "pre_vm_mv": -61.7566337585449,
    "slow_noise_rms_mv": 0.232651546597481,
    "slow_vm_mv": -61.7566337585449,
    "specimen_id": 354190013,
    "stimulus_absolute_amplitude": 599.999994133071,
    "stimulus_description": "C2SSHM60CS150112[5]",
    "stimulus_duration": 0.002995,
    "stimulus_interval": 0.0,
    "stimulus_name": "Short Square - Hold -60mV",
    "stimulus_relative_amplitude": 1.0,
    "stimulus_start_time": 0.92,
    "stimulus_units": "pA",
    "sweep_number": 110,
    "vm_delta_mv": 0.200927734375
  },
  {
    "bridge_balance_mohm": 18.9255180358887,
    "id": 396427444,
    "leak_pa": 0.0,
    "num_spikes": 3,
    "peak_deflection": 0.0,
    "post_noise_rms_mv": 0.0416159965097904,
    "post_vm_mv": -74.0857467651367,
    "pre_noise_rms_mv": 0.0368363335728645,
    "pre_vm_mv": -74.2389984130859,
    "slow_noise_rms_mv": 0.119420923292637,
    "slow_vm_mv": -74.2389984130859,
    "specimen_id": 354190013,
    "stimulus_absolute_amplitude": 149.999998533268,
    "stimulus_description": "C1LSCOARSE150216[13]",
    "stimulus_duration": 0.999995,
    "stimulus_interval": 0.0,
    "stimulus_name": "Long Square",
    "stimulus_relative_amplitude": 1.0,
    "stimulus_start_time": 0.92,
    "stimulus_units": "pA",
    "sweep_number": 47,
    "vm_delta_mv": 0.153251647949219
  },
  {
    "bridge_balance_mohm": 17.3992671966553,
    "id": 396427512,
    "leak_pa": 0.0,
    "num_spikes": 13,
    "peak_deflection": 0.0,
    "post_noise_rms_mv": 0.0359331704676151,
    "post_vm_mv": -70.9197235107422,
    "pre_noise_rms_mv": 0.0362463220953941,
    "pre_vm_mv": -70.7795333862305,
    "slow_noise_rms_mv": 0.139790713787079,
    "slow_vm_mv": -70.7795333862305,
    "specimen_id": 354190013,
    "stimulus_absolute_amplitude": 259.999993756921,
    "stimulus_description": "C2SQRHELNG150216[0]",
    "stimulus_duration": 1.999995,
    "stimulus_interval": 0.0,
    "stimulus_name": "Square - 2s Suprathreshold",
    "stimulus_relative_amplitude": 2.6,
    "stimulus_start_time": 0.92,
    "stimulus_units": "pA",
    "sweep_number": 78,
    "vm_delta_mv": 0.140190124511719
  },
  {
    "bridge_balance_mohm": 18.9255180358887,
    "id": 396427438,
    "leak_pa": 0.0,
    "num_spikes": 0,
    "peak_deflection": -54.25,
    "post_noise_rms_mv": 0.0419860072433949,
    "post_vm_mv": -73.9348373413086,
    "pre_noise_rms_mv": 0.0327784009277821,
    "pre_vm_mv": -73.2392578125,
    "slow_noise_rms_mv": 0.126864582300186,
    "slow_vm_mv": -73.2392578125,
    "specimen_id": 354190013,
    "stimulus_absolute_amplitude": 90.0000005077395,
    "stimulus_description": "C1LSCOARSE150216[10]",
    "stimulus_duration": 0.999995,
    "stimulus_interval": 0.0,
    "stimulus_name": "Long Square",
    "stimulus_relative_amplitude": 1.0,
    "stimulus_start_time": 0.92,
    "stimulus_units": "pA",
    "sweep_number": 44,
    "vm_delta_mv": 0.695579528808594
  },
  {
    "bridge_balance_mohm": 18.9255180358887,
    "id": 396427442,
    "leak_pa": 0.0,
    "num_spikes": 1,
    "peak_deflection": 0.0,
    "post_noise_rms_mv": 0.0379615686833858,
    "post_vm_mv": -73.3877792358398,
    "pre_noise_rms_mv": 0.0390412472188473,
    "pre_vm_mv": -73.2384948730469,
    "slow_noise_rms_mv": 0.144496634602547,
    "slow_vm_mv": -73.2384948730469,
    "specimen_id": 354190013,
    "stimulus_absolute_amplitude": 129.99999687846,
    "stimulus_description": "C1LSCOARSE150216[12]",
    "stimulus_duration": 0.999995,
    "stimulus_interval": 0.0,
    "stimulus_name": "Long Square",
    "stimulus_relative_amplitude": 1.0,
    "stimulus_start_time": 0.92,
    "stimulus_units": "pA",
    "sweep_number": 46,
    "vm_delta_mv": 0.149284362792969
  },
  {
    "bridge_balance_mohm": 18.9255180358887,
    "id": 396427432,
    "leak_pa": 0.0,
    "num_spikes": 0,
    "peak_deflection": -67.0625076293945,
    "post_noise_rms_mv": 0.0411933287978172,
    "post_vm_mv": -73.3807067871094,
    "pre_noise_rms_mv": 0.036433894187212,
    "pre_vm_mv": -72.4621276855469,
    "slow_noise_rms_mv": 0.199825122952461,
    "slow_vm_mv": -72.4621276855469,
    "specimen_id": 354190013,
    "stimulus_absolute_amplitude": 29.9999990127642,
    "stimulus_description": "C1LSCOARSE150216[7]",
    "stimulus_duration": 0.999995,
    "stimulus_interval": 0.0,
    "stimulus_name": "Long Square",
    "stimulus_relative_amplitude": 1.0,
    "stimulus_start_time": 0.92,
    "stimulus_units": "pA",
    "sweep_number": 41,
    "vm_delta_mv": 0.9185791015625
  },
  {
    "bridge_balance_mohm": 20.0244197845459,
    "id": 396427492,
    "leak_pa": 0.0,
    "num_spikes": 1,
    "peak_deflection": 0.0,
    "post_noise_rms_mv": 0.0394038073718548,
    "post_vm_mv": -72.3549499511719,
    "pre_noise_rms_mv": 0.0363877154886723,
    "pre_vm_mv": -72.6854248046875,
    "slow_noise_rms_mv": 0.0983647778630257,
    "slow_vm_mv": -72.6854248046875,
    "specimen_id": 354190013,
    "stimulus_absolute_amplitude": 180.000001015479,
    "stimulus_description": "C2SQRHELNG150216[0]",
    "stimulus_duration": 1.999995,
    "stimulus_interval": 0.0,
    "stimulus_name": "Square - 2s Suprathreshold",
    "stimulus_relative_amplitude": 1.8,
    "stimulus_start_time": 0.92,
    "stimulus_units": "pA",
    "sweep_number": 69,
    "vm_delta_mv": 0.330474853515625
  },
  {
    "bridge_balance_mohm": 17.3992671966553,
    "id": 396427536,
    "leak_pa": 0.0,
    "num_spikes": 0,
    "peak_deflection": 0.0,
    "post_noise_rms_mv": 0.0382475331425667,
    "post_vm_mv": -80.6384353637695,
    "pre_noise_rms_mv": 0.0368069447577,
    "pre_vm_mv": -80.7746810913086,
    "slow_noise_rms_mv": 0.175471857190132,
    "slow_vm_mv": -80.7746810913086,
    "specimen_id": 354190013,
    "stimulus_absolute_amplitude": 900.000018955183,
    "stimulus_description": "C2SSHM80CS150112[8]",
    "stimulus_duration": 0.002995,
    "stimulus_interval": 0.0,
    "stimulus_name": "Short Square - Hold -80mV",
    "stimulus_relative_amplitude": 1.0,
    "stimulus_start_time": 0.92,
    "stimulus_units": "pA",
    "sweep_number": 89,
    "vm_delta_mv": 0.136245727539062
  },
  {
    "bridge_balance_mohm": 18.9255180358887,
    "id": 396427464,
    "leak_pa": 0.0,
    "num_spikes": 1,
    "peak_deflection": 0.0,
    "post_noise_rms_mv": 0.0406500846147537,
    "post_vm_mv": -72.1465682983398,
    "pre_noise_rms_mv": 0.0352646596729755,
    "pre_vm_mv": -72.6481399536133,
    "slow_noise_rms_mv": 0.131723895668983,
    "slow_vm_mv": -72.6481399536133,
    "specimen_id": 354190013,
    "stimulus_absolute_amplitude": 139.999997705864,
    "stimulus_description": "C1LSFINEST150112[0]",
    "stimulus_duration": 0.999995,
    "stimulus_interval": 0.0,
    "stimulus_name": "Long Square",
    "stimulus_relative_amplitude": 1.4,
    "stimulus_start_time": 0.92,
    "stimulus_units": "pA",
    "sweep_number": 56,
    "vm_delta_mv": 0.501571655273438
  },
  {
    "bridge_balance_mohm": 0.0,
    "id": 396427314,
    "leak_pa": 0.0,
    "num_spikes": 0,
    "peak_deflection": 0.0,
    "post_noise_rms_mv": 0.0,
    "post_vm_mv": 0.0,
    "pre_noise_rms_mv": 0.0,
    "pre_vm_mv": 0.0,
    "slow_noise_rms_mv": 0.0,
    "slow_vm_mv": 0.0,
    "specimen_id": 354190013,
    "stimulus_absolute_amplitude": 9.99999977648258,
    "stimulus_description": "EXTPSMOKET141203[0]",
    "stimulus_duration": 0.069995,
    "stimulus_interval": 0.05,
    "stimulus_name": "Test",
    "stimulus_relative_amplitude": 1.0,
    "stimulus_start_time": 0.03,
    "stimulus_units": "mV",
    "sweep_number": 0,
    "vm_delta_mv": 0.0
  },
  {
    "bridge_balance_mohm": 17.3992671966553,
    "id": 396427324,
    "leak_pa": 0.0,
    "num_spikes": 1,
    "peak_deflection": 0.0,
    "post_noise_rms_mv": 0.0469708144664764,
    "post_vm_mv": -79.9707412719727,
    "pre_noise_rms_mv": 0.0366323590278625,
    "pre_vm_mv": -80.6682281494141,
    "slow_noise_rms_mv": 0.391899585723877,
    "slow_vm_mv": -80.6682281494141,
    "specimen_id": 354190013,
    "stimulus_absolute_amplitude": 1450.00000895124,
    "stimulus_description": "C2SSHM80FN150112[0]",
    "stimulus_duration": 0.002995,
    "stimulus_interval": 0.0,
    "stimulus_name": "Short Square - Hold -80mV",
    "stimulus_relative_amplitude": 14.5,
    "stimulus_start_time": 0.92,
    "stimulus_units": "pA",
    "sweep_number": 102,
    "vm_delta_mv": 0.697486877441406
  },
  {
    "bridge_balance_mohm": 16.9719161987305,
    "id": 396427370,
    "leak_pa": 0.0,
    "num_spikes": 0,
    "peak_deflection": 0.0,
    "post_noise_rms_mv": 0.0393905006349087,
    "post_vm_mv": -71.7746505737305,
    "pre_noise_rms_mv": 0.0352347865700722,
    "pre_vm_mv": -72.1321640014648,
    "slow_noise_rms_mv": 0.42022630572319,
    "slow_vm_mv": -72.1321640014648,
    "specimen_id": 354190013,
    "stimulus_absolute_amplitude": 700.000002407108,
    "stimulus_description": "C1SSCOARSE150112[6]",
    "stimulus_duration": 0.002995,
    "stimulus_interval": 0.0,
    "stimulus_name": "Short Square",
    "stimulus_relative_amplitude": 1.0,
    "stimulus_start_time": 0.92,
    "stimulus_units": "pA",
    "sweep_number": 13,
    "vm_delta_mv": 0.357513427734375
  },
  {
    "bridge_balance_mohm": 18.9255180358887,
    "id": 396427460,
    "leak_pa": 0.0,
    "num_spikes": 1,
    "peak_deflection": 0.0,
    "post_noise_rms_mv": 0.0363448224961758,
    "post_vm_mv": -72.2143783569336,
    "pre_noise_rms_mv": 0.040969368070364,
    "pre_vm_mv": -72.9264831542969,
    "slow_noise_rms_mv": 0.109722480177879,
    "slow_vm_mv": -72.9264831542969,
    "specimen_id": 354190013,
    "stimulus_absolute_amplitude": 139.999997705864,
    "stimulus_description": "C1LSFINEST150112[0]",
    "stimulus_duration": 0.999995,
    "stimulus_interval": 0.0,
    "stimulus_name": "Long Square",
    "stimulus_relative_amplitude": 1.4,
    "stimulus_start_time": 0.92,
    "stimulus_units": "pA",
    "sweep_number": 54,
    "vm_delta_mv": 0.712104797363281
  },
  {
    "bridge_balance_mohm": 16.9719161987305,
    "id": 396427412,
    "leak_pa": 0.0,
    "num_spikes": 1,
    "peak_deflection": 0.0,
    "post_noise_rms_mv": 0.0368564315140247,
    "post_vm_mv": -73.5587768554688,
    "pre_noise_rms_mv": 0.0386723652482033,
    "pre_vm_mv": -74.2532501220703,
    "slow_noise_rms_mv": 0.273128598928452,
    "slow_vm_mv": -74.2532501220703,
    "specimen_id": 354190013,
    "stimulus_absolute_amplitude": 1279.99999488537,
    "stimulus_description": "C1SSFINEST150112[0]",
    "stimulus_duration": 0.002995,
    "stimulus_interval": 0.0,
    "stimulus_name": "Short Square",
    "stimulus_relative_amplitude": 12.8,
    "stimulus_start_time": 0.92,
    "stimulus_units": "pA",
    "sweep_number": 32,
    "vm_delta_mv": 0.694473266601562
  },
  {
    "bridge_balance_mohm": 20.0244197845459,
    "id": 396427486,
    "leak_pa": 0.0,
    "num_spikes": 0,
    "peak_deflection": 0.0,
    "post_noise_rms_mv": 0.038687489926815,
    "post_vm_mv": -71.5955429077148,
    "pre_noise_rms_mv": 0.0416390597820282,
    "pre_vm_mv": -71.796745300293,
    "slow_noise_rms_mv": 0.218455344438553,
    "slow_vm_mv": -71.796745300293,
    "specimen_id": 354190013,
    "stimulus_absolute_amplitude": -200.000002670286,
    "stimulus_description": "C1SQCAPCHK141203[0]",
    "stimulus_duration": 7.819995,
    "stimulus_interval": 0.2,
    "stimulus_name": "Square - 0.5ms Subthreshold",
    "stimulus_relative_amplitude": 1.0,
    "stimulus_start_time": 0.12,
    "stimulus_units": "pA",
    "sweep_number": 66,
    "vm_delta_mv": 0.201202392578125
  },
  {
    "bridge_balance_mohm": 18.9255180358887,
    "id": 396427466,
    "leak_pa": 0.0,
    "num_spikes": 1,
    "peak_deflection": 0.0,
    "post_noise_rms_mv": 0.0423184968531132,
    "post_vm_mv": -72.3253479003906,
    "pre_noise_rms_mv": 0.038828682154417,
    "pre_vm_mv": -72.3195724487305,
    "slow_noise_rms_mv": 0.216407597064972,
    "slow_vm_mv": -72.3195724487305,
    "specimen_id": 354190013,
    "stimulus_absolute_amplitude": 139.999997705864,
    "stimulus_description": "C1LSFINEST150112[0]",
    "stimulus_duration": 0.999995,
    "stimulus_interval": 0.0,
    "stimulus_name": "Long Square",
    "stimulus_relative_amplitude": 1.4,
    "stimulus_start_time": 0.92,
    "stimulus_units": "pA",
    "sweep_number": 57,
    "vm_delta_mv": 0.00577545166015625
  },
  {
    "bridge_balance_mohm": 17.3992671966553,
    "id": 396427498,
    "leak_pa": 0.0,
    "num_spikes": 2,
    "peak_deflection": 0.0,
    "post_noise_rms_mv": 0.04127386957407,
    "post_vm_mv": -71.8730926513672,
    "pre_noise_rms_mv": 0.03647605702281,
    "pre_vm_mv": -71.447265625,
    "slow_noise_rms_mv": 0.200926080346107,
    "slow_vm_mv": -71.447265625,
    "specimen_id": 354190013,
    "stimulus_absolute_amplitude": 180.000001015479,
    "stimulus_description": "C2SQRHELNG150216[0]",
    "stimulus_duration": 1.999995,
    "stimulus_interval": 0.0,
    "stimulus_name": "Square - 2s Suprathreshold",
    "stimulus_relative_amplitude": 1.8,
    "stimulus_start_time": 0.92,
    "stimulus_units": "pA",
    "sweep_number": 71,
    "vm_delta_mv": 0.425827026367188
  },
  {
    "bridge_balance_mohm": 17.3992671966553,
    "id": 396427334,
    "leak_pa": 0.0,
    "num_spikes": 0,
    "peak_deflection": 0.0,
    "post_noise_rms_mv": 0.0388740226626396,
    "post_vm_mv": -61.5623168945312,
    "pre_noise_rms_mv": 0.0354447476565838,
    "pre_vm_mv": -61.2820892333984,
    "slow_noise_rms_mv": 0.303556978702545,
    "slow_vm_mv": -61.2820892333984,
    "specimen_id": 354190013,
    "stimulus_absolute_amplitude": 299.999997066536,
    "stimulus_description": "C2SSHM60CS150112[2]",
    "stimulus_duration": 0.002995,
    "stimulus_interval": 0.0,
    "stimulus_name": "Short Square - Hold -60mV",
    "stimulus_relative_amplitude": 1.0,
    "stimulus_start_time": 0.92,
    "stimulus_units": "pA",
    "sweep_number": 107,
    "vm_delta_mv": 0.280227661132812
  },
  {
    "bridge_balance_mohm": 17.3992671966553,
    "id": 396427348,
    "leak_pa": 0.0,
    "num_spikes": 0,
    "peak_deflection": 0.0,
    "post_noise_rms_mv": 0.0357627049088478,
    "post_vm_mv": -62.6079139709473,
    "pre_noise_rms_mv": 0.0444144830107689,
    "pre_vm_mv": -62.1691513061523,
    "slow_noise_rms_mv": 0.390885233879089,
    "slow_vm_mv": -62.1691513061523,
    "specimen_id": 354190013,
    "stimulus_absolute_amplitude": 579.999992478264,
    "stimulus_description": "C2SSHM60FN150112[0]",
    "stimulus_duration": 0.002995,
    "stimulus_interval": 0.0,
    "stimulus_name": "Short Square - Hold -60mV",
    "stimulus_relative_amplitude": 5.8,
    "stimulus_start_time": 0.92,
    "stimulus_units": "pA",
    "sweep_number": 113,
    "vm_delta_mv": 0.438762664794922
  },
  {
    "bridge_balance_mohm": 16.9719161987305,
    "id": 396427394,
    "leak_pa": 0.0,
    "num_spikes": 0,
    "peak_deflection": 0.0,
    "post_noise_rms_mv": 0.0431891977787018,
    "post_vm_mv": -73.6021575927734,
    "pre_noise_rms_mv": 0.0439552031457424,
    "pre_vm_mv": -74.3179244995117,
    "slow_noise_rms_mv": 0.25469708442688,
    "slow_vm_mv": -74.3179244995117,
    "specimen_id": 354190013,
    "stimulus_absolute_amplitude": 1259.99999323056,
    "stimulus_description": "C1SSFINEST150112[0]",
    "stimulus_duration": 0.002995,
    "stimulus_interval": 0.0,
    "stimulus_name": "Short Square",
    "stimulus_relative_amplitude": 12.6,
    "stimulus_start_time": 0.92,
    "stimulus_units": "pA",
    "sweep_number": 24,
    "vm_delta_mv": 0.715766906738281
  },
  {
    "bridge_balance_mohm": 20.0244197845459,
    "id": 396427482,
    "leak_pa": 0.0,
    "num_spikes": 27,
    "peak_deflection": 0.0,
    "post_noise_rms_mv": 0.0430722683668137,
    "post_vm_mv": -71.8047485351562,
    "pre_noise_rms_mv": 0.0368780791759491,
    "pre_vm_mv": -71.2032470703125,
    "slow_noise_rms_mv": 0.0777847394347191,
    "slow_vm_mv": -71.2032470703125,
    "specimen_id": 354190013,
    "stimulus_absolute_amplitude": 324.500010195905,
    "stimulus_description": "C1NSSEED_1150216[0]",
    "stimulus_duration": 18.999995,
    "stimulus_interval": 5.0,
    "stimulus_name": "Noise 1",
    "stimulus_relative_amplitude": 1.4,
    "stimulus_start_time": 1.92,
    "stimulus_units": "pA",
    "sweep_number": 64,
    "vm_delta_mv": 0.60150146484375
  },
  {
    "bridge_balance_mohm": 20.0244197845459,
    "id": 396427496,
    "leak_pa": 0.0,
    "num_spikes": 1,
    "peak_deflection": 0.0,
    "post_noise_rms_mv": 0.0365718938410282,
    "post_vm_mv": -71.684684753418,
    "pre_noise_rms_mv": 0.0264539700001478,
    "pre_vm_mv": -71.0703582763672,
    "slow_noise_rms_mv": 0.0986783429980278,
    "slow_vm_mv": -71.0703582763672,
    "specimen_id": 354190013,
    "stimulus_absolute_amplitude": 180.000001015479,
    "stimulus_description": "C2SQRHELNG150216[0]",
    "stimulus_duration": 1.999995,
    "stimulus_interval": 0.0,
    "stimulus_name": "Square - 2s Suprathreshold",
    "stimulus_relative_amplitude": 1.8,
    "stimulus_start_time": 0.92,
    "stimulus_units": "pA",
    "sweep_number": 70,
    "vm_delta_mv": 0.614326477050781
  },
  {
    "bridge_balance_mohm": 16.9719161987305,
    "id": 396427494,
    "leak_pa": 0.0,
    "num_spikes": 0,
    "peak_deflection": 0.0,
    "post_noise_rms_mv": 0.0424492359161377,
    "post_vm_mv": -73.6775131225586,
    "pre_noise_rms_mv": 0.0281832702457905,
    "pre_vm_mv": -73.421745300293,
    "slow_noise_rms_mv": 0.390916645526886,
    "slow_vm_mv": -73.421745300293,
    "specimen_id": 354190013,
    "stimulus_absolute_amplitude": 100.000001335143,
    "stimulus_description": "C1SSCOARSE150112[0]",
    "stimulus_duration": 0.002995,
    "stimulus_interval": 0.0,
    "stimulus_name": "Short Square",
    "stimulus_relative_amplitude": 1.0,
    "stimulus_start_time": 0.92,
    "stimulus_units": "pA",
    "sweep_number": 7,
    "vm_delta_mv": 0.255767822265625
  },
  {
    "bridge_balance_mohm": 18.9255180358887,
    "id": 396427458,
    "leak_pa": 0.0,
    "num_spikes": 14,
    "peak_deflection": 0.0,
    "post_noise_rms_mv": 0.0383500941097736,
    "post_vm_mv": -71.9374084472656,
    "pre_noise_rms_mv": 0.038737490773201,
    "pre_vm_mv": -71.5666656494141,
    "slow_noise_rms_mv": 0.175320163369179,
    "slow_vm_mv": -71.5666656494141,
    "specimen_id": 354190013,
    "stimulus_absolute_amplitude": 269.999994584325,
    "stimulus_description": "C1LSCOARSE150216[19]",
    "stimulus_duration": 0.999995,
    "stimulus_interval": 0.0,
    "stimulus_name": "Long Square",
    "stimulus_relative_amplitude": 1.0,
    "stimulus_start_time": 0.92,
    "stimulus_units": "pA",
    "sweep_number": 53,
    "vm_delta_mv": 0.370742797851562
  },
  {
    "bridge_balance_mohm": 17.3992671966553,
    "id": 396427510,
    "leak_pa": 0.0,
    "num_spikes": 13,
    "peak_deflection": 0.0,
    "post_noise_rms_mv": 0.0353454947471619,
    "post_vm_mv": -71.5447463989258,
    "pre_noise_rms_mv": 0.0344641916453838,
    "pre_vm_mv": -71.6593017578125,
    "slow_noise_rms_mv": 0.0953179895877838,
    "slow_vm_mv": -71.6593017578125,
    "specimen_id": 354190013,
    "stimulus_absolute_amplitude": 259.999993756921,
    "stimulus_description": "C2SQRHELNG150216[0]",
    "stimulus_duration": 1.999995,
    "stimulus_interval": 0.0,
    "stimulus_name": "Square - 2s Suprathreshold",
    "stimulus_relative_amplitude": 2.6,
    "stimulus_start_time": 0.92,
    "stimulus_units": "pA",
    "sweep_number": 77,
    "vm_delta_mv": 0.114555358886719
  },
  {
    "bridge_balance_mohm": 16.9719161987305,
    "id": 396427340,
    "leak_pa": 0.0,
    "num_spikes": 0,
    "peak_deflection": 0.0,
    "post_noise_rms_mv": 0.0371226891875267,
    "post_vm_mv": -72.0222320556641,
    "pre_noise_rms_mv": 0.0398931242525578,
    "pre_vm_mv": -72.9184799194336,
    "slow_noise_rms_mv": 0.312910318374634,
    "slow_vm_mv": -72.9184799194336,
    "specimen_id": 354190013,
    "stimulus_absolute_amplitude": 499.999985859034,
    "stimulus_description": "C1SSCOARSE150112[4]",
    "stimulus_duration": 0.002995,
    "stimulus_interval": 0.0,
    "stimulus_name": "Short Square",
    "stimulus_relative_amplitude": 1.0,
    "stimulus_start_time": 0.92,
    "stimulus_units": "pA",
    "sweep_number": 11,
    "vm_delta_mv": 0.896247863769531
  },
  {
    "bridge_balance_mohm": 16.9719161987305,
    "id": 396427450,
    "leak_pa": 0.0,
    "num_spikes": 13,
    "peak_deflection": 0.0,
    "post_noise_rms_mv": 0.0,
    "post_vm_mv": 0.0,
    "pre_noise_rms_mv": 0.0410593189299107,
    "pre_vm_mv": -71.13916015625,
    "slow_noise_rms_mv": 0.390800982713699,
    "slow_vm_mv": -71.13916015625,
    "specimen_id": 354190013,
    "stimulus_absolute_amplitude": 800.000010681146,
    "stimulus_description": "C1RP25PR1S141203[0]",
    "stimulus_duration": 31.997495,
    "stimulus_interval": 0.0,
    "stimulus_name": "Ramp",
    "stimulus_relative_amplitude": 1.0,
    "stimulus_start_time": 0.9225,
    "stimulus_units": "pA",
    "sweep_number": 5,
    "vm_delta_mv": 0.0
  },
  {
    "bridge_balance_mohm": 17.3992671966553,
    "id": 396427504,
    "leak_pa": 0.0,
    "num_spikes": 7,
    "peak_deflection": 0.0,
    "post_noise_rms_mv": 0.0366463027894497,
    "post_vm_mv": -71.8538970947266,
    "pre_noise_rms_mv": 0.0420299991965294,
    "pre_vm_mv": -71.754264831543,
    "slow_noise_rms_mv": 0.144726574420929,
    "slow_vm_mv": -71.754264831543,
    "specimen_id": 354190013,
    "stimulus_absolute_amplitude": 220.000004325094,
    "stimulus_description": "C2SQRHELNG150216[0]",
    "stimulus_duration": 1.999995,
    "stimulus_interval": 0.0,
    "stimulus_name": "Square - 2s Suprathreshold",
    "stimulus_relative_amplitude": 2.2,
    "stimulus_start_time": 0.92,
    "stimulus_units": "pA",
    "sweep_number": 74,
    "vm_delta_mv": 0.0996322631835938
  },
  {
    "bridge_balance_mohm": 17.3992671966553,
    "id": 396427550,
    "leak_pa": 0.0,
    "num_spikes": 0,
    "peak_deflection": 0.0,
    "post_noise_rms_mv": 0.0418342500925064,
    "post_vm_mv": -80.5204696655273,
    "pre_noise_rms_mv": 0.0421582497656345,
    "pre_vm_mv": -80.7531433105469,
    "slow_noise_rms_mv": 0.126158460974693,
    "slow_vm_mv": -80.7531433105469,
    "specimen_id": 354190013,
    "stimulus_absolute_amplitude": 1249.99999240316,
    "stimulus_description": "C2SSHM80FN150112[0]",
    "stimulus_duration": 0.002995,
    "stimulus_interval": 0.0,
    "stimulus_name": "Short Square - Hold -80mV",
    "stimulus_relative_amplitude": 12.5,
    "stimulus_start_time": 0.92,
    "stimulus_units": "pA",
    "sweep_number": 95,
    "vm_delta_mv": 0.232673645019531
  },
  {
    "bridge_balance_mohm": 17.3992671966553,
    "id": 396427524,
    "leak_pa": 0.0,
    "num_spikes": 0,
    "peak_deflection": 0.0,
    "post_noise_rms_mv": 0.0410754829645157,
    "post_vm_mv": -80.5653839111328,
    "pre_noise_rms_mv": 0.035748515278101,
    "pre_vm_mv": -80.6024932861328,
    "slow_noise_rms_mv": 0.103258319199085,
    "slow_vm_mv": -80.6024932861328,
    "specimen_id": 354190013,
    "stimulus_absolute_amplitude": 299.999997066536,
    "stimulus_description": "C2SSHM80CS150112[2]",
    "stimulus_duration": 0.002995,
    "stimulus_interval": 0.0,
    "stimulus_name": "Short Square - Hold -80mV",
    "stimulus_relative_amplitude": 1.0,
    "stimulus_start_time": 0.92,
    "stimulus_units": "pA",
    "sweep_number": 83,
    "vm_delta_mv": 0.037109375
  },
  {
    "bridge_balance_mohm": 17.3992671966553,
    "id": 396427544,
    "leak_pa": 0.0,
    "num_spikes": 0,
    "peak_deflection": 0.0,
    "post_noise_rms_mv": 0.0367184095084667,
    "post_vm_mv": -79.692268371582,
    "pre_noise_rms_mv": 0.0369618162512779,
    "pre_vm_mv": -80.0428314208984,
    "slow_noise_rms_mv": 0.0837580263614655,
    "slow_vm_mv": -80.0428314208984,
    "specimen_id": 354190013,
    "stimulus_absolute_amplitude": 1199.99998826614,
    "stimulus_description": "C2SSHM80CS150112[11]",
    "stimulus_duration": 0.002995,
    "stimulus_interval": 0.0,
    "stimulus_name": "Short Square - Hold -80mV",
    "stimulus_relative_amplitude": 1.0,
    "stimulus_start_time": 0.92,
    "stimulus_units": "pA",
    "sweep_number": 92,
    "vm_delta_mv": 0.350563049316406
  },
  {
    "bridge_balance_mohm": 17.3992671966553,
    "id": 396427522,
    "leak_pa": 0.0,
    "num_spikes": 0,
    "peak_deflection": 0.0,
    "post_noise_rms_mv": 0.0380089096724987,
    "post_vm_mv": -80.3787231445312,
    "pre_noise_rms_mv": 0.0405714027583599,
    "pre_vm_mv": -80.2106323242188,
    "slow_noise_rms_mv": 0.0991759225726128,
    "slow_vm_mv": -80.2106323242188,
    "specimen_id": 354190013,
    "stimulus_absolute_amplitude": 200.000002670286,
    "stimulus_description": "C2SSHM80CS150112[1]",
    "stimulus_duration": 0.002995,
    "stimulus_interval": 0.0,
    "stimulus_name": "Short Square - Hold -80mV",
    "stimulus_relative_amplitude": 1.0,
    "stimulus_start_time": 0.92,
    "stimulus_units": "pA",
    "sweep_number": 82,
    "vm_delta_mv": 0.1680908203125
  },
  {
    "bridge_balance_mohm": 16.9719161987305,
    "id": 396427386,
    "leak_pa": 0.0,
    "num_spikes": 0,
    "peak_deflection": 0.0,
    "post_noise_rms_mv": 0.0353974662721157,
    "post_vm_mv": -73.3221969604492,
    "pre_noise_rms_mv": 0.0392657034099102,
    "pre_vm_mv": -72.9312515258789,
    "slow_noise_rms_mv": 0.222437709569931,
    "slow_vm_mv": -72.9312515258789,
    "specimen_id": 354190013,
    "stimulus_absolute_amplitude": 1219.99998992095,
    "stimulus_description": "C1SSFINEST150112[0]",
    "stimulus_duration": 0.002995,
    "stimulus_interval": 0.0,
    "stimulus_name": "Short Square",
    "stimulus_relative_amplitude": 12.2,
    "stimulus_start_time": 0.92,
    "stimulus_units": "pA",
    "sweep_number": 20,
    "vm_delta_mv": 0.390945434570312
  },
  {
    "bridge_balance_mohm": 16.9719161987305,
    "id": 396427362,
    "leak_pa": 0.0,
    "num_spikes": 0,
    "peak_deflection": 0.0,
    "post_noise_rms_mv": 0.0408961810171604,
    "post_vm_mv": -72.045036315918,
    "pre_noise_rms_mv": 0.0440569594502449,
    "pre_vm_mv": -72.3421630859375,
    "slow_noise_rms_mv": 0.399469286203384,
    "slow_vm_mv": -72.3421630859375,
    "specimen_id": 354190013,
    "stimulus_absolute_amplitude": 599.999994133071,
    "stimulus_description": "C1SSCOARSE150112[5]",
    "stimulus_duration": 0.002995,
    "stimulus_interval": 0.0,
    "stimulus_name": "Short Square",
    "stimulus_relative_amplitude": 1.0,
    "stimulus_start_time": 0.92,
    "stimulus_units": "pA",
    "sweep_number": 12,
    "vm_delta_mv": 0.297126770019531
  },
  {
    "bridge_balance_mohm": 20.0244197845459,
    "id": 396427484,
    "leak_pa": 0.0,
    "num_spikes": 27,
    "peak_deflection": 0.0,
    "post_noise_rms_mv": 0.0419739745557308,
    "post_vm_mv": -72.1225662231445,
    "pre_noise_rms_mv": 0.0384592972695827,
    "pre_vm_mv": -72.3455505371094,
    "slow_noise_rms_mv": 0.114613629877567,
    "slow_vm_mv": -72.3455505371094,
    "specimen_id": 354190013,
    "stimulus_absolute_amplitude": 330.12501066132,
    "stimulus_description": "C1NSSEED_2150216[0]",
    "stimulus_duration": 18.999995,
    "stimulus_interval": 5.0,
    "stimulus_name": "Noise 2",
    "stimulus_relative_amplitude": 1.4,
    "stimulus_start_time": 1.92,
    "stimulus_units": "pA",
    "sweep_number": 65,
    "vm_delta_mv": 0.222984313964844
  },
  {
    "bridge_balance_mohm": 17.3992671966553,
    "id": 396427356,
    "leak_pa": 0.0,
    "num_spikes": 1,
    "peak_deflection": 0.0,
    "post_noise_rms_mv": 0.0471959337592125,
    "post_vm_mv": -61.9354438781738,
    "pre_noise_rms_mv": 0.0445184521377087,
    "pre_vm_mv": -61.8026962280273,
    "slow_noise_rms_mv": 0.377277880907059,
    "slow_vm_mv": -61.8026962280273,
    "specimen_id": 354190013,
    "stimulus_absolute_amplitude": 589.999993305668,
    "stimulus_description": "C2SSHM60FN150112[0]",
    "stimulus_duration": 0.002995,
    "stimulus_interval": 0.0,
    "stimulus_name": "Short Square - Hold -60mV",
    "stimulus_relative_amplitude": 5.9,
    "stimulus_start_time": 0.92,
    "stimulus_units": "pA",
    "sweep_number": 117,
    "vm_delta_mv": 0.132747650146484
  },
  {
    "bridge_balance_mohm": 16.9719161987305,
    "id": 396427402,
    "leak_pa": 0.0,
    "num_spikes": 0,
    "peak_deflection": 0.0,
    "post_noise_rms_mv": 0.0382474884390831,
    "post_vm_mv": -73.3780746459961,
    "pre_noise_rms_mv": 0.0389305464923382,
    "pre_vm_mv": -73.3730621337891,
    "slow_noise_rms_mv": 0.138432070612907,
    "slow_vm_mv": -73.3730621337891,
    "specimen_id": 354190013,
    "stimulus_absolute_amplitude": 1269.99999405797,
    "stimulus_description": "C1SSFINEST150112[0]",
    "stimulus_duration": 0.002995,
    "stimulus_interval": 0.0,
    "stimulus_name": "Short Square",
    "stimulus_relative_amplitude": 12.7,
    "stimulus_start_time": 0.92,
    "stimulus_units": "pA",
    "sweep_number": 28,
    "vm_delta_mv": 0.00501251220703125
  }
]