{
  "passive": [
    {
      "ra": 35.84, 
      "cm": [
        {
          "section": "soma", 
          "cm": 1.0
        }, 
        {
          "section": "axon", 
          "cm": 1.0
        }, 
        {
          "section": "apic", 
          "cm": 3.97
        }, 
        {
          "section": "dend", 
          "cm": 3.97
        }
      ], 
      "e_pas": -98.84187825520833
    }
  ], 
  "axon_morph": [
    {
      "delete_axon": [
        "forsec axonal{delete_section()}", 
        "  create axon[2]", 
        "  axon[0]{", 
        "    L= 30", 
        "    diam = 1", 
        "    nseg = 1+2*int(L/40)", 
        "    all.append()", 
        "    axonal.append()", 
        "  }", 
        "  axon[1]{", 
        "    L= 30", 
        "    diam = 1", 
        "    nseg = 1+2*int(L/40)", 
        "    all.append()", 
        "    axonal.append()", 
        "  }", 
        "", 
        "nSecAxonal = 2", 
        "connect axon(0), soma(0.5)", 
        "connect axon[1](0), axon[0](1) ", 
        "access soma"
      ], 
      "setup_line": "create soma[1], dend[1], apic[1], axon[1]"
    }
  ], 
  "fitting": [
    {
      "junction_potential": -14.0, 
      "sweeps": [
        88, 
        90, 
        91
      ]
    }
  ], 
  "conditions": [
    {
      "celsius": 34.0, 
      "erev": [
        {
          "ena": 53.0, 
          "section": "soma", 
          "ek": -107.0
        }
      ], 
      "v_init": -98.84187825520833
    }
  ], 
  "genome": [
    {
      "value": 0.0116109473801, 
      "section": "soma", 
      "name": "gbar_Im", 
      "mechanism": "Im"
    }, 
    {
      "value": 0.00016056468884600002, 
      "section": "soma", 
      "name": "gbar_Ih", 
      "mechanism": "Ih"
    }, 
    {
      "value": 0.275471369287, 
      "section": "soma", 
      "name": "gbar_NaTs", 
      "mechanism": "NaTs"
    }, 
    {
      "value": 0.0053172540543500006, 
      "section": "soma", 
      "name": "gbar_Nap", 
      "mechanism": "Nap"
    }, 
    {
      "value": 0.062304072811799997, 
      "section": "soma", 
      "name": "gbar_K_P", 
      "mechanism": "K_P"
    }, 
    {
      "value": 0.0070233406809799993, 
      "section": "soma", 
      "name": "gbar_K_T", 
      "mechanism": "K_T"
    }, 
    {
      "value": 0.284163984388, 
      "section": "soma", 
      "name": "gbar_SK", 
      "mechanism": "SK"
    }, 
    {
      "value": 0.52068500998800005, 
      "section": "soma", 
      "name": "gbar_Kv3_1", 
      "mechanism": "Kv3_1"
    }, 
    {
      "value": 0.00028575386465200004, 
      "section": "soma", 
      "name": "gbar_Ca_HVA", 
      "mechanism": "Ca_HVA"
    }, 
    {
      "value": 0.00103339629152, 
      "section": "soma", 
      "name": "gbar_Ca_LVA", 
      "mechanism": "Ca_LVA"
    }, 
    {
      "value": 0.00027814729589499998, 
      "section": "soma", 
      "name": "gamma_CaDynamics", 
      "mechanism": "CaDynamics"
    }, 
    {
      "value": 479.25009746400002, 
      "section": "soma", 
      "name": "decay_CaDynamics", 
      "mechanism": "CaDynamics"
    }, 
    {
      "value": 0.00020995934479900002, 
      "section": "soma", 
      "name": "g_pas", 
      "mechanism": ""
    }, 
    {
      "value": 0.00027137873079200001, 
      "section": "axon", 
      "name": "g_pas", 
      "mechanism": ""
    }, 
    {
      "value": 0.00054699191253499996, 
      "section": "dend", 
      "name": "g_pas", 
      "mechanism": ""
    }, 
    {
      "value": 0.00061436676779900003, 
      "section": "apic", 
      "name": "g_pas", 
      "mechanism": ""
    }
  ]
}