[
  {
    "bridge_balance_mohm": 17.3992671966553,
    "id": 396401407,
    "leak_pa": 0.0,
    "num_spikes": 43,
    "peak_deflection": 0.0,
    "post_noise_rms_mv": 0.041014663875103,
    "post_vm_mv": -74.3663330078125,
    "pre_noise_rms_mv": 0.0417734086513519,
    "pre_vm_mv": -74.1408996582031,
    "slow_noise_rms_mv": 0.280024975538254,
    "slow_vm_mv": -74.1408996582031,
    "specimen_id": 327962063,
    "stimulus_absolute_amplitude": 110.000002162547,
    "stimulus_description": "C1LSCOARSE150112[11]",
    "stimulus_duration": 0.999995,
    "stimulus_interval": 0.0,
    "stimulus_name": "Long Square",
    "stimulus_relative_amplitude": 1.0,
    "stimulus_start_time": 0.92,
    "stimulus_units": "pA",
    "sweep_number": 31,
    "vm_delta_mv": 0.225433349609375
  },
  {
    "bridge_balance_mohm": 17.3992671966553,
    "id": 396401435,
    "leak_pa": 0.0,
    "num_spikes": 89,
    "peak_deflection": 0.0,
    "post_noise_rms_mv": 0.0395760238170624,
    "post_vm_mv": -73.6681976318359,
    "pre_noise_rms_mv": 0.0412126593291759,
    "pre_vm_mv": -73.31103515625,
    "slow_noise_rms_mv": 0.153974637389183,
    "slow_vm_mv": -73.31103515625,
    "specimen_id": 327962063,
    "stimulus_absolute_amplitude": 115.874997097531,
    "stimulus_description": "C1NSSEED_1150112[0]",
    "stimulus_duration": 18.999995,
    "stimulus_interval": 5.0,
    "stimulus_name": "Noise 1",
    "stimulus_relative_amplitude": 0.5,
    "stimulus_start_time": 1.92,
    "stimulus_units": "pA",
    "sweep_number": 44,
    "vm_delta_mv": 0.357162475585938
  },
  {
    "bridge_balance_mohm": 0.0,
    "id": 396401455,
    "leak_pa": 0.0,
    "num_spikes": 0,
    "peak_deflection": 0.0,
    "post_noise_rms_mv": 0.0356664210557938,
    "post_vm_mv": -0.54917311668396,
    "pre_noise_rms_mv": 0.0411123223602772,
    "pre_vm_mv": -0.620166778564453,
    "slow_noise_rms_mv": 0.0662230029702187,
    "slow_vm_mv": -0.620166778564453,
    "specimen_id": 327962063,
    "stimulus_absolute_amplitude": 0.0,
    "stimulus_description": "EXTPBLWOUT141203[0]",
    "stimulus_duration": 0.0,
    "stimulus_interval": 0.0,
    "stimulus_name": "Test",
    "stimulus_relative_amplitude": 1.0,
    "stimulus_start_time": 0.0,
    "stimulus_units": "pA",
    "sweep_number": 53,
    "vm_delta_mv": 0.0709936618804932
  },
  {
    "bridge_balance_mohm": 17.3992671966553,
    "id": 396401405,
    "leak_pa": 0.0,
    "num_spikes": 34,
    "peak_deflection": 0.0,
    "post_noise_rms_mv": 0.0417032651603222,
    "post_vm_mv": -73.5096054077148,
    "pre_noise_rms_mv": 0.042794831097126,
    "pre_vm_mv": -73.5504455566406,
    "slow_noise_rms_mv": 0.167755588889122,
    "slow_vm_mv": -73.5504455566406,
    "specimen_id": 327962063,
    "stimulus_absolute_amplitude": 90.0000005077395,
    "stimulus_description": "C1LSCOARSE150112[10]",
    "stimulus_duration": 0.999995,
    "stimulus_interval": 0.0,
    "stimulus_name": "Long Square",
    "stimulus_relative_amplitude": 1.0,
    "stimulus_start_time": 0.92,
    "stimulus_units": "pA",
    "sweep_number": 30,
    "vm_delta_mv": 0.0408401489257812
  },
  {
    "bridge_balance_mohm": 17.3992671966553,
    "id": 396401391,
    "leak_pa": 0.0,
    "num_spikes": 0,
    "peak_deflection": -77.28125,
    "post_noise_rms_mv": 0.0500327125191689,
    "post_vm_mv": -72.430778503418,
    "pre_noise_rms_mv": 0.0485939793288708,
    "pre_vm_mv": -72.8421936035156,
    "slow_noise_rms_mv": 0.209097906947136,
    "slow_vm_mv": -72.8421936035156,
    "specimen_id": 327962063,
    "stimulus_absolute_amplitude": -9.99999996004197,
    "stimulus_description": "C1LSCOARSE150112[5]",
    "stimulus_duration": 0.999995,
    "stimulus_interval": 0.0,
    "stimulus_name": "Long Square",
    "stimulus_relative_amplitude": 1.0,
    "stimulus_start_time": 0.92,
    "stimulus_units": "pA",
    "sweep_number": 25,
    "vm_delta_mv": 0.411415100097656
  },
  {
    "bridge_balance_mohm": 17.3992671966553,
    "id": 396401463,
    "leak_pa": 0.0,
    "num_spikes": 0,
    "peak_deflection": 0.0,
    "post_noise_rms_mv": 0.0338401012122631,
    "post_vm_mv": -72.8251037597656,
    "pre_noise_rms_mv": 0.0411280915141106,
    "pre_vm_mv": -73.2254028320312,
    "slow_noise_rms_mv": 0.188310295343399,
    "slow_vm_mv": -73.2254028320312,
    "specimen_id": 327962063,
    "stimulus_absolute_amplitude": 299.999997066536,
    "stimulus_description": "C1SSCOARSE150112[2]",
    "stimulus_duration": 0.002995,
    "stimulus_interval": 0.0,
    "stimulus_name": "Short Square",
    "stimulus_relative_amplitude": 1.0,
    "stimulus_start_time": 0.92,
    "stimulus_units": "pA",
    "sweep_number": 9,
    "vm_delta_mv": 0.400299072265625
  },
  {
    "bridge_balance_mohm": 17.3992671966553,
    "id": 396401419,
    "leak_pa": 0.0,
    "num_spikes": 8,
    "peak_deflection": 0.0,
    "post_noise_rms_mv": 0.037636261433363,
    "post_vm_mv": -74.3650741577148,
    "pre_noise_rms_mv": 0.0433370657265186,
    "pre_vm_mv": -74.1552124023438,
    "slow_noise_rms_mv": 0.198576614260674,
    "slow_vm_mv": -74.1552124023438,
    "specimen_id": 327962063,
    "stimulus_absolute_amplitude": 50.0000006675716,
    "stimulus_description": "C1LSFINEST150112[0]",
    "stimulus_duration": 0.999995,
    "stimulus_interval": 0.0,
    "stimulus_name": "Long Square",
    "stimulus_relative_amplitude": 0.5,
    "stimulus_start_time": 0.92,
    "stimulus_units": "pA",
    "sweep_number": 37,
    "vm_delta_mv": 0.209861755371094
  },
  {
    "bridge_balance_mohm": 17.3992671966553,
    "id": 396401370,
    "leak_pa": 0.0,
    "num_spikes": 1,
    "peak_deflection": 0.0,
    "post_noise_rms_mv": 0.0369396768510342,
    "post_vm_mv": -73.1050262451172,
    "pre_noise_rms_mv": 0.0423509702086449,
    "pre_vm_mv": -73.2446212768555,
    "slow_noise_rms_mv": 0.363957941532135,
    "slow_vm_mv": -73.2446212768555,
    "specimen_id": 327962063,
    "stimulus_absolute_amplitude": 390.000004513169,
    "stimulus_description": "C1SSFINEST150112[0]",
    "stimulus_duration": 0.002995,
    "stimulus_interval": 0.0,
    "stimulus_name": "Short Square",
    "stimulus_relative_amplitude": 3.9,
    "stimulus_start_time": 0.92,
    "stimulus_units": "pA",
    "sweep_number": 16,
    "vm_delta_mv": 0.139595031738281
  },
  {
    "bridge_balance_mohm": 0.0,
    "id": 396401453,
    "leak_pa": 0.0,
    "num_spikes": 0,
    "peak_deflection": 0.0,
    "post_noise_rms_mv": 0.0,
    "post_vm_mv": 0.0,
    "pre_noise_rms_mv": 0.0,
    "pre_vm_mv": 0.0,
    "slow_noise_rms_mv": 0.0,
    "slow_vm_mv": 0.0,
    "specimen_id": 327962063,
    "stimulus_absolute_amplitude": 9.99999977648258,
    "stimulus_description": "EXTPGGAEND141203[0]",
    "stimulus_duration": 0.069995,
    "stimulus_interval": 0.05,
    "stimulus_name": "Test",
    "stimulus_relative_amplitude": 1.0,
    "stimulus_start_time": 0.03,
    "stimulus_units": "mV",
    "sweep_number": 52,
    "vm_delta_mv": 0.0
  },
  {
    "bridge_balance_mohm": 17.3992671966553,
    "id": 396401398,
    "leak_pa": 0.0,
    "num_spikes": 9,
    "peak_deflection": 0.0,
    "post_noise_rms_mv": 0.0393173322081566,
    "post_vm_mv": -73.9411010742188,
    "pre_noise_rms_mv": 0.061571903526783,
    "pre_vm_mv": -73.5780487060547,
    "slow_noise_rms_mv": 0.274736940860748,
    "slow_vm_mv": -73.5780487060547,
    "specimen_id": 327962063,
    "stimulus_absolute_amplitude": 50.0000006675716,
    "stimulus_description": "C1LSCOARSE150112[8]",
    "stimulus_duration": 0.999995,
    "stimulus_interval": 0.0,
    "stimulus_name": "Long Square",
    "stimulus_relative_amplitude": 1.0,
    "stimulus_start_time": 0.92,
    "stimulus_units": "pA",
    "sweep_number": 28,
    "vm_delta_mv": 0.363052368164062
  },
  {
    "bridge_balance_mohm": 17.3992671966553,
    "id": 396401380,
    "leak_pa": 0.0,
    "num_spikes": 0,
    "peak_deflection": -104.125,
    "post_noise_rms_mv": 0.0410236120223999,
    "post_vm_mv": -73.5192337036133,
    "pre_noise_rms_mv": 0.0424155443906784,
    "pre_vm_mv": -73.8757629394531,
    "slow_noise_rms_mv": 0.193668872117996,
    "slow_vm_mv": -73.8757629394531,
    "specimen_id": 327962063,
    "stimulus_absolute_amplitude": -110.000002162547,
    "stimulus_description": "C1LSCOARSE150112[0]",
    "stimulus_duration": 0.999995,
    "stimulus_interval": 0.0,
    "stimulus_name": "Long Square",
    "stimulus_relative_amplitude": 1.0,
    "stimulus_start_time": 0.92,
    "stimulus_units": "pA",
    "sweep_number": 20,
    "vm_delta_mv": 0.356529235839844
  },
  {
    "bridge_balance_mohm": 0.0,
    "id": 396401350,
    "leak_pa": 0.0,
    "num_spikes": 0,
    "peak_deflection": 0.0,
    "post_noise_rms_mv": 0.0,
    "post_vm_mv": 0.0,
    "pre_noise_rms_mv": 0.0,
    "pre_vm_mv": 0.0,
    "slow_noise_rms_mv": 0.0,
    "slow_vm_mv": 0.0,
    "specimen_id": 327962063,
    "stimulus_absolute_amplitude": 9.99999977648258,
    "stimulus_description": "EXTPINBATH141203[0]",
    "stimulus_duration": 0.069995,
    "stimulus_interval": 0.05,
    "stimulus_name": "Test",
    "stimulus_relative_amplitude": 1.0,
    "stimulus_start_time": 0.03,
    "stimulus_units": "mV",
    "sweep_number": 1,
    "vm_delta_mv": 0.0
  },
  {
    "bridge_balance_mohm": 17.3992671966553,
    "id": 396401425,
    "leak_pa": 0.0,
    "num_spikes": 11,
    "peak_deflection": 0.0,
    "post_noise_rms_mv": 0.0,
    "post_vm_mv": 0.0,
    "pre_noise_rms_mv": 0.0512289144098759,
    "pre_vm_mv": -74.3087768554688,
    "slow_noise_rms_mv": 0.18562875688076,
    "slow_vm_mv": -74.3087768554688,
    "specimen_id": 327962063,
    "stimulus_absolute_amplitude": 800.000010681146,
    "stimulus_description": "C1RP25PR1S141203[0]",
    "stimulus_duration": 31.997495,
    "stimulus_interval": 0.0,
    "stimulus_name": "Ramp",
    "stimulus_relative_amplitude": 1.0,
    "stimulus_start_time": 0.9225,
    "stimulus_units": "pA",
    "sweep_number": 4,
    "vm_delta_mv": 0.0
  },
  {
    "bridge_balance_mohm": 17.3992671966553,
    "id": 396401413,
    "leak_pa": 0.0,
    "num_spikes": 65,
    "peak_deflection": 0.0,
    "post_noise_rms_mv": 0.0404063351452351,
    "post_vm_mv": -72.2304382324219,
    "pre_noise_rms_mv": 0.0386608578264713,
    "pre_vm_mv": -72.2820892333984,
    "slow_noise_rms_mv": 0.43639013171196,
    "slow_vm_mv": -72.2820892333984,
    "specimen_id": 327962063,
    "stimulus_absolute_amplitude": 170.000000188075,
    "stimulus_description": "C1LSCOARSE150112[14]",
    "stimulus_duration": 0.999995,
    "stimulus_interval": 0.0,
    "stimulus_name": "Long Square",
    "stimulus_relative_amplitude": 1.0,
    "stimulus_start_time": 0.92,
    "stimulus_units": "pA",
    "sweep_number": 34,
    "vm_delta_mv": 0.0516510009765625
  },
  {
    "bridge_balance_mohm": 17.3992671966553,
    "id": 396401386,
    "leak_pa": 0.0,
    "num_spikes": 0,
    "peak_deflection": -91.2187576293945,
    "post_noise_rms_mv": 0.0319208987057209,
    "post_vm_mv": -73.4886932373047,
    "pre_noise_rms_mv": 0.0407650806009769,
    "pre_vm_mv": -73.8151016235352,
    "slow_noise_rms_mv": 0.140934944152832,
    "slow_vm_mv": -73.8151016235352,
    "specimen_id": 327962063,
    "stimulus_absolute_amplitude": -50.0000006675716,
    "stimulus_description": "C1LSCOARSE150112[3]",
    "stimulus_duration": 0.999995,
    "stimulus_interval": 0.0,
    "stimulus_name": "Long Square",
    "stimulus_relative_amplitude": 1.0,
    "stimulus_start_time": 0.92,
    "stimulus_units": "pA",
    "sweep_number": 23,
    "vm_delta_mv": 0.326408386230469
  },
  {
    "bridge_balance_mohm": 17.3992671966553,
    "id": 396401417,
    "leak_pa": 0.0,
    "num_spikes": 0,
    "peak_deflection": -53.5625,
    "post_noise_rms_mv": 0.0366108119487762,
    "post_vm_mv": -74.1332778930664,
    "pre_noise_rms_mv": 0.0349581837654114,
    "pre_vm_mv": -74.0530014038086,
    "slow_noise_rms_mv": 0.151710510253906,
    "slow_vm_mv": -74.0530014038086,
    "specimen_id": 327962063,
    "stimulus_absolute_amplitude": 39.9999998401679,
    "stimulus_description": "C1LSFINEST150112[0]",
    "stimulus_duration": 0.999995,
    "stimulus_interval": 0.0,
    "stimulus_name": "Long Square",
    "stimulus_relative_amplitude": 0.4,
    "stimulus_start_time": 0.92,
    "stimulus_units": "pA",
    "sweep_number": 36,
    "vm_delta_mv": 0.0802764892578125
  },
  {
    "bridge_balance_mohm": 0.0,
    "id": 396401403,
    "leak_pa": 0.0,
    "num_spikes": 0,
    "peak_deflection": 0.0,
    "post_noise_rms_mv": 0.0,
    "post_vm_mv": 0.0,
    "pre_noise_rms_mv": 0.0,
    "pre_vm_mv": 0.0,
    "slow_noise_rms_mv": 0.0,
    "slow_vm_mv": 0.0,
    "specimen_id": 327962063,
    "stimulus_absolute_amplitude": 9.99999977648258,
    "stimulus_description": "EXTPBREAKN141203[0]",
    "stimulus_duration": 0.069995,
    "stimulus_interval": 0.05,
    "stimulus_name": "Test",
    "stimulus_relative_amplitude": 1.0,
    "stimulus_start_time": 0.03,
    "stimulus_units": "mV",
    "sweep_number": 3,
    "vm_delta_mv": 0.0
  },
  {
    "bridge_balance_mohm": 17.3992671966553,
    "id": 396401421,
    "leak_pa": 0.0,
    "num_spikes": 10,
    "peak_deflection": 0.0,
    "post_noise_rms_mv": 0.0448523387312889,
    "post_vm_mv": -74.3408737182617,
    "pre_noise_rms_mv": 0.0412594564259052,
    "pre_vm_mv": -73.9511871337891,
    "slow_noise_rms_mv": 0.438175231218338,
    "slow_vm_mv": -73.9511871337891,
    "specimen_id": 327962063,
    "stimulus_absolute_amplitude": 50.0000006675716,
    "stimulus_description": "C1LSFINEST150112[0]",
    "stimulus_duration": 0.999995,
    "stimulus_interval": 0.0,
    "stimulus_name": "Long Square",
    "stimulus_relative_amplitude": 0.5,
    "stimulus_start_time": 0.92,
    "stimulus_units": "pA",
    "sweep_number": 38,
    "vm_delta_mv": 0.389686584472656
  },
  {
    "bridge_balance_mohm": 17.3992671966553,
    "id": 396401439,
    "leak_pa": 0.0,
    "num_spikes": 68,
    "peak_deflection": 0.0,
    "post_noise_rms_mv": 0.0351484231650829,
    "post_vm_mv": -73.4444122314453,
    "pre_noise_rms_mv": 0.0478911697864532,
    "pre_vm_mv": -72.7115707397461,
    "slow_noise_rms_mv": 0.275811910629272,
    "slow_vm_mv": -72.7115707397461,
    "specimen_id": 327962063,
    "stimulus_absolute_amplitude": 115.874997097531,
    "stimulus_description": "C1NSSEED_1150112[0]",
    "stimulus_duration": 18.999995,
    "stimulus_interval": 5.0,
    "stimulus_name": "Noise 1",
    "stimulus_relative_amplitude": 0.5,
    "stimulus_start_time": 1.92,
    "stimulus_units": "pA",
    "sweep_number": 46,
    "vm_delta_mv": 0.732841491699219
  },
  {
    "bridge_balance_mohm": 17.3992671966553,
    "id": 396401427,
    "leak_pa": 0.0,
    "num_spikes": 86,
    "peak_deflection": 0.0,
    "post_noise_rms_mv": 0.0390886776149273,
    "post_vm_mv": -74.059814453125,
    "pre_noise_rms_mv": 0.034193966537714,
    "pre_vm_mv": -73.9687118530273,
    "slow_noise_rms_mv": 0.270098179578781,
    "slow_vm_mv": -73.9687118530273,
    "specimen_id": 327962063,
    "stimulus_absolute_amplitude": 115.874997097531,
    "stimulus_description": "C1NSSEED_1150112[0]",
    "stimulus_duration": 18.999995,
    "stimulus_interval": 5.0,
    "stimulus_name": "Noise 1",
    "stimulus_relative_amplitude": 0.5,
    "stimulus_start_time": 1.92,
    "stimulus_units": "pA",
    "sweep_number": 40,
    "vm_delta_mv": 0.0911026000976562
  },
  {
    "bridge_balance_mohm": 17.3992671966553,
    "id": 396401368,
    "leak_pa": 0.0,
    "num_spikes": 0,
    "peak_deflection": 0.0,
    "post_noise_rms_mv": 0.0388783924281597,
    "post_vm_mv": -73.7084121704102,
    "pre_noise_rms_mv": 0.0390708595514297,
    "pre_vm_mv": -74.0119857788086,
    "slow_noise_rms_mv": 0.190110042691231,
    "slow_vm_mv": -74.0119857788086,
    "specimen_id": 327962063,
    "stimulus_absolute_amplitude": 390.000004513169,
    "stimulus_description": "C1SSFINEST150112[0]",
    "stimulus_duration": 0.002995,
    "stimulus_interval": 0.0,
    "stimulus_name": "Short Square",
    "stimulus_relative_amplitude": 3.9,
    "stimulus_start_time": 0.92,
    "stimulus_units": "pA",
    "sweep_number": 15,
    "vm_delta_mv": 0.303573608398438
  },
  {
    "bridge_balance_mohm": 17.3992671966553,
    "id": 396401394,
    "leak_pa": 0.0,
    "num_spikes": 0,
    "peak_deflection": -67.59375,
    "post_noise_rms_mv": 0.0276994686573744,
    "post_vm_mv": -73.0450820922852,
    "pre_noise_rms_mv": 0.0398937985301018,
    "pre_vm_mv": -72.6852264404297,
    "slow_noise_rms_mv": 0.198551580309868,
    "slow_vm_mv": -72.6852264404297,
    "specimen_id": 327962063,
    "stimulus_absolute_amplitude": 9.99999996004197,
    "stimulus_description": "C1LSCOARSE150112[6]",
    "stimulus_duration": 0.999995,
    "stimulus_interval": 0.0,
    "stimulus_name": "Long Square",
    "stimulus_relative_amplitude": 1.0,
    "stimulus_start_time": 0.92,
    "stimulus_units": "pA",
    "sweep_number": 26,
    "vm_delta_mv": 0.359855651855469
  },
  {
    "bridge_balance_mohm": 17.3992671966553,
    "id": 396401358,
    "leak_pa": 0.0,
    "num_spikes": 1,
    "peak_deflection": 0.0,
    "post_noise_rms_mv": 0.0389651693403721,
    "post_vm_mv": -73.3207321166992,
    "pre_noise_rms_mv": 0.0359148494899273,
    "pre_vm_mv": -72.8356094360352,
    "slow_noise_rms_mv": 0.399489760398865,
    "slow_vm_mv": -72.8356094360352,
    "specimen_id": 327962063,
    "stimulus_absolute_amplitude": 400.000005340573,
    "stimulus_description": "C1SSCOARSE150112[3]",
    "stimulus_duration": 0.002995,
    "stimulus_interval": 0.0,
    "stimulus_name": "Short Square",
    "stimulus_relative_amplitude": 1.0,
    "stimulus_start_time": 0.92,
    "stimulus_units": "pA",
    "sweep_number": 10,
    "vm_delta_mv": 0.485122680664062
  },
  {
    "bridge_balance_mohm": 17.3992671966553,
    "id": 396401429,
    "leak_pa": 0.0,
    "num_spikes": 92,
    "peak_deflection": 0.0,
    "post_noise_rms_mv": 0.0356368757784367,
    "post_vm_mv": -74.2555313110352,
    "pre_noise_rms_mv": 0.0378278493881226,
    "pre_vm_mv": -73.6626358032227,
    "slow_noise_rms_mv": 0.436034888029099,
    "slow_vm_mv": -73.6626358032227,
    "specimen_id": 327962063,
    "stimulus_absolute_amplitude": 117.875001426349,
    "stimulus_description": "C1NSSEED_2150112[0]",
    "stimulus_duration": 18.999995,
    "stimulus_interval": 5.0,
    "stimulus_name": "Noise 2",
    "stimulus_relative_amplitude": 0.5,
    "stimulus_start_time": 1.92,
    "stimulus_units": "pA",
    "sweep_number": 41,
    "vm_delta_mv": 0.5928955078125
  },
  {
    "bridge_balance_mohm": 17.3992671966553,
    "id": 396401396,
    "leak_pa": 0.0,
    "num_spikes": 0,
    "peak_deflection": -59.0,
    "post_noise_rms_mv": 0.0436035618185997,
    "post_vm_mv": -73.5108184814453,
    "pre_noise_rms_mv": 0.0435684472322464,
    "pre_vm_mv": -73.1699295043945,
    "slow_noise_rms_mv": 0.184447482228279,
    "slow_vm_mv": -73.1699295043945,
    "specimen_id": 327962063,
    "stimulus_absolute_amplitude": 29.9999990127642,
    "stimulus_description": "C1LSCOARSE150112[7]",
    "stimulus_duration": 0.999995,
    "stimulus_interval": 0.0,
    "stimulus_name": "Long Square",
    "stimulus_relative_amplitude": 1.0,
    "stimulus_start_time": 0.92,
    "stimulus_units": "pA",
    "sweep_number": 27,
    "vm_delta_mv": 0.340888977050781
  },
  {
    "bridge_balance_mohm": 17.3992671966553,
    "id": 396401461,
    "leak_pa": 0.0,
    "num_spikes": 0,
    "peak_deflection": 0.0,
    "post_noise_rms_mv": 0.0394142866134644,
    "post_vm_mv": -73.7737808227539,
    "pre_noise_rms_mv": 0.0423250086605549,
    "pre_vm_mv": -73.1795196533203,
    "slow_noise_rms_mv": 0.459351807832718,
    "slow_vm_mv": -73.1795196533203,
    "specimen_id": 327962063,
    "stimulus_absolute_amplitude": 200.000002670286,
    "stimulus_description": "C1SSCOARSE150112[1]",
    "stimulus_duration": 0.002995,
    "stimulus_interval": 0.0,
    "stimulus_name": "Short Square",
    "stimulus_relative_amplitude": 1.0,
    "stimulus_start_time": 0.92,
    "stimulus_units": "pA",
    "sweep_number": 8,
    "vm_delta_mv": 0.594261169433594
  },
  {
    "bridge_balance_mohm": 17.3992671966553,
    "id": 396401366,
    "leak_pa": 0.0,
    "num_spikes": 0,
    "peak_deflection": 0.0,
    "post_noise_rms_mv": 0.0338290669023991,
    "post_vm_mv": -73.2265548706055,
    "pre_noise_rms_mv": 0.0400103591382504,
    "pre_vm_mv": -73.4603424072266,
    "slow_noise_rms_mv": 0.212990880012512,
    "slow_vm_mv": -73.4603424072266,
    "specimen_id": 327962063,
    "stimulus_absolute_amplitude": 380.000003685765,
    "stimulus_description": "C1SSFINEST150112[0]",
    "stimulus_duration": 0.002995,
    "stimulus_interval": 0.0,
    "stimulus_name": "Short Square",
    "stimulus_relative_amplitude": 3.8,
    "stimulus_start_time": 0.92,
    "stimulus_units": "pA",
    "sweep_number": 14,
    "vm_delta_mv": 0.233787536621094
  },
  {
    "bridge_balance_mohm": 17.3992671966553,
    "id": 396401431,
    "leak_pa": 0.0,
    "num_spikes": 91,
    "peak_deflection": 0.0,
    "post_noise_rms_mv": 0.0552062951028347,
    "post_vm_mv": -74.4472122192383,
    "pre_noise_rms_mv": 0.0409925058484077,
    "pre_vm_mv": -74.0869216918945,
    "slow_noise_rms_mv": 0.156253591179848,
    "slow_vm_mv": -74.0869216918945,
    "specimen_id": 327962063,
    "stimulus_absolute_amplitude": 115.874997097531,
    "stimulus_description": "C1NSSEED_1150112[0]",
    "stimulus_duration": 18.999995,
    "stimulus_interval": 5.0,
    "stimulus_name": "Noise 1",
    "stimulus_relative_amplitude": 0.5,
    "stimulus_start_time": 1.92,
    "stimulus_units": "pA",
    "sweep_number": 42,
    "vm_delta_mv": 0.36029052734375
  },
  {
    "bridge_balance_mohm": 17.3992671966553,
    "id": 396401445,
    "leak_pa": 0.0,
    "num_spikes": 0,
    "peak_deflection": 0.0,
    "post_noise_rms_mv": 0.0353437140583992,
    "post_vm_mv": -74.7017974853516,
    "pre_noise_rms_mv": 0.0603636093437672,
    "pre_vm_mv": -74.8432998657227,
    "slow_noise_rms_mv": 0.499462157487869,
    "slow_vm_mv": -74.8432998657227,
    "specimen_id": 327962063,
    "stimulus_absolute_amplitude": -200.000002670286,
    "stimulus_description": "C1SQCAPCHK141203[0]",
    "stimulus_duration": 7.819995,
    "stimulus_interval": 0.2,
    "stimulus_name": "Square - 0.5ms Subthreshold",
    "stimulus_relative_amplitude": 1.0,
    "stimulus_start_time": 0.12,
    "stimulus_units": "pA",
    "sweep_number": 49,
    "vm_delta_mv": 0.141502380371094
  },
  {
    "bridge_balance_mohm": 17.3992671966553,
    "id": 396401415,
    "leak_pa": 0.0,
    "num_spikes": 70,
    "peak_deflection": 0.0,
    "post_noise_rms_mv": 0.0402190163731575,
    "post_vm_mv": -73.1614608764648,
    "pre_noise_rms_mv": 0.0436307452619076,
    "pre_vm_mv": -72.5563812255859,
    "slow_noise_rms_mv": 0.179096758365631,
    "slow_vm_mv": -72.5563812255859,
    "specimen_id": 327962063,
    "stimulus_absolute_amplitude": 190.000001842883,
    "stimulus_description": "C1LSCOARSE150112[15]",
    "stimulus_duration": 0.999995,
    "stimulus_interval": 0.0,
    "stimulus_name": "Long Square",
    "stimulus_relative_amplitude": 1.0,
    "stimulus_start_time": 0.92,
    "stimulus_units": "pA",
    "sweep_number": 35,
    "vm_delta_mv": 0.605079650878906
  },
  {
    "bridge_balance_mohm": 17.3992671966553,
    "id": 396401423,
    "leak_pa": 0.0,
    "num_spikes": 10,
    "peak_deflection": 0.0,
    "post_noise_rms_mv": 0.038547907024622,
    "post_vm_mv": -74.3904495239258,
    "pre_noise_rms_mv": 0.0393705703318119,
    "pre_vm_mv": -74.0286865234375,
    "slow_noise_rms_mv": 0.220718652009964,
    "slow_vm_mv": -74.0286865234375,
    "specimen_id": 327962063,
    "stimulus_absolute_amplitude": 50.0000006675716,
    "stimulus_description": "C1LSFINEST150112[0]",
    "stimulus_duration": 0.999995,
    "stimulus_interval": 0.0,
    "stimulus_name": "Long Square",
    "stimulus_relative_amplitude": 0.5,
    "stimulus_start_time": 0.92,
    "stimulus_units": "pA",
    "sweep_number": 39,
    "vm_delta_mv": 0.361763000488281
  },
  {
    "bridge_balance_mohm": 17.3992671966553,
    "id": 396401388,
    "leak_pa": 0.0,
    "num_spikes": 0,
    "peak_deflection": -84.6875,
    "post_noise_rms_mv": 0.0463063456118107,
    "post_vm_mv": -72.505500793457,
    "pre_noise_rms_mv": 0.0422982424497604,
    "pre_vm_mv": -72.7414321899414,
    "slow_noise_rms_mv": 0.237268313765526,
    "slow_vm_mv": -72.7414321899414,
    "specimen_id": 327962063,
    "stimulus_absolute_amplitude": -29.9999990127642,
    "stimulus_description": "C1LSCOARSE150112[4]",
    "stimulus_duration": 0.999995,
    "stimulus_interval": 0.0,
    "stimulus_name": "Long Square",
    "stimulus_relative_amplitude": 1.0,
    "stimulus_start_time": 0.92,
    "stimulus_units": "pA",
    "sweep_number": 24,
    "vm_delta_mv": 0.235931396484375
  },
  {
    "bridge_balance_mohm": 17.3992671966553,
    "id": 396401409,
    "leak_pa": 0.0,
    "num_spikes": 51,
    "peak_deflection": 0.0,
    "post_noise_rms_mv": 0.0419513322412968,
    "post_vm_mv": -74.0554504394531,
    "pre_noise_rms_mv": 0.0422920510172844,
    "pre_vm_mv": -74.1785430908203,
    "slow_noise_rms_mv": 0.169220715761185,
    "slow_vm_mv": -74.1785430908203,
    "specimen_id": 327962063,
    "stimulus_absolute_amplitude": 129.99999687846,
    "stimulus_description": "C1LSCOARSE150112[12]",
    "stimulus_duration": 0.999995,
    "stimulus_interval": 0.0,
    "stimulus_name": "Long Square",
    "stimulus_relative_amplitude": 1.0,
    "stimulus_start_time": 0.92,
    "stimulus_units": "pA",
    "sweep_number": 32,
    "vm_delta_mv": 0.123092651367188
  },
  {
    "bridge_balance_mohm": 17.3992671966553,
    "id": 396401411,
    "leak_pa": 0.0,
    "num_spikes": 60,
    "peak_deflection": 0.0,
    "post_noise_rms_mv": 0.0374901629984379,
    "post_vm_mv": -73.5482711791992,
    "pre_noise_rms_mv": 0.0426255501806736,
    "pre_vm_mv": -73.8905563354492,
    "slow_noise_rms_mv": 0.175080493092537,
    "slow_vm_mv": -73.8905563354492,
    "specimen_id": 327962063,
    "stimulus_absolute_amplitude": 149.999998533268,
    "stimulus_description": "C1LSCOARSE150112[13]",
    "stimulus_duration": 0.999995,
    "stimulus_interval": 0.0,
    "stimulus_name": "Long Square",
    "stimulus_relative_amplitude": 1.0,
    "stimulus_start_time": 0.92,
    "stimulus_units": "pA",
    "sweep_number": 33,
    "vm_delta_mv": 0.34228515625
  },
  {
    "bridge_balance_mohm": 17.3992671966553,
    "id": 396401382,
    "leak_pa": 0.0,
    "num_spikes": 0,
    "peak_deflection": -99.90625,
    "post_noise_rms_mv": 0.0370336286723614,
    "post_vm_mv": -73.3561172485352,
    "pre_noise_rms_mv": 0.0416787937283516,
    "pre_vm_mv": -73.0294189453125,
    "slow_noise_rms_mv": 0.312815338373184,
    "slow_vm_mv": -73.0294189453125,
    "specimen_id": 327962063,
    "stimulus_absolute_amplitude": -90.0000005077395,
    "stimulus_description": "C1LSCOARSE150112[1]",
    "stimulus_duration": 0.999995,
    "stimulus_interval": 0.0,
    "stimulus_name": "Long Square",
    "stimulus_relative_amplitude": 1.0,
    "stimulus_start_time": 0.92,
    "stimulus_units": "pA",
    "sweep_number": 21,
    "vm_delta_mv": 0.326698303222656
  },
  {
    "bridge_balance_mohm": 17.3992671966553,
    "id": 396401362,
    "leak_pa": 0.0,
    "num_spikes": 0,
    "peak_deflection": 0.0,
    "post_noise_rms_mv": 0.0395694226026535,
    "post_vm_mv": -73.6478118896484,
    "pre_noise_rms_mv": 0.0431489758193493,
    "pre_vm_mv": -73.3617706298828,
    "slow_noise_rms_mv": 0.394831657409668,
    "slow_vm_mv": -73.3617706298828,
    "specimen_id": 327962063,
    "stimulus_absolute_amplitude": 370.000002858362,
    "stimulus_description": "C1SSFINEST150112[0]",
    "stimulus_duration": 0.002995,
    "stimulus_interval": 0.0,
    "stimulus_name": "Short Square",
    "stimulus_relative_amplitude": 3.7,
    "stimulus_start_time": 0.92,
    "stimulus_units": "pA",
    "sweep_number": 12,
    "vm_delta_mv": 0.286041259765625
  },
  {
    "bridge_balance_mohm": 17.3992671966553,
    "id": 396401449,
    "leak_pa": 0.0,
    "num_spikes": 0,
    "peak_deflection": 0.0,
    "post_noise_rms_mv": 0.0405024960637093,
    "post_vm_mv": -74.0273895263672,
    "pre_noise_rms_mv": 0.0496247969567776,
    "pre_vm_mv": -74.1876983642578,
    "slow_noise_rms_mv": 0.433992981910706,
    "slow_vm_mv": -74.1876983642578,
    "specimen_id": 327962063,
    "stimulus_absolute_amplitude": -200.000002670286,
    "stimulus_description": "C1SQCAPCHK141203[0]",
    "stimulus_duration": 7.819995,
    "stimulus_interval": 0.2,
    "stimulus_name": "Square - 0.5ms Subthreshold",
    "stimulus_relative_amplitude": 1.0,
    "stimulus_start_time": 0.12,
    "stimulus_units": "pA",
    "sweep_number": 50,
    "vm_delta_mv": 0.160308837890625
  },
  {
    "bridge_balance_mohm": 17.3992671966553,
    "id": 396401459,
    "leak_pa": 0.0,
    "num_spikes": 0,
    "peak_deflection": 0.0,
    "post_noise_rms_mv": 0.0402033850550652,
    "post_vm_mv": -74.6376419067383,
    "pre_noise_rms_mv": 0.0473925992846489,
    "pre_vm_mv": -74.6459121704102,
    "slow_noise_rms_mv": 0.193868413567543,
    "slow_vm_mv": -74.6459121704102,
    "specimen_id": 327962063,
    "stimulus_absolute_amplitude": 100.000001335143,
    "stimulus_description": "C1SSCOARSE150112[0]",
    "stimulus_duration": 0.002995,
    "stimulus_interval": 0.0,
    "stimulus_name": "Short Square",
    "stimulus_relative_amplitude": 1.0,
    "stimulus_start_time": 0.92,
    "stimulus_units": "pA",
    "sweep_number": 7,
    "vm_delta_mv": 0.008270263671875
  },
  {
    "bridge_balance_mohm": 0.0,
    "id": 396401348,
    "leak_pa": 0.0,
    "num_spikes": 0,
    "peak_deflection": 0.0,
    "post_noise_rms_mv": 0.0,
    "post_vm_mv": 0.0,
    "pre_noise_rms_mv": 0.0,
    "pre_vm_mv": 0.0,
    "slow_noise_rms_mv": 0.0,
    "slow_vm_mv": 0.0,
    "specimen_id": 327962063,
    "stimulus_absolute_amplitude": 9.99999977648258,
    "stimulus_description": "EXTPSMOKET141203[0]",
    "stimulus_duration": 0.069995,
    "stimulus_interval": 0.05,
    "stimulus_name": "Test",
    "stimulus_relative_amplitude": 1.0,
    "stimulus_start_time": 0.03,
    "stimulus_units": "mV",
    "sweep_number": 0,
    "vm_delta_mv": 0.0
  },
  {
    "bridge_balance_mohm": 17.3992671966553,
    "id": 396401374,
    "leak_pa": 0.0,
    "num_spikes": 0,
    "peak_deflection": 0.0,
    "post_noise_rms_mv": 0.0394272319972515,
    "post_vm_mv": -73.8630981445312,
    "pre_noise_rms_mv": 0.0401509739458561,
    "pre_vm_mv": -73.8368530273438,
    "slow_noise_rms_mv": 0.213877722620964,
    "slow_vm_mv": -73.8368530273438,
    "specimen_id": 327962063,
    "stimulus_absolute_amplitude": 390.000004513169,
    "stimulus_description": "C1SSFINEST150112[0]",
    "stimulus_duration": 0.002995,
    "stimulus_interval": 0.0,
    "stimulus_name": "Short Square",
    "stimulus_relative_amplitude": 3.9,
    "stimulus_start_time": 0.92,
    "stimulus_units": "pA",
    "sweep_number": 18,
    "vm_delta_mv": 0.0262451171875
  },
  {
    "bridge_balance_mohm": 0.0,
    "id": 396401451,
    "leak_pa": 0.0,
    "num_spikes": 0,
    "peak_deflection": 0.0,
    "post_noise_rms_mv": 0.0,
    "post_vm_mv": 0.0,
    "pre_noise_rms_mv": 0.0,
    "pre_vm_mv": 0.0,
    "slow_noise_rms_mv": 0.0,
    "slow_vm_mv": 0.0,
    "specimen_id": 327962063,
    "stimulus_absolute_amplitude": 9.99999977648258,
    "stimulus_description": "EXTPEXPEND141203[0]",
    "stimulus_duration": 0.069995,
    "stimulus_interval": 0.05,
    "stimulus_name": "Test",
    "stimulus_relative_amplitude": 1.0,
    "stimulus_start_time": 0.03,
    "stimulus_units": "mV",
    "sweep_number": 51,
    "vm_delta_mv": 0.0
  },
  {
    "bridge_balance_mohm": 17.3992671966553,
    "id": 396401360,
    "leak_pa": 0.0,
    "num_spikes": 0,
    "peak_deflection": 0.0,
    "post_noise_rms_mv": 0.0406721867620945,
    "post_vm_mv": -72.3579711914062,
    "pre_noise_rms_mv": 0.0379241183400154,
    "pre_vm_mv": -72.275764465332,
    "slow_noise_rms_mv": 0.254204511642456,
    "slow_vm_mv": -72.275764465332,
    "specimen_id": 327962063,
    "stimulus_absolute_amplitude": 350.000001203554,
    "stimulus_description": "C1SSFINEST150112[0]",
    "stimulus_duration": 0.002995,
    "stimulus_interval": 0.0,
    "stimulus_name": "Short Square",
    "stimulus_relative_amplitude": 3.5,
    "stimulus_start_time": 0.92,
    "stimulus_units": "pA",
    "sweep_number": 11,
    "vm_delta_mv": 0.0822067260742188
  },
  {
    "bridge_balance_mohm": 0.0,
    "id": 396401378,
    "leak_pa": 0.0,
    "num_spikes": 0,
    "peak_deflection": 0.0,
    "post_noise_rms_mv": 0.0,
    "post_vm_mv": 0.0,
    "pre_noise_rms_mv": 0.0,
    "pre_vm_mv": 0.0,
    "slow_noise_rms_mv": 0.0,
    "slow_vm_mv": 0.0,
    "specimen_id": 327962063,
    "stimulus_absolute_amplitude": 9.99999977648258,
    "stimulus_description": "EXTPCllATT141203[0]",
    "stimulus_duration": 0.069995,
    "stimulus_interval": 0.05,
    "stimulus_name": "Test",
    "stimulus_relative_amplitude": 1.0,
    "stimulus_start_time": 0.03,
    "stimulus_units": "mV",
    "sweep_number": 2,
    "vm_delta_mv": 0.0
  },
  {
    "bridge_balance_mohm": 17.3992671966553,
    "id": 396401400,
    "leak_pa": 0.0,
    "num_spikes": 23,
    "peak_deflection": 0.0,
    "post_noise_rms_mv": 0.0432318300008774,
    "post_vm_mv": -73.3090896606445,
    "pre_noise_rms_mv": 0.0403127670288086,
    "pre_vm_mv": -73.3610382080078,
    "slow_noise_rms_mv": 0.26824814081192,
    "slow_vm_mv": -73.3610382080078,
    "specimen_id": 327962063,
    "stimulus_absolute_amplitude": 69.9999988529321,
    "stimulus_description": "C1LSCOARSE150112[9]",
    "stimulus_duration": 0.999995,
    "stimulus_interval": 0.0,
    "stimulus_name": "Long Square",
    "stimulus_relative_amplitude": 1.0,
    "stimulus_start_time": 0.92,
    "stimulus_units": "pA",
    "sweep_number": 29,
    "vm_delta_mv": 0.0519485473632812
  },
  {
    "bridge_balance_mohm": 17.3992671966553,
    "id": 396401433,
    "leak_pa": 0.0,
    "num_spikes": 93,
    "peak_deflection": 0.0,
    "post_noise_rms_mv": 0.0392284989356995,
    "post_vm_mv": -73.1580123901367,
    "pre_noise_rms_mv": 0.04049251973629,
    "pre_vm_mv": -72.4693756103516,
    "slow_noise_rms_mv": 0.343960732221603,
    "slow_vm_mv": -72.4693756103516,
    "specimen_id": 327962063,
    "stimulus_absolute_amplitude": 117.875001426349,
    "stimulus_description": "C1NSSEED_2150112[0]",
    "stimulus_duration": 18.999995,
    "stimulus_interval": 5.0,
    "stimulus_name": "Noise 2",
    "stimulus_relative_amplitude": 0.5,
    "stimulus_start_time": 1.92,
    "stimulus_units": "pA",
    "sweep_number": 43,
    "vm_delta_mv": 0.688636779785156
  }
]