{"id":472352327,"name":"Biophysical - perisomatic_Htr3a-Cre_NO152;Ai14(IVSCC)-175482.03.02.01","neuronal_model_template_id":329230710,"specimen_id":327962063,"well_known_files":[{"attachable_id":472352327,"attachable_type":"NeuronalModel","download_link":"/api/v2/well_known_file_download/475326439","id":475326439,"path":"/external/mousecelltypes/prod295/neuronal_model_472352327/472352327_fit.json","well_known_file_type_id":329230374,"well_known_file_type":{"id":329230374,"name":"NeuronalModelParameters"}}],"neuronal_model_template":{"description":"Biophys neuronal model template","id":329230710,"name":"Biophysical - perisomatic","well_known_files":[{"attachable_id":305094322,"attachable_type":"Product","download_link":"/api/v2/well_known_file_download/395337062","id":395337062,"path":"/external/mousecelltypes/prod210/project_in vitro Single Cell Characterization_T301/Kv3_1.mod","well_known_file_type_id":292178729,"well_known_file_type":{"id":292178729,"name":"BiophysicalModelDescription"}},{"attachable_id":305094322,"attachable_type":"Product","download_link":"/api/v2/well_known_file_download/395337293","id":395337293,"path":"/external/mousecelltypes/prod210/project_in vitro Single Cell Characterization_T301/SK.mod","well_known_file_type_id":292178729,"well_known_file_type":{"id":292178729,"name":"BiophysicalModelDescription"}},{"attachable_id":305094322,"attachable_type":"Product","download_link":"/api/v2/well_known_file_download/395337054","id":395337054,"path":"/external/mousecelltypes/prod210/project_in vitro Single Cell Characterization_T301/Kd.mod","well_known_file_type_id":292178729,"well_known_file_type":{"id":292178729,"name":"BiophysicalModelDescription"}},{"attachable_id":305094322,"attachable_type":"Product","download_link":"/api/v2/well_known_file_download/395337070","id":395337070,"path":"/external/mousecelltypes/prod210/project_in vitro Single Cell Characterization_T301/NaTa.mod","well_known_file_type_id":292178729,"well_known_file_type":{"id":292178729,"name":"BiophysicalModelDescription"}},{"attachable_id":305094322,"attachable_type":"Product","download_link":"/api/v2/well_known_file_download/395337225","id":395337225,"path":"/external/mousecelltypes/prod210/project_in vitro Single Cell Characterization_T301/NaTs.mod","well_known_file_type_id":292178729,"well_known_file_type":{"id":292178729,"name":"BiophysicalModelDescription"}},{"attachable_id":305094322,"attachable_type":"Product","download_link":"/api/v2/well_known_file_download/395337019","id":395337019,"path":"/external/mousecelltypes/prod210/project_in vitro Single Cell Characterization_T301/Im.mod","well_known_file_type_id":292178729,"well_known_file_type":{"id":292178729,"name":"BiophysicalModelDescription"}},{"attachable_id":305094322,"attachable_type":"Product","download_link":"/api/v2/well_known_file_download/395337003","id":395337003,"path":"/external/mousecelltypes/prod210/project_in vitro Single Cell Characterization_T301/Ca_HVA.mod","well_known_file_type_id":292178729,"well_known_file_type":{"id":292178729,"name":"BiophysicalModelDescription"}},{"attachable_id":305094322,"attachable_type":"Product","download_link":"/api/v2/well_known_file_download/395337050","id":395337050,"path":"/external/mousecelltypes/prod210/project_in vitro Single Cell Characterization_T301/K_T.mod","well_known_file_type_id":292178729,"well_known_file_type":{"id":292178729,"name":"BiophysicalModelDescription"}},{"attachable_id":305094322,"attachable_type":"Product","download_link":"/api/v2/well_known_file_download/395337042","id":395337042,"path":"/external/mousecelltypes/prod210/project_in vitro Single Cell Characterization_T301/Im_v2.mod","well_known_file_type_id":292178729,"well_known_file_type":{"id":292178729,"name":"BiophysicalModelDescription"}},{"attachable_id":305094322,"attachable_type":"Product","download_link":"/api/v2/well_known_file_download/395337058","id":395337058,"path":"/external/mousecelltypes/prod210/project_in vitro Single Cell Characterization_T301/Kv2like.mod","well_known_file_type_id":292178729,"well_known_file_type":{"id":292178729,"name":"BiophysicalModelDescription"}},{"attachable_id":305094322,"attachable_type":"Product","download_link":"/api/v2/well_known_file_download/395337011","id":395337011,"path":"/external/mousecelltypes/prod210/project_in vitro Single Cell Characterization_T301/CaDynamics.mod","well_known_file_type_id":292178729,"well_known_file_type":{"id":292178729,"name":"BiophysicalModelDescription"}},{"attachable_id":305094322,"attachable_type":"Product","download_link":"/api/v2/well_known_file_download/395337046","id":395337046,"path":"/external/mousecelltypes/prod210/project_in vitro Single Cell Characterization_T301/K_P.mod","well_known_file_type_id":292178729,"well_known_file_type":{"id":292178729,"name":"BiophysicalModelDescription"}},{"attachable_id":305094322,"attachable_type":"Product","download_link":"/api/v2/well_known_file_download/395337015","id":395337015,"path":"/external/mousecelltypes/prod210/project_in vitro Single Cell Characterization_T301/Ih.mod","well_known_file_type_id":292178729,"well_known_file_type":{"id":292178729,"name":"BiophysicalModelDescription"}},{"attachable_id":305094322,"attachable_type":"Product","download_link":"/api/v2/well_known_file_download/395337066","id":395337066,"path":"/external/mousecelltypes/prod210/project_in vitro Single Cell Characterization_T301/Nap.mod","well_known_file_type_id":292178729,"well_known_file_type":{"id":292178729,"name":"BiophysicalModelDescription"}},{"attachable_id":305094322,"attachable_type":"Product","download_link":"/api/v2/well_known_file_download/464138096","id":464138096,"path":"/external/mousecelltypes/prod251/project_in vitro Single Cell Characterization_T301/NaV.mod","well_known_file_type_id":292178729,"well_known_file_type":{"id":292178729,"name":"BiophysicalModelDescription"}},{"attachable_id":305094322,"attachable_type":"Product","download_link":"/api/v2/well_known_file_download/395337007","id":395337007,"path":"/external/mousecelltypes/prod210/project_in vitro Single Cell Characterization_T301/Ca_LVA.mod","well_known_file_type_id":292178729,"well_known_file_type":{"id":292178729,"name":"BiophysicalModelDescription"}}]},"specimen":{"donor_id":325632898,"ephys_result_id":327962061,"external_specimen_name":null,"failed_facet":734881840,"hemisphere":"right","id":327962063,"is_cell_specimen":true,"is_ish":false,"name":"Htr3a-Cre_NO152;Ai14(IVSCC)-175482.03.02.01","parent_id":327934121,"parent_x_coord":0,"parent_y_coord":0,"parent_z_coord":1,"rna_integrity_number":null,"specimen_id_path":"/325632900/327933900/327934121/327962063/","sphinx_id":47816,"structure_id":821,"tissue_ph":null,"weight":9000,"neuron_reconstructions":[{"average_bifurcation_angle_local":73.2733,"average_bifurcation_angle_remote":77.2052,"average_contraction":0.86501,"average_diameter":0.346217,"average_fragmentation":42.875,"average_parent_daughter_ratio":0.878456,"hausdorff_dimension":1.07787,"id":475124358,"max_branch_order":6.0,"max_euclidean_distance":265.231,"max_path_distance":315.414,"number_bifurcations":19,"number_branches":40,"number_nodes":1756,"number_stems":4,"number_tips":22,"overall_depth":99.2967,"overall_height":424.087,"overall_width":269.298,"scale_factor_x":0.1144,"scale_factor_y":0.1144,"scale_factor_z":0.28,"soma_surface":323.629,"specimen_id":327962063,"tags":"3D Neuron Reconstruction morphology","total_length":2103.66,"total_surface":2286.05,"total_volume":218.921,"well_known_files":[{"attachable_id":475124358,"attachable_type":"NeuronReconstruction","download_link":"/api/v2/well_known_file_download/475124360","id":475124360,"path":"/external/mousecelltypes/prod237/specimen_327962063/Htr3a-Cre_NO152_Ai14_IVSCC_-175482.03.02.01_475124358_m.swc","well_known_file_type_id":303941301,"well_known_file_type":{"id":303941301,"name":"3DNeuronReconstruction"}}]}]}}