[
  {
    "bridge_balance_mohm": 20.0244197845459,
    "id": 471799065,
    "leak_pa": 0.0,
    "num_spikes": 0,
    "peak_deflection": 0.0,
    "post_noise_rms_mv": 0.0426096431910992,
    "post_vm_mv": -71.6881713867188,
    "pre_noise_rms_mv": 0.044989388436079,
    "pre_vm_mv": -71.0618362426758,
    "slow_noise_rms_mv": 0.381101340055466,
    "slow_vm_mv": -71.0618362426758,
    "specimen_id": 471789504,
    "stimulus_absolute_amplitude": 549.999989996053,
    "stimulus_description": "C1SSFINEST150112[0]",
    "stimulus_duration": 0.002995,
    "stimulus_interval": 0.0,
    "stimulus_name": "Short Square",
    "stimulus_relative_amplitude": 5.5,
    "stimulus_start_time": 0.92,
    "stimulus_units": "pA",
    "sweep_number": 23,
    "vm_delta_mv": 0.626335144042969
  },
  {
    "bridge_balance_mohm": 20.0244197845459,
    "id": 471799246,
    "leak_pa": 0.0,
    "num_spikes": 0,
    "peak_deflection": 0.0,
    "post_noise_rms_mv": 0.0367829278111458,
    "post_vm_mv": -71.7384414672852,
    "pre_noise_rms_mv": 0.0514992251992226,
    "pre_vm_mv": -71.6349716186523,
    "slow_noise_rms_mv": 0.12505304813385,
    "slow_vm_mv": -71.6349716186523,
    "specimen_id": 471789504,
    "stimulus_absolute_amplitude": 200.000002670286,
    "stimulus_description": "C1SSCOARSE150112[1]",
    "stimulus_duration": 0.002995,
    "stimulus_interval": 0.0,
    "stimulus_name": "Short Square",
    "stimulus_relative_amplitude": 1.0,
    "stimulus_start_time": 0.92,
    "stimulus_units": "pA",
    "sweep_number": 8,
    "vm_delta_mv": 0.103469848632812
  },
  {
    "bridge_balance_mohm": 20.0244197845459,
    "id": 471799153,
    "leak_pa": 0.0,
    "num_spikes": 0,
    "peak_deflection": -38.375,
    "post_noise_rms_mv": 0.0469328314065933,
    "post_vm_mv": -71.3692779541016,
    "pre_noise_rms_mv": 0.04049002379179,
    "pre_vm_mv": -71.1374588012695,
    "slow_noise_rms_mv": 0.0813757702708244,
    "slow_vm_mv": -71.1374588012695,
    "specimen_id": 471789504,
    "stimulus_absolute_amplitude": 139.999997705864,
    "stimulus_description": "C1LSFINEST150112[0]",
    "stimulus_duration": 0.999995,
    "stimulus_interval": 0.0,
    "stimulus_name": "Long Square",
    "stimulus_relative_amplitude": 1.4,
    "stimulus_start_time": 0.92,
    "stimulus_units": "pA",
    "sweep_number": 51,
    "vm_delta_mv": 0.231819152832031
  },
  {
    "bridge_balance_mohm": 20.0244197845459,
    "id": 471799209,
    "leak_pa": 0.0,
    "num_spikes": 70,
    "peak_deflection": 0.0,
    "post_noise_rms_mv": 0.0441866815090179,
    "post_vm_mv": -72.0582656860352,
    "pre_noise_rms_mv": 0.0511185638606548,
    "pre_vm_mv": -71.4092864990234,
    "slow_noise_rms_mv": 0.0805849134922028,
    "slow_vm_mv": -71.4092864990234,
    "specimen_id": 471789504,
    "stimulus_absolute_amplitude": 353.624990401258,
    "stimulus_description": "C1NSSEED_2150216[0]",
    "stimulus_duration": 18.999995,
    "stimulus_interval": 5.0,
    "stimulus_name": "Noise 2",
    "stimulus_relative_amplitude": 1.5,
    "stimulus_start_time": 1.92,
    "stimulus_units": "pA",
    "sweep_number": 60,
    "vm_delta_mv": 0.648979187011719
  },
  {
    "bridge_balance_mohm": 0.0,
    "id": 471799243,
    "leak_pa": 0.0,
    "num_spikes": 0,
    "peak_deflection": 0.0,
    "post_noise_rms_mv": 0.0330068655312061,
    "post_vm_mv": 1.04180002212524,
    "pre_noise_rms_mv": 0.0399189442396164,
    "pre_vm_mv": 1.04579055309296,
    "slow_noise_rms_mv": 0.0396789684891701,
    "slow_vm_mv": 1.04579055309296,
    "specimen_id": 471789504,
    "stimulus_absolute_amplitude": 0.0,
    "stimulus_description": "EXTPBLWOUT141203[0]",
    "stimulus_duration": 0.0,
    "stimulus_interval": 0.0,
    "stimulus_name": "Test",
    "stimulus_relative_amplitude": 1.0,
    "stimulus_start_time": 0.0,
    "stimulus_units": "pA",
    "sweep_number": 70,
    "vm_delta_mv": 0.0039905309677124
  },
  {
    "bridge_balance_mohm": 20.0244197845459,
    "id": 471799156,
    "leak_pa": 0.0,
    "num_spikes": 1,
    "peak_deflection": 0.0,
    "post_noise_rms_mv": 0.0422216914594173,
    "post_vm_mv": -71.3617706298828,
    "pre_noise_rms_mv": 0.0474405661225319,
    "pre_vm_mv": -70.9849624633789,
    "slow_noise_rms_mv": 0.111363753676414,
    "slow_vm_mv": -70.9849624633789,
    "specimen_id": 471789504,
    "stimulus_absolute_amplitude": 149.999998533268,
    "stimulus_description": "C1LSFINEST150112[0]",
    "stimulus_duration": 0.999995,
    "stimulus_interval": 0.0,
    "stimulus_name": "Long Square",
    "stimulus_relative_amplitude": 1.5,
    "stimulus_start_time": 0.92,
    "stimulus_units": "pA",
    "sweep_number": 52,
    "vm_delta_mv": 0.376808166503906
  },
  {
    "bridge_balance_mohm": 20.0244197845459,
    "id": 471799057,
    "leak_pa": 0.0,
    "num_spikes": 1,
    "peak_deflection": 0.0,
    "post_noise_rms_mv": 0.0413365811109543,
    "post_vm_mv": -71.2516860961914,
    "pre_noise_rms_mv": 0.0388087593019009,
    "pre_vm_mv": -71.2171325683594,
    "slow_noise_rms_mv": 0.146569654345512,
    "slow_vm_mv": -71.2171325683594,
    "specimen_id": 471789504,
    "stimulus_absolute_amplitude": 549.999989996053,
    "stimulus_description": "C1SSFINEST150112[0]",
    "stimulus_duration": 0.002995,
    "stimulus_interval": 0.0,
    "stimulus_name": "Short Square",
    "stimulus_relative_amplitude": 5.5,
    "stimulus_start_time": 0.92,
    "stimulus_units": "pA",
    "sweep_number": 20,
    "vm_delta_mv": 0.0345535278320312
  },
  {
    "bridge_balance_mohm": 20.0244197845459,
    "id": 471799039,
    "leak_pa": 0.0,
    "num_spikes": 0,
    "peak_deflection": 0.0,
    "post_noise_rms_mv": 0.0443661957979202,
    "post_vm_mv": -71.7660522460938,
    "pre_noise_rms_mv": 0.0364785641431808,
    "pre_vm_mv": -71.4975509643555,
    "slow_noise_rms_mv": 0.0951764956116676,
    "slow_vm_mv": -71.4975509643555,
    "specimen_id": 471789504,
    "stimulus_absolute_amplitude": 529.999988341245,
    "stimulus_description": "C1SSFINEST150112[0]",
    "stimulus_duration": 0.002995,
    "stimulus_interval": 0.0,
    "stimulus_name": "Short Square",
    "stimulus_relative_amplitude": 5.3,
    "stimulus_start_time": 0.92,
    "stimulus_units": "pA",
    "sweep_number": 15,
    "vm_delta_mv": 0.268501281738281
  },
  {
    "bridge_balance_mohm": 20.0244197845459,
    "id": 471799133,
    "leak_pa": 0.0,
    "num_spikes": 6,
    "peak_deflection": 0.0,
    "post_noise_rms_mv": 0.039456345140934,
    "post_vm_mv": -71.0194473266602,
    "pre_noise_rms_mv": 0.0429817214608192,
    "pre_vm_mv": -70.9348068237305,
    "slow_noise_rms_mv": 0.103715479373932,
    "slow_vm_mv": -70.9348068237305,
    "specimen_id": 471789504,
    "stimulus_absolute_amplitude": 190.000001842883,
    "stimulus_description": "C1LSCOARSE150216[15]",
    "stimulus_duration": 0.999995,
    "stimulus_interval": 0.0,
    "stimulus_name": "Long Square",
    "stimulus_relative_amplitude": 1.0,
    "stimulus_start_time": 0.92,
    "stimulus_units": "pA",
    "sweep_number": 45,
    "vm_delta_mv": 0.0846405029296875
  },
  {
    "bridge_balance_mohm": 0.0,
    "id": 471799234,
    "leak_pa": 0.0,
    "num_spikes": 0,
    "peak_deflection": 0.0,
    "post_noise_rms_mv": 0.0,
    "post_vm_mv": 0.0,
    "pre_noise_rms_mv": 0.0,
    "pre_vm_mv": 0.0,
    "slow_noise_rms_mv": 0.0,
    "slow_vm_mv": 0.0,
    "specimen_id": 471789504,
    "stimulus_absolute_amplitude": 9.99999977648258,
    "stimulus_description": "EXTPEXPEND141203[0]",
    "stimulus_duration": 0.069995,
    "stimulus_interval": 0.05,
    "stimulus_name": "Test",
    "stimulus_relative_amplitude": 1.0,
    "stimulus_start_time": 0.03,
    "stimulus_units": "mV",
    "sweep_number": 68,
    "vm_delta_mv": 0.0
  },
  {
    "bridge_balance_mohm": 20.0244197845459,
    "id": 471799122,
    "leak_pa": 0.0,
    "num_spikes": 0,
    "peak_deflection": -43.40625,
    "post_noise_rms_mv": 0.0383665785193443,
    "post_vm_mv": -70.6634521484375,
    "pre_noise_rms_mv": 0.0365829728543758,
    "pre_vm_mv": -70.4308547973633,
    "slow_noise_rms_mv": 0.107044607400894,
    "slow_vm_mv": -70.4308547973633,
    "specimen_id": 471789504,
    "stimulus_absolute_amplitude": 110.000002162547,
    "stimulus_description": "C1LSCOARSE150216[11]",
    "stimulus_duration": 0.999995,
    "stimulus_interval": 0.0,
    "stimulus_name": "Long Square",
    "stimulus_relative_amplitude": 1.0,
    "stimulus_start_time": 0.92,
    "stimulus_units": "pA",
    "sweep_number": 41,
    "vm_delta_mv": 0.232597351074219
  },
  {
    "bridge_balance_mohm": 20.0244197845459,
    "id": 471799130,
    "leak_pa": 0.0,
    "num_spikes": 3,
    "peak_deflection": 0.0,
    "post_noise_rms_mv": 0.039883729070425,
    "post_vm_mv": -71.4753875732422,
    "pre_noise_rms_mv": 0.0435142442584038,
    "pre_vm_mv": -71.3254089355469,
    "slow_noise_rms_mv": 0.0915409252047539,
    "slow_vm_mv": -71.3254089355469,
    "specimen_id": 471789504,
    "stimulus_absolute_amplitude": 170.000000188075,
    "stimulus_description": "C1LSCOARSE150216[14]",
    "stimulus_duration": 0.999995,
    "stimulus_interval": 0.0,
    "stimulus_name": "Long Square",
    "stimulus_relative_amplitude": 1.0,
    "stimulus_start_time": 0.92,
    "stimulus_units": "pA",
    "sweep_number": 44,
    "vm_delta_mv": 0.149978637695312
  },
  {
    "bridge_balance_mohm": 20.0244197845459,
    "id": 471799150,
    "leak_pa": 0.0,
    "num_spikes": 28,
    "peak_deflection": 0.0,
    "post_noise_rms_mv": 0.0419804602861404,
    "post_vm_mv": -71.7497100830078,
    "pre_noise_rms_mv": 0.0436977595090866,
    "pre_vm_mv": -71.3352508544922,
    "slow_noise_rms_mv": 0.128789767622948,
    "slow_vm_mv": -71.3352508544922,
    "specimen_id": 471789504,
    "stimulus_absolute_amplitude": 289.999996239132,
    "stimulus_description": "C1LSCOARSE150216[20]",
    "stimulus_duration": 0.999995,
    "stimulus_interval": 0.0,
    "stimulus_name": "Long Square",
    "stimulus_relative_amplitude": 1.0,
    "stimulus_start_time": 0.92,
    "stimulus_units": "pA",
    "sweep_number": 50,
    "vm_delta_mv": 0.414459228515625
  },
  {
    "bridge_balance_mohm": 20.0244197845459,
    "id": 471799111,
    "leak_pa": 0.0,
    "num_spikes": 0,
    "peak_deflection": -57.125,
    "post_noise_rms_mv": 0.0400567874312401,
    "post_vm_mv": -70.0886764526367,
    "pre_noise_rms_mv": 0.0417939461767673,
    "pre_vm_mv": -70.3524780273438,
    "slow_noise_rms_mv": 0.0781045109033585,
    "slow_vm_mv": -70.3524780273438,
    "specimen_id": 471789504,
    "stimulus_absolute_amplitude": 50.0000006675716,
    "stimulus_description": "C1LSCOARSE150216[8]",
    "stimulus_duration": 0.999995,
    "stimulus_interval": 0.0,
    "stimulus_name": "Long Square",
    "stimulus_relative_amplitude": 1.0,
    "stimulus_start_time": 0.92,
    "stimulus_units": "pA",
    "sweep_number": 38,
    "vm_delta_mv": 0.263801574707031
  },
  {
    "bridge_balance_mohm": 0.0,
    "id": 471798992,
    "leak_pa": 0.0,
    "num_spikes": 0,
    "peak_deflection": 0.0,
    "post_noise_rms_mv": 0.0,
    "post_vm_mv": 0.0,
    "pre_noise_rms_mv": 0.0,
    "pre_vm_mv": 0.0,
    "slow_noise_rms_mv": 0.0,
    "slow_vm_mv": 0.0,
    "specimen_id": 471789504,
    "stimulus_absolute_amplitude": 9.99999977648258,
    "stimulus_description": "EXTPINBATH141203[0]",
    "stimulus_duration": 0.069995,
    "stimulus_interval": 0.05,
    "stimulus_name": "Test",
    "stimulus_relative_amplitude": 1.0,
    "stimulus_start_time": 0.03,
    "stimulus_units": "mV",
    "sweep_number": 1,
    "vm_delta_mv": 0.0
  },
  {
    "bridge_balance_mohm": 0.0,
    "id": 471799085,
    "leak_pa": 0.0,
    "num_spikes": 0,
    "peak_deflection": 0.0,
    "post_noise_rms_mv": 0.0,
    "post_vm_mv": 0.0,
    "pre_noise_rms_mv": 0.0,
    "pre_vm_mv": 0.0,
    "slow_noise_rms_mv": 0.0,
    "slow_vm_mv": 0.0,
    "specimen_id": 471789504,
    "stimulus_absolute_amplitude": 9.99999977648258,
    "stimulus_description": "EXTPBREAKN141203[0]",
    "stimulus_duration": 0.069995,
    "stimulus_interval": 0.05,
    "stimulus_name": "Test",
    "stimulus_relative_amplitude": 1.0,
    "stimulus_start_time": 0.03,
    "stimulus_units": "mV",
    "sweep_number": 3,
    "vm_delta_mv": 0.0
  },
  {
    "bridge_balance_mohm": 20.0244197845459,
    "id": 471799228,
    "leak_pa": 0.0,
    "num_spikes": 0,
    "peak_deflection": 0.0,
    "post_noise_rms_mv": 0.0360928103327751,
    "post_vm_mv": -71.7822113037109,
    "pre_noise_rms_mv": 0.0481510348618031,
    "pre_vm_mv": -72.2653732299805,
    "slow_noise_rms_mv": 0.338957071304321,
    "slow_vm_mv": -72.2653732299805,
    "specimen_id": 471789504,
    "stimulus_absolute_amplitude": -200.000002670286,
    "stimulus_description": "C1SQCAPCHK141203[0]",
    "stimulus_duration": 7.819995,
    "stimulus_interval": 0.2,
    "stimulus_name": "Square - 0.5ms Subthreshold",
    "stimulus_relative_amplitude": 1.0,
    "stimulus_start_time": 0.12,
    "stimulus_units": "pA",
    "sweep_number": 66,
    "vm_delta_mv": 0.483161926269531
  },
  {
    "bridge_balance_mohm": 20.0244197845459,
    "id": 471799071,
    "leak_pa": 0.0,
    "num_spikes": 1,
    "peak_deflection": 0.0,
    "post_noise_rms_mv": 0.0424247421324253,
    "post_vm_mv": -72.0924987792969,
    "pre_noise_rms_mv": 0.0401898436248302,
    "pre_vm_mv": -72.0252838134766,
    "slow_noise_rms_mv": 0.0950297266244888,
    "slow_vm_mv": -72.0252838134766,
    "specimen_id": 471789504,
    "stimulus_absolute_amplitude": 569.99999165086,
    "stimulus_description": "C1SSFINEST150112[0]",
    "stimulus_duration": 0.002995,
    "stimulus_interval": 0.0,
    "stimulus_name": "Short Square",
    "stimulus_relative_amplitude": 5.7,
    "stimulus_start_time": 0.92,
    "stimulus_units": "pA",
    "sweep_number": 25,
    "vm_delta_mv": 0.0672149658203125
  },
  {
    "bridge_balance_mohm": 20.0244197845459,
    "id": 471799144,
    "leak_pa": 0.0,
    "num_spikes": 25,
    "peak_deflection": 0.0,
    "post_noise_rms_mv": 0.0414707623422146,
    "post_vm_mv": -72.3631820678711,
    "pre_noise_rms_mv": 0.0425799638032913,
    "pre_vm_mv": -71.8336868286133,
    "slow_noise_rms_mv": 0.0933912470936775,
    "slow_vm_mv": -71.8336868286133,
    "specimen_id": 471789504,
    "stimulus_absolute_amplitude": 269.999994584325,
    "stimulus_description": "C1LSCOARSE150216[19]",
    "stimulus_duration": 0.999995,
    "stimulus_interval": 0.0,
    "stimulus_name": "Long Square",
    "stimulus_relative_amplitude": 1.0,
    "stimulus_start_time": 0.92,
    "stimulus_units": "pA",
    "sweep_number": 49,
    "vm_delta_mv": 0.529495239257812
  },
  {
    "bridge_balance_mohm": 20.0244197845459,
    "id": 471799033,
    "leak_pa": 0.0,
    "num_spikes": 1,
    "peak_deflection": 0.0,
    "post_noise_rms_mv": 0.0437126532196999,
    "post_vm_mv": -71.7761077880859,
    "pre_noise_rms_mv": 0.0503256507217884,
    "pre_vm_mv": -71.6683120727539,
    "slow_noise_rms_mv": 0.091420404613018,
    "slow_vm_mv": -71.6683120727539,
    "specimen_id": 471789504,
    "stimulus_absolute_amplitude": 700.000002407108,
    "stimulus_description": "C1SSCOARSE150112[6]",
    "stimulus_duration": 0.002995,
    "stimulus_interval": 0.0,
    "stimulus_name": "Short Square",
    "stimulus_relative_amplitude": 1.0,
    "stimulus_start_time": 0.92,
    "stimulus_units": "pA",
    "sweep_number": 13,
    "vm_delta_mv": 0.107795715332031
  },
  {
    "bridge_balance_mohm": 20.0244197845459,
    "id": 471799099,
    "leak_pa": 0.0,
    "num_spikes": 0,
    "peak_deflection": -78.65625,
    "post_noise_rms_mv": 0.0416503883898258,
    "post_vm_mv": -72.193000793457,
    "pre_noise_rms_mv": 0.0354734547436237,
    "pre_vm_mv": -71.4888534545898,
    "slow_noise_rms_mv": 0.107276439666748,
    "slow_vm_mv": -71.4888534545898,
    "specimen_id": 471789504,
    "stimulus_absolute_amplitude": -30.0000024822111,
    "stimulus_description": "C1LSCOARSE150216[4]",
    "stimulus_duration": 0.999995,
    "stimulus_interval": 0.0,
    "stimulus_name": "Long Square",
    "stimulus_relative_amplitude": 1.0,
    "stimulus_start_time": 0.92,
    "stimulus_units": "pA",
    "sweep_number": 34,
    "vm_delta_mv": 0.704147338867188
  },
  {
    "bridge_balance_mohm": 20.0244197845459,
    "id": 471799030,
    "leak_pa": 0.0,
    "num_spikes": 1,
    "peak_deflection": 0.0,
    "post_noise_rms_mv": 0.0462174974381924,
    "post_vm_mv": -71.5258178710938,
    "pre_noise_rms_mv": 0.0437592975795269,
    "pre_vm_mv": -71.6021118164062,
    "slow_noise_rms_mv": 0.101565264165401,
    "slow_vm_mv": -71.6021118164062,
    "specimen_id": 471789504,
    "stimulus_absolute_amplitude": 599.999994133071,
    "stimulus_description": "C1SSCOARSE150112[5]",
    "stimulus_duration": 0.002995,
    "stimulus_interval": 0.0,
    "stimulus_name": "Short Square",
    "stimulus_relative_amplitude": 1.0,
    "stimulus_start_time": 0.92,
    "stimulus_units": "pA",
    "sweep_number": 12,
    "vm_delta_mv": 0.0762939453125
  },
  {
    "bridge_balance_mohm": 20.0244197845459,
    "id": 471799147,
    "leak_pa": 0.0,
    "num_spikes": 14,
    "peak_deflection": 0.0,
    "post_noise_rms_mv": 0.0,
    "post_vm_mv": 0.0,
    "pre_noise_rms_mv": 0.0453347638249397,
    "pre_vm_mv": -71.8221969604492,
    "slow_noise_rms_mv": 0.101747736334801,
    "slow_vm_mv": -71.8221969604492,
    "specimen_id": 471789504,
    "stimulus_absolute_amplitude": 800.000010681146,
    "stimulus_description": "C1RP25PR1S141203[0]",
    "stimulus_duration": 31.997495,
    "stimulus_interval": 0.0,
    "stimulus_name": "Ramp",
    "stimulus_relative_amplitude": 1.0,
    "stimulus_start_time": 0.9225,
    "stimulus_units": "pA",
    "sweep_number": 5,
    "vm_delta_mv": 0.0
  },
  {
    "bridge_balance_mohm": 20.0244197845459,
    "id": 471799249,
    "leak_pa": 0.0,
    "num_spikes": 0,
    "peak_deflection": 0.0,
    "post_noise_rms_mv": 0.0482572801411152,
    "post_vm_mv": -71.7965087890625,
    "pre_noise_rms_mv": 0.0459260419011116,
    "pre_vm_mv": -71.6996841430664,
    "slow_noise_rms_mv": 0.0949797406792641,
    "slow_vm_mv": -71.6996841430664,
    "specimen_id": 471789504,
    "stimulus_absolute_amplitude": 299.999997066536,
    "stimulus_description": "C1SSCOARSE150112[2]",
    "stimulus_duration": 0.002995,
    "stimulus_interval": 0.0,
    "stimulus_name": "Short Square",
    "stimulus_relative_amplitude": 1.0,
    "stimulus_start_time": 0.92,
    "stimulus_units": "pA",
    "sweep_number": 9,
    "vm_delta_mv": 0.0968246459960938
  },
  {
    "bridge_balance_mohm": 20.0244197845459,
    "id": 471799062,
    "leak_pa": 0.0,
    "num_spikes": 1,
    "peak_deflection": 0.0,
    "post_noise_rms_mv": 0.0464983694255352,
    "post_vm_mv": -71.3870315551758,
    "pre_noise_rms_mv": 0.0429111011326313,
    "pre_vm_mv": -71.3453674316406,
    "slow_noise_rms_mv": 0.109725795686245,
    "slow_vm_mv": -71.3453674316406,
    "specimen_id": 471789504,
    "stimulus_absolute_amplitude": 549.999989996053,
    "stimulus_description": "C1SSFINEST150112[0]",
    "stimulus_duration": 0.002995,
    "stimulus_interval": 0.0,
    "stimulus_name": "Short Square",
    "stimulus_relative_amplitude": 5.5,
    "stimulus_start_time": 0.92,
    "stimulus_units": "pA",
    "sweep_number": 22,
    "vm_delta_mv": 0.0416641235351562
  },
  {
    "bridge_balance_mohm": 20.0244197845459,
    "id": 471799231,
    "leak_pa": 0.0,
    "num_spikes": 0,
    "peak_deflection": 0.0,
    "post_noise_rms_mv": 0.0465934835374355,
    "post_vm_mv": -73.1628570556641,
    "pre_noise_rms_mv": 0.0386338979005814,
    "pre_vm_mv": -72.3448638916016,
    "slow_noise_rms_mv": 0.408819198608398,
    "slow_vm_mv": -72.3448638916016,
    "specimen_id": 471789504,
    "stimulus_absolute_amplitude": -200.000002670286,
    "stimulus_description": "C1SQCAPCHK141203[0]",
    "stimulus_duration": 7.819995,
    "stimulus_interval": 0.2,
    "stimulus_name": "Square - 0.5ms Subthreshold",
    "stimulus_relative_amplitude": 1.0,
    "stimulus_start_time": 0.12,
    "stimulus_units": "pA",
    "sweep_number": 67,
    "vm_delta_mv": 0.8179931640625
  },
  {
    "bridge_balance_mohm": 20.0244197845459,
    "id": 471799201,
    "leak_pa": 0.0,
    "num_spikes": 87,
    "peak_deflection": 0.0,
    "post_noise_rms_mv": 0.0421558506786823,
    "post_vm_mv": -71.7095489501953,
    "pre_noise_rms_mv": 0.0379601418972015,
    "pre_vm_mv": -70.8282089233398,
    "slow_noise_rms_mv": 0.12675367295742,
    "slow_vm_mv": -70.8282089233398,
    "specimen_id": 471789504,
    "stimulus_absolute_amplitude": 353.624990401258,
    "stimulus_description": "C1NSSEED_2150216[0]",
    "stimulus_duration": 18.999995,
    "stimulus_interval": 5.0,
    "stimulus_name": "Noise 2",
    "stimulus_relative_amplitude": 1.5,
    "stimulus_start_time": 1.92,
    "stimulus_units": "pA",
    "sweep_number": 58,
    "vm_delta_mv": 0.881340026855469
  },
  {
    "bridge_balance_mohm": 20.0244197845459,
    "id": 471799212,
    "leak_pa": 0.0,
    "num_spikes": 61,
    "peak_deflection": 0.0,
    "post_noise_rms_mv": 0.0462878718972206,
    "post_vm_mv": -71.7006530761719,
    "pre_noise_rms_mv": 0.0486533045768738,
    "pre_vm_mv": -71.15283203125,
    "slow_noise_rms_mv": 0.176553606987,
    "slow_vm_mv": -71.15283203125,
    "specimen_id": 471789504,
    "stimulus_absolute_amplitude": 347.625012109276,
    "stimulus_description": "C1NSSEED_1150216[0]",
    "stimulus_duration": 18.999995,
    "stimulus_interval": 5.0,
    "stimulus_name": "Noise 1",
    "stimulus_relative_amplitude": 1.5,
    "stimulus_start_time": 1.92,
    "stimulus_units": "pA",
    "sweep_number": 61,
    "vm_delta_mv": 0.547821044921875
  },
  {
    "bridge_balance_mohm": 20.0244197845459,
    "id": 471799105,
    "leak_pa": 0.0,
    "num_spikes": 0,
    "peak_deflection": -69.0,
    "post_noise_rms_mv": 0.0479043237864971,
    "post_vm_mv": -71.8889999389648,
    "pre_noise_rms_mv": 0.0454534441232681,
    "pre_vm_mv": -71.6024780273438,
    "slow_noise_rms_mv": 0.085808627307415,
    "slow_vm_mv": -71.6024780273438,
    "specimen_id": 471789504,
    "stimulus_absolute_amplitude": 9.99999996004197,
    "stimulus_description": "C1LSCOARSE150216[6]",
    "stimulus_duration": 0.999995,
    "stimulus_interval": 0.0,
    "stimulus_name": "Long Square",
    "stimulus_relative_amplitude": 1.0,
    "stimulus_start_time": 0.92,
    "stimulus_units": "pA",
    "sweep_number": 36,
    "vm_delta_mv": 0.286521911621094
  },
  {
    "bridge_balance_mohm": 20.0244197845459,
    "id": 471799207,
    "leak_pa": 0.0,
    "num_spikes": 12,
    "peak_deflection": 0.0,
    "post_noise_rms_mv": 0.0,
    "post_vm_mv": 0.0,
    "pre_noise_rms_mv": 0.036559235304594,
    "pre_vm_mv": -72.4253082275391,
    "slow_noise_rms_mv": 0.0981502756476402,
    "slow_vm_mv": -72.4253082275391,
    "specimen_id": 471789504,
    "stimulus_absolute_amplitude": 800.000010681146,
    "stimulus_description": "C1RP25PR1S141203[0]",
    "stimulus_duration": 31.997495,
    "stimulus_interval": 0.0,
    "stimulus_name": "Ramp",
    "stimulus_relative_amplitude": 1.0,
    "stimulus_start_time": 0.9225,
    "stimulus_units": "pA",
    "sweep_number": 6,
    "vm_delta_mv": 0.0
  },
  {
    "bridge_balance_mohm": 20.0244197845459,
    "id": 471799240,
    "leak_pa": 0.0,
    "num_spikes": 0,
    "peak_deflection": 0.0,
    "post_noise_rms_mv": 0.0554936602711678,
    "post_vm_mv": -71.968620300293,
    "pre_noise_rms_mv": 0.044868029654026,
    "pre_vm_mv": -72.0000228881836,
    "slow_noise_rms_mv": 0.0995073243975639,
    "slow_vm_mv": -72.0000228881836,
    "specimen_id": 471789504,
    "stimulus_absolute_amplitude": 100.000001335143,
    "stimulus_description": "C1SSCOARSE150112[0]",
    "stimulus_duration": 0.002995,
    "stimulus_interval": 0.0,
    "stimulus_name": "Short Square",
    "stimulus_relative_amplitude": 1.0,
    "stimulus_start_time": 0.92,
    "stimulus_units": "pA",
    "sweep_number": 7,
    "vm_delta_mv": 0.031402587890625
  },
  {
    "bridge_balance_mohm": 20.0244197845459,
    "id": 471799164,
    "leak_pa": 0.0,
    "num_spikes": 0,
    "peak_deflection": -34.9375,
    "post_noise_rms_mv": 0.0419432260096073,
    "post_vm_mv": -71.3522109985352,
    "pre_noise_rms_mv": 0.0454529635608196,
    "pre_vm_mv": -71.5050811767578,
    "slow_noise_rms_mv": 0.0924860388040543,
    "slow_vm_mv": -71.5050811767578,
    "specimen_id": 471789504,
    "stimulus_absolute_amplitude": 149.999998533268,
    "stimulus_description": "C1LSFINEST150112[0]",
    "stimulus_duration": 0.999995,
    "stimulus_interval": 0.0,
    "stimulus_name": "Long Square",
    "stimulus_relative_amplitude": 1.5,
    "stimulus_start_time": 0.92,
    "stimulus_units": "pA",
    "sweep_number": 55,
    "vm_delta_mv": 0.152870178222656
  },
  {
    "bridge_balance_mohm": 20.0244197845459,
    "id": 471799161,
    "leak_pa": 0.0,
    "num_spikes": 1,
    "peak_deflection": 0.0,
    "post_noise_rms_mv": 0.0351538956165314,
    "post_vm_mv": -71.0305480957031,
    "pre_noise_rms_mv": 0.0515702813863754,
    "pre_vm_mv": -71.1044769287109,
    "slow_noise_rms_mv": 0.0841587707400322,
    "slow_vm_mv": -71.1044769287109,
    "specimen_id": 471789504,
    "stimulus_absolute_amplitude": 149.999998533268,
    "stimulus_description": "C1LSFINEST150112[0]",
    "stimulus_duration": 0.999995,
    "stimulus_interval": 0.0,
    "stimulus_name": "Long Square",
    "stimulus_relative_amplitude": 1.5,
    "stimulus_start_time": 0.92,
    "stimulus_units": "pA",
    "sweep_number": 54,
    "vm_delta_mv": 0.0739288330078125
  },
  {
    "bridge_balance_mohm": 20.0244197845459,
    "id": 471799060,
    "leak_pa": 0.0,
    "num_spikes": 0,
    "peak_deflection": 0.0,
    "post_noise_rms_mv": 0.0492345914244652,
    "post_vm_mv": -71.3271942138672,
    "pre_noise_rms_mv": 0.0490441396832466,
    "pre_vm_mv": -71.3681488037109,
    "slow_noise_rms_mv": 0.146446466445923,
    "slow_vm_mv": -71.3681488037109,
    "specimen_id": 471789504,
    "stimulus_absolute_amplitude": 549.999989996053,
    "stimulus_description": "C1SSFINEST150112[0]",
    "stimulus_duration": 0.002995,
    "stimulus_interval": 0.0,
    "stimulus_name": "Short Square",
    "stimulus_relative_amplitude": 5.5,
    "stimulus_start_time": 0.92,
    "stimulus_units": "pA",
    "sweep_number": 21,
    "vm_delta_mv": 0.04095458984375
  },
  {
    "bridge_balance_mohm": 20.0244197845459,
    "id": 471799125,
    "leak_pa": 0.0,
    "num_spikes": 0,
    "peak_deflection": -37.65625,
    "post_noise_rms_mv": 0.0423510186374187,
    "post_vm_mv": -70.5979309082031,
    "pre_noise_rms_mv": 0.0621604472398758,
    "pre_vm_mv": -70.2780685424805,
    "slow_noise_rms_mv": 0.352129906415939,
    "slow_vm_mv": -70.2780685424805,
    "specimen_id": 471789504,
    "stimulus_absolute_amplitude": 129.99999687846,
    "stimulus_description": "C1LSCOARSE150216[12]",
    "stimulus_duration": 0.999995,
    "stimulus_interval": 0.0,
    "stimulus_name": "Long Square",
    "stimulus_relative_amplitude": 1.0,
    "stimulus_start_time": 0.92,
    "stimulus_units": "pA",
    "sweep_number": 42,
    "vm_delta_mv": 0.319862365722656
  },
  {
    "bridge_balance_mohm": 20.0244197845459,
    "id": 471799091,
    "leak_pa": 0.0,
    "num_spikes": 0,
    "peak_deflection": -90.03125,
    "post_noise_rms_mv": 0.0424708835780621,
    "post_vm_mv": -71.4964828491211,
    "pre_noise_rms_mv": 0.0406216606497765,
    "pre_vm_mv": -71.337516784668,
    "slow_noise_rms_mv": 0.122258618474007,
    "slow_vm_mv": -71.337516784668,
    "specimen_id": 471789504,
    "stimulus_absolute_amplitude": -90.0000005077395,
    "stimulus_description": "C1LSCOARSE150216[1]",
    "stimulus_duration": 0.999995,
    "stimulus_interval": 0.0,
    "stimulus_name": "Long Square",
    "stimulus_relative_amplitude": 1.0,
    "stimulus_start_time": 0.92,
    "stimulus_units": "pA",
    "sweep_number": 31,
    "vm_delta_mv": 0.158966064453125
  },
  {
    "bridge_balance_mohm": 20.0244197845459,
    "id": 471799159,
    "leak_pa": 0.0,
    "num_spikes": 0,
    "peak_deflection": -32.5625,
    "post_noise_rms_mv": 0.0489484705030918,
    "post_vm_mv": -71.2826614379883,
    "pre_noise_rms_mv": 0.0370159707963467,
    "pre_vm_mv": -70.9338836669922,
    "slow_noise_rms_mv": 0.116648122668266,
    "slow_vm_mv": -70.9338836669922,
    "specimen_id": 471789504,
    "stimulus_absolute_amplitude": 149.999998533268,
    "stimulus_description": "C1LSFINEST150112[0]",
    "stimulus_duration": 0.999995,
    "stimulus_interval": 0.0,
    "stimulus_name": "Long Square",
    "stimulus_relative_amplitude": 1.5,
    "stimulus_start_time": 0.92,
    "stimulus_units": "pA",
    "sweep_number": 53,
    "vm_delta_mv": 0.348777770996094
  },
  {
    "bridge_balance_mohm": 20.0244197845459,
    "id": 471799216,
    "leak_pa": 0.0,
    "num_spikes": 67,
    "peak_deflection": 0.0,
    "post_noise_rms_mv": 0.0572983920574188,
    "post_vm_mv": -72.2137069702148,
    "pre_noise_rms_mv": 0.0491872988641262,
    "pre_vm_mv": -71.6750717163086,
    "slow_noise_rms_mv": 0.225580021739006,
    "slow_vm_mv": -71.6750717163086,
    "specimen_id": 471789504,
    "stimulus_absolute_amplitude": 353.624990401258,
    "stimulus_description": "C1NSSEED_2150216[0]",
    "stimulus_duration": 18.999995,
    "stimulus_interval": 5.0,
    "stimulus_name": "Noise 2",
    "stimulus_relative_amplitude": 1.5,
    "stimulus_start_time": 1.92,
    "stimulus_units": "pA",
    "sweep_number": 62,
    "vm_delta_mv": 0.53863525390625
  },
  {
    "bridge_balance_mohm": 20.0244197845459,
    "id": 471799170,
    "leak_pa": 0.0,
    "num_spikes": 79,
    "peak_deflection": 0.0,
    "post_noise_rms_mv": 0.0444688014686108,
    "post_vm_mv": -72.1893157958984,
    "pre_noise_rms_mv": 0.041108101606369,
    "pre_vm_mv": -71.8719329833984,
    "slow_noise_rms_mv": 0.10190711915493,
    "slow_vm_mv": -71.8719329833984,
    "specimen_id": 471789504,
    "stimulus_absolute_amplitude": 347.625012109276,
    "stimulus_description": "C1NSSEED_1150216[0]",
    "stimulus_duration": 18.999995,
    "stimulus_interval": 5.0,
    "stimulus_name": "Noise 1",
    "stimulus_relative_amplitude": 1.5,
    "stimulus_start_time": 1.92,
    "stimulus_units": "pA",
    "sweep_number": 57,
    "vm_delta_mv": 0.3173828125
  },
  {
    "bridge_balance_mohm": 20.0244197845459,
    "id": 471799119,
    "leak_pa": 0.0,
    "num_spikes": 0,
    "peak_deflection": -47.4375,
    "post_noise_rms_mv": 0.0455877631902695,
    "post_vm_mv": -70.3434600830078,
    "pre_noise_rms_mv": 0.0453932471573353,
    "pre_vm_mv": -70.6769332885742,
    "slow_noise_rms_mv": 0.109004512429237,
    "slow_vm_mv": -70.6769332885742,
    "specimen_id": 471789504,
    "stimulus_absolute_amplitude": 90.0000005077395,
    "stimulus_description": "C1LSCOARSE150216[10]",
    "stimulus_duration": 0.999995,
    "stimulus_interval": 0.0,
    "stimulus_name": "Long Square",
    "stimulus_relative_amplitude": 1.0,
    "stimulus_start_time": 0.92,
    "stimulus_units": "pA",
    "sweep_number": 40,
    "vm_delta_mv": 0.333473205566406
  },
  {
    "bridge_balance_mohm": 20.0244197845459,
    "id": 471798995,
    "leak_pa": 0.0,
    "num_spikes": 0,
    "peak_deflection": 0.0,
    "post_noise_rms_mv": 0.045345414429903,
    "post_vm_mv": -71.8050003051758,
    "pre_noise_rms_mv": 0.0395416431128979,
    "pre_vm_mv": -71.7607650756836,
    "slow_noise_rms_mv": 0.0926648899912834,
    "slow_vm_mv": -71.7607650756836,
    "specimen_id": 471789504,
    "stimulus_absolute_amplitude": 400.000005340573,
    "stimulus_description": "C1SSCOARSE150112[3]",
    "stimulus_duration": 0.002995,
    "stimulus_interval": 0.0,
    "stimulus_name": "Short Square",
    "stimulus_relative_amplitude": 1.0,
    "stimulus_start_time": 0.92,
    "stimulus_units": "pA",
    "sweep_number": 10,
    "vm_delta_mv": 0.0442352294921875
  },
  {
    "bridge_balance_mohm": 20.0244197845459,
    "id": 471799096,
    "leak_pa": 0.0,
    "num_spikes": 0,
    "peak_deflection": -82.625,
    "post_noise_rms_mv": 0.0430069603025913,
    "post_vm_mv": -71.2842712402344,
    "pre_noise_rms_mv": 0.0445096492767334,
    "pre_vm_mv": -71.4732666015625,
    "slow_noise_rms_mv": 0.0694613605737686,
    "slow_vm_mv": -71.4732666015625,
    "specimen_id": 471789504,
    "stimulus_absolute_amplitude": -50.0000006675716,
    "stimulus_description": "C1LSCOARSE150216[3]",
    "stimulus_duration": 0.999995,
    "stimulus_interval": 0.0,
    "stimulus_name": "Long Square",
    "stimulus_relative_amplitude": 1.0,
    "stimulus_start_time": 0.92,
    "stimulus_units": "pA",
    "sweep_number": 33,
    "vm_delta_mv": 0.188995361328125
  },
  {
    "bridge_balance_mohm": 20.0244197845459,
    "id": 471799167,
    "leak_pa": 0.0,
    "num_spikes": 0,
    "peak_deflection": -33.9375,
    "post_noise_rms_mv": 0.0506608933210373,
    "post_vm_mv": -71.9379119873047,
    "pre_noise_rms_mv": 0.0528299622237682,
    "pre_vm_mv": -71.8631286621094,
    "slow_noise_rms_mv": 0.130391955375671,
    "slow_vm_mv": -71.8631286621094,
    "specimen_id": 471789504,
    "stimulus_absolute_amplitude": 149.999998533268,
    "stimulus_description": "C1LSFINEST150112[0]",
    "stimulus_duration": 0.999995,
    "stimulus_interval": 0.0,
    "stimulus_name": "Long Square",
    "stimulus_relative_amplitude": 1.5,
    "stimulus_start_time": 0.92,
    "stimulus_units": "pA",
    "sweep_number": 56,
    "vm_delta_mv": 0.0747833251953125
  },
  {
    "bridge_balance_mohm": 20.0244197845459,
    "id": 471799079,
    "leak_pa": 0.0,
    "num_spikes": 1,
    "peak_deflection": 0.0,
    "post_noise_rms_mv": 0.0391306318342686,
    "post_vm_mv": -71.1771011352539,
    "pre_noise_rms_mv": 0.0497453361749649,
    "pre_vm_mv": -71.2440032958984,
    "slow_noise_rms_mv": 0.085582822561264,
    "slow_vm_mv": -71.2440032958984,
    "specimen_id": 471789504,
    "stimulus_absolute_amplitude": 569.99999165086,
    "stimulus_description": "C1SSFINEST150112[0]",
    "stimulus_duration": 0.002995,
    "stimulus_interval": 0.0,
    "stimulus_name": "Short Square",
    "stimulus_relative_amplitude": 5.7,
    "stimulus_start_time": 0.92,
    "stimulus_units": "pA",
    "sweep_number": 28,
    "vm_delta_mv": 0.0669021606445312
  },
  {
    "bridge_balance_mohm": 20.0244197845459,
    "id": 471799082,
    "leak_pa": 0.0,
    "num_spikes": 1,
    "peak_deflection": 0.0,
    "post_noise_rms_mv": 0.0450957491993904,
    "post_vm_mv": -71.3140335083008,
    "pre_noise_rms_mv": 0.0403730198740959,
    "pre_vm_mv": -71.2246780395508,
    "slow_noise_rms_mv": 0.0889888033270836,
    "slow_vm_mv": -71.2246780395508,
    "specimen_id": 471789504,
    "stimulus_absolute_amplitude": 569.99999165086,
    "stimulus_description": "C1SSFINEST150112[0]",
    "stimulus_duration": 0.002995,
    "stimulus_interval": 0.0,
    "stimulus_name": "Short Square",
    "stimulus_relative_amplitude": 5.7,
    "stimulus_start_time": 0.92,
    "stimulus_units": "pA",
    "sweep_number": 29,
    "vm_delta_mv": 0.08935546875
  },
  {
    "bridge_balance_mohm": 20.0244197845459,
    "id": 471799068,
    "leak_pa": 0.0,
    "num_spikes": 0,
    "peak_deflection": 0.0,
    "post_noise_rms_mv": 0.0385557413101196,
    "post_vm_mv": -71.5014343261719,
    "pre_noise_rms_mv": 0.0448420234024525,
    "pre_vm_mv": -71.5487518310547,
    "slow_noise_rms_mv": 0.0769294425845146,
    "slow_vm_mv": -71.5487518310547,
    "specimen_id": 471789504,
    "stimulus_absolute_amplitude": 549.999989996053,
    "stimulus_description": "C1SSFINEST150112[0]",
    "stimulus_duration": 0.002995,
    "stimulus_interval": 0.0,
    "stimulus_name": "Short Square",
    "stimulus_relative_amplitude": 5.5,
    "stimulus_start_time": 0.92,
    "stimulus_units": "pA",
    "sweep_number": 24,
    "vm_delta_mv": 0.0473175048828125
  },
  {
    "bridge_balance_mohm": 20.0244197845459,
    "id": 471799051,
    "leak_pa": 0.0,
    "num_spikes": 0,
    "peak_deflection": 0.0,
    "post_noise_rms_mv": 0.0335893481969833,
    "post_vm_mv": -71.436882019043,
    "pre_noise_rms_mv": 0.0398298241198063,
    "pre_vm_mv": -71.6687545776367,
    "slow_noise_rms_mv": 0.0910347625613213,
    "slow_vm_mv": -71.6687545776367,
    "specimen_id": 471789504,
    "stimulus_absolute_amplitude": 539.999989168649,
    "stimulus_description": "C1SSFINEST150112[0]",
    "stimulus_duration": 0.002995,
    "stimulus_interval": 0.0,
    "stimulus_name": "Short Square",
    "stimulus_relative_amplitude": 5.4,
    "stimulus_start_time": 0.92,
    "stimulus_units": "pA",
    "sweep_number": 19,
    "vm_delta_mv": 0.23187255859375
  },
  {
    "bridge_balance_mohm": 20.0244197845459,
    "id": 471799074,
    "leak_pa": 0.0,
    "num_spikes": 1,
    "peak_deflection": 0.0,
    "post_noise_rms_mv": 0.0424891486763954,
    "post_vm_mv": -71.6669845581055,
    "pre_noise_rms_mv": 0.0398536548018456,
    "pre_vm_mv": -71.6926422119141,
    "slow_noise_rms_mv": 0.107146210968494,
    "slow_vm_mv": -71.6926422119141,
    "specimen_id": 471789504,
    "stimulus_absolute_amplitude": 569.99999165086,
    "stimulus_description": "C1SSFINEST150112[0]",
    "stimulus_duration": 0.002995,
    "stimulus_interval": 0.0,
    "stimulus_name": "Short Square",
    "stimulus_relative_amplitude": 5.7,
    "stimulus_start_time": 0.92,
    "stimulus_units": "pA",
    "sweep_number": 26,
    "vm_delta_mv": 0.0256576538085938
  },
  {
    "bridge_balance_mohm": 0.0,
    "id": 471799237,
    "leak_pa": 0.0,
    "num_spikes": 0,
    "peak_deflection": 0.0,
    "post_noise_rms_mv": 0.0,
    "post_vm_mv": 0.0,
    "pre_noise_rms_mv": 0.0,
    "pre_vm_mv": 0.0,
    "slow_noise_rms_mv": 0.0,
    "slow_vm_mv": 0.0,
    "specimen_id": 471789504,
    "stimulus_absolute_amplitude": 9.99999977648258,
    "stimulus_description": "EXTPGGAEND141203[0]",
    "stimulus_duration": 0.069995,
    "stimulus_interval": 0.05,
    "stimulus_name": "Test",
    "stimulus_relative_amplitude": 1.0,
    "stimulus_start_time": 0.03,
    "stimulus_units": "mV",
    "sweep_number": 69,
    "vm_delta_mv": 0.0
  },
  {
    "bridge_balance_mohm": 20.0244197845459,
    "id": 471799128,
    "leak_pa": 0.0,
    "num_spikes": 1,
    "peak_deflection": 0.0,
    "post_noise_rms_mv": 0.042681772261858,
    "post_vm_mv": -70.8905029296875,
    "pre_noise_rms_mv": 0.0352939032018185,
    "pre_vm_mv": -70.9660797119141,
    "slow_noise_rms_mv": 0.133699998259544,
    "slow_vm_mv": -70.9660797119141,
    "specimen_id": 471789504,
    "stimulus_absolute_amplitude": 149.999998533268,
    "stimulus_description": "C1LSCOARSE150216[13]",
    "stimulus_duration": 0.999995,
    "stimulus_interval": 0.0,
    "stimulus_name": "Long Square",
    "stimulus_relative_amplitude": 1.0,
    "stimulus_start_time": 0.92,
    "stimulus_units": "pA",
    "sweep_number": 43,
    "vm_delta_mv": 0.0755767822265625
  },
  {
    "bridge_balance_mohm": 20.0244197845459,
    "id": 471798998,
    "leak_pa": 0.0,
    "num_spikes": 0,
    "peak_deflection": 0.0,
    "post_noise_rms_mv": 0.0452868677675724,
    "post_vm_mv": -71.5424880981445,
    "pre_noise_rms_mv": 0.0550815165042877,
    "pre_vm_mv": -71.7021560668945,
    "slow_noise_rms_mv": 0.0903005972504616,
    "slow_vm_mv": -71.7021560668945,
    "specimen_id": 471789504,
    "stimulus_absolute_amplitude": 499.999985859034,
    "stimulus_description": "C1SSCOARSE150112[4]",
    "stimulus_duration": 0.002995,
    "stimulus_interval": 0.0,
    "stimulus_name": "Short Square",
    "stimulus_relative_amplitude": 1.0,
    "stimulus_start_time": 0.92,
    "stimulus_units": "pA",
    "sweep_number": 11,
    "vm_delta_mv": 0.15966796875
  },
  {
    "bridge_balance_mohm": 20.0244197845459,
    "id": 471799094,
    "leak_pa": 0.0,
    "num_spikes": 0,
    "peak_deflection": -86.78125,
    "post_noise_rms_mv": 0.0516254864633083,
    "post_vm_mv": -71.4630737304688,
    "pre_noise_rms_mv": 0.0396669879555702,
    "pre_vm_mv": -71.5875625610352,
    "slow_noise_rms_mv": 0.0897143930196762,
    "slow_vm_mv": -71.5875625610352,
    "specimen_id": 471789504,
    "stimulus_absolute_amplitude": -69.9999988529321,
    "stimulus_description": "C1LSCOARSE150216[2]",
    "stimulus_duration": 0.999995,
    "stimulus_interval": 0.0,
    "stimulus_name": "Long Square",
    "stimulus_relative_amplitude": 1.0,
    "stimulus_start_time": 0.92,
    "stimulus_units": "pA",
    "sweep_number": 32,
    "vm_delta_mv": 0.124488830566406
  },
  {
    "bridge_balance_mohm": 20.0244197845459,
    "id": 471799139,
    "leak_pa": 0.0,
    "num_spikes": 17,
    "peak_deflection": 0.0,
    "post_noise_rms_mv": 0.0449897535145283,
    "post_vm_mv": -71.1596069335938,
    "pre_noise_rms_mv": 0.0447857305407524,
    "pre_vm_mv": -71.2015075683594,
    "slow_noise_rms_mv": 0.116906404495239,
    "slow_vm_mv": -71.2015075683594,
    "specimen_id": 471789504,
    "stimulus_absolute_amplitude": 230.000005152498,
    "stimulus_description": "C1LSCOARSE150216[17]",
    "stimulus_duration": 0.999995,
    "stimulus_interval": 0.0,
    "stimulus_name": "Long Square",
    "stimulus_relative_amplitude": 1.0,
    "stimulus_start_time": 0.92,
    "stimulus_units": "pA",
    "sweep_number": 47,
    "vm_delta_mv": 0.041900634765625
  },
  {
    "bridge_balance_mohm": 20.0244197845459,
    "id": 471799204,
    "leak_pa": 0.0,
    "num_spikes": 70,
    "peak_deflection": 0.0,
    "post_noise_rms_mv": 0.0433763787150383,
    "post_vm_mv": -71.7771072387695,
    "pre_noise_rms_mv": 0.0460223369300365,
    "pre_vm_mv": -70.9341278076172,
    "slow_noise_rms_mv": 0.0871841311454773,
    "slow_vm_mv": -70.9341278076172,
    "specimen_id": 471789504,
    "stimulus_absolute_amplitude": 347.625012109276,
    "stimulus_description": "C1NSSEED_1150216[0]",
    "stimulus_duration": 18.999995,
    "stimulus_interval": 5.0,
    "stimulus_name": "Noise 1",
    "stimulus_relative_amplitude": 1.5,
    "stimulus_start_time": 1.92,
    "stimulus_units": "pA",
    "sweep_number": 59,
    "vm_delta_mv": 0.842979431152344
  },
  {
    "bridge_balance_mohm": 20.0244197845459,
    "id": 471799036,
    "leak_pa": 0.0,
    "num_spikes": 1,
    "peak_deflection": 0.0,
    "post_noise_rms_mv": 0.0447121411561966,
    "post_vm_mv": -71.857551574707,
    "pre_noise_rms_mv": 0.0406248681247234,
    "pre_vm_mv": -71.6892471313477,
    "slow_noise_rms_mv": 0.0822970122098923,
    "slow_vm_mv": -71.6892471313477,
    "specimen_id": 471789504,
    "stimulus_absolute_amplitude": 549.999989996053,
    "stimulus_description": "C1SSFINEST150112[0]",
    "stimulus_duration": 0.002995,
    "stimulus_interval": 0.0,
    "stimulus_name": "Short Square",
    "stimulus_relative_amplitude": 5.5,
    "stimulus_start_time": 0.92,
    "stimulus_units": "pA",
    "sweep_number": 14,
    "vm_delta_mv": 0.168304443359375
  },
  {
    "bridge_balance_mohm": 20.0244197845459,
    "id": 471799088,
    "leak_pa": 0.0,
    "num_spikes": 0,
    "peak_deflection": -93.5625,
    "post_noise_rms_mv": 0.0391223169863224,
    "post_vm_mv": -71.5857009887695,
    "pre_noise_rms_mv": 0.0533490963280201,
    "pre_vm_mv": -71.5341262817383,
    "slow_noise_rms_mv": 0.10460152477026,
    "slow_vm_mv": -71.5341262817383,
    "specimen_id": 471789504,
    "stimulus_absolute_amplitude": -110.000002162547,
    "stimulus_description": "C1LSCOARSE150216[0]",
    "stimulus_duration": 0.999995,
    "stimulus_interval": 0.0,
    "stimulus_name": "Long Square",
    "stimulus_relative_amplitude": 1.0,
    "stimulus_start_time": 0.92,
    "stimulus_units": "pA",
    "sweep_number": 30,
    "vm_delta_mv": 0.05157470703125
  },
  {
    "bridge_balance_mohm": 20.0244197845459,
    "id": 471799142,
    "leak_pa": 0.0,
    "num_spikes": 21,
    "peak_deflection": 0.0,
    "post_noise_rms_mv": 0.0494776293635368,
    "post_vm_mv": -72.0127639770508,
    "pre_noise_rms_mv": 0.0445711649954319,
    "pre_vm_mv": -71.5580673217773,
    "slow_noise_rms_mv": 0.43598946928978,
    "slow_vm_mv": -71.5580673217773,
    "specimen_id": 471789504,
    "stimulus_absolute_amplitude": 249.999992929517,
    "stimulus_description": "C1LSCOARSE150216[18]",
    "stimulus_duration": 0.999995,
    "stimulus_interval": 0.0,
    "stimulus_name": "Long Square",
    "stimulus_relative_amplitude": 1.0,
    "stimulus_start_time": 0.92,
    "stimulus_units": "pA",
    "sweep_number": 48,
    "vm_delta_mv": 0.454696655273438
  },
  {
    "bridge_balance_mohm": 20.0244197845459,
    "id": 471799077,
    "leak_pa": 0.0,
    "num_spikes": 1,
    "peak_deflection": 0.0,
    "post_noise_rms_mv": 0.0464606657624245,
    "post_vm_mv": -71.3012847900391,
    "pre_noise_rms_mv": 0.048820611089468,
    "pre_vm_mv": -71.295654296875,
    "slow_noise_rms_mv": 0.129397794604301,
    "slow_vm_mv": -71.295654296875,
    "specimen_id": 471789504,
    "stimulus_absolute_amplitude": 569.99999165086,
    "stimulus_description": "C1SSFINEST150112[0]",
    "stimulus_duration": 0.002995,
    "stimulus_interval": 0.0,
    "stimulus_name": "Short Square",
    "stimulus_relative_amplitude": 5.7,
    "stimulus_start_time": 0.92,
    "stimulus_units": "pA",
    "sweep_number": 27,
    "vm_delta_mv": 0.0056304931640625
  },
  {
    "bridge_balance_mohm": 20.0244197845459,
    "id": 471799116,
    "leak_pa": 0.0,
    "num_spikes": 10,
    "peak_deflection": 0.0,
    "post_noise_rms_mv": 0.0,
    "post_vm_mv": 0.0,
    "pre_noise_rms_mv": 0.0471685267984867,
    "pre_vm_mv": -72.1892166137695,
    "slow_noise_rms_mv": 0.285763382911682,
    "slow_vm_mv": -72.1892166137695,
    "specimen_id": 471789504,
    "stimulus_absolute_amplitude": 800.000010681146,
    "stimulus_description": "C1RP25PR1S141203[0]",
    "stimulus_duration": 31.997495,
    "stimulus_interval": 0.0,
    "stimulus_name": "Ramp",
    "stimulus_relative_amplitude": 1.0,
    "stimulus_start_time": 0.9225,
    "stimulus_units": "pA",
    "sweep_number": 4,
    "vm_delta_mv": 0.0
  },
  {
    "bridge_balance_mohm": 20.0244197845459,
    "id": 471799048,
    "leak_pa": 0.0,
    "num_spikes": 0,
    "peak_deflection": 0.0,
    "post_noise_rms_mv": 0.0397991649806499,
    "post_vm_mv": -72.0791625976562,
    "pre_noise_rms_mv": 0.0362948700785637,
    "pre_vm_mv": -72.0427474975586,
    "slow_noise_rms_mv": 0.103470243513584,
    "slow_vm_mv": -72.0427474975586,
    "specimen_id": 471789504,
    "stimulus_absolute_amplitude": 539.999989168649,
    "stimulus_description": "C1SSFINEST150112[0]",
    "stimulus_duration": 0.002995,
    "stimulus_interval": 0.0,
    "stimulus_name": "Short Square",
    "stimulus_relative_amplitude": 5.4,
    "stimulus_start_time": 0.92,
    "stimulus_units": "pA",
    "sweep_number": 18,
    "vm_delta_mv": 0.0364151000976562
  },
  {
    "bridge_balance_mohm": 20.0244197845459,
    "id": 471799045,
    "leak_pa": 0.0,
    "num_spikes": 0,
    "peak_deflection": 0.0,
    "post_noise_rms_mv": 0.0427031256258488,
    "post_vm_mv": -71.9267272949219,
    "pre_noise_rms_mv": 0.0396779291331768,
    "pre_vm_mv": -71.9306030273438,
    "slow_noise_rms_mv": 0.143180832266808,
    "slow_vm_mv": -71.9306030273438,
    "specimen_id": 471789504,
    "stimulus_absolute_amplitude": 539.999989168649,
    "stimulus_description": "C1SSFINEST150112[0]",
    "stimulus_duration": 0.002995,
    "stimulus_interval": 0.0,
    "stimulus_name": "Short Square",
    "stimulus_relative_amplitude": 5.4,
    "stimulus_start_time": 0.92,
    "stimulus_units": "pA",
    "sweep_number": 17,
    "vm_delta_mv": 0.003875732421875
  },
  {
    "bridge_balance_mohm": 0.0,
    "id": 471799054,
    "leak_pa": 0.0,
    "num_spikes": 0,
    "peak_deflection": 0.0,
    "post_noise_rms_mv": 0.0,
    "post_vm_mv": 0.0,
    "pre_noise_rms_mv": 0.0,
    "pre_vm_mv": 0.0,
    "slow_noise_rms_mv": 0.0,
    "slow_vm_mv": 0.0,
    "specimen_id": 471789504,
    "stimulus_absolute_amplitude": 9.99999977648258,
    "stimulus_description": "EXTPCllATT141203[0]",
    "stimulus_duration": 0.069995,
    "stimulus_interval": 0.05,
    "stimulus_name": "Test",
    "stimulus_relative_amplitude": 1.0,
    "stimulus_start_time": 0.03,
    "stimulus_units": "mV",
    "sweep_number": 2,
    "vm_delta_mv": 0.0
  },
  {
    "bridge_balance_mohm": 20.0244197845459,
    "id": 471799042,
    "leak_pa": 0.0,
    "num_spikes": 1,
    "peak_deflection": 0.0,
    "post_noise_rms_mv": 0.0435017757117748,
    "post_vm_mv": -71.8941650390625,
    "pre_noise_rms_mv": 0.0342003144323826,
    "pre_vm_mv": -71.9488372802734,
    "slow_noise_rms_mv": 0.0888769626617432,
    "slow_vm_mv": -71.9488372802734,
    "specimen_id": 471789504,
    "stimulus_absolute_amplitude": 539.999989168649,
    "stimulus_description": "C1SSFINEST150112[0]",
    "stimulus_duration": 0.002995,
    "stimulus_interval": 0.0,
    "stimulus_name": "Short Square",
    "stimulus_relative_amplitude": 5.4,
    "stimulus_start_time": 0.92,
    "stimulus_units": "pA",
    "sweep_number": 16,
    "vm_delta_mv": 0.0546722412109375
  },
  {
    "bridge_balance_mohm": 20.0244197845459,
    "id": 471799113,
    "leak_pa": 0.0,
    "num_spikes": 0,
    "peak_deflection": -52.28125,
    "post_noise_rms_mv": 0.0421404056251049,
    "post_vm_mv": -71.0838012695312,
    "pre_noise_rms_mv": 0.0430806949734688,
    "pre_vm_mv": -70.7651977539062,
    "slow_noise_rms_mv": 0.117282345890999,
    "slow_vm_mv": -70.7651977539062,
    "specimen_id": 471789504,
    "stimulus_absolute_amplitude": 69.9999988529321,
    "stimulus_description": "C1LSCOARSE150216[9]",
    "stimulus_duration": 0.999995,
    "stimulus_interval": 0.0,
    "stimulus_name": "Long Square",
    "stimulus_relative_amplitude": 1.0,
    "stimulus_start_time": 0.92,
    "stimulus_units": "pA",
    "sweep_number": 39,
    "vm_delta_mv": 0.318603515625
  },
  {
    "bridge_balance_mohm": 20.0244197845459,
    "id": 471799108,
    "leak_pa": 0.0,
    "num_spikes": 0,
    "peak_deflection": -63.2499961853027,
    "post_noise_rms_mv": 0.0332028679549694,
    "post_vm_mv": -71.0012435913086,
    "pre_noise_rms_mv": 0.0517165176570415,
    "pre_vm_mv": -71.1985626220703,
    "slow_noise_rms_mv": 0.121629849076271,
    "slow_vm_mv": -71.1985626220703,
    "specimen_id": 471789504,
    "stimulus_absolute_amplitude": 30.0000024822111,
    "stimulus_description": "C1LSCOARSE150216[7]",
    "stimulus_duration": 0.999995,
    "stimulus_interval": 0.0,
    "stimulus_name": "Long Square",
    "stimulus_relative_amplitude": 1.0,
    "stimulus_start_time": 0.92,
    "stimulus_units": "pA",
    "sweep_number": 37,
    "vm_delta_mv": 0.197319030761719
  },
  {
    "bridge_balance_mohm": 20.0244197845459,
    "id": 471799136,
    "leak_pa": 0.0,
    "num_spikes": 13,
    "peak_deflection": 0.0,
    "post_noise_rms_mv": 0.0384106710553169,
    "post_vm_mv": -71.5984191894531,
    "pre_noise_rms_mv": 0.0413771197199821,
    "pre_vm_mv": -71.3995208740234,
    "slow_noise_rms_mv": 0.0803883224725723,
    "slow_vm_mv": -71.3995208740234,
    "specimen_id": 471789504,
    "stimulus_absolute_amplitude": 209.999989619902,
    "stimulus_description": "C1LSCOARSE150216[16]",
    "stimulus_duration": 0.999995,
    "stimulus_interval": 0.0,
    "stimulus_name": "Long Square",
    "stimulus_relative_amplitude": 1.0,
    "stimulus_start_time": 0.92,
    "stimulus_units": "pA",
    "sweep_number": 46,
    "vm_delta_mv": 0.198898315429688
  },
  {
    "bridge_balance_mohm": 0.0,
    "id": 471798989,
    "leak_pa": 0.0,
    "num_spikes": 0,
    "peak_deflection": 0.0,
    "post_noise_rms_mv": 0.0,
    "post_vm_mv": 0.0,
    "pre_noise_rms_mv": 0.0,
    "pre_vm_mv": 0.0,
    "slow_noise_rms_mv": 0.0,
    "slow_vm_mv": 0.0,
    "specimen_id": 471789504,
    "stimulus_absolute_amplitude": 9.99999977648258,
    "stimulus_description": "EXTPSMOKET141203[0]",
    "stimulus_duration": 0.069995,
    "stimulus_interval": 0.05,
    "stimulus_name": "Test",
    "stimulus_relative_amplitude": 1.0,
    "stimulus_start_time": 0.03,
    "stimulus_units": "mV",
    "sweep_number": 0,
    "vm_delta_mv": 0.0
  }
]