{"id":472430904,"name":"Biophysical - perisomatic_Ntsr1-Cre;Ai14(GSL)-181184.05.01.01","neuronal_model_template_id":329230710,"specimen_id":471789504,"well_known_files":[{"attachable_id":472430904,"attachable_type":"NeuronalModel","download_link":"/api/v2/well_known_file_download/475332625","id":475332625,"path":"/external/mousecelltypes/prod296/neuronal_model_472430904/472430904_fit.json","well_known_file_type_id":329230374,"well_known_file_type":{"id":329230374,"name":"NeuronalModelParameters"}}],"neuronal_model_template":{"description":"Biophys neuronal model template","id":329230710,"name":"Biophysical - perisomatic","well_known_files":[{"attachable_id":305094322,"attachable_type":"Product","download_link":"/api/v2/well_known_file_download/395337062","id":395337062,"path":"/external/mousecelltypes/prod210/project_in vitro Single Cell Characterization_T301/Kv3_1.mod","well_known_file_type_id":292178729,"well_known_file_type":{"id":292178729,"name":"BiophysicalModelDescription"}},{"attachable_id":305094322,"attachable_type":"Product","download_link":"/api/v2/well_known_file_download/395337293","id":395337293,"path":"/external/mousecelltypes/prod210/project_in vitro Single Cell Characterization_T301/SK.mod","well_known_file_type_id":292178729,"well_known_file_type":{"id":292178729,"name":"BiophysicalModelDescription"}},{"attachable_id":305094322,"attachable_type":"Product","download_link":"/api/v2/well_known_file_download/395337054","id":395337054,"path":"/external/mousecelltypes/prod210/project_in vitro Single Cell Characterization_T301/Kd.mod","well_known_file_type_id":292178729,"well_known_file_type":{"id":292178729,"name":"BiophysicalModelDescription"}},{"attachable_id":305094322,"attachable_type":"Product","download_link":"/api/v2/well_known_file_download/395337070","id":395337070,"path":"/external/mousecelltypes/prod210/project_in vitro Single Cell Characterization_T301/NaTa.mod","well_known_file_type_id":292178729,"well_known_file_type":{"id":292178729,"name":"BiophysicalModelDescription"}},{"attachable_id":305094322,"attachable_type":"Product","download_link":"/api/v2/well_known_file_download/395337225","id":395337225,"path":"/external/mousecelltypes/prod210/project_in vitro Single Cell Characterization_T301/NaTs.mod","well_known_file_type_id":292178729,"well_known_file_type":{"id":292178729,"name":"BiophysicalModelDescription"}},{"attachable_id":305094322,"attachable_type":"Product","download_link":"/api/v2/well_known_file_download/395337019","id":395337019,"path":"/external/mousecelltypes/prod210/project_in vitro Single Cell Characterization_T301/Im.mod","well_known_file_type_id":292178729,"well_known_file_type":{"id":292178729,"name":"BiophysicalModelDescription"}},{"attachable_id":305094322,"attachable_type":"Product","download_link":"/api/v2/well_known_file_download/395337003","id":395337003,"path":"/external/mousecelltypes/prod210/project_in vitro Single Cell Characterization_T301/Ca_HVA.mod","well_known_file_type_id":292178729,"well_known_file_type":{"id":292178729,"name":"BiophysicalModelDescription"}},{"attachable_id":305094322,"attachable_type":"Product","download_link":"/api/v2/well_known_file_download/395337050","id":395337050,"path":"/external/mousecelltypes/prod210/project_in vitro Single Cell Characterization_T301/K_T.mod","well_known_file_type_id":292178729,"well_known_file_type":{"id":292178729,"name":"BiophysicalModelDescription"}},{"attachable_id":305094322,"attachable_type":"Product","download_link":"/api/v2/well_known_file_download/395337042","id":395337042,"path":"/external/mousecelltypes/prod210/project_in vitro Single Cell Characterization_T301/Im_v2.mod","well_known_file_type_id":292178729,"well_known_file_type":{"id":292178729,"name":"BiophysicalModelDescription"}},{"attachable_id":305094322,"attachable_type":"Product","download_link":"/api/v2/well_known_file_download/395337058","id":395337058,"path":"/external/mousecelltypes/prod210/project_in vitro Single Cell Characterization_T301/Kv2like.mod","well_known_file_type_id":292178729,"well_known_file_type":{"id":292178729,"name":"BiophysicalModelDescription"}},{"attachable_id":305094322,"attachable_type":"Product","download_link":"/api/v2/well_known_file_download/395337011","id":395337011,"path":"/external/mousecelltypes/prod210/project_in vitro Single Cell Characterization_T301/CaDynamics.mod","well_known_file_type_id":292178729,"well_known_file_type":{"id":292178729,"name":"BiophysicalModelDescription"}},{"attachable_id":305094322,"attachable_type":"Product","download_link":"/api/v2/well_known_file_download/395337046","id":395337046,"path":"/external/mousecelltypes/prod210/project_in vitro Single Cell Characterization_T301/K_P.mod","well_known_file_type_id":292178729,"well_known_file_type":{"id":292178729,"name":"BiophysicalModelDescription"}},{"attachable_id":305094322,"attachable_type":"Product","download_link":"/api/v2/well_known_file_download/395337015","id":395337015,"path":"/external/mousecelltypes/prod210/project_in vitro Single Cell Characterization_T301/Ih.mod","well_known_file_type_id":292178729,"well_known_file_type":{"id":292178729,"name":"BiophysicalModelDescription"}},{"attachable_id":305094322,"attachable_type":"Product","download_link":"/api/v2/well_known_file_download/395337066","id":395337066,"path":"/external/mousecelltypes/prod210/project_in vitro Single Cell Characterization_T301/Nap.mod","well_known_file_type_id":292178729,"well_known_file_type":{"id":292178729,"name":"BiophysicalModelDescription"}},{"attachable_id":305094322,"attachable_type":"Product","download_link":"/api/v2/well_known_file_download/464138096","id":464138096,"path":"/external/mousecelltypes/prod251/project_in vitro Single Cell Characterization_T301/NaV.mod","well_known_file_type_id":292178729,"well_known_file_type":{"id":292178729,"name":"BiophysicalModelDescription"}},{"attachable_id":305094322,"attachable_type":"Product","download_link":"/api/v2/well_known_file_download/395337007","id":395337007,"path":"/external/mousecelltypes/prod210/project_in vitro Single Cell Characterization_T301/Ca_LVA.mod","well_known_file_type_id":292178729,"well_known_file_type":{"id":292178729,"name":"BiophysicalModelDescription"}}]},"specimen":{"donor_id":469953249,"ephys_result_id":471789502,"external_specimen_name":null,"failed_facet":734881840,"hemisphere":"left","id":471789504,"is_cell_specimen":true,"is_ish":false,"name":"Ntsr1-Cre;Ai14(GSL)-181184.05.01.01","parent_id":471774782,"parent_x_coord":0,"parent_y_coord":0,"parent_z_coord":1,"rna_integrity_number":null,"specimen_id_path":"/469953251/471773218/471774782/471789504/","sphinx_id":48142,"structure_id":33,"tissue_ph":null,"weight":9000,"neuron_reconstructions":[{"average_bifurcation_angle_local":70.9314,"average_bifurcation_angle_remote":85.37,"average_contraction":0.832413,"average_diameter":0.485275,"average_fragmentation":44.3824,"average_parent_daughter_ratio":0.824385,"hausdorff_dimension":1.19169,"id":475124527,"max_branch_order":18.0,"max_euclidean_distance":849.962,"max_path_distance":974.064,"number_bifurcations":32,"number_branches":68,"number_nodes":3087,"number_stems":6,"number_tips":37,"overall_depth":95.9885,"overall_height":906.284,"overall_width":284.149,"scale_factor_x":0.1144,"scale_factor_y":0.1144,"scale_factor_z":0.28,"soma_surface":456.167,"specimen_id":471789504,"tags":"3D Neuron Reconstruction morphology","total_length":3916.43,"total_surface":5944.94,"total_volume":824.895,"well_known_files":[{"attachable_id":475124527,"attachable_type":"NeuronReconstruction","download_link":"/api/v2/well_known_file_download/475124529","id":475124529,"path":"/external/mousecelltypes/prod324/specimen_471789504/Ntsr1-Cre_Ai14_GSL_-181184.05.01.01_475124527_m.swc","well_known_file_type_id":303941301,"well_known_file_type":{"id":303941301,"name":"3DNeuronReconstruction"}}]}]}}