[
  {
    "bridge_balance_mohm": 14.7130651473999,
    "id": 396300623,
    "leak_pa": 0.0,
    "num_spikes": 0,
    "peak_deflection": 0.0,
    "post_noise_rms_mv": 0.0307873077690601,
    "post_vm_mv": -74.7515563964844,
    "pre_noise_rms_mv": 0.0451144352555275,
    "pre_vm_mv": -74.9317779541016,
    "slow_noise_rms_mv": 0.169916793704033,
    "slow_vm_mv": -74.9317779541016,
    "specimen_id": 313861608,
    "stimulus_absolute_amplitude": 509.999986686438,
    "stimulus_description": "C1SSFINEST141203[0]",
    "stimulus_duration": 0.002995,
    "stimulus_interval": 0.0,
    "stimulus_name": "Short Square",
    "stimulus_relative_amplitude": 5.1,
    "stimulus_start_time": 0.92,
    "stimulus_units": "pA",
    "sweep_number": 13,
    "vm_delta_mv": 0.180221557617188
  },
  {
    "bridge_balance_mohm": 14.7130651473999,
    "id": 396300693,
    "leak_pa": 0.0,
    "num_spikes": 121,
    "peak_deflection": 0.0,
    "post_noise_rms_mv": 0.0368280969560146,
    "post_vm_mv": -74.7619171142578,
    "pre_noise_rms_mv": 0.0421651750802994,
    "pre_vm_mv": -74.5655975341797,
    "slow_noise_rms_mv": 0.129911258816719,
    "slow_vm_mv": -74.5655975341797,
    "specimen_id": 313861608,
    "stimulus_absolute_amplitude": 370.000002858362,
    "stimulus_description": "C1LSCOARSE141203[24]",
    "stimulus_duration": 0.999995,
    "stimulus_interval": 0.0,
    "stimulus_name": "Long Square",
    "stimulus_relative_amplitude": 1.0,
    "stimulus_start_time": 0.92,
    "stimulus_units": "pA",
    "sweep_number": 45,
    "vm_delta_mv": 0.196319580078125
  },
  {
    "bridge_balance_mohm": 14.7130651473999,
    "id": 396300649,
    "leak_pa": 0.0,
    "num_spikes": 0,
    "peak_deflection": -78.40625,
    "post_noise_rms_mv": 0.0372489988803864,
    "post_vm_mv": -75.2785415649414,
    "pre_noise_rms_mv": 0.0345024280250072,
    "pre_vm_mv": -75.0544128417969,
    "slow_noise_rms_mv": 0.0717396289110184,
    "slow_vm_mv": -75.0544128417969,
    "specimen_id": 313861608,
    "stimulus_absolute_amplitude": -29.9999990127642,
    "stimulus_description": "C1LSCOARSE141203[4]",
    "stimulus_duration": 0.999995,
    "stimulus_interval": 0.0,
    "stimulus_name": "Long Square",
    "stimulus_relative_amplitude": 1.0,
    "stimulus_start_time": 0.92,
    "stimulus_units": "pA",
    "sweep_number": 25,
    "vm_delta_mv": 0.224128723144531
  },
  {
    "bridge_balance_mohm": 14.7130651473999,
    "id": 396300725,
    "leak_pa": 0.0,
    "num_spikes": 0,
    "peak_deflection": 0.0,
    "post_noise_rms_mv": 0.0330532267689705,
    "post_vm_mv": -74.1817932128906,
    "pre_noise_rms_mv": 0.0418422482907772,
    "pre_vm_mv": -74.2651290893555,
    "slow_noise_rms_mv": 0.236387431621552,
    "slow_vm_mv": -74.2651290893555,
    "specimen_id": 313861608,
    "stimulus_absolute_amplitude": 200.000002670286,
    "stimulus_description": "C1SSCOARSE141203[1]",
    "stimulus_duration": 0.002995,
    "stimulus_interval": 0.0,
    "stimulus_name": "Short Square",
    "stimulus_relative_amplitude": 1.0,
    "stimulus_start_time": 0.92,
    "stimulus_units": "pA",
    "sweep_number": 6,
    "vm_delta_mv": 0.0833358764648438
  },
  {
    "bridge_balance_mohm": 14.7130651473999,
    "id": 396300763,
    "leak_pa": 0.0,
    "num_spikes": 1,
    "peak_deflection": 0.0,
    "post_noise_rms_mv": 0.0350487865507603,
    "post_vm_mv": -74.5029754638672,
    "pre_noise_rms_mv": 0.0344109050929546,
    "pre_vm_mv": -74.6334075927734,
    "slow_noise_rms_mv": 0.114290073513985,
    "slow_vm_mv": -74.6334075927734,
    "specimen_id": 313861608,
    "stimulus_absolute_amplitude": 450.000009477591,
    "stimulus_description": "C1SSFINEST141203[0]",
    "stimulus_duration": 0.002995,
    "stimulus_interval": 0.0,
    "stimulus_name": "Short Square",
    "stimulus_relative_amplitude": 4.5,
    "stimulus_start_time": 0.92,
    "stimulus_units": "pA",
    "sweep_number": 77,
    "vm_delta_mv": 0.13043212890625
  },
  {
    "bridge_balance_mohm": 14.7130651473999,
    "id": 396300809,
    "leak_pa": 0.0,
    "num_spikes": 3,
    "peak_deflection": 0.0,
    "post_noise_rms_mv": 0.0305242817848921,
    "post_vm_mv": -74.0312271118164,
    "pre_noise_rms_mv": 0.049752838909626,
    "pre_vm_mv": -74.0257949829102,
    "slow_noise_rms_mv": 0.134183526039124,
    "slow_vm_mv": -74.0257949829102,
    "specimen_id": 313861608,
    "stimulus_absolute_amplitude": 420.00000699538,
    "stimulus_description": "C2SSTRIPLE141203[0]",
    "stimulus_duration": 0.016995,
    "stimulus_interval": 0.004,
    "stimulus_name": "Short Square - Triple",
    "stimulus_relative_amplitude": 4.2,
    "stimulus_start_time": 1.92,
    "stimulus_units": "pA",
    "sweep_number": 98,
    "vm_delta_mv": 0.00543212890625
  },
  {
    "bridge_balance_mohm": 14.7130651473999,
    "id": 396300795,
    "leak_pa": 0.0,
    "num_spikes": 3,
    "peak_deflection": 0.0,
    "post_noise_rms_mv": 0.0343045778572559,
    "post_vm_mv": -74.4873733520508,
    "pre_noise_rms_mv": 0.0417176522314548,
    "pre_vm_mv": -74.5653381347656,
    "slow_noise_rms_mv": 0.0879092290997505,
    "slow_vm_mv": -74.5653381347656,
    "specimen_id": 313861608,
    "stimulus_absolute_amplitude": 420.00000699538,
    "stimulus_description": "C2SSTRIPLE141203[1]",
    "stimulus_duration": 0.024995,
    "stimulus_interval": 0.008,
    "stimulus_name": "Short Square - Triple",
    "stimulus_relative_amplitude": 4.2,
    "stimulus_start_time": 1.92,
    "stimulus_units": "pA",
    "sweep_number": 91,
    "vm_delta_mv": 0.0779647827148438
  },
  {
    "bridge_balance_mohm": 14.7130651473999,
    "id": 396300773,
    "leak_pa": 0.0,
    "num_spikes": 0,
    "peak_deflection": 0.0,
    "post_noise_rms_mv": 0.0419963710010052,
    "post_vm_mv": -74.7591171264648,
    "pre_noise_rms_mv": 0.0339170321822166,
    "pre_vm_mv": -75.0001449584961,
    "slow_noise_rms_mv": 0.061397098004818,
    "slow_vm_mv": -75.0001449584961,
    "specimen_id": 313861608,
    "stimulus_absolute_amplitude": 410.000006167976,
    "stimulus_description": "C1SSFINEST141203[0]",
    "stimulus_duration": 0.002995,
    "stimulus_interval": 0.0,
    "stimulus_name": "Short Square",
    "stimulus_relative_amplitude": 4.1,
    "stimulus_start_time": 0.92,
    "stimulus_units": "pA",
    "sweep_number": 81,
    "vm_delta_mv": 0.24102783203125
  },
  {
    "bridge_balance_mohm": 14.7130651473999,
    "id": 396300765,
    "leak_pa": 0.0,
    "num_spikes": 0,
    "peak_deflection": 0.0,
    "post_noise_rms_mv": 0.04264872148633,
    "post_vm_mv": -74.3884735107422,
    "pre_noise_rms_mv": 0.0327700600028038,
    "pre_vm_mv": -74.6160507202148,
    "slow_noise_rms_mv": 0.0711113885045052,
    "slow_vm_mv": -74.6160507202148,
    "specimen_id": 313861608,
    "stimulus_absolute_amplitude": 400.000005340573,
    "stimulus_description": "C1SSFINEST141203[0]",
    "stimulus_duration": 0.002995,
    "stimulus_interval": 0.0,
    "stimulus_name": "Short Square",
    "stimulus_relative_amplitude": 4.0,
    "stimulus_start_time": 0.92,
    "stimulus_units": "pA",
    "sweep_number": 78,
    "vm_delta_mv": 0.227577209472656
  },
  {
    "bridge_balance_mohm": 14.7130651473999,
    "id": 396300709,
    "leak_pa": 0.0,
    "num_spikes": 0,
    "peak_deflection": -42.34375,
    "post_noise_rms_mv": 0.0380397513508797,
    "post_vm_mv": -74.8390121459961,
    "pre_noise_rms_mv": 0.0302504282444715,
    "pre_vm_mv": -74.9165344238281,
    "slow_noise_rms_mv": 0.0861997455358505,
    "slow_vm_mv": -74.9165344238281,
    "specimen_id": 313861608,
    "stimulus_absolute_amplitude": 279.999995411728,
    "stimulus_description": "C1LSFINEST141203[0]",
    "stimulus_duration": 0.999995,
    "stimulus_interval": 0.0,
    "stimulus_name": "Long Square",
    "stimulus_relative_amplitude": 2.8,
    "stimulus_start_time": 0.92,
    "stimulus_units": "pA",
    "sweep_number": 52,
    "vm_delta_mv": 0.0775222778320312
  },
  {
    "bridge_balance_mohm": 14.7130651473999,
    "id": 396300737,
    "leak_pa": 0.0,
    "num_spikes": 115,
    "peak_deflection": 0.0,
    "post_noise_rms_mv": 0.038621935993433,
    "post_vm_mv": -75.4392776489258,
    "pre_noise_rms_mv": 0.0360763370990753,
    "pre_vm_mv": -75.1945343017578,
    "slow_noise_rms_mv": 0.108515456318855,
    "slow_vm_mv": -75.1945343017578,
    "specimen_id": 313861608,
    "stimulus_absolute_amplitude": 329.999999548747,
    "stimulus_description": "C2SQRHELNG141203[0]",
    "stimulus_duration": 1.999995,
    "stimulus_interval": 0.0,
    "stimulus_name": "Square - 2s Suprathreshold",
    "stimulus_relative_amplitude": 3.3,
    "stimulus_start_time": 0.92,
    "stimulus_units": "pA",
    "sweep_number": 65,
    "vm_delta_mv": 0.244743347167969
  },
  {
    "bridge_balance_mohm": 14.7130651473999,
    "id": 396300655,
    "leak_pa": 0.0,
    "num_spikes": 0,
    "peak_deflection": -71.65625,
    "post_noise_rms_mv": 0.0424259789288044,
    "post_vm_mv": -75.0626220703125,
    "pre_noise_rms_mv": 0.0382050126791,
    "pre_vm_mv": -75.2674713134766,
    "slow_noise_rms_mv": 0.0728128850460052,
    "slow_vm_mv": -75.2674713134766,
    "specimen_id": 313861608,
    "stimulus_absolute_amplitude": 29.9999990127642,
    "stimulus_description": "C1LSCOARSE141203[7]",
    "stimulus_duration": 0.999995,
    "stimulus_interval": 0.0,
    "stimulus_name": "Long Square",
    "stimulus_relative_amplitude": 1.0,
    "stimulus_start_time": 0.92,
    "stimulus_units": "pA",
    "sweep_number": 28,
    "vm_delta_mv": 0.204849243164062
  },
  {
    "bridge_balance_mohm": 14.7130651473999,
    "id": 396300679,
    "leak_pa": 0.0,
    "num_spikes": 0,
    "peak_deflection": -43.78125,
    "post_noise_rms_mv": 0.0380163230001926,
    "post_vm_mv": -73.9143981933594,
    "pre_noise_rms_mv": 0.0372014194726944,
    "pre_vm_mv": -73.6206207275391,
    "slow_noise_rms_mv": 0.129096284508705,
    "slow_vm_mv": -73.6206207275391,
    "specimen_id": 313861608,
    "stimulus_absolute_amplitude": 249.999992929517,
    "stimulus_description": "C1LSCOARSE141203[18]",
    "stimulus_duration": 0.999995,
    "stimulus_interval": 0.0,
    "stimulus_name": "Long Square",
    "stimulus_relative_amplitude": 1.0,
    "stimulus_start_time": 0.92,
    "stimulus_units": "pA",
    "sweep_number": 39,
    "vm_delta_mv": 0.293777465820312
  },
  {
    "bridge_balance_mohm": 14.7130651473999,
    "id": 396300739,
    "leak_pa": 0.0,
    "num_spikes": 145,
    "peak_deflection": 0.0,
    "post_noise_rms_mv": 0.0385856702923775,
    "post_vm_mv": -75.8534393310547,
    "pre_noise_rms_mv": 0.0393033735454082,
    "pre_vm_mv": -75.2441253662109,
    "slow_noise_rms_mv": 0.0694293975830078,
    "slow_vm_mv": -75.2441253662109,
    "specimen_id": 313861608,
    "stimulus_absolute_amplitude": 329.999999548747,
    "stimulus_description": "C2SQRHELNG141203[0]",
    "stimulus_duration": 1.999995,
    "stimulus_interval": 0.0,
    "stimulus_name": "Square - 2s Suprathreshold",
    "stimulus_relative_amplitude": 3.3,
    "stimulus_start_time": 0.92,
    "stimulus_units": "pA",
    "sweep_number": 66,
    "vm_delta_mv": 0.60931396484375
  },
  {
    "bridge_balance_mohm": 14.7130651473999,
    "id": 396300607,
    "leak_pa": 0.0,
    "num_spikes": 3,
    "peak_deflection": 0.0,
    "post_noise_rms_mv": 0.0336088016629219,
    "post_vm_mv": -74.366096496582,
    "pre_noise_rms_mv": 0.0396199449896812,
    "pre_vm_mv": -74.1393432617188,
    "slow_noise_rms_mv": 0.0923810824751854,
    "slow_vm_mv": -74.1393432617188,
    "specimen_id": 313861608,
    "stimulus_absolute_amplitude": 420.00000699538,
    "stimulus_description": "C2SSTRIPLE141203[5]",
    "stimulus_duration": 0.056995,
    "stimulus_interval": 0.024,
    "stimulus_name": "Short Square - Triple",
    "stimulus_relative_amplitude": 4.2,
    "stimulus_start_time": 1.92,
    "stimulus_units": "pA",
    "sweep_number": 103,
    "vm_delta_mv": 0.226753234863281
  },
  {
    "bridge_balance_mohm": 14.7130651473999,
    "id": 396300751,
    "leak_pa": 0.0,
    "num_spikes": 1960,
    "peak_deflection": 0.0,
    "post_noise_rms_mv": 0.0415794737637043,
    "post_vm_mv": -76.2638626098633,
    "pre_noise_rms_mv": 0.039102841168642,
    "pre_vm_mv": -75.9657745361328,
    "slow_noise_rms_mv": 0.0996433570981026,
    "slow_vm_mv": -75.9657745361328,
    "specimen_id": 313861608,
    "stimulus_absolute_amplitude": 741.749994759289,
    "stimulus_description": "C2NSRMPRHE141203[0]",
    "stimulus_duration": 29.999985,
    "stimulus_interval": 5.0e-06,
    "stimulus_name": "Ramp to Rheobase",
    "stimulus_relative_amplitude": 2.9,
    "stimulus_start_time": 1.92001,
    "stimulus_units": "pA",
    "sweep_number": 71,
    "vm_delta_mv": 0.298088073730469
  },
  {
    "bridge_balance_mohm": 14.7130651473999,
    "id": 396300759,
    "leak_pa": 0.0,
    "num_spikes": 1,
    "peak_deflection": 0.0,
    "post_noise_rms_mv": 0.0378385372459888,
    "post_vm_mv": -74.6082763671875,
    "pre_noise_rms_mv": 0.0493011027574539,
    "pre_vm_mv": -74.7984390258789,
    "slow_noise_rms_mv": 0.0929732695221901,
    "slow_vm_mv": -74.7984390258789,
    "specimen_id": 313861608,
    "stimulus_absolute_amplitude": 489.999985031631,
    "stimulus_description": "C1SSFINEST141203[0]",
    "stimulus_duration": 0.002995,
    "stimulus_interval": 0.0,
    "stimulus_name": "Short Square",
    "stimulus_relative_amplitude": 4.9,
    "stimulus_start_time": 0.92,
    "stimulus_units": "pA",
    "sweep_number": 75,
    "vm_delta_mv": 0.190162658691406
  },
  {
    "bridge_balance_mohm": 14.7130651473999,
    "id": 396300671,
    "leak_pa": 0.0,
    "num_spikes": 0,
    "peak_deflection": -52.0312538146973,
    "post_noise_rms_mv": 0.0378188416361809,
    "post_vm_mv": -74.3390426635742,
    "pre_noise_rms_mv": 0.0363572761416435,
    "pre_vm_mv": -74.3662185668945,
    "slow_noise_rms_mv": 0.189926788210869,
    "slow_vm_mv": -74.3662185668945,
    "specimen_id": 313861608,
    "stimulus_absolute_amplitude": 170.000000188075,
    "stimulus_description": "C1LSCOARSE141203[14]",
    "stimulus_duration": 0.999995,
    "stimulus_interval": 0.0,
    "stimulus_name": "Long Square",
    "stimulus_relative_amplitude": 1.0,
    "stimulus_start_time": 0.92,
    "stimulus_units": "pA",
    "sweep_number": 35,
    "vm_delta_mv": 0.0271759033203125
  },
  {
    "bridge_balance_mohm": 14.7130651473999,
    "id": 396300799,
    "leak_pa": 0.0,
    "num_spikes": 3,
    "peak_deflection": 0.0,
    "post_noise_rms_mv": 0.0380557328462601,
    "post_vm_mv": -74.4441833496094,
    "pre_noise_rms_mv": 0.041457574814558,
    "pre_vm_mv": -74.4548873901367,
    "slow_noise_rms_mv": 0.090210035443306,
    "slow_vm_mv": -74.4548873901367,
    "specimen_id": 313861608,
    "stimulus_absolute_amplitude": 420.00000699538,
    "stimulus_description": "C2SSTRIPLE141203[3]",
    "stimulus_duration": 0.040995,
    "stimulus_interval": 0.016,
    "stimulus_name": "Short Square - Triple",
    "stimulus_relative_amplitude": 4.2,
    "stimulus_start_time": 1.92,
    "stimulus_units": "pA",
    "sweep_number": 93,
    "vm_delta_mv": 0.0107040405273438
  },
  {
    "bridge_balance_mohm": 14.7130651473999,
    "id": 396300657,
    "leak_pa": 0.0,
    "num_spikes": 0,
    "peak_deflection": -69.1875,
    "post_noise_rms_mv": 0.0381213575601578,
    "post_vm_mv": -74.7864074707031,
    "pre_noise_rms_mv": 0.0420626886188984,
    "pre_vm_mv": -74.9366226196289,
    "slow_noise_rms_mv": 0.0678873583674431,
    "slow_vm_mv": -74.9366226196289,
    "specimen_id": 313861608,
    "stimulus_absolute_amplitude": 50.0000006675716,
    "stimulus_description": "C1LSCOARSE141203[8]",
    "stimulus_duration": 0.999995,
    "stimulus_interval": 0.0,
    "stimulus_name": "Long Square",
    "stimulus_relative_amplitude": 1.0,
    "stimulus_start_time": 0.92,
    "stimulus_units": "pA",
    "sweep_number": 29,
    "vm_delta_mv": 0.150215148925781
  },
  {
    "bridge_balance_mohm": 0.0,
    "id": 396300597,
    "leak_pa": 0.0,
    "num_spikes": 0,
    "peak_deflection": 0.0,
    "post_noise_rms_mv": 0.0,
    "post_vm_mv": 0.0,
    "pre_noise_rms_mv": 0.0,
    "pre_vm_mv": 0.0,
    "slow_noise_rms_mv": 0.0,
    "slow_vm_mv": 0.0,
    "specimen_id": 313861608,
    "stimulus_absolute_amplitude": 9.99999977648258,
    "stimulus_description": "EXTPINBATH141203[0]",
    "stimulus_duration": 0.069995,
    "stimulus_interval": 0.05,
    "stimulus_name": "Test",
    "stimulus_relative_amplitude": 1.0,
    "stimulus_start_time": 0.03,
    "stimulus_units": "mV",
    "sweep_number": 1,
    "vm_delta_mv": 0.0
  },
  {
    "bridge_balance_mohm": 14.7130651473999,
    "id": 396300645,
    "leak_pa": 0.0,
    "num_spikes": 0,
    "peak_deflection": -81.6875,
    "post_noise_rms_mv": 0.041837003082037,
    "post_vm_mv": -74.6753997802734,
    "pre_noise_rms_mv": 0.0397806502878666,
    "pre_vm_mv": -74.7592086791992,
    "slow_noise_rms_mv": 0.068867601454258,
    "slow_vm_mv": -74.7592086791992,
    "specimen_id": 313861608,
    "stimulus_absolute_amplitude": -69.9999988529321,
    "stimulus_description": "C1LSCOARSE141203[2]",
    "stimulus_duration": 0.999995,
    "stimulus_interval": 0.0,
    "stimulus_name": "Long Square",
    "stimulus_relative_amplitude": 1.0,
    "stimulus_start_time": 0.92,
    "stimulus_units": "pA",
    "sweep_number": 23,
    "vm_delta_mv": 0.0838088989257812
  },
  {
    "bridge_balance_mohm": 14.7130651473999,
    "id": 396300767,
    "leak_pa": 0.0,
    "num_spikes": 1,
    "peak_deflection": 0.0,
    "post_noise_rms_mv": 0.0434386022388935,
    "post_vm_mv": -74.4054794311523,
    "pre_noise_rms_mv": 0.0387782193720341,
    "pre_vm_mv": -74.6757125854492,
    "slow_noise_rms_mv": 0.124337382614613,
    "slow_vm_mv": -74.6757125854492,
    "specimen_id": 313861608,
    "stimulus_absolute_amplitude": 430.000007822784,
    "stimulus_description": "C1SSFINEST141203[0]",
    "stimulus_duration": 0.002995,
    "stimulus_interval": 0.0,
    "stimulus_name": "Short Square",
    "stimulus_relative_amplitude": 4.3,
    "stimulus_start_time": 0.92,
    "stimulus_units": "pA",
    "sweep_number": 79,
    "vm_delta_mv": 0.270233154296875
  },
  {
    "bridge_balance_mohm": 14.7130651473999,
    "id": 396300715,
    "leak_pa": 0.0,
    "num_spikes": 640,
    "peak_deflection": 0.0,
    "post_noise_rms_mv": 0.038546971976757,
    "post_vm_mv": -76.3781585693359,
    "pre_noise_rms_mv": 0.0470140092074871,
    "pre_vm_mv": -75.3109283447266,
    "slow_noise_rms_mv": 0.0856801494956017,
    "slow_vm_mv": -75.3109283447266,
    "specimen_id": 313861608,
    "stimulus_absolute_amplitude": 672.125022305181,
    "stimulus_description": "C1NSSEED_1141203[0]",
    "stimulus_duration": 18.999995,
    "stimulus_interval": 5.0,
    "stimulus_name": "Noise 1",
    "stimulus_relative_amplitude": 2.9,
    "stimulus_start_time": 1.92,
    "stimulus_units": "pA",
    "sweep_number": 55,
    "vm_delta_mv": 1.06723022460938
  },
  {
    "bridge_balance_mohm": 14.7130651473999,
    "id": 396300731,
    "leak_pa": 0.0,
    "num_spikes": 1,
    "peak_deflection": 0.0,
    "post_noise_rms_mv": 0.0442447923123837,
    "post_vm_mv": -75.1470336914062,
    "pre_noise_rms_mv": 0.0422455556690693,
    "pre_vm_mv": -75.0587768554688,
    "slow_noise_rms_mv": 0.0816161558032036,
    "slow_vm_mv": -75.0587768554688,
    "specimen_id": 313861608,
    "stimulus_absolute_amplitude": 289.999996239132,
    "stimulus_description": "C2SQRHELNG141203[0]",
    "stimulus_duration": 1.999995,
    "stimulus_interval": 0.0,
    "stimulus_name": "Square - 2s Suprathreshold",
    "stimulus_relative_amplitude": 2.9,
    "stimulus_start_time": 0.92,
    "stimulus_units": "pA",
    "sweep_number": 62,
    "vm_delta_mv": 0.0882568359375
  },
  {
    "bridge_balance_mohm": 14.7130651473999,
    "id": 396300747,
    "leak_pa": 0.0,
    "num_spikes": 0,
    "peak_deflection": 0.0,
    "post_noise_rms_mv": 0.0340854041278362,
    "post_vm_mv": -74.84765625,
    "pre_noise_rms_mv": 0.0427030436694622,
    "pre_vm_mv": -75.117317199707,
    "slow_noise_rms_mv": 0.330415695905685,
    "slow_vm_mv": -75.117317199707,
    "specimen_id": 313861608,
    "stimulus_absolute_amplitude": 299.999997066536,
    "stimulus_description": "C1SSCOARSE141203[2]",
    "stimulus_duration": 0.002995,
    "stimulus_interval": 0.0,
    "stimulus_name": "Short Square",
    "stimulus_relative_amplitude": 1.0,
    "stimulus_start_time": 0.92,
    "stimulus_units": "pA",
    "sweep_number": 7,
    "vm_delta_mv": 0.269660949707031
  },
  {
    "bridge_balance_mohm": 14.7130651473999,
    "id": 396300803,
    "leak_pa": 0.0,
    "num_spikes": 3,
    "peak_deflection": 0.0,
    "post_noise_rms_mv": 0.0523715354502201,
    "post_vm_mv": -74.3956832885742,
    "pre_noise_rms_mv": 0.0378988459706306,
    "pre_vm_mv": -74.2855987548828,
    "slow_noise_rms_mv": 0.109458416700363,
    "slow_vm_mv": -74.2855987548828,
    "specimen_id": 313861608,
    "stimulus_absolute_amplitude": 420.00000699538,
    "stimulus_description": "C2SSTRIPLE141203[5]",
    "stimulus_duration": 0.056995,
    "stimulus_interval": 0.024,
    "stimulus_name": "Short Square - Triple",
    "stimulus_relative_amplitude": 4.2,
    "stimulus_start_time": 1.92,
    "stimulus_units": "pA",
    "sweep_number": 95,
    "vm_delta_mv": 0.110084533691406
  },
  {
    "bridge_balance_mohm": 14.7130651473999,
    "id": 396300791,
    "leak_pa": 0.0,
    "num_spikes": 0,
    "peak_deflection": 0.0,
    "post_noise_rms_mv": 0.0647587031126022,
    "post_vm_mv": -74.7712783813477,
    "pre_noise_rms_mv": 0.0508707985281944,
    "pre_vm_mv": -75.1845779418945,
    "slow_noise_rms_mv": 0.389325797557831,
    "slow_vm_mv": -75.1845779418945,
    "specimen_id": 313861608,
    "stimulus_absolute_amplitude": 499.999985859034,
    "stimulus_description": "C1SSCOARSE141203[4]",
    "stimulus_duration": 0.002995,
    "stimulus_interval": 0.0,
    "stimulus_name": "Short Square",
    "stimulus_relative_amplitude": 1.0,
    "stimulus_start_time": 0.92,
    "stimulus_units": "pA",
    "sweep_number": 9,
    "vm_delta_mv": 0.413299560546875
  },
  {
    "bridge_balance_mohm": 14.7130651473999,
    "id": 396300683,
    "leak_pa": 0.0,
    "num_spikes": 0,
    "peak_deflection": -42.4375,
    "post_noise_rms_mv": 0.0440515875816345,
    "post_vm_mv": -74.1057968139648,
    "pre_noise_rms_mv": 0.0378367640078068,
    "pre_vm_mv": -74.0436630249023,
    "slow_noise_rms_mv": 0.0749343410134315,
    "slow_vm_mv": -74.0436630249023,
    "specimen_id": 313861608,
    "stimulus_absolute_amplitude": 269.999994584325,
    "stimulus_description": "C1LSCOARSE141203[19]",
    "stimulus_duration": 0.999995,
    "stimulus_interval": 0.0,
    "stimulus_name": "Long Square",
    "stimulus_relative_amplitude": 1.0,
    "stimulus_start_time": 0.92,
    "stimulus_units": "pA",
    "sweep_number": 40,
    "vm_delta_mv": 0.0621337890625
  },
  {
    "bridge_balance_mohm": 14.7130651473999,
    "id": 396300651,
    "leak_pa": 0.0,
    "num_spikes": 0,
    "peak_deflection": -76.75,
    "post_noise_rms_mv": 0.0463162325322628,
    "post_vm_mv": -75.4277801513672,
    "pre_noise_rms_mv": 0.0346019342541695,
    "pre_vm_mv": -75.3598480224609,
    "slow_noise_rms_mv": 0.080311581492424,
    "slow_vm_mv": -75.3598480224609,
    "specimen_id": 313861608,
    "stimulus_absolute_amplitude": -9.99999996004197,
    "stimulus_description": "C1LSCOARSE141203[5]",
    "stimulus_duration": 0.999995,
    "stimulus_interval": 0.0,
    "stimulus_name": "Long Square",
    "stimulus_relative_amplitude": 1.0,
    "stimulus_start_time": 0.92,
    "stimulus_units": "pA",
    "sweep_number": 26,
    "vm_delta_mv": 0.06793212890625
  },
  {
    "bridge_balance_mohm": 14.7130651473999,
    "id": 396300811,
    "leak_pa": 0.0,
    "num_spikes": 3,
    "peak_deflection": 0.0,
    "post_noise_rms_mv": 0.0408539734780788,
    "post_vm_mv": -74.3532638549805,
    "pre_noise_rms_mv": 0.0391839034855366,
    "pre_vm_mv": -74.3069381713867,
    "slow_noise_rms_mv": 0.113729007542133,
    "slow_vm_mv": -74.3069381713867,
    "specimen_id": 313861608,
    "stimulus_absolute_amplitude": 420.00000699538,
    "stimulus_description": "C2SSTRIPLE141203[1]",
    "stimulus_duration": 0.024995,
    "stimulus_interval": 0.008,
    "stimulus_name": "Short Square - Triple",
    "stimulus_relative_amplitude": 4.2,
    "stimulus_start_time": 1.92,
    "stimulus_units": "pA",
    "sweep_number": 99,
    "vm_delta_mv": 0.04632568359375
  },
  {
    "bridge_balance_mohm": 14.7130651473999,
    "id": 396300665,
    "leak_pa": 0.0,
    "num_spikes": 0,
    "peak_deflection": -61.6875038146973,
    "post_noise_rms_mv": 0.0417347401380539,
    "post_vm_mv": -74.7375030517578,
    "pre_noise_rms_mv": 0.0366099961102009,
    "pre_vm_mv": -74.8696899414062,
    "slow_noise_rms_mv": 0.0838992446660995,
    "slow_vm_mv": -74.8696899414062,
    "specimen_id": 313861608,
    "stimulus_absolute_amplitude": 110.000002162547,
    "stimulus_description": "C1LSCOARSE141203[11]",
    "stimulus_duration": 0.999995,
    "stimulus_interval": 0.0,
    "stimulus_name": "Long Square",
    "stimulus_relative_amplitude": 1.0,
    "stimulus_start_time": 0.92,
    "stimulus_units": "pA",
    "sweep_number": 32,
    "vm_delta_mv": 0.132186889648438
  },
  {
    "bridge_balance_mohm": 0.0,
    "id": 396300595,
    "leak_pa": 0.0,
    "num_spikes": 0,
    "peak_deflection": 0.0,
    "post_noise_rms_mv": 0.0,
    "post_vm_mv": 0.0,
    "pre_noise_rms_mv": 0.0,
    "pre_vm_mv": 0.0,
    "slow_noise_rms_mv": 0.0,
    "slow_vm_mv": 0.0,
    "specimen_id": 313861608,
    "stimulus_absolute_amplitude": 9.99999977648258,
    "stimulus_description": "EXTPSMOKET141203[0]",
    "stimulus_duration": 0.069995,
    "stimulus_interval": 0.05,
    "stimulus_name": "Test",
    "stimulus_relative_amplitude": 1.0,
    "stimulus_start_time": 0.03,
    "stimulus_units": "mV",
    "sweep_number": 0,
    "vm_delta_mv": 0.0
  },
  {
    "bridge_balance_mohm": 14.7130651473999,
    "id": 396300685,
    "leak_pa": 0.0,
    "num_spikes": 0,
    "peak_deflection": -41.09375,
    "post_noise_rms_mv": 0.0398207902908325,
    "post_vm_mv": -74.1828079223633,
    "pre_noise_rms_mv": 0.0403288118541241,
    "pre_vm_mv": -74.2416076660156,
    "slow_noise_rms_mv": 0.0686426609754562,
    "slow_vm_mv": -74.2416076660156,
    "specimen_id": 313861608,
    "stimulus_absolute_amplitude": 289.999996239132,
    "stimulus_description": "C1LSCOARSE141203[20]",
    "stimulus_duration": 0.999995,
    "stimulus_interval": 0.0,
    "stimulus_name": "Long Square",
    "stimulus_relative_amplitude": 1.0,
    "stimulus_start_time": 0.92,
    "stimulus_units": "pA",
    "sweep_number": 41,
    "vm_delta_mv": 0.0587997436523438
  },
  {
    "bridge_balance_mohm": 14.7130651473999,
    "id": 396300757,
    "leak_pa": 0.0,
    "num_spikes": 1,
    "peak_deflection": 0.0,
    "post_noise_rms_mv": 0.0396844409406185,
    "post_vm_mv": -74.701530456543,
    "pre_noise_rms_mv": 0.0423155687749386,
    "pre_vm_mv": -74.7123870849609,
    "slow_noise_rms_mv": 0.0811066851019859,
    "slow_vm_mv": -74.7123870849609,
    "specimen_id": 313861608,
    "stimulus_absolute_amplitude": 509.999986686438,
    "stimulus_description": "C1SSFINEST141203[0]",
    "stimulus_duration": 0.002995,
    "stimulus_interval": 0.0,
    "stimulus_name": "Short Square",
    "stimulus_relative_amplitude": 5.1,
    "stimulus_start_time": 0.92,
    "stimulus_units": "pA",
    "sweep_number": 74,
    "vm_delta_mv": 0.0108566284179688
  },
  {
    "bridge_balance_mohm": 14.7130651473999,
    "id": 396300641,
    "leak_pa": 0.0,
    "num_spikes": 0,
    "peak_deflection": -85.03125,
    "post_noise_rms_mv": 0.0424139015376568,
    "post_vm_mv": -74.7068557739258,
    "pre_noise_rms_mv": 0.036929827183485,
    "pre_vm_mv": -74.6316528320312,
    "slow_noise_rms_mv": 0.0831700190901756,
    "slow_vm_mv": -74.6316528320312,
    "specimen_id": 313861608,
    "stimulus_absolute_amplitude": -110.000002162547,
    "stimulus_description": "C1LSCOARSE141203[0]",
    "stimulus_duration": 0.999995,
    "stimulus_interval": 0.0,
    "stimulus_name": "Long Square",
    "stimulus_relative_amplitude": 1.0,
    "stimulus_start_time": 0.92,
    "stimulus_units": "pA",
    "sweep_number": 21,
    "vm_delta_mv": 0.0752029418945312
  },
  {
    "bridge_balance_mohm": 14.7130651473999,
    "id": 396300681,
    "leak_pa": 0.0,
    "num_spikes": 51,
    "peak_deflection": 0.0,
    "post_noise_rms_mv": 0.0,
    "post_vm_mv": 0.0,
    "pre_noise_rms_mv": 0.0563024207949638,
    "pre_vm_mv": -75.6197509765625,
    "slow_noise_rms_mv": 0.362183779478073,
    "slow_vm_mv": -75.6197509765625,
    "specimen_id": 313861608,
    "stimulus_absolute_amplitude": 800.000010681146,
    "stimulus_description": "C1RP25PR1S141203[0]",
    "stimulus_duration": 31.997495,
    "stimulus_interval": 0.0,
    "stimulus_name": "Ramp",
    "stimulus_relative_amplitude": 1.0,
    "stimulus_start_time": 0.9225,
    "stimulus_units": "pA",
    "sweep_number": 4,
    "vm_delta_mv": 0.0
  },
  {
    "bridge_balance_mohm": 14.7130651473999,
    "id": 396300695,
    "leak_pa": 0.0,
    "num_spikes": 149,
    "peak_deflection": 0.0,
    "post_noise_rms_mv": 0.0476334169507027,
    "post_vm_mv": -75.1559524536133,
    "pre_noise_rms_mv": 0.0442685596644878,
    "pre_vm_mv": -74.2242813110352,
    "slow_noise_rms_mv": 0.145491659641266,
    "slow_vm_mv": -74.2242813110352,
    "specimen_id": 313861608,
    "stimulus_absolute_amplitude": 390.000004513169,
    "stimulus_description": "C1LSCOARSE141203[25]",
    "stimulus_duration": 0.999995,
    "stimulus_interval": 0.0,
    "stimulus_name": "Long Square",
    "stimulus_relative_amplitude": 1.0,
    "stimulus_start_time": 0.92,
    "stimulus_units": "pA",
    "sweep_number": 46,
    "vm_delta_mv": 0.931671142578125
  },
  {
    "bridge_balance_mohm": 0.0,
    "id": 396300617,
    "leak_pa": 0.0,
    "num_spikes": 0,
    "peak_deflection": 0.0,
    "post_noise_rms_mv": 0.0361143685877323,
    "post_vm_mv": -2.06814980506897,
    "pre_noise_rms_mv": 0.0402868948876858,
    "pre_vm_mv": -2.09786629676819,
    "slow_noise_rms_mv": 0.0432867966592312,
    "slow_vm_mv": -2.09786629676819,
    "specimen_id": 313861608,
    "stimulus_absolute_amplitude": 0.0,
    "stimulus_description": "EXTPBLWOUT141203[0]",
    "stimulus_duration": 0.0,
    "stimulus_interval": 0.0,
    "stimulus_name": "Test",
    "stimulus_relative_amplitude": 1.0,
    "stimulus_start_time": 0.0,
    "stimulus_units": "pA",
    "sweep_number": 108,
    "vm_delta_mv": 0.0297164916992188
  },
  {
    "bridge_balance_mohm": 0.0,
    "id": 396300659,
    "leak_pa": 0.0,
    "num_spikes": 0,
    "peak_deflection": 0.0,
    "post_noise_rms_mv": 0.0,
    "post_vm_mv": 0.0,
    "pre_noise_rms_mv": 0.0,
    "pre_vm_mv": 0.0,
    "slow_noise_rms_mv": 0.0,
    "slow_vm_mv": 0.0,
    "specimen_id": 313861608,
    "stimulus_absolute_amplitude": 9.99999977648258,
    "stimulus_description": "EXTPBREAKN141203[0]",
    "stimulus_duration": 0.069995,
    "stimulus_interval": 0.05,
    "stimulus_name": "Test",
    "stimulus_relative_amplitude": 1.0,
    "stimulus_start_time": 0.03,
    "stimulus_units": "mV",
    "sweep_number": 3,
    "vm_delta_mv": 0.0
  },
  {
    "bridge_balance_mohm": 14.7130651473999,
    "id": 396300797,
    "leak_pa": 0.0,
    "num_spikes": 3,
    "peak_deflection": 0.0,
    "post_noise_rms_mv": 0.0427537299692631,
    "post_vm_mv": -74.5430068969727,
    "pre_noise_rms_mv": 0.0390875488519669,
    "pre_vm_mv": -74.5792770385742,
    "slow_noise_rms_mv": 0.0699546635150909,
    "slow_vm_mv": -74.5792770385742,
    "specimen_id": 313861608,
    "stimulus_absolute_amplitude": 420.00000699538,
    "stimulus_description": "C2SSTRIPLE141203[2]",
    "stimulus_duration": 0.032995,
    "stimulus_interval": 0.012,
    "stimulus_name": "Short Square - Triple",
    "stimulus_relative_amplitude": 4.2,
    "stimulus_start_time": 1.92,
    "stimulus_units": "pA",
    "sweep_number": 92,
    "vm_delta_mv": 0.0362701416015625
  },
  {
    "bridge_balance_mohm": 14.7130651473999,
    "id": 396300761,
    "leak_pa": 0.0,
    "num_spikes": 1,
    "peak_deflection": 0.0,
    "post_noise_rms_mv": 0.0389704257249832,
    "post_vm_mv": -74.6684875488281,
    "pre_noise_rms_mv": 0.0411024875938892,
    "pre_vm_mv": -74.8080978393555,
    "slow_noise_rms_mv": 0.0864761844277382,
    "slow_vm_mv": -74.8080978393555,
    "specimen_id": 313861608,
    "stimulus_absolute_amplitude": 469.999983376823,
    "stimulus_description": "C1SSFINEST141203[0]",
    "stimulus_duration": 0.002995,
    "stimulus_interval": 0.0,
    "stimulus_name": "Short Square",
    "stimulus_relative_amplitude": 4.7,
    "stimulus_start_time": 0.92,
    "stimulus_units": "pA",
    "sweep_number": 76,
    "vm_delta_mv": 0.139610290527344
  },
  {
    "bridge_balance_mohm": 14.7130651473999,
    "id": 396300611,
    "leak_pa": 0.0,
    "num_spikes": 3,
    "peak_deflection": 0.0,
    "post_noise_rms_mv": 0.0400830581784248,
    "post_vm_mv": -74.3834686279297,
    "pre_noise_rms_mv": 0.0405090264976025,
    "pre_vm_mv": -74.4908294677734,
    "slow_noise_rms_mv": 0.0818654596805573,
    "slow_vm_mv": -74.4908294677734,
    "specimen_id": 313861608,
    "stimulus_absolute_amplitude": 420.00000699538,
    "stimulus_description": "C2SSTRIPLE141203[7]",
    "stimulus_duration": 0.072995,
    "stimulus_interval": 0.032,
    "stimulus_name": "Short Square - Triple",
    "stimulus_relative_amplitude": 4.2,
    "stimulus_start_time": 1.92,
    "stimulus_units": "pA",
    "sweep_number": 105,
    "vm_delta_mv": 0.10736083984375
  },
  {
    "bridge_balance_mohm": 14.7130651473999,
    "id": 396300735,
    "leak_pa": 0.0,
    "num_spikes": 135,
    "peak_deflection": 0.0,
    "post_noise_rms_mv": 0.0399994105100632,
    "post_vm_mv": -75.6899719238281,
    "pre_noise_rms_mv": 0.0433745384216309,
    "pre_vm_mv": -75.1592483520508,
    "slow_noise_rms_mv": 0.0875587537884712,
    "slow_vm_mv": -75.1592483520508,
    "specimen_id": 313861608,
    "stimulus_absolute_amplitude": 329.999999548747,
    "stimulus_description": "C2SQRHELNG141203[0]",
    "stimulus_duration": 1.999995,
    "stimulus_interval": 0.0,
    "stimulus_name": "Square - 2s Suprathreshold",
    "stimulus_relative_amplitude": 3.3,
    "stimulus_start_time": 0.92,
    "stimulus_units": "pA",
    "sweep_number": 64,
    "vm_delta_mv": 0.530723571777344
  },
  {
    "bridge_balance_mohm": 14.7130651473999,
    "id": 396300769,
    "leak_pa": 0.0,
    "num_spikes": 0,
    "peak_deflection": 0.0,
    "post_noise_rms_mv": 0.0438106991350651,
    "post_vm_mv": -74.6273422241211,
    "pre_noise_rms_mv": 0.0382976308465004,
    "pre_vm_mv": -74.5749206542969,
    "slow_noise_rms_mv": 0.338899523019791,
    "slow_vm_mv": -74.5749206542969,
    "specimen_id": 313861608,
    "stimulus_absolute_amplitude": 400.000005340573,
    "stimulus_description": "C1SSCOARSE141203[3]",
    "stimulus_duration": 0.002995,
    "stimulus_interval": 0.0,
    "stimulus_name": "Short Square",
    "stimulus_relative_amplitude": 1.0,
    "stimulus_start_time": 0.92,
    "stimulus_units": "pA",
    "sweep_number": 8,
    "vm_delta_mv": 0.0524215698242188
  },
  {
    "bridge_balance_mohm": 14.7130651473999,
    "id": 396300673,
    "leak_pa": 0.0,
    "num_spikes": 0,
    "peak_deflection": -49.9375,
    "post_noise_rms_mv": 0.039205577224493,
    "post_vm_mv": -73.8172760009766,
    "pre_noise_rms_mv": 0.0344394817948341,
    "pre_vm_mv": -74.345832824707,
    "slow_noise_rms_mv": 0.129274547100067,
    "slow_vm_mv": -74.345832824707,
    "specimen_id": 313861608,
    "stimulus_absolute_amplitude": 190.000001842883,
    "stimulus_description": "C1LSCOARSE141203[15]",
    "stimulus_duration": 0.999995,
    "stimulus_interval": 0.0,
    "stimulus_name": "Long Square",
    "stimulus_relative_amplitude": 1.0,
    "stimulus_start_time": 0.92,
    "stimulus_units": "pA",
    "sweep_number": 36,
    "vm_delta_mv": 0.528556823730469
  },
  {
    "bridge_balance_mohm": 14.7130651473999,
    "id": 396300753,
    "leak_pa": 0.0,
    "num_spikes": 2103,
    "peak_deflection": 0.0,
    "post_noise_rms_mv": 0.0382969416677952,
    "post_vm_mv": -75.5695190429688,
    "pre_noise_rms_mv": 0.0367698781192303,
    "pre_vm_mv": -75.3108062744141,
    "slow_noise_rms_mv": 0.0975213870406151,
    "slow_vm_mv": -75.3108062744141,
    "specimen_id": 313861608,
    "stimulus_absolute_amplitude": 741.749994759289,
    "stimulus_description": "C2NSRMPRHE141203[0]",
    "stimulus_duration": 29.999985,
    "stimulus_interval": 5.0e-06,
    "stimulus_name": "Ramp to Rheobase",
    "stimulus_relative_amplitude": 2.9,
    "stimulus_start_time": 1.92001,
    "stimulus_units": "pA",
    "sweep_number": 72,
    "vm_delta_mv": 0.258712768554688
  },
  {
    "bridge_balance_mohm": 14.7130651473999,
    "id": 396300713,
    "leak_pa": 0.0,
    "num_spikes": 608,
    "peak_deflection": 0.0,
    "post_noise_rms_mv": 0.0391874834895134,
    "post_vm_mv": -75.7988433837891,
    "pre_noise_rms_mv": 0.0391433760523796,
    "pre_vm_mv": -74.9832153320312,
    "slow_noise_rms_mv": 0.0637387633323669,
    "slow_vm_mv": -74.9832153320312,
    "specimen_id": 313861608,
    "stimulus_absolute_amplitude": 683.750001062577,
    "stimulus_description": "C1NSSEED_2141203[0]",
    "stimulus_duration": 18.999995,
    "stimulus_interval": 5.0,
    "stimulus_name": "Noise 2",
    "stimulus_relative_amplitude": 2.9,
    "stimulus_start_time": 1.92,
    "stimulus_units": "pA",
    "sweep_number": 54,
    "vm_delta_mv": 0.815628051757812
  },
  {
    "bridge_balance_mohm": 14.7130651473999,
    "id": 396300745,
    "leak_pa": 0.0,
    "num_spikes": 305,
    "peak_deflection": 0.0,
    "post_noise_rms_mv": 0.0368602462112904,
    "post_vm_mv": -76.0627365112305,
    "pre_noise_rms_mv": 0.0412093810737133,
    "pre_vm_mv": -75.2216567993164,
    "slow_noise_rms_mv": 0.0759912505745888,
    "slow_vm_mv": -75.2216567993164,
    "specimen_id": 313861608,
    "stimulus_absolute_amplitude": 370.000002858362,
    "stimulus_description": "C2SQRHELNG141203[0]",
    "stimulus_duration": 1.999995,
    "stimulus_interval": 0.0,
    "stimulus_name": "Square - 2s Suprathreshold",
    "stimulus_relative_amplitude": 3.7,
    "stimulus_start_time": 0.92,
    "stimulus_units": "pA",
    "sweep_number": 69,
    "vm_delta_mv": 0.841079711914062
  },
  {
    "bridge_balance_mohm": 0.0,
    "id": 396300613,
    "leak_pa": 0.0,
    "num_spikes": 0,
    "peak_deflection": 0.0,
    "post_noise_rms_mv": 0.0,
    "post_vm_mv": 0.0,
    "pre_noise_rms_mv": 0.0,
    "pre_vm_mv": 0.0,
    "slow_noise_rms_mv": 0.0,
    "slow_vm_mv": 0.0,
    "specimen_id": 313861608,
    "stimulus_absolute_amplitude": 9.99999977648258,
    "stimulus_description": "EXTPEXPEND141203[0]",
    "stimulus_duration": 0.069995,
    "stimulus_interval": 0.05,
    "stimulus_name": "Test",
    "stimulus_relative_amplitude": 1.0,
    "stimulus_start_time": 0.03,
    "stimulus_units": "mV",
    "sweep_number": 106,
    "vm_delta_mv": 0.0
  },
  {
    "bridge_balance_mohm": 14.7130651473999,
    "id": 396300661,
    "leak_pa": 0.0,
    "num_spikes": 0,
    "peak_deflection": -66.625,
    "post_noise_rms_mv": 0.0370862074196339,
    "post_vm_mv": -74.5980987548828,
    "pre_noise_rms_mv": 0.0395359545946121,
    "pre_vm_mv": -74.698127746582,
    "slow_noise_rms_mv": 0.0725357607007027,
    "slow_vm_mv": -74.698127746582,
    "specimen_id": 313861608,
    "stimulus_absolute_amplitude": 69.9999988529321,
    "stimulus_description": "C1LSCOARSE141203[9]",
    "stimulus_duration": 0.999995,
    "stimulus_interval": 0.0,
    "stimulus_name": "Long Square",
    "stimulus_relative_amplitude": 1.0,
    "stimulus_start_time": 0.92,
    "stimulus_units": "pA",
    "sweep_number": 30,
    "vm_delta_mv": 0.100028991699219
  },
  {
    "bridge_balance_mohm": 14.7130651473999,
    "id": 396300627,
    "leak_pa": 0.0,
    "num_spikes": 1,
    "peak_deflection": 0.0,
    "post_noise_rms_mv": 0.0377319678664207,
    "post_vm_mv": -74.418586730957,
    "pre_noise_rms_mv": 0.0391006544232368,
    "pre_vm_mv": -74.6389465332031,
    "slow_noise_rms_mv": 0.265740603208542,
    "slow_vm_mv": -74.6389465332031,
    "specimen_id": 313861608,
    "stimulus_absolute_amplitude": 529.999988341245,
    "stimulus_description": "C1SSFINEST141203[0]",
    "stimulus_duration": 0.002995,
    "stimulus_interval": 0.0,
    "stimulus_name": "Short Square",
    "stimulus_relative_amplitude": 5.3,
    "stimulus_start_time": 0.92,
    "stimulus_units": "pA",
    "sweep_number": 15,
    "vm_delta_mv": 0.220359802246094
  },
  {
    "bridge_balance_mohm": 14.7130651473999,
    "id": 396300727,
    "leak_pa": 0.0,
    "num_spikes": 0,
    "peak_deflection": 0.0,
    "post_noise_rms_mv": 0.0373626910150051,
    "post_vm_mv": -75.2624206542969,
    "pre_noise_rms_mv": 0.0378283746540546,
    "pre_vm_mv": -75.1824035644531,
    "slow_noise_rms_mv": 0.226229578256607,
    "slow_vm_mv": -75.1824035644531,
    "specimen_id": 313861608,
    "stimulus_absolute_amplitude": -200.000002670286,
    "stimulus_description": "C1SQCAPCHK141203[0]",
    "stimulus_duration": 7.819995,
    "stimulus_interval": 0.2,
    "stimulus_name": "Square - 0.5ms Subthreshold",
    "stimulus_relative_amplitude": 1.0,
    "stimulus_start_time": 0.12,
    "stimulus_units": "pA",
    "sweep_number": 60,
    "vm_delta_mv": 0.08001708984375
  },
  {
    "bridge_balance_mohm": 14.7130651473999,
    "id": 396300775,
    "leak_pa": 0.0,
    "num_spikes": 2,
    "peak_deflection": 0.0,
    "post_noise_rms_mv": 0.0393190309405327,
    "post_vm_mv": -75.138671875,
    "pre_noise_rms_mv": 0.0304643455892801,
    "pre_vm_mv": -75.2197952270508,
    "slow_noise_rms_mv": 0.102888219058514,
    "slow_vm_mv": -75.2197952270508,
    "specimen_id": 313861608,
    "stimulus_absolute_amplitude": 420.00000699538,
    "stimulus_description": "C2SSTRIPLE141203[0]",
    "stimulus_duration": 0.016995,
    "stimulus_interval": 0.004,
    "stimulus_name": "Short Square - Triple",
    "stimulus_relative_amplitude": 4.2,
    "stimulus_start_time": 1.92,
    "stimulus_units": "pA",
    "sweep_number": 82,
    "vm_delta_mv": 0.0811233520507812
  },
  {
    "bridge_balance_mohm": 14.7130651473999,
    "id": 396300687,
    "leak_pa": 0.0,
    "num_spikes": 1,
    "peak_deflection": 0.0,
    "post_noise_rms_mv": 0.035447284579277,
    "post_vm_mv": -74.388786315918,
    "pre_noise_rms_mv": 0.0465302094817162,
    "pre_vm_mv": -74.3289413452148,
    "slow_noise_rms_mv": 0.156726762652397,
    "slow_vm_mv": -74.3289413452148,
    "specimen_id": 313861608,
    "stimulus_absolute_amplitude": 309.999997893939,
    "stimulus_description": "C1LSCOARSE141203[21]",
    "stimulus_duration": 0.999995,
    "stimulus_interval": 0.0,
    "stimulus_name": "Long Square",
    "stimulus_relative_amplitude": 1.0,
    "stimulus_start_time": 0.92,
    "stimulus_units": "pA",
    "sweep_number": 42,
    "vm_delta_mv": 0.059844970703125
  },
  {
    "bridge_balance_mohm": 14.7130651473999,
    "id": 396300667,
    "leak_pa": 0.0,
    "num_spikes": 0,
    "peak_deflection": -58.84375,
    "post_noise_rms_mv": 0.04005092009902,
    "post_vm_mv": -74.6419296264648,
    "pre_noise_rms_mv": 0.0479523725807667,
    "pre_vm_mv": -74.7872695922852,
    "slow_noise_rms_mv": 0.0783537030220032,
    "slow_vm_mv": -74.7872695922852,
    "specimen_id": 313861608,
    "stimulus_absolute_amplitude": 129.99999687846,
    "stimulus_description": "C1LSCOARSE141203[12]",
    "stimulus_duration": 0.999995,
    "stimulus_interval": 0.0,
    "stimulus_name": "Long Square",
    "stimulus_relative_amplitude": 1.0,
    "stimulus_start_time": 0.92,
    "stimulus_units": "pA",
    "sweep_number": 33,
    "vm_delta_mv": 0.145339965820312
  },
  {
    "bridge_balance_mohm": 14.7130651473999,
    "id": 396300635,
    "leak_pa": 0.0,
    "num_spikes": 0,
    "peak_deflection": 0.0,
    "post_noise_rms_mv": 0.043927650898695,
    "post_vm_mv": -75.2925720214844,
    "pre_noise_rms_mv": 0.0308527871966362,
    "pre_vm_mv": -75.3143615722656,
    "slow_noise_rms_mv": 0.182270482182503,
    "slow_vm_mv": -75.3143615722656,
    "specimen_id": 313861608,
    "stimulus_absolute_amplitude": 529.999988341245,
    "stimulus_description": "C1SSFINEST141203[0]",
    "stimulus_duration": 0.002995,
    "stimulus_interval": 0.0,
    "stimulus_name": "Short Square",
    "stimulus_relative_amplitude": 5.3,
    "stimulus_start_time": 0.92,
    "stimulus_units": "pA",
    "sweep_number": 19,
    "vm_delta_mv": 0.02178955078125
  },
  {
    "bridge_balance_mohm": 14.7130651473999,
    "id": 396300805,
    "leak_pa": 0.0,
    "num_spikes": 3,
    "peak_deflection": 0.0,
    "post_noise_rms_mv": 0.0388726219534874,
    "post_vm_mv": -74.4030532836914,
    "pre_noise_rms_mv": 0.0466142930090427,
    "pre_vm_mv": -74.3524169921875,
    "slow_noise_rms_mv": 0.0885308608412743,
    "slow_vm_mv": -74.3524169921875,
    "specimen_id": 313861608,
    "stimulus_absolute_amplitude": 420.00000699538,
    "stimulus_description": "C2SSTRIPLE141203[6]",
    "stimulus_duration": 0.064995,
    "stimulus_interval": 0.028,
    "stimulus_name": "Short Square - Triple",
    "stimulus_relative_amplitude": 4.2,
    "stimulus_start_time": 1.92,
    "stimulus_units": "pA",
    "sweep_number": 96,
    "vm_delta_mv": 0.0506362915039062
  },
  {
    "bridge_balance_mohm": 14.7130651473999,
    "id": 396300777,
    "leak_pa": 0.0,
    "num_spikes": 3,
    "peak_deflection": 0.0,
    "post_noise_rms_mv": 0.0419086888432503,
    "post_vm_mv": -75.3536376953125,
    "pre_noise_rms_mv": 0.040713794529438,
    "pre_vm_mv": -75.3154067993164,
    "slow_noise_rms_mv": 0.0994202569127083,
    "slow_vm_mv": -75.3154067993164,
    "specimen_id": 313861608,
    "stimulus_absolute_amplitude": 420.00000699538,
    "stimulus_description": "C2SSTRIPLE141203[1]",
    "stimulus_duration": 0.024995,
    "stimulus_interval": 0.008,
    "stimulus_name": "Short Square - Triple",
    "stimulus_relative_amplitude": 4.2,
    "stimulus_start_time": 1.92,
    "stimulus_units": "pA",
    "sweep_number": 83,
    "vm_delta_mv": 0.0382308959960938
  },
  {
    "bridge_balance_mohm": 14.7130651473999,
    "id": 396300703,
    "leak_pa": 0.0,
    "num_spikes": 0,
    "peak_deflection": 0.0,
    "post_noise_rms_mv": 0.0542574822902679,
    "post_vm_mv": -74.2946243286133,
    "pre_noise_rms_mv": 0.0462419800460339,
    "pre_vm_mv": -74.2740936279297,
    "slow_noise_rms_mv": 0.322624444961548,
    "slow_vm_mv": -74.2740936279297,
    "specimen_id": 313861608,
    "stimulus_absolute_amplitude": 100.000001335143,
    "stimulus_description": "C1SSCOARSE141203[0]",
    "stimulus_duration": 0.002995,
    "stimulus_interval": 0.0,
    "stimulus_name": "Short Square",
    "stimulus_relative_amplitude": 1.0,
    "stimulus_start_time": 0.92,
    "stimulus_units": "pA",
    "sweep_number": 5,
    "vm_delta_mv": 0.0205307006835938
  },
  {
    "bridge_balance_mohm": 14.7130651473999,
    "id": 396300743,
    "leak_pa": 0.0,
    "num_spikes": 294,
    "peak_deflection": 0.0,
    "post_noise_rms_mv": 0.0375395268201828,
    "post_vm_mv": -75.9472885131836,
    "pre_noise_rms_mv": 0.0441823899745941,
    "pre_vm_mv": -75.0913848876953,
    "slow_noise_rms_mv": 0.0700648277997971,
    "slow_vm_mv": -75.0913848876953,
    "specimen_id": 313861608,
    "stimulus_absolute_amplitude": 370.000002858362,
    "stimulus_description": "C2SQRHELNG141203[0]",
    "stimulus_duration": 1.999995,
    "stimulus_interval": 0.0,
    "stimulus_name": "Square - 2s Suprathreshold",
    "stimulus_relative_amplitude": 3.7,
    "stimulus_start_time": 0.92,
    "stimulus_units": "pA",
    "sweep_number": 68,
    "vm_delta_mv": 0.855903625488281
  },
  {
    "bridge_balance_mohm": 14.7130651473999,
    "id": 396300689,
    "leak_pa": 0.0,
    "num_spikes": 5,
    "peak_deflection": 0.0,
    "post_noise_rms_mv": 0.0379511825740337,
    "post_vm_mv": -74.5509262084961,
    "pre_noise_rms_mv": 0.0449296608567238,
    "pre_vm_mv": -74.5606460571289,
    "slow_noise_rms_mv": 0.12884084880352,
    "slow_vm_mv": -74.5606460571289,
    "specimen_id": 313861608,
    "stimulus_absolute_amplitude": 329.999999548747,
    "stimulus_description": "C1LSCOARSE141203[22]",
    "stimulus_duration": 0.999995,
    "stimulus_interval": 0.0,
    "stimulus_name": "Long Square",
    "stimulus_relative_amplitude": 1.0,
    "stimulus_start_time": 0.92,
    "stimulus_units": "pA",
    "sweep_number": 43,
    "vm_delta_mv": 0.0097198486328125
  },
  {
    "bridge_balance_mohm": 14.7130651473999,
    "id": 396300721,
    "leak_pa": 0.0,
    "num_spikes": 673,
    "peak_deflection": 0.0,
    "post_noise_rms_mv": 0.0403098538517952,
    "post_vm_mv": -76.2920455932617,
    "pre_noise_rms_mv": 0.0451998561620712,
    "pre_vm_mv": -75.5122909545898,
    "slow_noise_rms_mv": 0.0657069534063339,
    "slow_vm_mv": -75.5122909545898,
    "specimen_id": 313861608,
    "stimulus_absolute_amplitude": 683.750001062577,
    "stimulus_description": "C1NSSEED_2141203[0]",
    "stimulus_duration": 18.999995,
    "stimulus_interval": 5.0,
    "stimulus_name": "Noise 2",
    "stimulus_relative_amplitude": 2.9,
    "stimulus_start_time": 1.92,
    "stimulus_units": "pA",
    "sweep_number": 58,
    "vm_delta_mv": 0.779754638671875
  },
  {
    "bridge_balance_mohm": 14.7130651473999,
    "id": 396300785,
    "leak_pa": 0.0,
    "num_spikes": 3,
    "peak_deflection": 0.0,
    "post_noise_rms_mv": 0.048270471394062,
    "post_vm_mv": -74.7855987548828,
    "pre_noise_rms_mv": 0.0352607928216457,
    "pre_vm_mv": -74.7780685424805,
    "slow_noise_rms_mv": 0.103645749390125,
    "slow_vm_mv": -74.7780685424805,
    "specimen_id": 313861608,
    "stimulus_absolute_amplitude": 420.00000699538,
    "stimulus_description": "C2SSTRIPLE141203[5]",
    "stimulus_duration": 0.056995,
    "stimulus_interval": 0.024,
    "stimulus_name": "Short Square - Triple",
    "stimulus_relative_amplitude": 4.2,
    "stimulus_start_time": 1.92,
    "stimulus_units": "pA",
    "sweep_number": 87,
    "vm_delta_mv": 0.00753021240234375
  },
  {
    "bridge_balance_mohm": 14.7130651473999,
    "id": 396300723,
    "leak_pa": 0.0,
    "num_spikes": 0,
    "peak_deflection": 0.0,
    "post_noise_rms_mv": 0.035839356482029,
    "post_vm_mv": -75.2706985473633,
    "pre_noise_rms_mv": 0.0343425385653973,
    "pre_vm_mv": -75.2744522094727,
    "slow_noise_rms_mv": 0.22553177177906,
    "slow_vm_mv": -75.2744522094727,
    "specimen_id": 313861608,
    "stimulus_absolute_amplitude": -200.000002670286,
    "stimulus_description": "C1SQCAPCHK141203[0]",
    "stimulus_duration": 7.819995,
    "stimulus_interval": 0.2,
    "stimulus_name": "Square - 0.5ms Subthreshold",
    "stimulus_relative_amplitude": 1.0,
    "stimulus_start_time": 0.12,
    "stimulus_units": "pA",
    "sweep_number": 59,
    "vm_delta_mv": 0.003753662109375
  },
  {
    "bridge_balance_mohm": 14.7130651473999,
    "id": 396300633,
    "leak_pa": 0.0,
    "num_spikes": 1,
    "peak_deflection": 0.0,
    "post_noise_rms_mv": 0.0380571037530899,
    "post_vm_mv": -75.2720336914062,
    "pre_noise_rms_mv": 0.0413173474371433,
    "pre_vm_mv": -75.2522811889648,
    "slow_noise_rms_mv": 0.158365920186043,
    "slow_vm_mv": -75.2522811889648,
    "specimen_id": 313861608,
    "stimulus_absolute_amplitude": 529.999988341245,
    "stimulus_description": "C1SSFINEST141203[0]",
    "stimulus_duration": 0.002995,
    "stimulus_interval": 0.0,
    "stimulus_name": "Short Square",
    "stimulus_relative_amplitude": 5.3,
    "stimulus_start_time": 0.92,
    "stimulus_units": "pA",
    "sweep_number": 18,
    "vm_delta_mv": 0.0197525024414062
  },
  {
    "bridge_balance_mohm": 14.7130651473999,
    "id": 396300599,
    "leak_pa": 0.0,
    "num_spikes": 1,
    "peak_deflection": 0.0,
    "post_noise_rms_mv": 0.0409441292285919,
    "post_vm_mv": -75.3086013793945,
    "pre_noise_rms_mv": 0.0441554859280586,
    "pre_vm_mv": -75.1395721435547,
    "slow_noise_rms_mv": 0.353118717670441,
    "slow_vm_mv": -75.1395721435547,
    "specimen_id": 313861608,
    "stimulus_absolute_amplitude": 599.999994133071,
    "stimulus_description": "C1SSCOARSE141203[5]",
    "stimulus_duration": 0.002995,
    "stimulus_interval": 0.0,
    "stimulus_name": "Short Square",
    "stimulus_relative_amplitude": 1.0,
    "stimulus_start_time": 0.92,
    "stimulus_units": "pA",
    "sweep_number": 10,
    "vm_delta_mv": 0.169029235839844
  },
  {
    "bridge_balance_mohm": 14.7130651473999,
    "id": 396300697,
    "leak_pa": 0.0,
    "num_spikes": 162,
    "peak_deflection": 0.0,
    "post_noise_rms_mv": 0.0420905724167824,
    "post_vm_mv": -75.814453125,
    "pre_noise_rms_mv": 0.0411086603999138,
    "pre_vm_mv": -75.1049118041992,
    "slow_noise_rms_mv": 0.166097536683083,
    "slow_vm_mv": -75.1049118041992,
    "specimen_id": 313861608,
    "stimulus_absolute_amplitude": 410.000006167976,
    "stimulus_description": "C1LSCOARSE141203[26]",
    "stimulus_duration": 0.999995,
    "stimulus_interval": 0.0,
    "stimulus_name": "Long Square",
    "stimulus_relative_amplitude": 1.0,
    "stimulus_start_time": 0.92,
    "stimulus_units": "pA",
    "sweep_number": 47,
    "vm_delta_mv": 0.709541320800781
  },
  {
    "bridge_balance_mohm": 14.7130651473999,
    "id": 396300707,
    "leak_pa": 0.0,
    "num_spikes": 1,
    "peak_deflection": 0.0,
    "post_noise_rms_mv": 0.0379564799368382,
    "post_vm_mv": -74.8045959472656,
    "pre_noise_rms_mv": 0.0385949462652206,
    "pre_vm_mv": -74.7071914672852,
    "slow_noise_rms_mv": 0.11760026961565,
    "slow_vm_mv": -74.7071914672852,
    "specimen_id": 313861608,
    "stimulus_absolute_amplitude": 289.999996239132,
    "stimulus_description": "C1LSFINEST141203[0]",
    "stimulus_duration": 0.999995,
    "stimulus_interval": 0.0,
    "stimulus_name": "Long Square",
    "stimulus_relative_amplitude": 2.9,
    "stimulus_start_time": 0.92,
    "stimulus_units": "pA",
    "sweep_number": 51,
    "vm_delta_mv": 0.0974044799804688
  },
  {
    "bridge_balance_mohm": 14.7130651473999,
    "id": 396300705,
    "leak_pa": 0.0,
    "num_spikes": 1,
    "peak_deflection": 0.0,
    "post_noise_rms_mv": 0.0376264192163944,
    "post_vm_mv": -74.8465118408203,
    "pre_noise_rms_mv": 0.0328260026872158,
    "pre_vm_mv": -74.6328582763672,
    "slow_noise_rms_mv": 0.105383664369583,
    "slow_vm_mv": -74.6328582763672,
    "specimen_id": 313861608,
    "stimulus_absolute_amplitude": 299.999997066536,
    "stimulus_description": "C1LSFINEST141203[0]",
    "stimulus_duration": 0.999995,
    "stimulus_interval": 0.0,
    "stimulus_name": "Long Square",
    "stimulus_relative_amplitude": 3.0,
    "stimulus_start_time": 0.92,
    "stimulus_units": "pA",
    "sweep_number": 50,
    "vm_delta_mv": 0.213653564453125
  },
  {
    "bridge_balance_mohm": 14.7130651473999,
    "id": 396300701,
    "leak_pa": 0.0,
    "num_spikes": 198,
    "peak_deflection": 0.0,
    "post_noise_rms_mv": 0.0426470041275024,
    "post_vm_mv": -75.5184631347656,
    "pre_noise_rms_mv": 0.0380718521773815,
    "pre_vm_mv": -74.7198333740234,
    "slow_noise_rms_mv": 0.138860955834389,
    "slow_vm_mv": -74.7198333740234,
    "specimen_id": 313861608,
    "stimulus_absolute_amplitude": 450.000009477591,
    "stimulus_description": "C1LSCOARSE141203[28]",
    "stimulus_duration": 0.999995,
    "stimulus_interval": 0.0,
    "stimulus_name": "Long Square",
    "stimulus_relative_amplitude": 1.0,
    "stimulus_start_time": 0.92,
    "stimulus_units": "pA",
    "sweep_number": 49,
    "vm_delta_mv": 0.798629760742188
  },
  {
    "bridge_balance_mohm": 14.7130651473999,
    "id": 396300609,
    "leak_pa": 0.0,
    "num_spikes": 3,
    "peak_deflection": 0.0,
    "post_noise_rms_mv": 0.0497042946517467,
    "post_vm_mv": -74.4736709594727,
    "pre_noise_rms_mv": 0.0411186926066875,
    "pre_vm_mv": -74.5983581542969,
    "slow_noise_rms_mv": 0.080716460943222,
    "slow_vm_mv": -74.5983581542969,
    "specimen_id": 313861608,
    "stimulus_absolute_amplitude": 420.00000699538,
    "stimulus_description": "C2SSTRIPLE141203[6]",
    "stimulus_duration": 0.064995,
    "stimulus_interval": 0.028,
    "stimulus_name": "Short Square - Triple",
    "stimulus_relative_amplitude": 4.2,
    "stimulus_start_time": 1.92,
    "stimulus_units": "pA",
    "sweep_number": 104,
    "vm_delta_mv": 0.124687194824219
  },
  {
    "bridge_balance_mohm": 14.7130651473999,
    "id": 396300669,
    "leak_pa": 0.0,
    "num_spikes": 0,
    "peak_deflection": -55.6250038146973,
    "post_noise_rms_mv": 0.0371778011322021,
    "post_vm_mv": -74.482048034668,
    "pre_noise_rms_mv": 0.0421929396688938,
    "pre_vm_mv": -74.5240020751953,
    "slow_noise_rms_mv": 0.0653408765792847,
    "slow_vm_mv": -74.5240020751953,
    "specimen_id": 313861608,
    "stimulus_absolute_amplitude": 149.999998533268,
    "stimulus_description": "C1LSCOARSE141203[13]",
    "stimulus_duration": 0.999995,
    "stimulus_interval": 0.0,
    "stimulus_name": "Long Square",
    "stimulus_relative_amplitude": 1.0,
    "stimulus_start_time": 0.92,
    "stimulus_units": "pA",
    "sweep_number": 34,
    "vm_delta_mv": 0.0419540405273438
  },
  {
    "bridge_balance_mohm": 14.7130651473999,
    "id": 396300663,
    "leak_pa": 0.0,
    "num_spikes": 0,
    "peak_deflection": -64.15625,
    "post_noise_rms_mv": 0.0400412417948246,
    "post_vm_mv": -74.8088684082031,
    "pre_noise_rms_mv": 0.0383563637733459,
    "pre_vm_mv": -74.6626586914062,
    "slow_noise_rms_mv": 0.0600940473377705,
    "slow_vm_mv": -74.6626586914062,
    "specimen_id": 313861608,
    "stimulus_absolute_amplitude": 90.0000005077395,
    "stimulus_description": "C1LSCOARSE141203[10]",
    "stimulus_duration": 0.999995,
    "stimulus_interval": 0.0,
    "stimulus_name": "Long Square",
    "stimulus_relative_amplitude": 1.0,
    "stimulus_start_time": 0.92,
    "stimulus_units": "pA",
    "sweep_number": 31,
    "vm_delta_mv": 0.146209716796875
  },
  {
    "bridge_balance_mohm": 14.7130651473999,
    "id": 396300605,
    "leak_pa": 0.0,
    "num_spikes": 3,
    "peak_deflection": 0.0,
    "post_noise_rms_mv": 0.0372503213584423,
    "post_vm_mv": -74.1549606323242,
    "pre_noise_rms_mv": 0.0346385687589645,
    "pre_vm_mv": -74.1719512939453,
    "slow_noise_rms_mv": 0.123266391456127,
    "slow_vm_mv": -74.1719512939453,
    "specimen_id": 313861608,
    "stimulus_absolute_amplitude": 420.00000699538,
    "stimulus_description": "C2SSTRIPLE141203[4]",
    "stimulus_duration": 0.048995,
    "stimulus_interval": 0.02,
    "stimulus_name": "Short Square - Triple",
    "stimulus_relative_amplitude": 4.2,
    "stimulus_start_time": 1.92,
    "stimulus_units": "pA",
    "sweep_number": 102,
    "vm_delta_mv": 0.0169906616210938
  },
  {
    "bridge_balance_mohm": 14.7130651473999,
    "id": 396300625,
    "leak_pa": 0.0,
    "num_spikes": 0,
    "peak_deflection": 0.0,
    "post_noise_rms_mv": 0.0501748993992805,
    "post_vm_mv": -74.8222503662109,
    "pre_noise_rms_mv": 0.0505202002823353,
    "pre_vm_mv": -75.1033935546875,
    "slow_noise_rms_mv": 0.16092836856842,
    "slow_vm_mv": -75.1033935546875,
    "specimen_id": 313861608,
    "stimulus_absolute_amplitude": 519.999987513842,
    "stimulus_description": "C1SSFINEST141203[0]",
    "stimulus_duration": 0.002995,
    "stimulus_interval": 0.0,
    "stimulus_name": "Short Square",
    "stimulus_relative_amplitude": 5.2,
    "stimulus_start_time": 0.92,
    "stimulus_units": "pA",
    "sweep_number": 14,
    "vm_delta_mv": 0.281143188476562
  },
  {
    "bridge_balance_mohm": 14.7130651473999,
    "id": 396300631,
    "leak_pa": 0.0,
    "num_spikes": 1,
    "peak_deflection": 0.0,
    "post_noise_rms_mv": 0.0301023349165916,
    "post_vm_mv": -74.7489471435547,
    "pre_noise_rms_mv": 0.0356386229395866,
    "pre_vm_mv": -74.9053726196289,
    "slow_noise_rms_mv": 0.165811643004417,
    "slow_vm_mv": -74.9053726196289,
    "specimen_id": 313861608,
    "stimulus_absolute_amplitude": 529.999988341245,
    "stimulus_description": "C1SSFINEST141203[0]",
    "stimulus_duration": 0.002995,
    "stimulus_interval": 0.0,
    "stimulus_name": "Short Square",
    "stimulus_relative_amplitude": 5.3,
    "stimulus_start_time": 0.92,
    "stimulus_units": "pA",
    "sweep_number": 17,
    "vm_delta_mv": 0.156425476074219
  },
  {
    "bridge_balance_mohm": 14.7130651473999,
    "id": 396300647,
    "leak_pa": 0.0,
    "num_spikes": 0,
    "peak_deflection": -79.84375,
    "post_noise_rms_mv": 0.0346914678812027,
    "post_vm_mv": -74.782585144043,
    "pre_noise_rms_mv": 0.0382830016314983,
    "pre_vm_mv": -74.6691436767578,
    "slow_noise_rms_mv": 0.08368119597435,
    "slow_vm_mv": -74.6691436767578,
    "specimen_id": 313861608,
    "stimulus_absolute_amplitude": -50.0000006675716,
    "stimulus_description": "C1LSCOARSE141203[3]",
    "stimulus_duration": 0.999995,
    "stimulus_interval": 0.0,
    "stimulus_name": "Long Square",
    "stimulus_relative_amplitude": 1.0,
    "stimulus_start_time": 0.92,
    "stimulus_units": "pA",
    "sweep_number": 24,
    "vm_delta_mv": 0.113441467285156
  },
  {
    "bridge_balance_mohm": 14.7130651473999,
    "id": 396300733,
    "leak_pa": 0.0,
    "num_spikes": 10,
    "peak_deflection": 0.0,
    "post_noise_rms_mv": 0.0449727810919285,
    "post_vm_mv": -75.3720016479492,
    "pre_noise_rms_mv": 0.0390205532312393,
    "pre_vm_mv": -75.0127944946289,
    "slow_noise_rms_mv": 0.0813657641410828,
    "slow_vm_mv": -75.0127944946289,
    "specimen_id": 313861608,
    "stimulus_absolute_amplitude": 289.999996239132,
    "stimulus_description": "C2SQRHELNG141203[0]",
    "stimulus_duration": 1.999995,
    "stimulus_interval": 0.0,
    "stimulus_name": "Square - 2s Suprathreshold",
    "stimulus_relative_amplitude": 2.9,
    "stimulus_start_time": 0.92,
    "stimulus_units": "pA",
    "sweep_number": 63,
    "vm_delta_mv": 0.359207153320312
  },
  {
    "bridge_balance_mohm": 14.7130651473999,
    "id": 396300699,
    "leak_pa": 0.0,
    "num_spikes": 183,
    "peak_deflection": 0.0,
    "post_noise_rms_mv": 0.0359437502920628,
    "post_vm_mv": -75.5124130249023,
    "pre_noise_rms_mv": 0.0339299477636814,
    "pre_vm_mv": -74.9905700683594,
    "slow_noise_rms_mv": 0.129777923226357,
    "slow_vm_mv": -74.9905700683594,
    "specimen_id": 313861608,
    "stimulus_absolute_amplitude": 430.000007822784,
    "stimulus_description": "C1LSCOARSE141203[27]",
    "stimulus_duration": 0.999995,
    "stimulus_interval": 0.0,
    "stimulus_name": "Long Square",
    "stimulus_relative_amplitude": 1.0,
    "stimulus_start_time": 0.92,
    "stimulus_units": "pA",
    "sweep_number": 48,
    "vm_delta_mv": 0.521842956542969
  },
  {
    "bridge_balance_mohm": 14.7130651473999,
    "id": 396300779,
    "leak_pa": 0.0,
    "num_spikes": 3,
    "peak_deflection": 0.0,
    "post_noise_rms_mv": 0.03897874802351,
    "post_vm_mv": -75.4461975097656,
    "pre_noise_rms_mv": 0.0356122031807899,
    "pre_vm_mv": -75.4874420166016,
    "slow_noise_rms_mv": 0.07426817715168,
    "slow_vm_mv": -75.4874420166016,
    "specimen_id": 313861608,
    "stimulus_absolute_amplitude": 420.00000699538,
    "stimulus_description": "C2SSTRIPLE141203[2]",
    "stimulus_duration": 0.032995,
    "stimulus_interval": 0.012,
    "stimulus_name": "Short Square - Triple",
    "stimulus_relative_amplitude": 4.2,
    "stimulus_start_time": 1.92,
    "stimulus_units": "pA",
    "sweep_number": 84,
    "vm_delta_mv": 0.0412445068359375
  },
  {
    "bridge_balance_mohm": 14.7130651473999,
    "id": 396300793,
    "leak_pa": 0.0,
    "num_spikes": 3,
    "peak_deflection": 0.0,
    "post_noise_rms_mv": 0.0323039144277573,
    "post_vm_mv": -74.6375427246094,
    "pre_noise_rms_mv": 0.0387350395321846,
    "pre_vm_mv": -74.7325439453125,
    "slow_noise_rms_mv": 0.0937311500310898,
    "slow_vm_mv": -74.7325439453125,
    "specimen_id": 313861608,
    "stimulus_absolute_amplitude": 420.00000699538,
    "stimulus_description": "C2SSTRIPLE141203[0]",
    "stimulus_duration": 0.016995,
    "stimulus_interval": 0.004,
    "stimulus_name": "Short Square - Triple",
    "stimulus_relative_amplitude": 4.2,
    "stimulus_start_time": 1.92,
    "stimulus_units": "pA",
    "sweep_number": 90,
    "vm_delta_mv": 0.095001220703125
  },
  {
    "bridge_balance_mohm": 14.7130651473999,
    "id": 396300719,
    "leak_pa": 0.0,
    "num_spikes": 657,
    "peak_deflection": 0.0,
    "post_noise_rms_mv": 0.0313920192420483,
    "post_vm_mv": -76.4680328369141,
    "pre_noise_rms_mv": 0.0459558553993702,
    "pre_vm_mv": -75.8830108642578,
    "slow_noise_rms_mv": 0.0812604054808617,
    "slow_vm_mv": -75.8830108642578,
    "specimen_id": 313861608,
    "stimulus_absolute_amplitude": 672.125022305181,
    "stimulus_description": "C1NSSEED_1141203[0]",
    "stimulus_duration": 18.999995,
    "stimulus_interval": 5.0,
    "stimulus_name": "Noise 1",
    "stimulus_relative_amplitude": 2.9,
    "stimulus_start_time": 1.92,
    "stimulus_units": "pA",
    "sweep_number": 57,
    "vm_delta_mv": 0.58502197265625
  },
  {
    "bridge_balance_mohm": 14.7130651473999,
    "id": 396300807,
    "leak_pa": 0.0,
    "num_spikes": 3,
    "peak_deflection": 0.0,
    "post_noise_rms_mv": 0.0481495447456837,
    "post_vm_mv": -74.1339111328125,
    "pre_noise_rms_mv": 0.0370931960642338,
    "pre_vm_mv": -74.3700485229492,
    "slow_noise_rms_mv": 0.144289940595627,
    "slow_vm_mv": -74.3700485229492,
    "specimen_id": 313861608,
    "stimulus_absolute_amplitude": 420.00000699538,
    "stimulus_description": "C2SSTRIPLE141203[7]",
    "stimulus_duration": 0.072995,
    "stimulus_interval": 0.032,
    "stimulus_name": "Short Square - Triple",
    "stimulus_relative_amplitude": 4.2,
    "stimulus_start_time": 1.92,
    "stimulus_units": "pA",
    "sweep_number": 97,
    "vm_delta_mv": 0.236137390136719
  },
  {
    "bridge_balance_mohm": 14.7130651473999,
    "id": 396300601,
    "leak_pa": 0.0,
    "num_spikes": 3,
    "peak_deflection": 0.0,
    "post_noise_rms_mv": 0.0348833538591862,
    "post_vm_mv": -74.4789276123047,
    "pre_noise_rms_mv": 0.0379225574433804,
    "pre_vm_mv": -74.2797470092773,
    "slow_noise_rms_mv": 0.152371674776077,
    "slow_vm_mv": -74.2797470092773,
    "specimen_id": 313861608,
    "stimulus_absolute_amplitude": 420.00000699538,
    "stimulus_description": "C2SSTRIPLE141203[2]",
    "stimulus_duration": 0.032995,
    "stimulus_interval": 0.012,
    "stimulus_name": "Short Square - Triple",
    "stimulus_relative_amplitude": 4.2,
    "stimulus_start_time": 1.92,
    "stimulus_units": "pA",
    "sweep_number": 100,
    "vm_delta_mv": 0.199180603027344
  },
  {
    "bridge_balance_mohm": 0.0,
    "id": 396300615,
    "leak_pa": 0.0,
    "num_spikes": 0,
    "peak_deflection": 0.0,
    "post_noise_rms_mv": 0.0,
    "post_vm_mv": 0.0,
    "pre_noise_rms_mv": 0.0,
    "pre_vm_mv": 0.0,
    "slow_noise_rms_mv": 0.0,
    "slow_vm_mv": 0.0,
    "specimen_id": 313861608,
    "stimulus_absolute_amplitude": 9.99999977648258,
    "stimulus_description": "EXTPGGAEND141203[0]",
    "stimulus_duration": 0.069995,
    "stimulus_interval": 0.05,
    "stimulus_name": "Test",
    "stimulus_relative_amplitude": 1.0,
    "stimulus_start_time": 0.03,
    "stimulus_units": "mV",
    "sweep_number": 107,
    "vm_delta_mv": 0.0
  },
  {
    "bridge_balance_mohm": 14.7130651473999,
    "id": 396300771,
    "leak_pa": 0.0,
    "num_spikes": 1,
    "peak_deflection": 0.0,
    "post_noise_rms_mv": 0.0397891476750374,
    "post_vm_mv": -74.5702819824219,
    "pre_noise_rms_mv": 0.0409910157322884,
    "pre_vm_mv": -74.7124633789062,
    "slow_noise_rms_mv": 0.0937312841415405,
    "slow_vm_mv": -74.7124633789062,
    "specimen_id": 313861608,
    "stimulus_absolute_amplitude": 420.00000699538,
    "stimulus_description": "C1SSFINEST141203[0]",
    "stimulus_duration": 0.002995,
    "stimulus_interval": 0.0,
    "stimulus_name": "Short Square",
    "stimulus_relative_amplitude": 4.2,
    "stimulus_start_time": 0.92,
    "stimulus_units": "pA",
    "sweep_number": 80,
    "vm_delta_mv": 0.142181396484375
  },
  {
    "bridge_balance_mohm": 14.7130651473999,
    "id": 396300781,
    "leak_pa": 0.0,
    "num_spikes": 2,
    "peak_deflection": 0.0,
    "post_noise_rms_mv": 0.0386375822126865,
    "post_vm_mv": -75.5566635131836,
    "pre_noise_rms_mv": 0.03937878459692,
    "pre_vm_mv": -75.6766357421875,
    "slow_noise_rms_mv": 0.104470193386078,
    "slow_vm_mv": -75.6766357421875,
    "specimen_id": 313861608,
    "stimulus_absolute_amplitude": 420.00000699538,
    "stimulus_description": "C2SSTRIPLE141203[3]",
    "stimulus_duration": 0.040995,
    "stimulus_interval": 0.016,
    "stimulus_name": "Short Square - Triple",
    "stimulus_relative_amplitude": 4.2,
    "stimulus_start_time": 1.92,
    "stimulus_units": "pA",
    "sweep_number": 85,
    "vm_delta_mv": 0.119972229003906
  },
  {
    "bridge_balance_mohm": 14.7130651473999,
    "id": 396300603,
    "leak_pa": 0.0,
    "num_spikes": 3,
    "peak_deflection": 0.0,
    "post_noise_rms_mv": 0.0338919945061207,
    "post_vm_mv": -74.4030075073242,
    "pre_noise_rms_mv": 0.0379822999238968,
    "pre_vm_mv": -74.4253692626953,
    "slow_noise_rms_mv": 0.110295817255974,
    "slow_vm_mv": -74.4253692626953,
    "specimen_id": 313861608,
    "stimulus_absolute_amplitude": 420.00000699538,
    "stimulus_description": "C2SSTRIPLE141203[3]",
    "stimulus_duration": 0.040995,
    "stimulus_interval": 0.016,
    "stimulus_name": "Short Square - Triple",
    "stimulus_relative_amplitude": 4.2,
    "stimulus_start_time": 1.92,
    "stimulus_units": "pA",
    "sweep_number": 101,
    "vm_delta_mv": 0.0223617553710938
  },
  {
    "bridge_balance_mohm": 0.0,
    "id": 396300637,
    "leak_pa": 0.0,
    "num_spikes": 0,
    "peak_deflection": 0.0,
    "post_noise_rms_mv": 0.0,
    "post_vm_mv": 0.0,
    "pre_noise_rms_mv": 0.0,
    "pre_vm_mv": 0.0,
    "slow_noise_rms_mv": 0.0,
    "slow_vm_mv": 0.0,
    "specimen_id": 313861608,
    "stimulus_absolute_amplitude": 9.99999977648258,
    "stimulus_description": "EXTPCllATT141203[0]",
    "stimulus_duration": 0.069995,
    "stimulus_interval": 0.05,
    "stimulus_name": "Test",
    "stimulus_relative_amplitude": 1.0,
    "stimulus_start_time": 0.03,
    "stimulus_units": "mV",
    "sweep_number": 2,
    "vm_delta_mv": 0.0
  },
  {
    "bridge_balance_mohm": 14.7130651473999,
    "id": 396300787,
    "leak_pa": 0.0,
    "num_spikes": 3,
    "peak_deflection": 0.0,
    "post_noise_rms_mv": 0.0352227501571178,
    "post_vm_mv": -74.9132232666016,
    "pre_noise_rms_mv": 0.0282018017023802,
    "pre_vm_mv": -74.8911819458008,
    "slow_noise_rms_mv": 0.0759356915950775,
    "slow_vm_mv": -74.8911819458008,
    "specimen_id": 313861608,
    "stimulus_absolute_amplitude": 420.00000699538,
    "stimulus_description": "C2SSTRIPLE141203[6]",
    "stimulus_duration": 0.064995,
    "stimulus_interval": 0.028,
    "stimulus_name": "Short Square - Triple",
    "stimulus_relative_amplitude": 4.2,
    "stimulus_start_time": 1.92,
    "stimulus_units": "pA",
    "sweep_number": 88,
    "vm_delta_mv": 0.0220413208007812
  },
  {
    "bridge_balance_mohm": 14.7130651473999,
    "id": 396300675,
    "leak_pa": 0.0,
    "num_spikes": 0,
    "peak_deflection": -47.59375,
    "post_noise_rms_mv": 0.038872305303812,
    "post_vm_mv": -73.9033889770508,
    "pre_noise_rms_mv": 0.0511496514081955,
    "pre_vm_mv": -73.7318115234375,
    "slow_noise_rms_mv": 0.295276075601578,
    "slow_vm_mv": -73.7318115234375,
    "specimen_id": 313861608,
    "stimulus_absolute_amplitude": 210.00000349769,
    "stimulus_description": "C1LSCOARSE141203[16]",
    "stimulus_duration": 0.999995,
    "stimulus_interval": 0.0,
    "stimulus_name": "Long Square",
    "stimulus_relative_amplitude": 1.0,
    "stimulus_start_time": 0.92,
    "stimulus_units": "pA",
    "sweep_number": 37,
    "vm_delta_mv": 0.171577453613281
  },
  {
    "bridge_balance_mohm": 14.7130651473999,
    "id": 396300691,
    "leak_pa": 0.0,
    "num_spikes": 47,
    "peak_deflection": 0.0,
    "post_noise_rms_mv": 0.0415120087563992,
    "post_vm_mv": -74.5219039916992,
    "pre_noise_rms_mv": 0.0505964681506157,
    "pre_vm_mv": -74.4357070922852,
    "slow_noise_rms_mv": 0.0680368989706039,
    "slow_vm_mv": -74.4357070922852,
    "specimen_id": 313861608,
    "stimulus_absolute_amplitude": 350.000001203554,
    "stimulus_description": "C1LSCOARSE141203[23]",
    "stimulus_duration": 0.999995,
    "stimulus_interval": 0.0,
    "stimulus_name": "Long Square",
    "stimulus_relative_amplitude": 1.0,
    "stimulus_start_time": 0.92,
    "stimulus_units": "pA",
    "sweep_number": 44,
    "vm_delta_mv": 0.0861968994140625
  },
  {
    "bridge_balance_mohm": 14.7130651473999,
    "id": 396300801,
    "leak_pa": 0.0,
    "num_spikes": 3,
    "peak_deflection": 0.0,
    "post_noise_rms_mv": 0.0461715534329414,
    "post_vm_mv": -74.3525772094727,
    "pre_noise_rms_mv": 0.0363867618143559,
    "pre_vm_mv": -74.3890991210938,
    "slow_noise_rms_mv": 0.147261455655098,
    "slow_vm_mv": -74.3890991210938,
    "specimen_id": 313861608,
    "stimulus_absolute_amplitude": 420.00000699538,
    "stimulus_description": "C2SSTRIPLE141203[4]",
    "stimulus_duration": 0.048995,
    "stimulus_interval": 0.02,
    "stimulus_name": "Short Square - Triple",
    "stimulus_relative_amplitude": 4.2,
    "stimulus_start_time": 1.92,
    "stimulus_units": "pA",
    "sweep_number": 94,
    "vm_delta_mv": 0.0365219116210938
  },
  {
    "bridge_balance_mohm": 14.7130651473999,
    "id": 396300729,
    "leak_pa": 0.0,
    "num_spikes": 19,
    "peak_deflection": 0.0,
    "post_noise_rms_mv": 0.0417882837355137,
    "post_vm_mv": -75.2683563232422,
    "pre_noise_rms_mv": 0.0374148525297642,
    "pre_vm_mv": -75.2492904663086,
    "slow_noise_rms_mv": 0.0785554721951485,
    "slow_vm_mv": -75.2492904663086,
    "specimen_id": 313861608,
    "stimulus_absolute_amplitude": 289.999996239132,
    "stimulus_description": "C2SQRHELNG141203[0]",
    "stimulus_duration": 1.999995,
    "stimulus_interval": 0.0,
    "stimulus_name": "Square - 2s Suprathreshold",
    "stimulus_relative_amplitude": 2.9,
    "stimulus_start_time": 0.92,
    "stimulus_units": "pA",
    "sweep_number": 61,
    "vm_delta_mv": 0.0190658569335938
  },
  {
    "bridge_balance_mohm": 14.7130651473999,
    "id": 396300755,
    "leak_pa": 0.0,
    "num_spikes": 1,
    "peak_deflection": 0.0,
    "post_noise_rms_mv": 0.0383996665477753,
    "post_vm_mv": -74.6641540527344,
    "pre_noise_rms_mv": 0.0369269475340843,
    "pre_vm_mv": -74.7719268798828,
    "slow_noise_rms_mv": 0.0870503708720207,
    "slow_vm_mv": -74.7719268798828,
    "specimen_id": 313861608,
    "stimulus_absolute_amplitude": 519.999987513842,
    "stimulus_description": "C1SSFINEST141203[0]",
    "stimulus_duration": 0.002995,
    "stimulus_interval": 0.0,
    "stimulus_name": "Short Square",
    "stimulus_relative_amplitude": 5.2,
    "stimulus_start_time": 0.92,
    "stimulus_units": "pA",
    "sweep_number": 73,
    "vm_delta_mv": 0.107772827148438
  },
  {
    "bridge_balance_mohm": 14.7130651473999,
    "id": 396300619,
    "leak_pa": 0.0,
    "num_spikes": 1,
    "peak_deflection": 0.0,
    "post_noise_rms_mv": 0.0427940227091312,
    "post_vm_mv": -73.6518325805664,
    "pre_noise_rms_mv": 0.0387977994978428,
    "pre_vm_mv": -73.8063125610352,
    "slow_noise_rms_mv": 0.204927012324333,
    "slow_vm_mv": -73.8063125610352,
    "specimen_id": 313861608,
    "stimulus_absolute_amplitude": 549.999989996053,
    "stimulus_description": "C1SSFINEST141203[0]",
    "stimulus_duration": 0.002995,
    "stimulus_interval": 0.0,
    "stimulus_name": "Short Square",
    "stimulus_relative_amplitude": 5.5,
    "stimulus_start_time": 0.92,
    "stimulus_units": "pA",
    "sweep_number": 11,
    "vm_delta_mv": 0.15447998046875
  },
  {
    "bridge_balance_mohm": 14.7130651473999,
    "id": 396300621,
    "leak_pa": 0.0,
    "num_spikes": 1,
    "peak_deflection": 0.0,
    "post_noise_rms_mv": 0.0469363071024418,
    "post_vm_mv": -75.3750534057617,
    "pre_noise_rms_mv": 0.0430972650647163,
    "pre_vm_mv": -75.3652420043945,
    "slow_noise_rms_mv": 0.225974008440971,
    "slow_vm_mv": -75.3652420043945,
    "specimen_id": 313861608,
    "stimulus_absolute_amplitude": 529.999988341245,
    "stimulus_description": "C1SSFINEST141203[0]",
    "stimulus_duration": 0.002995,
    "stimulus_interval": 0.0,
    "stimulus_name": "Short Square",
    "stimulus_relative_amplitude": 5.3,
    "stimulus_start_time": 0.92,
    "stimulus_units": "pA",
    "sweep_number": 12,
    "vm_delta_mv": 0.0098114013671875
  },
  {
    "bridge_balance_mohm": 14.7130651473999,
    "id": 396300789,
    "leak_pa": 0.0,
    "num_spikes": 3,
    "peak_deflection": 0.0,
    "post_noise_rms_mv": 0.0393087826669216,
    "post_vm_mv": -74.9545440673828,
    "pre_noise_rms_mv": 0.035402424633503,
    "pre_vm_mv": -75.0375137329102,
    "slow_noise_rms_mv": 0.0795999467372894,
    "slow_vm_mv": -75.0375137329102,
    "specimen_id": 313861608,
    "stimulus_absolute_amplitude": 420.00000699538,
    "stimulus_description": "C2SSTRIPLE141203[7]",
    "stimulus_duration": 0.072995,
    "stimulus_interval": 0.032,
    "stimulus_name": "Short Square - Triple",
    "stimulus_relative_amplitude": 4.2,
    "stimulus_start_time": 1.92,
    "stimulus_units": "pA",
    "sweep_number": 89,
    "vm_delta_mv": 0.0829696655273438
  },
  {
    "bridge_balance_mohm": 14.7130651473999,
    "id": 396300711,
    "leak_pa": 0.0,
    "num_spikes": 617,
    "peak_deflection": 0.0,
    "post_noise_rms_mv": 0.0327624566853046,
    "post_vm_mv": -75.469596862793,
    "pre_noise_rms_mv": 0.0365595370531082,
    "pre_vm_mv": -74.8851470947266,
    "slow_noise_rms_mv": 0.0666637569665909,
    "slow_vm_mv": -74.8851470947266,
    "specimen_id": 313861608,
    "stimulus_absolute_amplitude": 672.125022305181,
    "stimulus_description": "C1NSSEED_1141203[0]",
    "stimulus_duration": 18.999995,
    "stimulus_interval": 5.0,
    "stimulus_name": "Noise 1",
    "stimulus_relative_amplitude": 2.9,
    "stimulus_start_time": 1.92,
    "stimulus_units": "pA",
    "sweep_number": 53,
    "vm_delta_mv": 0.584449768066406
  },
  {
    "bridge_balance_mohm": 14.7130651473999,
    "id": 396300783,
    "leak_pa": 0.0,
    "num_spikes": 3,
    "peak_deflection": 0.0,
    "post_noise_rms_mv": 0.0429704077541828,
    "post_vm_mv": -75.5557708740234,
    "pre_noise_rms_mv": 0.0429599545896053,
    "pre_vm_mv": -75.4937896728516,
    "slow_noise_rms_mv": 0.0761314556002617,
    "slow_vm_mv": -75.4937896728516,
    "specimen_id": 313861608,
    "stimulus_absolute_amplitude": 420.00000699538,
    "stimulus_description": "C2SSTRIPLE141203[4]",
    "stimulus_duration": 0.048995,
    "stimulus_interval": 0.02,
    "stimulus_name": "Short Square - Triple",
    "stimulus_relative_amplitude": 4.2,
    "stimulus_start_time": 1.92,
    "stimulus_units": "pA",
    "sweep_number": 86,
    "vm_delta_mv": 0.061981201171875
  },
  {
    "bridge_balance_mohm": 14.7130651473999,
    "id": 396300639,
    "leak_pa": 0.0,
    "num_spikes": 1,
    "peak_deflection": 0.0,
    "post_noise_rms_mv": 0.0395624972879887,
    "post_vm_mv": -74.8908386230469,
    "pre_noise_rms_mv": 0.0382682345807552,
    "pre_vm_mv": -75.1289520263672,
    "slow_noise_rms_mv": 0.183599799871445,
    "slow_vm_mv": -75.1289520263672,
    "specimen_id": 313861608,
    "stimulus_absolute_amplitude": 529.999988341245,
    "stimulus_description": "C1SSFINEST141203[0]",
    "stimulus_duration": 0.002995,
    "stimulus_interval": 0.0,
    "stimulus_name": "Short Square",
    "stimulus_relative_amplitude": 5.3,
    "stimulus_start_time": 0.92,
    "stimulus_units": "pA",
    "sweep_number": 20,
    "vm_delta_mv": 0.238113403320312
  }
]