[
  {
    "bridge_balance_mohm": 0.0,
    "id": 396331394,
    "leak_pa": 0.0,
    "num_spikes": 0,
    "peak_deflection": 0.0,
    "post_noise_rms_mv": 0.0,
    "post_vm_mv": 0.0,
    "pre_noise_rms_mv": 0.0,
    "pre_vm_mv": 0.0,
    "slow_noise_rms_mv": 0.0,
    "slow_vm_mv": 0.0,
    "specimen_id": 320654829,
    "stimulus_absolute_amplitude": 9.99999977648258,
    "stimulus_description": "EXTPGGAEND141203[0]",
    "stimulus_duration": 0.069995,
    "stimulus_interval": 0.05,
    "stimulus_name": "Test",
    "stimulus_relative_amplitude": 1.0,
    "stimulus_start_time": 0.03,
    "stimulus_units": "mV",
    "sweep_number": 76,
    "vm_delta_mv": 0.0
  },
  {
    "bridge_balance_mohm": 0.0,
    "id": 396331392,
    "leak_pa": 0.0,
    "num_spikes": 0,
    "peak_deflection": 0.0,
    "post_noise_rms_mv": 0.0,
    "post_vm_mv": 0.0,
    "pre_noise_rms_mv": 0.0,
    "pre_vm_mv": 0.0,
    "slow_noise_rms_mv": 0.0,
    "slow_vm_mv": 0.0,
    "specimen_id": 320654829,
    "stimulus_absolute_amplitude": 9.99999977648258,
    "stimulus_description": "EXTPBREAKN141203[0]",
    "stimulus_duration": 0.069995,
    "stimulus_interval": 0.05,
    "stimulus_name": "Test",
    "stimulus_relative_amplitude": 1.0,
    "stimulus_start_time": 0.03,
    "stimulus_units": "mV",
    "sweep_number": 75,
    "vm_delta_mv": 0.0
  },
  {
    "bridge_balance_mohm": 15.0183153152466,
    "id": 396331254,
    "leak_pa": 0.0,
    "num_spikes": 0,
    "peak_deflection": -87.53125,
    "post_noise_rms_mv": 0.047759260982275,
    "post_vm_mv": -69.6484069824219,
    "pre_noise_rms_mv": 0.051128339022398,
    "pre_vm_mv": -69.5255279541016,
    "slow_noise_rms_mv": 0.353986382484436,
    "slow_vm_mv": -69.5255279541016,
    "specimen_id": 320654829,
    "stimulus_absolute_amplitude": -110.000002162547,
    "stimulus_description": "C1LSCOARSE150112[0]",
    "stimulus_duration": 0.999995,
    "stimulus_interval": 0.0,
    "stimulus_name": "Long Square",
    "stimulus_relative_amplitude": 1.0,
    "stimulus_start_time": 0.92,
    "stimulus_units": "pA",
    "sweep_number": 33,
    "vm_delta_mv": 0.122879028320312
  },
  {
    "bridge_balance_mohm": 15.0183153152466,
    "id": 396331384,
    "leak_pa": 0.0,
    "num_spikes": 37,
    "peak_deflection": 0.0,
    "post_noise_rms_mv": 0.0454155132174492,
    "post_vm_mv": -70.6849975585938,
    "pre_noise_rms_mv": 0.0406226143240929,
    "pre_vm_mv": -71.1114883422852,
    "slow_noise_rms_mv": 0.144863188266754,
    "slow_vm_mv": -71.1114883422852,
    "specimen_id": 320654829,
    "stimulus_absolute_amplitude": 340.000000376151,
    "stimulus_description": "C2SQRHELNG150112[0]",
    "stimulus_duration": 1.999995,
    "stimulus_interval": 0.0,
    "stimulus_name": "Square - 2s Suprathreshold",
    "stimulus_relative_amplitude": 3.4,
    "stimulus_start_time": 0.92,
    "stimulus_units": "pA",
    "sweep_number": 72,
    "vm_delta_mv": 0.426490783691406
  },
  {
    "bridge_balance_mohm": 15.0183153152466,
    "id": 396331350,
    "leak_pa": 0.0,
    "num_spikes": 41,
    "peak_deflection": 0.0,
    "post_noise_rms_mv": 0.0,
    "post_vm_mv": 0.0,
    "pre_noise_rms_mv": 0.042150467634201,
    "pre_vm_mv": -68.9186935424805,
    "slow_noise_rms_mv": 0.460837602615356,
    "slow_vm_mv": -68.9186935424805,
    "specimen_id": 320654829,
    "stimulus_absolute_amplitude": 800.000010681146,
    "stimulus_description": "C1RP25PR1S141203[0]",
    "stimulus_duration": 31.997495,
    "stimulus_interval": 0.0,
    "stimulus_name": "Ramp",
    "stimulus_relative_amplitude": 1.0,
    "stimulus_start_time": 0.9225,
    "stimulus_units": "pA",
    "sweep_number": 6,
    "vm_delta_mv": 0.0
  },
  {
    "bridge_balance_mohm": 15.0183153152466,
    "id": 396331390,
    "leak_pa": 0.0,
    "num_spikes": 34,
    "peak_deflection": 0.0,
    "post_noise_rms_mv": 0.0428188443183899,
    "post_vm_mv": -71.6027374267578,
    "pre_noise_rms_mv": 0.0507508777081966,
    "pre_vm_mv": -72.1695938110352,
    "slow_noise_rms_mv": 0.172759413719177,
    "slow_vm_mv": -72.1695938110352,
    "specimen_id": 320654829,
    "stimulus_absolute_amplitude": 340.000000376151,
    "stimulus_description": "C2SQRHELNG150112[0]",
    "stimulus_duration": 1.999995,
    "stimulus_interval": 0.0,
    "stimulus_name": "Square - 2s Suprathreshold",
    "stimulus_relative_amplitude": 3.4,
    "stimulus_start_time": 0.92,
    "stimulus_units": "pA",
    "sweep_number": 74,
    "vm_delta_mv": 0.566856384277344
  },
  {
    "bridge_balance_mohm": 15.0183153152466,
    "id": 396331230,
    "leak_pa": 0.0,
    "num_spikes": 0,
    "peak_deflection": 0.0,
    "post_noise_rms_mv": 0.0382291674613953,
    "post_vm_mv": -70.0901184082031,
    "pre_noise_rms_mv": 0.0423275157809258,
    "pre_vm_mv": -69.8369522094727,
    "slow_noise_rms_mv": 0.360732346773148,
    "slow_vm_mv": -69.8369522094727,
    "specimen_id": 320654829,
    "stimulus_absolute_amplitude": 750.000006544127,
    "stimulus_description": "C1SSFINEST150112[0]",
    "stimulus_duration": 0.002995,
    "stimulus_interval": 0.0,
    "stimulus_name": "Short Square",
    "stimulus_relative_amplitude": 7.5,
    "stimulus_start_time": 0.92,
    "stimulus_units": "pA",
    "sweep_number": 22,
    "vm_delta_mv": 0.253166198730469
  },
  {
    "bridge_balance_mohm": 15.0183153152466,
    "id": 396331386,
    "leak_pa": 0.0,
    "num_spikes": 32,
    "peak_deflection": 0.0,
    "post_noise_rms_mv": 0.0421797037124634,
    "post_vm_mv": -71.9679107666016,
    "pre_noise_rms_mv": 0.0409709811210632,
    "pre_vm_mv": -72.2783584594727,
    "slow_noise_rms_mv": 0.172979354858398,
    "slow_vm_mv": -72.2783584594727,
    "specimen_id": 320654829,
    "stimulus_absolute_amplitude": 340.000000376151,
    "stimulus_description": "C2SQRHELNG150112[0]",
    "stimulus_duration": 1.999995,
    "stimulus_interval": 0.0,
    "stimulus_name": "Square - 2s Suprathreshold",
    "stimulus_relative_amplitude": 3.4,
    "stimulus_start_time": 0.92,
    "stimulus_units": "pA",
    "sweep_number": 73,
    "vm_delta_mv": 0.310447692871094
  },
  {
    "bridge_balance_mohm": 15.0183153152466,
    "id": 396331380,
    "leak_pa": 0.0,
    "num_spikes": 29,
    "peak_deflection": 0.0,
    "post_noise_rms_mv": 0.042318694293499,
    "post_vm_mv": -68.8964157104492,
    "pre_noise_rms_mv": 0.0369200259447098,
    "pre_vm_mv": -68.7112731933594,
    "slow_noise_rms_mv": 0.191378101706505,
    "slow_vm_mv": -68.7112731933594,
    "specimen_id": 320654829,
    "stimulus_absolute_amplitude": 299.999997066536,
    "stimulus_description": "C2SQRHELNG150112[0]",
    "stimulus_duration": 1.999995,
    "stimulus_interval": 0.0,
    "stimulus_name": "Square - 2s Suprathreshold",
    "stimulus_relative_amplitude": 3.0,
    "stimulus_start_time": 0.92,
    "stimulus_units": "pA",
    "sweep_number": 70,
    "vm_delta_mv": 0.185142517089844
  },
  {
    "bridge_balance_mohm": 15.0183153152466,
    "id": 396331258,
    "leak_pa": 0.0,
    "num_spikes": 0,
    "peak_deflection": -81.5625076293945,
    "post_noise_rms_mv": 0.0457579605281353,
    "post_vm_mv": -69.9080505371094,
    "pre_noise_rms_mv": 0.034985113888979,
    "pre_vm_mv": -69.6462478637695,
    "slow_noise_rms_mv": 0.26275560259819,
    "slow_vm_mv": -69.6462478637695,
    "specimen_id": 320654829,
    "stimulus_absolute_amplitude": -69.9999988529321,
    "stimulus_description": "C1LSCOARSE150112[2]",
    "stimulus_duration": 0.999995,
    "stimulus_interval": 0.0,
    "stimulus_name": "Long Square",
    "stimulus_relative_amplitude": 1.0,
    "stimulus_start_time": 0.92,
    "stimulus_units": "pA",
    "sweep_number": 35,
    "vm_delta_mv": 0.261802673339844
  },
  {
    "bridge_balance_mohm": 15.0183153152466,
    "id": 396331244,
    "leak_pa": 0.0,
    "num_spikes": 0,
    "peak_deflection": 0.0,
    "post_noise_rms_mv": 0.0328117795288563,
    "post_vm_mv": -70.5748901367188,
    "pre_noise_rms_mv": 0.0367960520088673,
    "pre_vm_mv": -70.5928421020508,
    "slow_noise_rms_mv": 0.258493840694427,
    "slow_vm_mv": -70.5928421020508,
    "specimen_id": 320654829,
    "stimulus_absolute_amplitude": 840.00001399076,
    "stimulus_description": "C1SSFINEST150112[0]",
    "stimulus_duration": 0.002995,
    "stimulus_interval": 0.0,
    "stimulus_name": "Short Square",
    "stimulus_relative_amplitude": 8.4,
    "stimulus_start_time": 0.92,
    "stimulus_units": "pA",
    "sweep_number": 29,
    "vm_delta_mv": 0.0179519653320312
  },
  {
    "bridge_balance_mohm": 15.0183153152466,
    "id": 396331274,
    "leak_pa": 0.0,
    "num_spikes": 0,
    "peak_deflection": -63.0,
    "post_noise_rms_mv": 0.0362702794373035,
    "post_vm_mv": -71.2698287963867,
    "pre_noise_rms_mv": 0.0391058847308159,
    "pre_vm_mv": -71.0997467041016,
    "slow_noise_rms_mv": 0.222304105758667,
    "slow_vm_mv": -71.0997467041016,
    "specimen_id": 320654829,
    "stimulus_absolute_amplitude": 50.0000006675716,
    "stimulus_description": "C1LSCOARSE150112[8]",
    "stimulus_duration": 0.999995,
    "stimulus_interval": 0.0,
    "stimulus_name": "Long Square",
    "stimulus_relative_amplitude": 1.0,
    "stimulus_start_time": 0.92,
    "stimulus_units": "pA",
    "sweep_number": 41,
    "vm_delta_mv": 0.170082092285156
  },
  {
    "bridge_balance_mohm": 15.0183153152466,
    "id": 396331348,
    "leak_pa": 0.0,
    "num_spikes": 1,
    "peak_deflection": 0.0,
    "post_noise_rms_mv": 0.0369676314294338,
    "post_vm_mv": -69.6931610107422,
    "pre_noise_rms_mv": 0.0493405908346176,
    "pre_vm_mv": -69.5901565551758,
    "slow_noise_rms_mv": 0.319322854280472,
    "slow_vm_mv": -69.5901565551758,
    "specimen_id": 320654829,
    "stimulus_absolute_amplitude": 259.999993756921,
    "stimulus_description": "C1LSFINEST150112[0]",
    "stimulus_duration": 0.999995,
    "stimulus_interval": 0.0,
    "stimulus_name": "Long Square",
    "stimulus_relative_amplitude": 2.6,
    "stimulus_start_time": 0.92,
    "stimulus_units": "pA",
    "sweep_number": 59,
    "vm_delta_mv": 0.103004455566406
  },
  {
    "bridge_balance_mohm": 15.0183153152466,
    "id": 396331296,
    "leak_pa": 0.0,
    "num_spikes": 0,
    "peak_deflection": -39.6875,
    "post_noise_rms_mv": 0.0398952811956406,
    "post_vm_mv": -68.147087097168,
    "pre_noise_rms_mv": 0.0691600516438484,
    "pre_vm_mv": -67.9273147583008,
    "slow_noise_rms_mv": 0.30551877617836,
    "slow_vm_mv": -67.9273147583008,
    "specimen_id": 320654829,
    "stimulus_absolute_amplitude": 210.00000349769,
    "stimulus_description": "C1LSCOARSE150112[16]",
    "stimulus_duration": 0.999995,
    "stimulus_interval": 0.0,
    "stimulus_name": "Long Square",
    "stimulus_relative_amplitude": 1.0,
    "stimulus_start_time": 0.92,
    "stimulus_units": "pA",
    "sweep_number": 49,
    "vm_delta_mv": 0.219772338867188
  },
  {
    "bridge_balance_mohm": 15.0183153152466,
    "id": 396331288,
    "leak_pa": 0.0,
    "num_spikes": 0,
    "peak_deflection": -46.8437538146973,
    "post_noise_rms_mv": 0.0451124720275402,
    "post_vm_mv": -70.2061157226562,
    "pre_noise_rms_mv": 0.0504398532211781,
    "pre_vm_mv": -69.8896865844727,
    "slow_noise_rms_mv": 0.188896402716637,
    "slow_vm_mv": -69.8896865844727,
    "specimen_id": 320654829,
    "stimulus_absolute_amplitude": 149.999998533268,
    "stimulus_description": "C1LSCOARSE150112[13]",
    "stimulus_duration": 0.999995,
    "stimulus_interval": 0.0,
    "stimulus_name": "Long Square",
    "stimulus_relative_amplitude": 1.0,
    "stimulus_start_time": 0.92,
    "stimulus_units": "pA",
    "sweep_number": 46,
    "vm_delta_mv": 0.316429138183594
  },
  {
    "bridge_balance_mohm": 15.0183153152466,
    "id": 396331272,
    "leak_pa": 0.0,
    "num_spikes": 0,
    "peak_deflection": -65.2187576293945,
    "post_noise_rms_mv": 0.0335623547434807,
    "post_vm_mv": -71.5418319702148,
    "pre_noise_rms_mv": 0.039045836776495,
    "pre_vm_mv": -71.1959686279297,
    "slow_noise_rms_mv": 0.22227731347084,
    "slow_vm_mv": -71.1959686279297,
    "specimen_id": 320654829,
    "stimulus_absolute_amplitude": 29.9999990127642,
    "stimulus_description": "C1LSCOARSE150112[7]",
    "stimulus_duration": 0.999995,
    "stimulus_interval": 0.0,
    "stimulus_name": "Long Square",
    "stimulus_relative_amplitude": 1.0,
    "stimulus_start_time": 0.92,
    "stimulus_units": "pA",
    "sweep_number": 40,
    "vm_delta_mv": 0.345863342285156
  },
  {
    "bridge_balance_mohm": 15.0183153152466,
    "id": 396331332,
    "leak_pa": 0.0,
    "num_spikes": 3,
    "peak_deflection": 0.0,
    "post_noise_rms_mv": 0.0334464535117149,
    "post_vm_mv": -68.1254119873047,
    "pre_noise_rms_mv": 0.0384241938591003,
    "pre_vm_mv": -67.6405944824219,
    "slow_noise_rms_mv": 0.37157616019249,
    "slow_vm_mv": -67.6405944824219,
    "specimen_id": 320654829,
    "stimulus_absolute_amplitude": 289.999996239132,
    "stimulus_description": "C1LSCOARSE150112[20]",
    "stimulus_duration": 0.999995,
    "stimulus_interval": 0.0,
    "stimulus_name": "Long Square",
    "stimulus_relative_amplitude": 1.0,
    "stimulus_start_time": 0.92,
    "stimulus_units": "pA",
    "sweep_number": 53,
    "vm_delta_mv": 0.484817504882812
  },
  {
    "bridge_balance_mohm": 15.0183153152466,
    "id": 396331210,
    "leak_pa": 0.0,
    "num_spikes": 0,
    "peak_deflection": 0.0,
    "post_noise_rms_mv": 0.0336368568241596,
    "post_vm_mv": -69.5576553344727,
    "pre_noise_rms_mv": 0.0486318059265614,
    "pre_vm_mv": -70.1968536376953,
    "slow_noise_rms_mv": 0.464944630861282,
    "slow_vm_mv": -70.1968536376953,
    "specimen_id": 320654829,
    "stimulus_absolute_amplitude": 720.000004061916,
    "stimulus_description": "C1SSCOARSE150112[0]",
    "stimulus_duration": 0.002995,
    "stimulus_interval": 0.0,
    "stimulus_name": "Short Square",
    "stimulus_relative_amplitude": 7.2,
    "stimulus_start_time": 0.92,
    "stimulus_units": "pA",
    "sweep_number": 18,
    "vm_delta_mv": 0.639198303222656
  },
  {
    "bridge_balance_mohm": 0.0,
    "id": 396331246,
    "leak_pa": 0.0,
    "num_spikes": 0,
    "peak_deflection": 0.0,
    "post_noise_rms_mv": 0.0,
    "post_vm_mv": 0.0,
    "pre_noise_rms_mv": 0.0,
    "pre_vm_mv": 0.0,
    "slow_noise_rms_mv": 0.0,
    "slow_vm_mv": 0.0,
    "specimen_id": 320654829,
    "stimulus_absolute_amplitude": 9.99999977648258,
    "stimulus_description": "EXTPBREAKN141203[0]",
    "stimulus_duration": 0.069995,
    "stimulus_interval": 0.05,
    "stimulus_name": "Test",
    "stimulus_relative_amplitude": 1.0,
    "stimulus_start_time": 0.03,
    "stimulus_units": "mV",
    "sweep_number": 3,
    "vm_delta_mv": 0.0
  },
  {
    "bridge_balance_mohm": 15.0183153152466,
    "id": 396331282,
    "leak_pa": 0.0,
    "num_spikes": 0,
    "peak_deflection": -53.65625,
    "post_noise_rms_mv": 0.0398053601384163,
    "post_vm_mv": -72.115966796875,
    "pre_noise_rms_mv": 0.0322575308382511,
    "pre_vm_mv": -71.279167175293,
    "slow_noise_rms_mv": 0.172167703509331,
    "slow_vm_mv": -71.279167175293,
    "specimen_id": 320654829,
    "stimulus_absolute_amplitude": 110.000002162547,
    "stimulus_description": "C1LSCOARSE150112[11]",
    "stimulus_duration": 0.999995,
    "stimulus_interval": 0.0,
    "stimulus_name": "Long Square",
    "stimulus_relative_amplitude": 1.0,
    "stimulus_start_time": 0.92,
    "stimulus_units": "pA",
    "sweep_number": 44,
    "vm_delta_mv": 0.836799621582031
  },
  {
    "bridge_balance_mohm": 15.0183153152466,
    "id": 396331362,
    "leak_pa": 0.0,
    "num_spikes": 85,
    "peak_deflection": 0.0,
    "post_noise_rms_mv": 0.0370531193912029,
    "post_vm_mv": -69.0851135253906,
    "pre_noise_rms_mv": 0.0359057821333408,
    "pre_vm_mv": -69.2901992797852,
    "slow_noise_rms_mv": 0.189230397343636,
    "slow_vm_mv": -69.2901992797852,
    "specimen_id": 320654829,
    "stimulus_absolute_amplitude": 602.625005452495,
    "stimulus_description": "C1NSSEED_1150112[0]",
    "stimulus_duration": 18.999995,
    "stimulus_interval": 5.0,
    "stimulus_name": "Noise 1",
    "stimulus_relative_amplitude": 2.6,
    "stimulus_start_time": 1.92,
    "stimulus_units": "pA",
    "sweep_number": 64,
    "vm_delta_mv": 0.205085754394531
  },
  {
    "bridge_balance_mohm": 15.0183153152466,
    "id": 396331228,
    "leak_pa": 0.0,
    "num_spikes": 0,
    "peak_deflection": 0.0,
    "post_noise_rms_mv": 0.0428553596138954,
    "post_vm_mv": -70.5854263305664,
    "pre_noise_rms_mv": 0.030263302847743,
    "pre_vm_mv": -69.8065414428711,
    "slow_noise_rms_mv": 0.386453866958618,
    "slow_vm_mv": -69.8065414428711,
    "specimen_id": 320654829,
    "stimulus_absolute_amplitude": 730.00000488932,
    "stimulus_description": "C1SSFINEST150112[0]",
    "stimulus_duration": 0.002995,
    "stimulus_interval": 0.0,
    "stimulus_name": "Short Square",
    "stimulus_relative_amplitude": 7.3,
    "stimulus_start_time": 0.92,
    "stimulus_units": "pA",
    "sweep_number": 21,
    "vm_delta_mv": 0.778884887695312
  },
  {
    "bridge_balance_mohm": 15.0183153152466,
    "id": 396331378,
    "leak_pa": 0.0,
    "num_spikes": 0,
    "peak_deflection": 0.0,
    "post_noise_rms_mv": 0.0368947759270668,
    "post_vm_mv": -69.1091537475586,
    "pre_noise_rms_mv": 0.0330077297985554,
    "pre_vm_mv": -69.4404220581055,
    "slow_noise_rms_mv": 0.448493391275406,
    "slow_vm_mv": -69.4404220581055,
    "specimen_id": 320654829,
    "stimulus_absolute_amplitude": 100.000001335143,
    "stimulus_description": "C1SSCOARSE150112[0]",
    "stimulus_duration": 0.002995,
    "stimulus_interval": 0.0,
    "stimulus_name": "Short Square",
    "stimulus_relative_amplitude": 1.0,
    "stimulus_start_time": 0.92,
    "stimulus_units": "pA",
    "sweep_number": 7,
    "vm_delta_mv": 0.331268310546875
  },
  {
    "bridge_balance_mohm": 15.0183153152466,
    "id": 396331328,
    "leak_pa": 0.0,
    "num_spikes": 2,
    "peak_deflection": 0.0,
    "post_noise_rms_mv": 0.0289046633988619,
    "post_vm_mv": -66.7200469970703,
    "pre_noise_rms_mv": 0.0384685695171356,
    "pre_vm_mv": -67.5840530395508,
    "slow_noise_rms_mv": 0.244036108255386,
    "slow_vm_mv": -67.5840530395508,
    "specimen_id": 320654829,
    "stimulus_absolute_amplitude": 269.999994584325,
    "stimulus_description": "C1LSCOARSE150112[19]",
    "stimulus_duration": 0.999995,
    "stimulus_interval": 0.0,
    "stimulus_name": "Long Square",
    "stimulus_relative_amplitude": 1.0,
    "stimulus_start_time": 0.92,
    "stimulus_units": "pA",
    "sweep_number": 52,
    "vm_delta_mv": 0.864006042480469
  },
  {
    "bridge_balance_mohm": 15.0183153152466,
    "id": 396331260,
    "leak_pa": 0.0,
    "num_spikes": 0,
    "peak_deflection": -79.15625,
    "post_noise_rms_mv": 0.037114717066288,
    "post_vm_mv": -69.9855880737305,
    "pre_noise_rms_mv": 0.0429067052900791,
    "pre_vm_mv": -70.4252166748047,
    "slow_noise_rms_mv": 0.242738857865334,
    "slow_vm_mv": -70.4252166748047,
    "specimen_id": 320654829,
    "stimulus_absolute_amplitude": -50.0000006675716,
    "stimulus_description": "C1LSCOARSE150112[3]",
    "stimulus_duration": 0.999995,
    "stimulus_interval": 0.0,
    "stimulus_name": "Long Square",
    "stimulus_relative_amplitude": 1.0,
    "stimulus_start_time": 0.92,
    "stimulus_units": "pA",
    "sweep_number": 36,
    "vm_delta_mv": 0.439628601074219
  },
  {
    "bridge_balance_mohm": 15.0183153152466,
    "id": 396331284,
    "leak_pa": 0.0,
    "num_spikes": 0,
    "peak_deflection": -50.5,
    "post_noise_rms_mv": 0.0525525957345963,
    "post_vm_mv": -72.4356231689453,
    "pre_noise_rms_mv": 0.040560532361269,
    "pre_vm_mv": -71.6110687255859,
    "slow_noise_rms_mv": 0.260666787624359,
    "slow_vm_mv": -71.6110687255859,
    "specimen_id": 320654829,
    "stimulus_absolute_amplitude": 129.99999687846,
    "stimulus_description": "C1LSCOARSE150112[12]",
    "stimulus_duration": 0.999995,
    "stimulus_interval": 0.0,
    "stimulus_name": "Long Square",
    "stimulus_relative_amplitude": 1.0,
    "stimulus_start_time": 0.92,
    "stimulus_units": "pA",
    "sweep_number": 45,
    "vm_delta_mv": 0.824554443359375
  },
  {
    "bridge_balance_mohm": 15.0183153152466,
    "id": 396331242,
    "leak_pa": 0.0,
    "num_spikes": 1,
    "peak_deflection": 0.0,
    "post_noise_rms_mv": 0.0396879091858864,
    "post_vm_mv": -69.7907028198242,
    "pre_noise_rms_mv": 0.0363822169601917,
    "pre_vm_mv": -69.4575271606445,
    "slow_noise_rms_mv": 0.269213318824768,
    "slow_vm_mv": -69.4575271606445,
    "specimen_id": 320654829,
    "stimulus_absolute_amplitude": 840.00001399076,
    "stimulus_description": "C1SSFINEST150112[0]",
    "stimulus_duration": 0.002995,
    "stimulus_interval": 0.0,
    "stimulus_name": "Short Square",
    "stimulus_relative_amplitude": 8.4,
    "stimulus_start_time": 0.92,
    "stimulus_units": "pA",
    "sweep_number": 28,
    "vm_delta_mv": 0.333175659179688
  },
  {
    "bridge_balance_mohm": 15.0183153152466,
    "id": 396331338,
    "leak_pa": 0.0,
    "num_spikes": 11,
    "peak_deflection": 0.0,
    "post_noise_rms_mv": 0.0458190776407719,
    "post_vm_mv": -68.8169479370117,
    "pre_noise_rms_mv": 0.0409219115972519,
    "pre_vm_mv": -68.0532989501953,
    "slow_noise_rms_mv": 0.236624628305435,
    "slow_vm_mv": -68.0532989501953,
    "specimen_id": 320654829,
    "stimulus_absolute_amplitude": 350.000001203554,
    "stimulus_description": "C1LSCOARSE150112[23]",
    "stimulus_duration": 0.999995,
    "stimulus_interval": 0.0,
    "stimulus_name": "Long Square",
    "stimulus_relative_amplitude": 1.0,
    "stimulus_start_time": 0.92,
    "stimulus_units": "pA",
    "sweep_number": 56,
    "vm_delta_mv": 0.763648986816406
  },
  {
    "bridge_balance_mohm": 15.0183153152466,
    "id": 396331366,
    "leak_pa": 0.0,
    "num_spikes": 4,
    "peak_deflection": 0.0,
    "post_noise_rms_mv": 0.0486028641462326,
    "post_vm_mv": -69.5546112060547,
    "pre_noise_rms_mv": 0.0575497895479202,
    "pre_vm_mv": -69.7529449462891,
    "slow_noise_rms_mv": 0.339040070772171,
    "slow_vm_mv": -69.7529449462891,
    "specimen_id": 320654829,
    "stimulus_absolute_amplitude": 259.999993756921,
    "stimulus_description": "C2SQRHELNG150112[0]",
    "stimulus_duration": 1.999995,
    "stimulus_interval": 0.0,
    "stimulus_name": "Square - 2s Suprathreshold",
    "stimulus_relative_amplitude": 2.6,
    "stimulus_start_time": 0.92,
    "stimulus_units": "pA",
    "sweep_number": 66,
    "vm_delta_mv": 0.198333740234375
  },
  {
    "bridge_balance_mohm": 15.0183153152466,
    "id": 396331334,
    "leak_pa": 0.0,
    "num_spikes": 6,
    "peak_deflection": 0.0,
    "post_noise_rms_mv": 0.0474579520523548,
    "post_vm_mv": -67.9366912841797,
    "pre_noise_rms_mv": 0.0513669140636921,
    "pre_vm_mv": -67.8890686035156,
    "slow_noise_rms_mv": 0.158965155482292,
    "slow_vm_mv": -67.8890686035156,
    "specimen_id": 320654829,
    "stimulus_absolute_amplitude": 309.999997893939,
    "stimulus_description": "C1LSCOARSE150112[21]",
    "stimulus_duration": 0.999995,
    "stimulus_interval": 0.0,
    "stimulus_name": "Long Square",
    "stimulus_relative_amplitude": 1.0,
    "stimulus_start_time": 0.92,
    "stimulus_units": "pA",
    "sweep_number": 54,
    "vm_delta_mv": 0.0476226806640625
  },
  {
    "bridge_balance_mohm": 0.0,
    "id": 396331184,
    "leak_pa": 0.0,
    "num_spikes": 0,
    "peak_deflection": 0.0,
    "post_noise_rms_mv": 0.0,
    "post_vm_mv": 0.0,
    "pre_noise_rms_mv": 0.0,
    "pre_vm_mv": 0.0,
    "slow_noise_rms_mv": 0.0,
    "slow_vm_mv": 0.0,
    "specimen_id": 320654829,
    "stimulus_absolute_amplitude": 9.99999977648258,
    "stimulus_description": "EXTPSMOKET141203[0]",
    "stimulus_duration": 0.069995,
    "stimulus_interval": 0.05,
    "stimulus_name": "Test",
    "stimulus_relative_amplitude": 1.0,
    "stimulus_start_time": 0.03,
    "stimulus_units": "mV",
    "sweep_number": 0,
    "vm_delta_mv": 0.0
  },
  {
    "bridge_balance_mohm": 15.0183153152466,
    "id": 396331252,
    "leak_pa": 0.0,
    "num_spikes": 0,
    "peak_deflection": 0.0,
    "post_noise_rms_mv": 0.0427636168897152,
    "post_vm_mv": -69.8719024658203,
    "pre_noise_rms_mv": 0.0447857081890106,
    "pre_vm_mv": -70.6046676635742,
    "slow_noise_rms_mv": 0.331506222486496,
    "slow_vm_mv": -70.6046676635742,
    "specimen_id": 320654829,
    "stimulus_absolute_amplitude": 840.00001399076,
    "stimulus_description": "C1SSFINEST150112[0]",
    "stimulus_duration": 0.002995,
    "stimulus_interval": 0.0,
    "stimulus_name": "Short Square",
    "stimulus_relative_amplitude": 8.4,
    "stimulus_start_time": 0.92,
    "stimulus_units": "pA",
    "sweep_number": 32,
    "vm_delta_mv": 0.732765197753906
  },
  {
    "bridge_balance_mohm": 15.0183153152466,
    "id": 396331238,
    "leak_pa": 0.0,
    "num_spikes": 0,
    "peak_deflection": 0.0,
    "post_noise_rms_mv": 0.043102003633976,
    "post_vm_mv": -71.9960174560547,
    "pre_noise_rms_mv": 0.0403323322534561,
    "pre_vm_mv": -72.1322326660156,
    "slow_noise_rms_mv": 0.36892357468605,
    "slow_vm_mv": -72.1322326660156,
    "specimen_id": 320654829,
    "stimulus_absolute_amplitude": 820.000012335953,
    "stimulus_description": "C1SSFINEST150112[0]",
    "stimulus_duration": 0.002995,
    "stimulus_interval": 0.0,
    "stimulus_name": "Short Square",
    "stimulus_relative_amplitude": 8.2,
    "stimulus_start_time": 0.92,
    "stimulus_units": "pA",
    "sweep_number": 26,
    "vm_delta_mv": 0.136215209960938
  },
  {
    "bridge_balance_mohm": 15.0183153152466,
    "id": 396331352,
    "leak_pa": 0.0,
    "num_spikes": 62,
    "peak_deflection": 0.0,
    "post_noise_rms_mv": 0.036562092602253,
    "post_vm_mv": -68.3367233276367,
    "pre_noise_rms_mv": 0.0334111526608467,
    "pre_vm_mv": -68.8331298828125,
    "slow_noise_rms_mv": 0.246270671486855,
    "slow_vm_mv": -68.8331298828125,
    "specimen_id": 320654829,
    "stimulus_absolute_amplitude": 602.625005452495,
    "stimulus_description": "C1NSSEED_1150112[0]",
    "stimulus_duration": 18.999995,
    "stimulus_interval": 5.0,
    "stimulus_name": "Noise 1",
    "stimulus_relative_amplitude": 2.6,
    "stimulus_start_time": 1.92,
    "stimulus_units": "pA",
    "sweep_number": 60,
    "vm_delta_mv": 0.496406555175781
  },
  {
    "bridge_balance_mohm": 15.0183153152466,
    "id": 396331294,
    "leak_pa": 0.0,
    "num_spikes": 0,
    "peak_deflection": -43.375,
    "post_noise_rms_mv": 0.0428549200296402,
    "post_vm_mv": -68.5043563842773,
    "pre_noise_rms_mv": 0.0430555008351803,
    "pre_vm_mv": -69.2081832885742,
    "slow_noise_rms_mv": 0.344607412815094,
    "slow_vm_mv": -69.2081832885742,
    "specimen_id": 320654829,
    "stimulus_absolute_amplitude": 190.000001842883,
    "stimulus_description": "C1LSCOARSE150112[15]",
    "stimulus_duration": 0.999995,
    "stimulus_interval": 0.0,
    "stimulus_name": "Long Square",
    "stimulus_relative_amplitude": 1.0,
    "stimulus_start_time": 0.92,
    "stimulus_units": "pA",
    "sweep_number": 48,
    "vm_delta_mv": 0.703826904296875
  },
  {
    "bridge_balance_mohm": 15.0183153152466,
    "id": 396331374,
    "leak_pa": 0.0,
    "num_spikes": 27,
    "peak_deflection": 0.0,
    "post_noise_rms_mv": 0.0336204953491688,
    "post_vm_mv": -67.2910537719727,
    "pre_noise_rms_mv": 0.0369730517268181,
    "pre_vm_mv": -67.4130630493164,
    "slow_noise_rms_mv": 0.179666191339493,
    "slow_vm_mv": -67.4130630493164,
    "specimen_id": 320654829,
    "stimulus_absolute_amplitude": 299.999997066536,
    "stimulus_description": "C2SQRHELNG150112[0]",
    "stimulus_duration": 1.999995,
    "stimulus_interval": 0.0,
    "stimulus_name": "Square - 2s Suprathreshold",
    "stimulus_relative_amplitude": 3.0,
    "stimulus_start_time": 0.92,
    "stimulus_units": "pA",
    "sweep_number": 69,
    "vm_delta_mv": 0.12200927734375
  },
  {
    "bridge_balance_mohm": 15.0183153152466,
    "id": 396331301,
    "leak_pa": 0.0,
    "num_spikes": 0,
    "peak_deflection": -35.5625,
    "post_noise_rms_mv": 0.0494008138775826,
    "post_vm_mv": -68.8368148803711,
    "pre_noise_rms_mv": 0.0331150628626347,
    "pre_vm_mv": -68.2865371704102,
    "slow_noise_rms_mv": 0.261182695627213,
    "slow_vm_mv": -68.2865371704102,
    "specimen_id": 320654829,
    "stimulus_absolute_amplitude": 230.000005152498,
    "stimulus_description": "C1LSCOARSE150112[17]",
    "stimulus_duration": 0.999995,
    "stimulus_interval": 0.0,
    "stimulus_name": "Long Square",
    "stimulus_relative_amplitude": 1.0,
    "stimulus_start_time": 0.92,
    "stimulus_units": "pA",
    "sweep_number": 50,
    "vm_delta_mv": 0.550277709960938
  },
  {
    "bridge_balance_mohm": 15.0183153152466,
    "id": 396331346,
    "leak_pa": 0.0,
    "num_spikes": 17,
    "peak_deflection": 0.0,
    "post_noise_rms_mv": 0.0373709164559841,
    "post_vm_mv": -68.4451751708984,
    "pre_noise_rms_mv": 0.0422815047204494,
    "pre_vm_mv": -67.8790435791016,
    "slow_noise_rms_mv": 0.337693482637405,
    "slow_vm_mv": -67.8790435791016,
    "specimen_id": 320654829,
    "stimulus_absolute_amplitude": 390.000004513169,
    "stimulus_description": "C1LSCOARSE150112[25]",
    "stimulus_duration": 0.999995,
    "stimulus_interval": 0.0,
    "stimulus_name": "Long Square",
    "stimulus_relative_amplitude": 1.0,
    "stimulus_start_time": 0.92,
    "stimulus_units": "pA",
    "sweep_number": 58,
    "vm_delta_mv": 0.566131591796875
  },
  {
    "bridge_balance_mohm": 15.0183153152466,
    "id": 396331326,
    "leak_pa": 0.0,
    "num_spikes": 1,
    "peak_deflection": 0.0,
    "post_noise_rms_mv": 0.0488731525838375,
    "post_vm_mv": -68.0634155273438,
    "pre_noise_rms_mv": 0.0367844887077808,
    "pre_vm_mv": -68.3884429931641,
    "slow_noise_rms_mv": 0.445330053567886,
    "slow_vm_mv": -68.3884429931641,
    "specimen_id": 320654829,
    "stimulus_absolute_amplitude": 249.999992929517,
    "stimulus_description": "C1LSCOARSE150112[18]",
    "stimulus_duration": 0.999995,
    "stimulus_interval": 0.0,
    "stimulus_name": "Long Square",
    "stimulus_relative_amplitude": 1.0,
    "stimulus_start_time": 0.92,
    "stimulus_units": "pA",
    "sweep_number": 51,
    "vm_delta_mv": 0.325027465820312
  },
  {
    "bridge_balance_mohm": 15.0183153152466,
    "id": 396331357,
    "leak_pa": 0.0,
    "num_spikes": 75,
    "peak_deflection": 0.0,
    "post_noise_rms_mv": 0.0379648096859455,
    "post_vm_mv": -68.8456573486328,
    "pre_noise_rms_mv": 0.0584163889288902,
    "pre_vm_mv": -68.4740982055664,
    "slow_noise_rms_mv": 0.324166119098663,
    "slow_vm_mv": -68.4740982055664,
    "specimen_id": 320654829,
    "stimulus_absolute_amplitude": 602.625005452495,
    "stimulus_description": "C1NSSEED_1150112[0]",
    "stimulus_duration": 18.999995,
    "stimulus_interval": 5.0,
    "stimulus_name": "Noise 1",
    "stimulus_relative_amplitude": 2.6,
    "stimulus_start_time": 1.92,
    "stimulus_units": "pA",
    "sweep_number": 62,
    "vm_delta_mv": 0.371559143066406
  },
  {
    "bridge_balance_mohm": 15.0183153152466,
    "id": 396331354,
    "leak_pa": 0.0,
    "num_spikes": 70,
    "peak_deflection": 0.0,
    "post_noise_rms_mv": 0.0410857163369656,
    "post_vm_mv": -68.5032653808594,
    "pre_noise_rms_mv": 0.0459905229508877,
    "pre_vm_mv": -69.2073135375977,
    "slow_noise_rms_mv": 0.187333196401596,
    "slow_vm_mv": -69.2073135375977,
    "specimen_id": 320654829,
    "stimulus_absolute_amplitude": 612.999984106466,
    "stimulus_description": "C1NSSEED_2150112[0]",
    "stimulus_duration": 18.999995,
    "stimulus_interval": 5.0,
    "stimulus_name": "Noise 2",
    "stimulus_relative_amplitude": 2.6,
    "stimulus_start_time": 1.92,
    "stimulus_units": "pA",
    "sweep_number": 61,
    "vm_delta_mv": 0.704048156738281
  },
  {
    "bridge_balance_mohm": 15.0183153152466,
    "id": 396331298,
    "leak_pa": 0.0,
    "num_spikes": 23,
    "peak_deflection": 0.0,
    "post_noise_rms_mv": 0.0,
    "post_vm_mv": 0.0,
    "pre_noise_rms_mv": 0.0399944595992565,
    "pre_vm_mv": -67.2405166625977,
    "slow_noise_rms_mv": 0.290423542261124,
    "slow_vm_mv": -67.2405166625977,
    "specimen_id": 320654829,
    "stimulus_absolute_amplitude": 800.000010681146,
    "stimulus_description": "C1RP25PR1S141203[0]",
    "stimulus_duration": 31.997495,
    "stimulus_interval": 0.0,
    "stimulus_name": "Ramp",
    "stimulus_relative_amplitude": 1.0,
    "stimulus_start_time": 0.9225,
    "stimulus_units": "pA",
    "sweep_number": 5,
    "vm_delta_mv": 0.0
  },
  {
    "bridge_balance_mohm": 0.0,
    "id": 396331187,
    "leak_pa": 0.0,
    "num_spikes": 0,
    "peak_deflection": 0.0,
    "post_noise_rms_mv": 0.0,
    "post_vm_mv": 0.0,
    "pre_noise_rms_mv": 0.0,
    "pre_vm_mv": 0.0,
    "slow_noise_rms_mv": 0.0,
    "slow_vm_mv": 0.0,
    "specimen_id": 320654829,
    "stimulus_absolute_amplitude": 9.99999977648258,
    "stimulus_description": "EXTPINBATH141203[0]",
    "stimulus_duration": 0.069995,
    "stimulus_interval": 0.05,
    "stimulus_name": "Test",
    "stimulus_relative_amplitude": 1.0,
    "stimulus_start_time": 0.03,
    "stimulus_units": "mV",
    "sweep_number": 1,
    "vm_delta_mv": 0.0
  },
  {
    "bridge_balance_mohm": 15.0183153152466,
    "id": 396331342,
    "leak_pa": 0.0,
    "num_spikes": 14,
    "peak_deflection": 0.0,
    "post_noise_rms_mv": 0.0394369848072529,
    "post_vm_mv": -69.0020751953125,
    "pre_noise_rms_mv": 0.0500809885561466,
    "pre_vm_mv": -68.2644729614258,
    "slow_noise_rms_mv": 0.181634679436684,
    "slow_vm_mv": -68.2644729614258,
    "specimen_id": 320654829,
    "stimulus_absolute_amplitude": 370.000002858362,
    "stimulus_description": "C1LSCOARSE150112[24]",
    "stimulus_duration": 0.999995,
    "stimulus_interval": 0.0,
    "stimulus_name": "Long Square",
    "stimulus_relative_amplitude": 1.0,
    "stimulus_start_time": 0.92,
    "stimulus_units": "pA",
    "sweep_number": 57,
    "vm_delta_mv": 0.737602233886719
  },
  {
    "bridge_balance_mohm": 15.0183153152466,
    "id": 396331278,
    "leak_pa": 0.0,
    "num_spikes": 0,
    "peak_deflection": -59.25,
    "post_noise_rms_mv": 0.0573603808879852,
    "post_vm_mv": -71.5132598876953,
    "pre_noise_rms_mv": 0.0376263037323952,
    "pre_vm_mv": -71.0893020629883,
    "slow_noise_rms_mv": 0.158521145582199,
    "slow_vm_mv": -71.0893020629883,
    "specimen_id": 320654829,
    "stimulus_absolute_amplitude": 69.9999988529321,
    "stimulus_description": "C1LSCOARSE150112[9]",
    "stimulus_duration": 0.999995,
    "stimulus_interval": 0.0,
    "stimulus_name": "Long Square",
    "stimulus_relative_amplitude": 1.0,
    "stimulus_start_time": 0.92,
    "stimulus_units": "pA",
    "sweep_number": 42,
    "vm_delta_mv": 0.423957824707031
  },
  {
    "bridge_balance_mohm": 0.0,
    "id": 396331216,
    "leak_pa": 0.0,
    "num_spikes": 0,
    "peak_deflection": 0.0,
    "post_noise_rms_mv": 0.0,
    "post_vm_mv": 0.0,
    "pre_noise_rms_mv": 0.0,
    "pre_vm_mv": 0.0,
    "slow_noise_rms_mv": 0.0,
    "slow_vm_mv": 0.0,
    "specimen_id": 320654829,
    "stimulus_absolute_amplitude": 9.99999977648258,
    "stimulus_description": "EXTPCllATT141203[0]",
    "stimulus_duration": 0.069995,
    "stimulus_interval": 0.05,
    "stimulus_name": "Test",
    "stimulus_relative_amplitude": 1.0,
    "stimulus_start_time": 0.03,
    "stimulus_units": "mV",
    "sweep_number": 2,
    "vm_delta_mv": 0.0
  },
  {
    "bridge_balance_mohm": 15.0183153152466,
    "id": 396331280,
    "leak_pa": 0.0,
    "num_spikes": 0,
    "peak_deflection": -56.9687538146973,
    "post_noise_rms_mv": 0.0408414639532566,
    "post_vm_mv": -71.3539962768555,
    "pre_noise_rms_mv": 0.0401888526976109,
    "pre_vm_mv": -72.0040512084961,
    "slow_noise_rms_mv": 0.255630791187286,
    "slow_vm_mv": -72.0040512084961,
    "specimen_id": 320654829,
    "stimulus_absolute_amplitude": 90.0000005077395,
    "stimulus_description": "C1LSCOARSE150112[10]",
    "stimulus_duration": 0.999995,
    "stimulus_interval": 0.0,
    "stimulus_name": "Long Square",
    "stimulus_relative_amplitude": 1.0,
    "stimulus_start_time": 0.92,
    "stimulus_units": "pA",
    "sweep_number": 43,
    "vm_delta_mv": 0.650054931640625
  },
  {
    "bridge_balance_mohm": 15.0183153152466,
    "id": 396331262,
    "leak_pa": 0.0,
    "num_spikes": 0,
    "peak_deflection": -75.71875,
    "post_noise_rms_mv": 0.0377855822443962,
    "post_vm_mv": -70.6892471313477,
    "pre_noise_rms_mv": 0.0356433056294918,
    "pre_vm_mv": -70.5946273803711,
    "slow_noise_rms_mv": 0.335195809602737,
    "slow_vm_mv": -70.5946273803711,
    "specimen_id": 320654829,
    "stimulus_absolute_amplitude": -29.9999990127642,
    "stimulus_description": "C1LSCOARSE150112[4]",
    "stimulus_duration": 0.999995,
    "stimulus_interval": 0.0,
    "stimulus_name": "Long Square",
    "stimulus_relative_amplitude": 1.0,
    "stimulus_start_time": 0.92,
    "stimulus_units": "pA",
    "sweep_number": 37,
    "vm_delta_mv": 0.0946197509765625
  },
  {
    "bridge_balance_mohm": 15.0183153152466,
    "id": 396331256,
    "leak_pa": 0.0,
    "num_spikes": 0,
    "peak_deflection": -84.78125,
    "post_noise_rms_mv": 0.0391225814819336,
    "post_vm_mv": -69.0998764038086,
    "pre_noise_rms_mv": 0.0438462197780609,
    "pre_vm_mv": -70.1058578491211,
    "slow_noise_rms_mv": 0.249252691864967,
    "slow_vm_mv": -70.1058578491211,
    "specimen_id": 320654829,
    "stimulus_absolute_amplitude": -90.0000005077395,
    "stimulus_description": "C1LSCOARSE150112[1]",
    "stimulus_duration": 0.999995,
    "stimulus_interval": 0.0,
    "stimulus_name": "Long Square",
    "stimulus_relative_amplitude": 1.0,
    "stimulus_start_time": 0.92,
    "stimulus_units": "pA",
    "sweep_number": 34,
    "vm_delta_mv": 1.0059814453125
  },
  {
    "bridge_balance_mohm": 15.0183153152466,
    "id": 396331250,
    "leak_pa": 0.0,
    "num_spikes": 1,
    "peak_deflection": 0.0,
    "post_noise_rms_mv": 0.0459448583424091,
    "post_vm_mv": -69.9928665161133,
    "pre_noise_rms_mv": 0.0363261848688126,
    "pre_vm_mv": -69.5835266113281,
    "slow_noise_rms_mv": 0.315005332231522,
    "slow_vm_mv": -69.5835266113281,
    "specimen_id": 320654829,
    "stimulus_absolute_amplitude": 840.00001399076,
    "stimulus_description": "C1SSFINEST150112[0]",
    "stimulus_duration": 0.002995,
    "stimulus_interval": 0.0,
    "stimulus_name": "Short Square",
    "stimulus_relative_amplitude": 8.4,
    "stimulus_start_time": 0.92,
    "stimulus_units": "pA",
    "sweep_number": 31,
    "vm_delta_mv": 0.409339904785156
  },
  {
    "bridge_balance_mohm": 15.0183153152466,
    "id": 396331265,
    "leak_pa": 0.0,
    "num_spikes": 0,
    "peak_deflection": -72.59375,
    "post_noise_rms_mv": 0.033043846487999,
    "post_vm_mv": -68.6530990600586,
    "pre_noise_rms_mv": 0.0428960658609867,
    "pre_vm_mv": -69.1835861206055,
    "slow_noise_rms_mv": 0.448465764522552,
    "slow_vm_mv": -69.1835861206055,
    "specimen_id": 320654829,
    "stimulus_absolute_amplitude": -9.99999996004197,
    "stimulus_description": "C1LSCOARSE150112[5]",
    "stimulus_duration": 0.999995,
    "stimulus_interval": 0.0,
    "stimulus_name": "Long Square",
    "stimulus_relative_amplitude": 1.0,
    "stimulus_start_time": 0.92,
    "stimulus_units": "pA",
    "sweep_number": 38,
    "vm_delta_mv": 0.530487060546875
  },
  {
    "bridge_balance_mohm": 15.0183153152466,
    "id": 396331268,
    "leak_pa": 0.0,
    "num_spikes": 0,
    "peak_deflection": -68.03125,
    "post_noise_rms_mv": 0.0427020601928234,
    "post_vm_mv": -70.6787109375,
    "pre_noise_rms_mv": 0.0461326129734516,
    "pre_vm_mv": -71.4744491577148,
    "slow_noise_rms_mv": 0.268300473690033,
    "slow_vm_mv": -71.4744491577148,
    "specimen_id": 320654829,
    "stimulus_absolute_amplitude": 9.99999996004197,
    "stimulus_description": "C1LSCOARSE150112[6]",
    "stimulus_duration": 0.999995,
    "stimulus_interval": 0.0,
    "stimulus_name": "Long Square",
    "stimulus_relative_amplitude": 1.0,
    "stimulus_start_time": 0.92,
    "stimulus_units": "pA",
    "sweep_number": 39,
    "vm_delta_mv": 0.795738220214844
  },
  {
    "bridge_balance_mohm": 0.0,
    "id": 396331396,
    "leak_pa": 0.0,
    "num_spikes": 0,
    "peak_deflection": 0.0,
    "post_noise_rms_mv": 0.0489667803049088,
    "post_vm_mv": 3.87648773193359,
    "pre_noise_rms_mv": 0.0441856943070889,
    "pre_vm_mv": 3.79320359230042,
    "slow_noise_rms_mv": 0.0834245905280113,
    "slow_vm_mv": 3.79320359230042,
    "specimen_id": 320654829,
    "stimulus_absolute_amplitude": 0.0,
    "stimulus_description": "EXTPBLWOUT141203[0]",
    "stimulus_duration": 0.0,
    "stimulus_interval": 0.0,
    "stimulus_name": "Test",
    "stimulus_relative_amplitude": 1.0,
    "stimulus_start_time": 0.0,
    "stimulus_units": "pA",
    "sweep_number": 77,
    "vm_delta_mv": 0.0832841396331787
  },
  {
    "bridge_balance_mohm": 15.0183153152466,
    "id": 396331234,
    "leak_pa": 0.0,
    "num_spikes": 0,
    "peak_deflection": 0.0,
    "post_noise_rms_mv": 0.0340105965733528,
    "post_vm_mv": -71.2482147216797,
    "pre_noise_rms_mv": 0.0436851605772972,
    "pre_vm_mv": -70.8570327758789,
    "slow_noise_rms_mv": 0.354464262723923,
    "slow_vm_mv": -70.8570327758789,
    "specimen_id": 320654829,
    "stimulus_absolute_amplitude": 790.000009853742,
    "stimulus_description": "C1SSFINEST150112[0]",
    "stimulus_duration": 0.002995,
    "stimulus_interval": 0.0,
    "stimulus_name": "Short Square",
    "stimulus_relative_amplitude": 7.9,
    "stimulus_start_time": 0.92,
    "stimulus_units": "pA",
    "sweep_number": 24,
    "vm_delta_mv": 0.391181945800781
  },
  {
    "bridge_balance_mohm": 15.0183153152466,
    "id": 396331382,
    "leak_pa": 0.0,
    "num_spikes": 26,
    "peak_deflection": 0.0,
    "post_noise_rms_mv": 0.0461993254721165,
    "post_vm_mv": -70.3238983154297,
    "pre_noise_rms_mv": 0.0381616652011871,
    "pre_vm_mv": -69.8900985717773,
    "slow_noise_rms_mv": 0.139307662844658,
    "slow_vm_mv": -69.8900985717773,
    "specimen_id": 320654829,
    "stimulus_absolute_amplitude": 299.999997066536,
    "stimulus_description": "C2SQRHELNG150112[0]",
    "stimulus_duration": 1.999995,
    "stimulus_interval": 0.0,
    "stimulus_name": "Square - 2s Suprathreshold",
    "stimulus_relative_amplitude": 3.0,
    "stimulus_start_time": 0.92,
    "stimulus_units": "pA",
    "sweep_number": 71,
    "vm_delta_mv": 0.433799743652344
  },
  {
    "bridge_balance_mohm": 15.0183153152466,
    "id": 396331208,
    "leak_pa": 0.0,
    "num_spikes": 0,
    "peak_deflection": 0.0,
    "post_noise_rms_mv": 0.0330550260841846,
    "post_vm_mv": -69.8722229003906,
    "pre_noise_rms_mv": 0.0402283035218716,
    "pre_vm_mv": -70.0710525512695,
    "slow_noise_rms_mv": 0.342836827039719,
    "slow_vm_mv": -70.0710525512695,
    "specimen_id": 320654829,
    "stimulus_absolute_amplitude": 680.000000752301,
    "stimulus_description": "C1SSCOARSE150112[0]",
    "stimulus_duration": 0.002995,
    "stimulus_interval": 0.0,
    "stimulus_name": "Short Square",
    "stimulus_relative_amplitude": 6.8,
    "stimulus_start_time": 0.92,
    "stimulus_units": "pA",
    "sweep_number": 17,
    "vm_delta_mv": 0.198829650878906
  },
  {
    "bridge_balance_mohm": 15.0183153152466,
    "id": 396331248,
    "leak_pa": 0.0,
    "num_spikes": 0,
    "peak_deflection": 0.0,
    "post_noise_rms_mv": 0.0492515526711941,
    "post_vm_mv": -70.2967071533203,
    "pre_noise_rms_mv": 0.0484437830746174,
    "pre_vm_mv": -69.3107757568359,
    "slow_noise_rms_mv": 0.380874276161194,
    "slow_vm_mv": -69.3107757568359,
    "specimen_id": 320654829,
    "stimulus_absolute_amplitude": 840.00001399076,
    "stimulus_description": "C1SSFINEST150112[0]",
    "stimulus_duration": 0.002995,
    "stimulus_interval": 0.0,
    "stimulus_name": "Short Square",
    "stimulus_relative_amplitude": 8.4,
    "stimulus_start_time": 0.92,
    "stimulus_units": "pA",
    "sweep_number": 30,
    "vm_delta_mv": 0.985931396484375
  },
  {
    "bridge_balance_mohm": 15.0183153152466,
    "id": 396331226,
    "leak_pa": 0.0,
    "num_spikes": 0,
    "peak_deflection": 0.0,
    "post_noise_rms_mv": 0.0398863218724728,
    "post_vm_mv": -71.2826309204102,
    "pre_noise_rms_mv": 0.0388004705309868,
    "pre_vm_mv": -71.2784194946289,
    "slow_noise_rms_mv": 0.247015565633774,
    "slow_vm_mv": -71.2784194946289,
    "specimen_id": 320654829,
    "stimulus_absolute_amplitude": 780.000009026338,
    "stimulus_description": "C1SSCOARSE150112[0]",
    "stimulus_duration": 0.002995,
    "stimulus_interval": 0.0,
    "stimulus_name": "Short Square",
    "stimulus_relative_amplitude": 7.8,
    "stimulus_start_time": 0.92,
    "stimulus_units": "pA",
    "sweep_number": 20,
    "vm_delta_mv": 0.00421142578125
  },
  {
    "bridge_balance_mohm": 15.0183153152466,
    "id": 396331360,
    "leak_pa": 0.0,
    "num_spikes": 77,
    "peak_deflection": 0.0,
    "post_noise_rms_mv": 0.0452469363808632,
    "post_vm_mv": -68.254753112793,
    "pre_noise_rms_mv": 0.0371148027479649,
    "pre_vm_mv": -69.0523223876953,
    "slow_noise_rms_mv": 0.180241614580154,
    "slow_vm_mv": -69.0523223876953,
    "specimen_id": 320654829,
    "stimulus_absolute_amplitude": 612.999984106466,
    "stimulus_description": "C1NSSEED_2150112[0]",
    "stimulus_duration": 18.999995,
    "stimulus_interval": 5.0,
    "stimulus_name": "Noise 2",
    "stimulus_relative_amplitude": 2.6,
    "stimulus_start_time": 1.92,
    "stimulus_units": "pA",
    "sweep_number": 63,
    "vm_delta_mv": 0.797569274902344
  },
  {
    "bridge_balance_mohm": 15.0183153152466,
    "id": 396331292,
    "leak_pa": 0.0,
    "num_spikes": 0,
    "peak_deflection": -44.46875,
    "post_noise_rms_mv": 0.0418618768453598,
    "post_vm_mv": -69.1425170898438,
    "pre_noise_rms_mv": 0.0424169860780239,
    "pre_vm_mv": -69.117919921875,
    "slow_noise_rms_mv": 0.283687621355057,
    "slow_vm_mv": -69.117919921875,
    "specimen_id": 320654829,
    "stimulus_absolute_amplitude": 170.000000188075,
    "stimulus_description": "C1LSCOARSE150112[14]",
    "stimulus_duration": 0.999995,
    "stimulus_interval": 0.0,
    "stimulus_name": "Long Square",
    "stimulus_relative_amplitude": 1.0,
    "stimulus_start_time": 0.92,
    "stimulus_units": "pA",
    "sweep_number": 47,
    "vm_delta_mv": 0.02459716796875
  },
  {
    "bridge_balance_mohm": 15.0183153152466,
    "id": 396331236,
    "leak_pa": 0.0,
    "num_spikes": 0,
    "peak_deflection": 0.0,
    "post_noise_rms_mv": 0.036871649324894,
    "post_vm_mv": -71.4297637939453,
    "pre_noise_rms_mv": 0.0382955297827721,
    "pre_vm_mv": -71.3590774536133,
    "slow_noise_rms_mv": 0.271986126899719,
    "slow_vm_mv": -71.3590774536133,
    "specimen_id": 320654829,
    "stimulus_absolute_amplitude": 810.000011508549,
    "stimulus_description": "C1SSFINEST150112[0]",
    "stimulus_duration": 0.002995,
    "stimulus_interval": 0.0,
    "stimulus_name": "Short Square",
    "stimulus_relative_amplitude": 8.1,
    "stimulus_start_time": 0.92,
    "stimulus_units": "pA",
    "sweep_number": 25,
    "vm_delta_mv": 0.0706863403320312
  },
  {
    "bridge_balance_mohm": 15.0183153152466,
    "id": 396331232,
    "leak_pa": 0.0,
    "num_spikes": 0,
    "peak_deflection": 0.0,
    "post_noise_rms_mv": 0.041066650301218,
    "post_vm_mv": -69.8030014038086,
    "pre_noise_rms_mv": 0.0426939092576504,
    "pre_vm_mv": -70.7537689208984,
    "slow_noise_rms_mv": 0.282483994960785,
    "slow_vm_mv": -70.7537689208984,
    "specimen_id": 320654829,
    "stimulus_absolute_amplitude": 770.000008198934,
    "stimulus_description": "C1SSFINEST150112[0]",
    "stimulus_duration": 0.002995,
    "stimulus_interval": 0.0,
    "stimulus_name": "Short Square",
    "stimulus_relative_amplitude": 7.7,
    "stimulus_start_time": 0.92,
    "stimulus_units": "pA",
    "sweep_number": 23,
    "vm_delta_mv": 0.950767517089844
  }
]