[
  {
    "bridge_balance_mohm": 18.4371185302734,
    "id": 396377862,
    "leak_pa": 0.0,
    "num_spikes": 3,
    "peak_deflection": 0.0,
    "post_noise_rms_mv": 0.0428310222923756,
    "post_vm_mv": -72.7694320678711,
    "pre_noise_rms_mv": 0.0410819537937641,
    "pre_vm_mv": -72.3864364624023,
    "slow_noise_rms_mv": 0.0991855710744858,
    "slow_vm_mv": -72.3864364624023,
    "specimen_id": 324493977,
    "stimulus_absolute_amplitude": 780.000009026338,
    "stimulus_description": "C2SSTRIPLE141203[3]",
    "stimulus_duration": 0.040995,
    "stimulus_interval": 0.016,
    "stimulus_name": "Short Square - Triple",
    "stimulus_relative_amplitude": 7.8,
    "stimulus_start_time": 1.92,
    "stimulus_units": "pA",
    "sweep_number": 72,
    "vm_delta_mv": 0.38299560546875
  },
  {
    "bridge_balance_mohm": 18.4371185302734,
    "id": 396377824,
    "leak_pa": 0.0,
    "num_spikes": 0,
    "peak_deflection": 0.0,
    "post_noise_rms_mv": 0.0356876514852047,
    "post_vm_mv": -71.9568328857422,
    "pre_noise_rms_mv": 0.0362433083355427,
    "pre_vm_mv": -72.0519027709961,
    "slow_noise_rms_mv": 0.192048937082291,
    "slow_vm_mv": -72.0519027709961,
    "specimen_id": 324493977,
    "stimulus_absolute_amplitude": -200.000002670286,
    "stimulus_description": "C1SQCAPCHK141203[0]",
    "stimulus_duration": 7.819995,
    "stimulus_interval": 0.2,
    "stimulus_name": "Square - 0.5ms Subthreshold",
    "stimulus_relative_amplitude": 1.0,
    "stimulus_start_time": 0.12,
    "stimulus_units": "pA",
    "sweep_number": 55,
    "vm_delta_mv": 0.0950698852539062
  },
  {
    "bridge_balance_mohm": 18.4371185302734,
    "id": 396377876,
    "leak_pa": 0.0,
    "num_spikes": 3,
    "peak_deflection": 0.0,
    "post_noise_rms_mv": 0.0492457486689091,
    "post_vm_mv": -72.6367263793945,
    "pre_noise_rms_mv": 0.039152454584837,
    "pre_vm_mv": -72.1471633911133,
    "slow_noise_rms_mv": 0.133780971169472,
    "slow_vm_mv": -72.1471633911133,
    "specimen_id": 324493977,
    "stimulus_absolute_amplitude": 780.000009026338,
    "stimulus_description": "C2SSTRIPLE141203[2]",
    "stimulus_duration": 0.032995,
    "stimulus_interval": 0.012,
    "stimulus_name": "Short Square - Triple",
    "stimulus_relative_amplitude": 7.8,
    "stimulus_start_time": 1.92,
    "stimulus_units": "pA",
    "sweep_number": 79,
    "vm_delta_mv": 0.48956298828125
  },
  {
    "bridge_balance_mohm": 0.0,
    "id": 396377670,
    "leak_pa": 0.0,
    "num_spikes": 0,
    "peak_deflection": 0.0,
    "post_noise_rms_mv": 0.0,
    "post_vm_mv": 0.0,
    "pre_noise_rms_mv": 0.0,
    "pre_vm_mv": 0.0,
    "slow_noise_rms_mv": 0.0,
    "slow_vm_mv": 0.0,
    "specimen_id": 324493977,
    "stimulus_absolute_amplitude": 9.99999977648258,
    "stimulus_description": "EXTPINBATH141203[0]",
    "stimulus_duration": 0.069995,
    "stimulus_interval": 0.05,
    "stimulus_name": "Test",
    "stimulus_relative_amplitude": 1.0,
    "stimulus_start_time": 0.03,
    "stimulus_units": "mV",
    "sweep_number": 1,
    "vm_delta_mv": 0.0
  },
  {
    "bridge_balance_mohm": 14.6520147323608,
    "id": 396377762,
    "leak_pa": 0.0,
    "num_spikes": 0,
    "peak_deflection": -89.21875,
    "post_noise_rms_mv": 0.0356567203998566,
    "post_vm_mv": -71.938591003418,
    "pre_noise_rms_mv": 0.0308517664670944,
    "pre_vm_mv": -72.0595321655273,
    "slow_noise_rms_mv": 0.0722794160246849,
    "slow_vm_mv": -72.0595321655273,
    "specimen_id": 324493977,
    "stimulus_absolute_amplitude": -90.0000005077395,
    "stimulus_description": "C1LSCOARSE150112[1]",
    "stimulus_duration": 0.999995,
    "stimulus_interval": 0.0,
    "stimulus_name": "Long Square",
    "stimulus_relative_amplitude": 1.0,
    "stimulus_start_time": 0.92,
    "stimulus_units": "pA",
    "sweep_number": 27,
    "vm_delta_mv": 0.120941162109375
  },
  {
    "bridge_balance_mohm": 14.6520147323608,
    "id": 396377778,
    "leak_pa": 0.0,
    "num_spikes": 0,
    "peak_deflection": -61.3125,
    "post_noise_rms_mv": 0.0438335910439491,
    "post_vm_mv": -72.0031814575195,
    "pre_noise_rms_mv": 0.0461330227553844,
    "pre_vm_mv": -71.9558563232422,
    "slow_noise_rms_mv": 0.121946297585964,
    "slow_vm_mv": -71.9558563232422,
    "specimen_id": 324493977,
    "stimulus_absolute_amplitude": 50.0000006675716,
    "stimulus_description": "C1LSCOARSE150112[8]",
    "stimulus_duration": 0.999995,
    "stimulus_interval": 0.0,
    "stimulus_name": "Long Square",
    "stimulus_relative_amplitude": 1.0,
    "stimulus_start_time": 0.92,
    "stimulus_units": "pA",
    "sweep_number": 34,
    "vm_delta_mv": 0.0473251342773438
  },
  {
    "bridge_balance_mohm": 18.4371185302734,
    "id": 396377830,
    "leak_pa": 0.0,
    "num_spikes": 13,
    "peak_deflection": 0.0,
    "post_noise_rms_mv": 0.0381059125065804,
    "post_vm_mv": -71.4776153564453,
    "pre_noise_rms_mv": 0.0374429635703564,
    "pre_vm_mv": -71.5753021240234,
    "slow_noise_rms_mv": 0.12896317243576,
    "slow_vm_mv": -71.5753021240234,
    "specimen_id": 324493977,
    "stimulus_absolute_amplitude": 129.99999687846,
    "stimulus_description": "C2SQRHELNG150112[0]",
    "stimulus_duration": 1.999995,
    "stimulus_interval": 0.0,
    "stimulus_name": "Square - 2s Suprathreshold",
    "stimulus_relative_amplitude": 1.3,
    "stimulus_start_time": 0.92,
    "stimulus_units": "pA",
    "sweep_number": 58,
    "vm_delta_mv": 0.097686767578125
  },
  {
    "bridge_balance_mohm": 0.0,
    "id": 396377730,
    "leak_pa": 0.0,
    "num_spikes": 0,
    "peak_deflection": 0.0,
    "post_noise_rms_mv": 0.0375225618481636,
    "post_vm_mv": -0.484058111906052,
    "pre_noise_rms_mv": 0.0337749235332012,
    "pre_vm_mv": -0.510711371898651,
    "slow_noise_rms_mv": 0.0454263538122177,
    "slow_vm_mv": -0.510711371898651,
    "specimen_id": 324493977,
    "stimulus_absolute_amplitude": 0.0,
    "stimulus_description": "EXTPBLWOUT141203[0]",
    "stimulus_duration": 0.0,
    "stimulus_interval": 0.0,
    "stimulus_name": "Test",
    "stimulus_relative_amplitude": 1.0,
    "stimulus_start_time": 0.0,
    "stimulus_units": "pA",
    "sweep_number": 126,
    "vm_delta_mv": 0.0266532599925995
  },
  {
    "bridge_balance_mohm": 18.4371185302734,
    "id": 396377874,
    "leak_pa": 0.0,
    "num_spikes": 3,
    "peak_deflection": 0.0,
    "post_noise_rms_mv": 0.0469439253211021,
    "post_vm_mv": -72.7948837280273,
    "pre_noise_rms_mv": 0.0324522219598293,
    "pre_vm_mv": -72.2459869384766,
    "slow_noise_rms_mv": 0.108372710645199,
    "slow_vm_mv": -72.2459869384766,
    "specimen_id": 324493977,
    "stimulus_absolute_amplitude": 780.000009026338,
    "stimulus_description": "C2SSTRIPLE141203[1]",
    "stimulus_duration": 0.024995,
    "stimulus_interval": 0.008,
    "stimulus_name": "Short Square - Triple",
    "stimulus_relative_amplitude": 7.8,
    "stimulus_start_time": 1.92,
    "stimulus_units": "pA",
    "sweep_number": 78,
    "vm_delta_mv": 0.548896789550781
  },
  {
    "bridge_balance_mohm": 14.6520147323608,
    "id": 396377810,
    "leak_pa": 0.0,
    "num_spikes": 85,
    "peak_deflection": 0.0,
    "post_noise_rms_mv": 0.0406204909086227,
    "post_vm_mv": -71.4985122680664,
    "pre_noise_rms_mv": 0.0425794348120689,
    "pre_vm_mv": -72.0048828125,
    "slow_noise_rms_mv": 0.220922783017159,
    "slow_vm_mv": -72.0048828125,
    "specimen_id": 324493977,
    "stimulus_absolute_amplitude": 282.875001200722,
    "stimulus_description": "C1NSSEED_2150112[0]",
    "stimulus_duration": 18.999995,
    "stimulus_interval": 5.0,
    "stimulus_name": "Noise 2",
    "stimulus_relative_amplitude": 1.2,
    "stimulus_start_time": 1.92,
    "stimulus_units": "pA",
    "sweep_number": 49,
    "vm_delta_mv": 0.506370544433594
  },
  {
    "bridge_balance_mohm": 14.6520147323608,
    "id": 396377756,
    "leak_pa": 0.0,
    "num_spikes": 1,
    "peak_deflection": 0.0,
    "post_noise_rms_mv": 0.0405455604195595,
    "post_vm_mv": -72.1516418457031,
    "pre_noise_rms_mv": 0.0396445952355862,
    "pre_vm_mv": -71.7225112915039,
    "slow_noise_rms_mv": 0.245007142424583,
    "slow_vm_mv": -71.7225112915039,
    "specimen_id": 324493977,
    "stimulus_absolute_amplitude": 780.000009026338,
    "stimulus_description": "C1SSFINEST150112[0]",
    "stimulus_duration": 0.002995,
    "stimulus_interval": 0.0,
    "stimulus_name": "Short Square",
    "stimulus_relative_amplitude": 7.8,
    "stimulus_start_time": 0.92,
    "stimulus_units": "pA",
    "sweep_number": 24,
    "vm_delta_mv": 0.429130554199219
  },
  {
    "bridge_balance_mohm": 14.6520147323608,
    "id": 396377806,
    "leak_pa": 0.0,
    "num_spikes": 0,
    "peak_deflection": -43.40625,
    "post_noise_rms_mv": 0.0436810739338398,
    "post_vm_mv": -71.5400695800781,
    "pre_noise_rms_mv": 0.0399374589323997,
    "pre_vm_mv": -71.6310653686523,
    "slow_noise_rms_mv": 0.130908563733101,
    "slow_vm_mv": -71.6310653686523,
    "specimen_id": 324493977,
    "stimulus_absolute_amplitude": 110.000002162547,
    "stimulus_description": "C1LSFINEST150112[0]",
    "stimulus_duration": 0.999995,
    "stimulus_interval": 0.0,
    "stimulus_name": "Long Square",
    "stimulus_relative_amplitude": 1.1,
    "stimulus_start_time": 0.92,
    "stimulus_units": "pA",
    "sweep_number": 47,
    "vm_delta_mv": 0.0909957885742188
  },
  {
    "bridge_balance_mohm": 18.4371185302734,
    "id": 396377686,
    "leak_pa": 0.0,
    "num_spikes": 0,
    "peak_deflection": 0.0,
    "post_noise_rms_mv": 0.0422701425850391,
    "post_vm_mv": -79.7946701049805,
    "pre_noise_rms_mv": 0.04820891097188,
    "pre_vm_mv": -79.850227355957,
    "slow_noise_rms_mv": 0.105284154415131,
    "slow_vm_mv": -79.850227355957,
    "specimen_id": 324493977,
    "stimulus_absolute_amplitude": 910.000019782586,
    "stimulus_description": "C2SSHM80FN150112[0]",
    "stimulus_duration": 0.002995,
    "stimulus_interval": 0.0,
    "stimulus_name": "Short Square - Hold -80mV",
    "stimulus_relative_amplitude": 9.1,
    "stimulus_start_time": 0.92,
    "stimulus_units": "pA",
    "sweep_number": 106,
    "vm_delta_mv": 0.0555572509765625
  },
  {
    "bridge_balance_mohm": 14.6520147323608,
    "id": 396377734,
    "leak_pa": 0.0,
    "num_spikes": 1,
    "peak_deflection": 0.0,
    "post_noise_rms_mv": 0.0374855287373066,
    "post_vm_mv": -72.5948944091797,
    "pre_noise_rms_mv": 0.0501658320426941,
    "pre_vm_mv": -72.3289947509766,
    "slow_noise_rms_mv": 0.21222685277462,
    "slow_vm_mv": -72.3289947509766,
    "specimen_id": 324493977,
    "stimulus_absolute_amplitude": 800.000010681146,
    "stimulus_description": "C1SSCOARSE150112[7]",
    "stimulus_duration": 0.002995,
    "stimulus_interval": 0.0,
    "stimulus_name": "Short Square",
    "stimulus_relative_amplitude": 1.0,
    "stimulus_start_time": 0.92,
    "stimulus_units": "pA",
    "sweep_number": 14,
    "vm_delta_mv": 0.265899658203125
  },
  {
    "bridge_balance_mohm": 18.4371185302734,
    "id": 396377698,
    "leak_pa": 0.0,
    "num_spikes": 1,
    "peak_deflection": 0.0,
    "post_noise_rms_mv": 0.0394041165709496,
    "post_vm_mv": -79.9488067626953,
    "pre_noise_rms_mv": 0.0391295775771141,
    "pre_vm_mv": -79.7626113891602,
    "slow_noise_rms_mv": 0.0780337899923325,
    "slow_vm_mv": -79.7626113891602,
    "specimen_id": 324493977,
    "stimulus_absolute_amplitude": 920.00002060999,
    "stimulus_description": "C2SSHM80FN150112[0]",
    "stimulus_duration": 0.002995,
    "stimulus_interval": 0.0,
    "stimulus_name": "Short Square - Hold -80mV",
    "stimulus_relative_amplitude": 9.2,
    "stimulus_start_time": 0.92,
    "stimulus_units": "pA",
    "sweep_number": 111,
    "vm_delta_mv": 0.186195373535156
  },
  {
    "bridge_balance_mohm": 18.4371185302734,
    "id": 396377828,
    "leak_pa": 0.0,
    "num_spikes": 4,
    "peak_deflection": 0.0,
    "post_noise_rms_mv": 0.041522853076458,
    "post_vm_mv": -71.4618453979492,
    "pre_noise_rms_mv": 0.0333692133426666,
    "pre_vm_mv": -71.8568649291992,
    "slow_noise_rms_mv": 0.189933881163597,
    "slow_vm_mv": -71.8568649291992,
    "specimen_id": 324493977,
    "stimulus_absolute_amplitude": 129.99999687846,
    "stimulus_description": "C2SQRHELNG150112[0]",
    "stimulus_duration": 1.999995,
    "stimulus_interval": 0.0,
    "stimulus_name": "Square - 2s Suprathreshold",
    "stimulus_relative_amplitude": 1.3,
    "stimulus_start_time": 0.92,
    "stimulus_units": "pA",
    "sweep_number": 57,
    "vm_delta_mv": 0.39501953125
  },
  {
    "bridge_balance_mohm": 14.6520147323608,
    "id": 396377878,
    "leak_pa": 0.0,
    "num_spikes": 0,
    "peak_deflection": 0.0,
    "post_noise_rms_mv": 0.056257102638483,
    "post_vm_mv": -72.1629257202148,
    "pre_noise_rms_mv": 0.0438914000988007,
    "pre_vm_mv": -72.2097549438477,
    "slow_noise_rms_mv": 0.139217257499695,
    "slow_vm_mv": -72.2097549438477,
    "specimen_id": 324493977,
    "stimulus_absolute_amplitude": 200.000002670286,
    "stimulus_description": "C1SSCOARSE150112[1]",
    "stimulus_duration": 0.002995,
    "stimulus_interval": 0.0,
    "stimulus_name": "Short Square",
    "stimulus_relative_amplitude": 1.0,
    "stimulus_start_time": 0.92,
    "stimulus_units": "pA",
    "sweep_number": 8,
    "vm_delta_mv": 0.0468292236328125
  },
  {
    "bridge_balance_mohm": 18.4371185302734,
    "id": 396377880,
    "leak_pa": 0.0,
    "num_spikes": 3,
    "peak_deflection": 0.0,
    "post_noise_rms_mv": 0.0417569056153297,
    "post_vm_mv": -72.7305297851562,
    "pre_noise_rms_mv": 0.0388082638382912,
    "pre_vm_mv": -72.1581115722656,
    "slow_noise_rms_mv": 0.0918485224246979,
    "slow_vm_mv": -72.1581115722656,
    "specimen_id": 324493977,
    "stimulus_absolute_amplitude": 780.000009026338,
    "stimulus_description": "C2SSTRIPLE141203[3]",
    "stimulus_duration": 0.040995,
    "stimulus_interval": 0.016,
    "stimulus_name": "Short Square - Triple",
    "stimulus_relative_amplitude": 7.8,
    "stimulus_start_time": 1.92,
    "stimulus_units": "pA",
    "sweep_number": 80,
    "vm_delta_mv": 0.572418212890625
  },
  {
    "bridge_balance_mohm": 18.4371185302734,
    "id": 396377868,
    "leak_pa": 0.0,
    "num_spikes": 3,
    "peak_deflection": 0.0,
    "post_noise_rms_mv": 0.0378576703369617,
    "post_vm_mv": -72.6151123046875,
    "pre_noise_rms_mv": 0.0408752672374249,
    "pre_vm_mv": -72.1568069458008,
    "slow_noise_rms_mv": 0.0889794826507568,
    "slow_vm_mv": -72.1568069458008,
    "specimen_id": 324493977,
    "stimulus_absolute_amplitude": 780.000009026338,
    "stimulus_description": "C2SSTRIPLE141203[6]",
    "stimulus_duration": 0.064995,
    "stimulus_interval": 0.028,
    "stimulus_name": "Short Square - Triple",
    "stimulus_relative_amplitude": 7.8,
    "stimulus_start_time": 1.92,
    "stimulus_units": "pA",
    "sweep_number": 75,
    "vm_delta_mv": 0.458305358886719
  },
  {
    "bridge_balance_mohm": 18.4371185302734,
    "id": 396377890,
    "leak_pa": 0.0,
    "num_spikes": 3,
    "peak_deflection": 0.0,
    "post_noise_rms_mv": 0.045959334820509,
    "post_vm_mv": -72.8238220214844,
    "pre_noise_rms_mv": 0.0407029390335083,
    "pre_vm_mv": -72.2554016113281,
    "slow_noise_rms_mv": 0.124496892094612,
    "slow_vm_mv": -72.2554016113281,
    "specimen_id": 324493977,
    "stimulus_absolute_amplitude": 780.000009026338,
    "stimulus_description": "C2SSTRIPLE141203[0]",
    "stimulus_duration": 0.016995,
    "stimulus_interval": 0.004,
    "stimulus_name": "Short Square - Triple",
    "stimulus_relative_amplitude": 7.8,
    "stimulus_start_time": 1.92,
    "stimulus_units": "pA",
    "sweep_number": 85,
    "vm_delta_mv": 0.56842041015625
  },
  {
    "bridge_balance_mohm": 14.6520147323608,
    "id": 396377772,
    "leak_pa": 0.0,
    "num_spikes": 0,
    "peak_deflection": -74.3125,
    "post_noise_rms_mv": 0.0397294014692307,
    "post_vm_mv": -72.0207138061523,
    "pre_noise_rms_mv": 0.033268466591835,
    "pre_vm_mv": -71.9859771728516,
    "slow_noise_rms_mv": 0.128379702568054,
    "slow_vm_mv": -71.9859771728516,
    "specimen_id": 324493977,
    "stimulus_absolute_amplitude": -9.99999996004197,
    "stimulus_description": "C1LSCOARSE150112[5]",
    "stimulus_duration": 0.999995,
    "stimulus_interval": 0.0,
    "stimulus_name": "Long Square",
    "stimulus_relative_amplitude": 1.0,
    "stimulus_start_time": 0.92,
    "stimulus_units": "pA",
    "sweep_number": 31,
    "vm_delta_mv": 0.0347366333007812
  },
  {
    "bridge_balance_mohm": 14.6520147323608,
    "id": 396377736,
    "leak_pa": 0.0,
    "num_spikes": 0,
    "peak_deflection": 0.0,
    "post_noise_rms_mv": 0.0368709973990917,
    "post_vm_mv": -71.9988098144531,
    "pre_noise_rms_mv": 0.0359243005514145,
    "pre_vm_mv": -72.1243133544922,
    "slow_noise_rms_mv": 0.0847957953810692,
    "slow_vm_mv": -72.1243133544922,
    "specimen_id": 324493977,
    "stimulus_absolute_amplitude": 750.000006544127,
    "stimulus_description": "C1SSFINEST150112[0]",
    "stimulus_duration": 0.002995,
    "stimulus_interval": 0.0,
    "stimulus_name": "Short Square",
    "stimulus_relative_amplitude": 7.5,
    "stimulus_start_time": 0.92,
    "stimulus_units": "pA",
    "sweep_number": 15,
    "vm_delta_mv": 0.125503540039062
  },
  {
    "bridge_balance_mohm": 18.4371185302734,
    "id": 396377826,
    "leak_pa": 0.0,
    "num_spikes": 0,
    "peak_deflection": 0.0,
    "post_noise_rms_mv": 0.0388392731547356,
    "post_vm_mv": -71.6572265625,
    "pre_noise_rms_mv": 0.0387595407664776,
    "pre_vm_mv": -71.4756698608398,
    "slow_noise_rms_mv": 0.192442372441292,
    "slow_vm_mv": -71.4756698608398,
    "specimen_id": 324493977,
    "stimulus_absolute_amplitude": 119.999996051057,
    "stimulus_description": "C2SQRHELNG150112[0]",
    "stimulus_duration": 1.999995,
    "stimulus_interval": 0.0,
    "stimulus_name": "Square - 2s Suprathreshold",
    "stimulus_relative_amplitude": 1.2,
    "stimulus_start_time": 0.92,
    "stimulus_units": "pA",
    "sweep_number": 56,
    "vm_delta_mv": 0.181556701660156
  },
  {
    "bridge_balance_mohm": 18.4371185302734,
    "id": 396377912,
    "leak_pa": 0.0,
    "num_spikes": 0,
    "peak_deflection": 0.0,
    "post_noise_rms_mv": 0.0506904385983944,
    "post_vm_mv": -79.9185333251953,
    "pre_noise_rms_mv": 0.0475847534835339,
    "pre_vm_mv": -79.95654296875,
    "slow_noise_rms_mv": 0.115387573838234,
    "slow_vm_mv": -79.95654296875,
    "specimen_id": 324493977,
    "stimulus_absolute_amplitude": 299.999997066536,
    "stimulus_description": "C2SSHM80CS150112[2]",
    "stimulus_duration": 0.002995,
    "stimulus_interval": 0.0,
    "stimulus_name": "Short Square - Hold -80mV",
    "stimulus_relative_amplitude": 1.0,
    "stimulus_start_time": 0.92,
    "stimulus_units": "pA",
    "sweep_number": 95,
    "vm_delta_mv": 0.0380096435546875
  },
  {
    "bridge_balance_mohm": 14.6520147323608,
    "id": 396377770,
    "leak_pa": 0.0,
    "num_spikes": 0,
    "peak_deflection": -78.125,
    "post_noise_rms_mv": 0.0423590242862701,
    "post_vm_mv": -71.8032684326172,
    "pre_noise_rms_mv": 0.0465240702033043,
    "pre_vm_mv": -71.9663696289062,
    "slow_noise_rms_mv": 0.102992884814739,
    "slow_vm_mv": -71.9663696289062,
    "specimen_id": 324493977,
    "stimulus_absolute_amplitude": -29.9999990127642,
    "stimulus_description": "C1LSCOARSE150112[4]",
    "stimulus_duration": 0.999995,
    "stimulus_interval": 0.0,
    "stimulus_name": "Long Square",
    "stimulus_relative_amplitude": 1.0,
    "stimulus_start_time": 0.92,
    "stimulus_units": "pA",
    "sweep_number": 30,
    "vm_delta_mv": 0.163101196289062
  },
  {
    "bridge_balance_mohm": 14.6520147323608,
    "id": 396377754,
    "leak_pa": 0.0,
    "num_spikes": 1,
    "peak_deflection": 0.0,
    "post_noise_rms_mv": 0.0422458089888096,
    "post_vm_mv": -72.0650863647461,
    "pre_noise_rms_mv": 0.0298586580902338,
    "pre_vm_mv": -71.9234619140625,
    "slow_noise_rms_mv": 0.130229651927948,
    "slow_vm_mv": -71.9234619140625,
    "specimen_id": 324493977,
    "stimulus_absolute_amplitude": 780.000009026338,
    "stimulus_description": "C1SSFINEST150112[0]",
    "stimulus_duration": 0.002995,
    "stimulus_interval": 0.0,
    "stimulus_name": "Short Square",
    "stimulus_relative_amplitude": 7.8,
    "stimulus_start_time": 0.92,
    "stimulus_units": "pA",
    "sweep_number": 23,
    "vm_delta_mv": 0.141624450683594
  },
  {
    "bridge_balance_mohm": 18.4371185302734,
    "id": 396377690,
    "leak_pa": 0.0,
    "num_spikes": 1,
    "peak_deflection": 0.0,
    "post_noise_rms_mv": 0.0404511950910091,
    "post_vm_mv": -80.0103073120117,
    "pre_noise_rms_mv": 0.0376051999628544,
    "pre_vm_mv": -79.8263092041016,
    "slow_noise_rms_mv": 0.0942168235778809,
    "slow_vm_mv": -79.8263092041016,
    "specimen_id": 324493977,
    "stimulus_absolute_amplitude": 920.00002060999,
    "stimulus_description": "C2SSHM80FN150112[0]",
    "stimulus_duration": 0.002995,
    "stimulus_interval": 0.0,
    "stimulus_name": "Short Square - Hold -80mV",
    "stimulus_relative_amplitude": 9.2,
    "stimulus_start_time": 0.92,
    "stimulus_units": "pA",
    "sweep_number": 108,
    "vm_delta_mv": 0.183998107910156
  },
  {
    "bridge_balance_mohm": 14.6520147323608,
    "id": 396377798,
    "leak_pa": 0.0,
    "num_spikes": 40,
    "peak_deflection": 0.0,
    "post_noise_rms_mv": 0.0404294691979885,
    "post_vm_mv": -71.5339965820312,
    "pre_noise_rms_mv": 0.0428287014365196,
    "pre_vm_mv": -71.8313827514648,
    "slow_noise_rms_mv": 0.0993384644389153,
    "slow_vm_mv": -71.8313827514648,
    "specimen_id": 324493977,
    "stimulus_absolute_amplitude": 230.000005152498,
    "stimulus_description": "C1LSCOARSE150112[17]",
    "stimulus_duration": 0.999995,
    "stimulus_interval": 0.0,
    "stimulus_name": "Long Square",
    "stimulus_relative_amplitude": 1.0,
    "stimulus_start_time": 0.92,
    "stimulus_units": "pA",
    "sweep_number": 43,
    "vm_delta_mv": 0.297386169433594
  },
  {
    "bridge_balance_mohm": 18.4371185302734,
    "id": 396377722,
    "leak_pa": 0.0,
    "num_spikes": 1,
    "peak_deflection": 0.0,
    "post_noise_rms_mv": 0.0454447083175182,
    "post_vm_mv": -60.2604637145996,
    "pre_noise_rms_mv": 0.042948991060257,
    "pre_vm_mv": -59.6899490356445,
    "slow_noise_rms_mv": 0.126102015376091,
    "slow_vm_mv": -59.6899490356445,
    "specimen_id": 324493977,
    "stimulus_absolute_amplitude": 400.000005340573,
    "stimulus_description": "C2SSHM60FN150112[0]",
    "stimulus_duration": 0.002995,
    "stimulus_interval": 0.0,
    "stimulus_name": "Short Square - Hold -60mV",
    "stimulus_relative_amplitude": 4.0,
    "stimulus_start_time": 0.92,
    "stimulus_units": "pA",
    "sweep_number": 122,
    "vm_delta_mv": 0.570514678955078
  },
  {
    "bridge_balance_mohm": 18.4371185302734,
    "id": 396377846,
    "leak_pa": 0.0,
    "num_spikes": 71,
    "peak_deflection": 0.0,
    "post_noise_rms_mv": 0.037153385579586,
    "post_vm_mv": -72.0469055175781,
    "pre_noise_rms_mv": 0.0378971584141254,
    "pre_vm_mv": -71.8699264526367,
    "slow_noise_rms_mv": 0.126692906022072,
    "slow_vm_mv": -71.8699264526367,
    "specimen_id": 324493977,
    "stimulus_absolute_amplitude": 210.00000349769,
    "stimulus_description": "C2SQRHELNG150112[0]",
    "stimulus_duration": 1.999995,
    "stimulus_interval": 0.0,
    "stimulus_name": "Square - 2s Suprathreshold",
    "stimulus_relative_amplitude": 2.1,
    "stimulus_start_time": 0.92,
    "stimulus_units": "pA",
    "sweep_number": 65,
    "vm_delta_mv": 0.176979064941406
  },
  {
    "bridge_balance_mohm": 14.6520147323608,
    "id": 396377760,
    "leak_pa": 0.0,
    "num_spikes": 0,
    "peak_deflection": -92.5,
    "post_noise_rms_mv": 0.0456271730363369,
    "post_vm_mv": -72.1456680297852,
    "pre_noise_rms_mv": 0.0406631156802177,
    "pre_vm_mv": -71.937858581543,
    "slow_noise_rms_mv": 0.182014629244804,
    "slow_vm_mv": -71.937858581543,
    "specimen_id": 324493977,
    "stimulus_absolute_amplitude": -110.000002162547,
    "stimulus_description": "C1LSCOARSE150112[0]",
    "stimulus_duration": 0.999995,
    "stimulus_interval": 0.0,
    "stimulus_name": "Long Square",
    "stimulus_relative_amplitude": 1.0,
    "stimulus_start_time": 0.92,
    "stimulus_units": "pA",
    "sweep_number": 26,
    "vm_delta_mv": 0.207809448242188
  },
  {
    "bridge_balance_mohm": 14.6520147323608,
    "id": 396377802,
    "leak_pa": 0.0,
    "num_spikes": 52,
    "peak_deflection": 0.0,
    "post_noise_rms_mv": 0.0406450964510441,
    "post_vm_mv": -71.8738174438477,
    "pre_noise_rms_mv": 0.0373336635529995,
    "pre_vm_mv": -71.8738327026367,
    "slow_noise_rms_mv": 0.103890255093575,
    "slow_vm_mv": -71.8738327026367,
    "specimen_id": 324493977,
    "stimulus_absolute_amplitude": 269.999994584325,
    "stimulus_description": "C1LSCOARSE150112[19]",
    "stimulus_duration": 0.999995,
    "stimulus_interval": 0.0,
    "stimulus_name": "Long Square",
    "stimulus_relative_amplitude": 1.0,
    "stimulus_start_time": 0.92,
    "stimulus_units": "pA",
    "sweep_number": 45,
    "vm_delta_mv": 1.52587890625e-05
  },
  {
    "bridge_balance_mohm": 14.6520147323608,
    "id": 396377716,
    "leak_pa": 0.0,
    "num_spikes": 0,
    "peak_deflection": 0.0,
    "post_noise_rms_mv": 0.0357486866414547,
    "post_vm_mv": -72.2728729248047,
    "pre_noise_rms_mv": 0.0409597270190716,
    "pre_vm_mv": -72.3661193847656,
    "slow_noise_rms_mv": 0.152367785573006,
    "slow_vm_mv": -72.3661193847656,
    "specimen_id": 324493977,
    "stimulus_absolute_amplitude": 599.999994133071,
    "stimulus_description": "C1SSCOARSE150112[5]",
    "stimulus_duration": 0.002995,
    "stimulus_interval": 0.0,
    "stimulus_name": "Short Square",
    "stimulus_relative_amplitude": 1.0,
    "stimulus_start_time": 0.92,
    "stimulus_units": "pA",
    "sweep_number": 12,
    "vm_delta_mv": 0.0932464599609375
  },
  {
    "bridge_balance_mohm": 0.0,
    "id": 396377728,
    "leak_pa": 0.0,
    "num_spikes": 0,
    "peak_deflection": 0.0,
    "post_noise_rms_mv": 0.0,
    "post_vm_mv": 0.0,
    "pre_noise_rms_mv": 0.0,
    "pre_vm_mv": 0.0,
    "slow_noise_rms_mv": 0.0,
    "slow_vm_mv": 0.0,
    "specimen_id": 324493977,
    "stimulus_absolute_amplitude": 9.99999977648258,
    "stimulus_description": "EXTPGGAEND141203[0]",
    "stimulus_duration": 0.069995,
    "stimulus_interval": 0.05,
    "stimulus_name": "Test",
    "stimulus_relative_amplitude": 1.0,
    "stimulus_start_time": 0.03,
    "stimulus_units": "mV",
    "sweep_number": 125,
    "vm_delta_mv": 0.0
  },
  {
    "bridge_balance_mohm": 18.4371185302734,
    "id": 396377842,
    "leak_pa": 0.0,
    "num_spikes": 70,
    "peak_deflection": 0.0,
    "post_noise_rms_mv": 0.0299621280282736,
    "post_vm_mv": -72.0934677124023,
    "pre_noise_rms_mv": 0.0406935103237629,
    "pre_vm_mv": -71.7232894897461,
    "slow_noise_rms_mv": 0.154773622751236,
    "slow_vm_mv": -71.7232894897461,
    "specimen_id": 324493977,
    "stimulus_absolute_amplitude": 210.00000349769,
    "stimulus_description": "C2SQRHELNG150112[0]",
    "stimulus_duration": 1.999995,
    "stimulus_interval": 0.0,
    "stimulus_name": "Square - 2s Suprathreshold",
    "stimulus_relative_amplitude": 2.1,
    "stimulus_start_time": 0.92,
    "stimulus_units": "pA",
    "sweep_number": 63,
    "vm_delta_mv": 0.37017822265625
  },
  {
    "bridge_balance_mohm": 14.6520147323608,
    "id": 396377782,
    "leak_pa": 0.0,
    "num_spikes": 0,
    "peak_deflection": -51.8750038146973,
    "post_noise_rms_mv": 0.0364722423255444,
    "post_vm_mv": -71.5713500976562,
    "pre_noise_rms_mv": 0.0427856892347336,
    "pre_vm_mv": -71.7897491455078,
    "slow_noise_rms_mv": 0.0978460162878036,
    "slow_vm_mv": -71.7897491455078,
    "specimen_id": 324493977,
    "stimulus_absolute_amplitude": 90.0000005077395,
    "stimulus_description": "C1LSCOARSE150112[10]",
    "stimulus_duration": 0.999995,
    "stimulus_interval": 0.0,
    "stimulus_name": "Long Square",
    "stimulus_relative_amplitude": 1.0,
    "stimulus_start_time": 0.92,
    "stimulus_units": "pA",
    "sweep_number": 36,
    "vm_delta_mv": 0.218399047851562
  },
  {
    "bridge_balance_mohm": 14.6520147323608,
    "id": 396377742,
    "leak_pa": 0.0,
    "num_spikes": 1,
    "peak_deflection": 0.0,
    "post_noise_rms_mv": 0.0346765480935574,
    "post_vm_mv": -72.556999206543,
    "pre_noise_rms_mv": 0.0399580374360085,
    "pre_vm_mv": -72.3332366943359,
    "slow_noise_rms_mv": 0.143991753458977,
    "slow_vm_mv": -72.3332366943359,
    "specimen_id": 324493977,
    "stimulus_absolute_amplitude": 770.000008198934,
    "stimulus_description": "C1SSFINEST150112[0]",
    "stimulus_duration": 0.002995,
    "stimulus_interval": 0.0,
    "stimulus_name": "Short Square",
    "stimulus_relative_amplitude": 7.7,
    "stimulus_start_time": 0.92,
    "stimulus_units": "pA",
    "sweep_number": 18,
    "vm_delta_mv": 0.223762512207031
  },
  {
    "bridge_balance_mohm": 18.4371185302734,
    "id": 396377688,
    "leak_pa": 0.0,
    "num_spikes": 1,
    "peak_deflection": 0.0,
    "post_noise_rms_mv": 0.0405602566897869,
    "post_vm_mv": -80.1404724121094,
    "pre_noise_rms_mv": 0.0396320968866348,
    "pre_vm_mv": -79.7919158935547,
    "slow_noise_rms_mv": 0.195858463644981,
    "slow_vm_mv": -79.7919158935547,
    "specimen_id": 324493977,
    "stimulus_absolute_amplitude": 920.00002060999,
    "stimulus_description": "C2SSHM80FN150112[0]",
    "stimulus_duration": 0.002995,
    "stimulus_interval": 0.0,
    "stimulus_name": "Short Square - Hold -80mV",
    "stimulus_relative_amplitude": 9.2,
    "stimulus_start_time": 0.92,
    "stimulus_units": "pA",
    "sweep_number": 107,
    "vm_delta_mv": 0.348556518554688
  },
  {
    "bridge_balance_mohm": 18.4371185302734,
    "id": 396377674,
    "leak_pa": 0.0,
    "num_spikes": 0,
    "peak_deflection": 0.0,
    "post_noise_rms_mv": 0.0412445403635502,
    "post_vm_mv": -79.6137771606445,
    "pre_noise_rms_mv": 0.0448279269039631,
    "pre_vm_mv": -79.7972564697266,
    "slow_noise_rms_mv": 0.0945503413677216,
    "slow_vm_mv": -79.7972564697266,
    "specimen_id": 324493977,
    "stimulus_absolute_amplitude": 800.000010681146,
    "stimulus_description": "C2SSHM80CS150112[7]",
    "stimulus_duration": 0.002995,
    "stimulus_interval": 0.0,
    "stimulus_name": "Short Square - Hold -80mV",
    "stimulus_relative_amplitude": 1.0,
    "stimulus_start_time": 0.92,
    "stimulus_units": "pA",
    "sweep_number": 100,
    "vm_delta_mv": 0.183479309082031
  },
  {
    "bridge_balance_mohm": 14.6520147323608,
    "id": 396377856,
    "leak_pa": 0.0,
    "num_spikes": 0,
    "peak_deflection": 0.0,
    "post_noise_rms_mv": 0.0381038263440132,
    "post_vm_mv": -72.0891571044922,
    "pre_noise_rms_mv": 0.0347129255533218,
    "pre_vm_mv": -72.0421676635742,
    "slow_noise_rms_mv": 0.0889352262020111,
    "slow_vm_mv": -72.0421676635742,
    "specimen_id": 324493977,
    "stimulus_absolute_amplitude": 100.000001335143,
    "stimulus_description": "C1SSCOARSE150112[0]",
    "stimulus_duration": 0.002995,
    "stimulus_interval": 0.0,
    "stimulus_name": "Short Square",
    "stimulus_relative_amplitude": 1.0,
    "stimulus_start_time": 0.92,
    "stimulus_units": "pA",
    "sweep_number": 7,
    "vm_delta_mv": 0.0469894409179688
  },
  {
    "bridge_balance_mohm": 14.6520147323608,
    "id": 396377786,
    "leak_pa": 0.0,
    "num_spikes": 3,
    "peak_deflection": 0.0,
    "post_noise_rms_mv": 0.037086870521307,
    "post_vm_mv": -70.8933563232422,
    "pre_noise_rms_mv": 0.0405443795025349,
    "pre_vm_mv": -71.3836364746094,
    "slow_noise_rms_mv": 0.135240212082863,
    "slow_vm_mv": -71.3836364746094,
    "specimen_id": 324493977,
    "stimulus_absolute_amplitude": 129.99999687846,
    "stimulus_description": "C1LSCOARSE150112[12]",
    "stimulus_duration": 0.999995,
    "stimulus_interval": 0.0,
    "stimulus_name": "Long Square",
    "stimulus_relative_amplitude": 1.0,
    "stimulus_start_time": 0.92,
    "stimulus_units": "pA",
    "sweep_number": 38,
    "vm_delta_mv": 0.490280151367188
  },
  {
    "bridge_balance_mohm": 14.6520147323608,
    "id": 396377764,
    "leak_pa": 0.0,
    "num_spikes": 0,
    "peak_deflection": -85.5,
    "post_noise_rms_mv": 0.0409492738544941,
    "post_vm_mv": -71.906608581543,
    "pre_noise_rms_mv": 0.0382366627454758,
    "pre_vm_mv": -71.9445037841797,
    "slow_noise_rms_mv": 0.211983621120453,
    "slow_vm_mv": -71.9445037841797,
    "specimen_id": 324493977,
    "stimulus_absolute_amplitude": -69.9999988529321,
    "stimulus_description": "C1LSCOARSE150112[2]",
    "stimulus_duration": 0.999995,
    "stimulus_interval": 0.0,
    "stimulus_name": "Long Square",
    "stimulus_relative_amplitude": 1.0,
    "stimulus_start_time": 0.92,
    "stimulus_units": "pA",
    "sweep_number": 28,
    "vm_delta_mv": 0.0378952026367188
  },
  {
    "bridge_balance_mohm": 14.6520147323608,
    "id": 396377694,
    "leak_pa": 0.0,
    "num_spikes": 0,
    "peak_deflection": 0.0,
    "post_noise_rms_mv": 0.0405779965221882,
    "post_vm_mv": -72.4699325561523,
    "pre_noise_rms_mv": 0.0385413467884064,
    "pre_vm_mv": -72.2270355224609,
    "slow_noise_rms_mv": 0.236934468150139,
    "slow_vm_mv": -72.2270355224609,
    "specimen_id": 324493977,
    "stimulus_absolute_amplitude": 499.999985859034,
    "stimulus_description": "C1SSCOARSE150112[4]",
    "stimulus_duration": 0.002995,
    "stimulus_interval": 0.0,
    "stimulus_name": "Short Square",
    "stimulus_relative_amplitude": 1.0,
    "stimulus_start_time": 0.92,
    "stimulus_units": "pA",
    "sweep_number": 11,
    "vm_delta_mv": 0.242897033691406
  },
  {
    "bridge_balance_mohm": 14.6520147323608,
    "id": 396377834,
    "leak_pa": 0.0,
    "num_spikes": 5,
    "peak_deflection": 0.0,
    "post_noise_rms_mv": 0.0,
    "post_vm_mv": 0.0,
    "pre_noise_rms_mv": 0.0403174422681332,
    "pre_vm_mv": -72.0966033935547,
    "slow_noise_rms_mv": 0.0786714479327202,
    "slow_vm_mv": -72.0966033935547,
    "specimen_id": 324493977,
    "stimulus_absolute_amplitude": 800.000010681146,
    "stimulus_description": "C1RP25PR1S141203[0]",
    "stimulus_duration": 31.997495,
    "stimulus_interval": 0.0,
    "stimulus_name": "Ramp",
    "stimulus_relative_amplitude": 1.0,
    "stimulus_start_time": 0.9225,
    "stimulus_units": "pA",
    "sweep_number": 6,
    "vm_delta_mv": 0.0
  },
  {
    "bridge_balance_mohm": 18.4371185302734,
    "id": 396377882,
    "leak_pa": 0.0,
    "num_spikes": 3,
    "peak_deflection": 0.0,
    "post_noise_rms_mv": 0.0379795730113983,
    "post_vm_mv": -72.7765045166016,
    "pre_noise_rms_mv": 0.0369280129671097,
    "pre_vm_mv": -72.2954483032227,
    "slow_noise_rms_mv": 0.0938499122858047,
    "slow_vm_mv": -72.2954483032227,
    "specimen_id": 324493977,
    "stimulus_absolute_amplitude": 780.000009026338,
    "stimulus_description": "C2SSTRIPLE141203[4]",
    "stimulus_duration": 0.048995,
    "stimulus_interval": 0.02,
    "stimulus_name": "Short Square - Triple",
    "stimulus_relative_amplitude": 7.8,
    "stimulus_start_time": 1.92,
    "stimulus_units": "pA",
    "sweep_number": 81,
    "vm_delta_mv": 0.481056213378906
  },
  {
    "bridge_balance_mohm": 18.4371185302734,
    "id": 396377680,
    "leak_pa": 0.0,
    "num_spikes": 0,
    "peak_deflection": 0.0,
    "post_noise_rms_mv": 0.0400494858622551,
    "post_vm_mv": -79.7688522338867,
    "pre_noise_rms_mv": 0.0406522639095783,
    "pre_vm_mv": -79.8203201293945,
    "slow_noise_rms_mv": 0.11265367269516,
    "slow_vm_mv": -79.8203201293945,
    "specimen_id": 324493977,
    "stimulus_absolute_amplitude": 870.000016472972,
    "stimulus_description": "C2SSHM80FN150112[0]",
    "stimulus_duration": 0.002995,
    "stimulus_interval": 0.0,
    "stimulus_name": "Short Square - Hold -80mV",
    "stimulus_relative_amplitude": 8.7,
    "stimulus_start_time": 0.92,
    "stimulus_units": "pA",
    "sweep_number": 103,
    "vm_delta_mv": 0.0514678955078125
  },
  {
    "bridge_balance_mohm": 14.6520147323608,
    "id": 396377752,
    "leak_pa": 0.0,
    "num_spikes": 0,
    "peak_deflection": 0.0,
    "post_noise_rms_mv": 0.0342980846762657,
    "post_vm_mv": -72.1140975952148,
    "pre_noise_rms_mv": 0.0410062856972218,
    "pre_vm_mv": -71.9812088012695,
    "slow_noise_rms_mv": 0.0903173759579659,
    "slow_vm_mv": -71.9812088012695,
    "specimen_id": 324493977,
    "stimulus_absolute_amplitude": 780.000009026338,
    "stimulus_description": "C1SSFINEST150112[0]",
    "stimulus_duration": 0.002995,
    "stimulus_interval": 0.0,
    "stimulus_name": "Short Square",
    "stimulus_relative_amplitude": 7.8,
    "stimulus_start_time": 0.92,
    "stimulus_units": "pA",
    "sweep_number": 22,
    "vm_delta_mv": 0.132888793945312
  },
  {
    "bridge_balance_mohm": 18.4371185302734,
    "id": 396377902,
    "leak_pa": 0.0,
    "num_spikes": 3,
    "peak_deflection": 0.0,
    "post_noise_rms_mv": 0.0381422303617001,
    "post_vm_mv": -72.3581466674805,
    "pre_noise_rms_mv": 0.0479292497038841,
    "pre_vm_mv": -71.8647918701172,
    "slow_noise_rms_mv": 0.104226112365723,
    "slow_vm_mv": -71.8647918701172,
    "specimen_id": 324493977,
    "stimulus_absolute_amplitude": 780.000009026338,
    "stimulus_description": "C2SSTRIPLE141203[5]",
    "stimulus_duration": 0.056995,
    "stimulus_interval": 0.024,
    "stimulus_name": "Short Square - Triple",
    "stimulus_relative_amplitude": 7.8,
    "stimulus_start_time": 1.92,
    "stimulus_units": "pA",
    "sweep_number": 90,
    "vm_delta_mv": 0.493354797363281
  },
  {
    "bridge_balance_mohm": 14.6520147323608,
    "id": 396377740,
    "leak_pa": 0.0,
    "num_spikes": 0,
    "peak_deflection": 0.0,
    "post_noise_rms_mv": 0.0412649735808372,
    "post_vm_mv": -72.2069625854492,
    "pre_noise_rms_mv": 0.0287175420671701,
    "pre_vm_mv": -72.1369171142578,
    "slow_noise_rms_mv": 0.107527010142803,
    "slow_vm_mv": -72.1369171142578,
    "specimen_id": 324493977,
    "stimulus_absolute_amplitude": 760.000007371531,
    "stimulus_description": "C1SSFINEST150112[0]",
    "stimulus_duration": 0.002995,
    "stimulus_interval": 0.0,
    "stimulus_name": "Short Square",
    "stimulus_relative_amplitude": 7.6,
    "stimulus_start_time": 0.92,
    "stimulus_units": "pA",
    "sweep_number": 17,
    "vm_delta_mv": 0.0700454711914062
  },
  {
    "bridge_balance_mohm": 14.6520147323608,
    "id": 396377820,
    "leak_pa": 0.0,
    "num_spikes": 85,
    "peak_deflection": 0.0,
    "post_noise_rms_mv": 0.0398695692420006,
    "post_vm_mv": -71.8053512573242,
    "pre_noise_rms_mv": 0.0361257493495941,
    "pre_vm_mv": -72.3050689697266,
    "slow_noise_rms_mv": 0.148050427436829,
    "slow_vm_mv": -72.3050689697266,
    "specimen_id": 324493977,
    "stimulus_absolute_amplitude": 282.875001200722,
    "stimulus_description": "C1NSSEED_2150112[0]",
    "stimulus_duration": 18.999995,
    "stimulus_interval": 5.0,
    "stimulus_name": "Noise 2",
    "stimulus_relative_amplitude": 1.2,
    "stimulus_start_time": 1.92,
    "stimulus_units": "pA",
    "sweep_number": 53,
    "vm_delta_mv": 0.499717712402344
  },
  {
    "bridge_balance_mohm": 18.4371185302734,
    "id": 396377910,
    "leak_pa": 0.0,
    "num_spikes": 0,
    "peak_deflection": 0.0,
    "post_noise_rms_mv": 0.0464291125535965,
    "post_vm_mv": -79.9038772583008,
    "pre_noise_rms_mv": 0.0438287742435932,
    "pre_vm_mv": -79.8973541259766,
    "slow_noise_rms_mv": 0.0876620411872864,
    "slow_vm_mv": -79.8973541259766,
    "specimen_id": 324493977,
    "stimulus_absolute_amplitude": 200.000002670286,
    "stimulus_description": "C2SSHM80CS150112[1]",
    "stimulus_duration": 0.002995,
    "stimulus_interval": 0.0,
    "stimulus_name": "Short Square - Hold -80mV",
    "stimulus_relative_amplitude": 1.0,
    "stimulus_start_time": 0.92,
    "stimulus_units": "pA",
    "sweep_number": 94,
    "vm_delta_mv": 0.00652313232421875
  },
  {
    "bridge_balance_mohm": 0.0,
    "id": 396377768,
    "leak_pa": 0.0,
    "num_spikes": 0,
    "peak_deflection": 0.0,
    "post_noise_rms_mv": 0.0,
    "post_vm_mv": 0.0,
    "pre_noise_rms_mv": 0.0,
    "pre_vm_mv": 0.0,
    "slow_noise_rms_mv": 0.0,
    "slow_vm_mv": 0.0,
    "specimen_id": 324493977,
    "stimulus_absolute_amplitude": 9.99999977648258,
    "stimulus_description": "EXTPBREAKN141203[0]",
    "stimulus_duration": 0.069995,
    "stimulus_interval": 0.05,
    "stimulus_name": "Test",
    "stimulus_relative_amplitude": 1.0,
    "stimulus_start_time": 0.03,
    "stimulus_units": "mV",
    "sweep_number": 3,
    "vm_delta_mv": 0.0
  },
  {
    "bridge_balance_mohm": 18.4371185302734,
    "id": 396377848,
    "leak_pa": 0.0,
    "num_spikes": 260,
    "peak_deflection": 0.0,
    "post_noise_rms_mv": 0.0358662307262421,
    "post_vm_mv": -71.523567199707,
    "pre_noise_rms_mv": 0.0411787927150726,
    "pre_vm_mv": -71.9952621459961,
    "slow_noise_rms_mv": 0.0932809263467789,
    "slow_vm_mv": -71.9952621459961,
    "specimen_id": 324493977,
    "stimulus_absolute_amplitude": 440.6250087019,
    "stimulus_description": "C2NSRMPRH2150120[0]",
    "stimulus_duration": 31.999975,
    "stimulus_interval": 6.5e-05,
    "stimulus_name": "Ramp to Rheobase",
    "stimulus_relative_amplitude": 1.3,
    "stimulus_start_time": 1.92002,
    "stimulus_units": "pA",
    "sweep_number": 66,
    "vm_delta_mv": 0.471694946289062
  },
  {
    "bridge_balance_mohm": 18.4371185302734,
    "id": 396377836,
    "leak_pa": 0.0,
    "num_spikes": 43,
    "peak_deflection": 0.0,
    "post_noise_rms_mv": 0.0372332371771336,
    "post_vm_mv": -71.275764465332,
    "pre_noise_rms_mv": 0.0448590815067291,
    "pre_vm_mv": -71.9569778442383,
    "slow_noise_rms_mv": 0.0978288948535919,
    "slow_vm_mv": -71.9569778442383,
    "specimen_id": 324493977,
    "stimulus_absolute_amplitude": 170.000000188075,
    "stimulus_description": "C2SQRHELNG150112[0]",
    "stimulus_duration": 1.999995,
    "stimulus_interval": 0.0,
    "stimulus_name": "Square - 2s Suprathreshold",
    "stimulus_relative_amplitude": 1.7,
    "stimulus_start_time": 0.92,
    "stimulus_units": "pA",
    "sweep_number": 60,
    "vm_delta_mv": 0.68121337890625
  },
  {
    "bridge_balance_mohm": 18.4371185302734,
    "id": 396377920,
    "leak_pa": 0.0,
    "num_spikes": 0,
    "peak_deflection": 0.0,
    "post_noise_rms_mv": 0.0385566242039204,
    "post_vm_mv": -79.8204498291016,
    "pre_noise_rms_mv": 0.0414975620806217,
    "pre_vm_mv": -79.8162536621094,
    "slow_noise_rms_mv": 0.0906967446208,
    "slow_vm_mv": -79.8162536621094,
    "specimen_id": 324493977,
    "stimulus_absolute_amplitude": 700.000002407108,
    "stimulus_description": "C2SSHM80CS150112[6]",
    "stimulus_duration": 0.002995,
    "stimulus_interval": 0.0,
    "stimulus_name": "Short Square - Hold -80mV",
    "stimulus_relative_amplitude": 1.0,
    "stimulus_start_time": 0.92,
    "stimulus_units": "pA",
    "sweep_number": 99,
    "vm_delta_mv": 0.0041961669921875
  },
  {
    "bridge_balance_mohm": 18.4371185302734,
    "id": 396377866,
    "leak_pa": 0.0,
    "num_spikes": 3,
    "peak_deflection": 0.0,
    "post_noise_rms_mv": 0.0359542518854141,
    "post_vm_mv": -72.5416030883789,
    "pre_noise_rms_mv": 0.0348305143415928,
    "pre_vm_mv": -72.0393829345703,
    "slow_noise_rms_mv": 0.0794697403907776,
    "slow_vm_mv": -72.0393829345703,
    "specimen_id": 324493977,
    "stimulus_absolute_amplitude": 780.000009026338,
    "stimulus_description": "C2SSTRIPLE141203[5]",
    "stimulus_duration": 0.056995,
    "stimulus_interval": 0.024,
    "stimulus_name": "Short Square - Triple",
    "stimulus_relative_amplitude": 7.8,
    "stimulus_start_time": 1.92,
    "stimulus_units": "pA",
    "sweep_number": 74,
    "vm_delta_mv": 0.502220153808594
  },
  {
    "bridge_balance_mohm": 18.4371185302734,
    "id": 396377852,
    "leak_pa": 0.0,
    "num_spikes": 290,
    "peak_deflection": 0.0,
    "post_noise_rms_mv": 0.0386911183595657,
    "post_vm_mv": -71.7942886352539,
    "pre_noise_rms_mv": 0.0415741726756096,
    "pre_vm_mv": -71.5115203857422,
    "slow_noise_rms_mv": 0.0704072862863541,
    "slow_vm_mv": -71.5115203857422,
    "specimen_id": 324493977,
    "stimulus_absolute_amplitude": 440.6250087019,
    "stimulus_description": "C2NSRMPRH2150120[0]",
    "stimulus_duration": 31.999975,
    "stimulus_interval": 6.5e-05,
    "stimulus_name": "Ramp to Rheobase",
    "stimulus_relative_amplitude": 1.3,
    "stimulus_start_time": 1.92002,
    "stimulus_units": "pA",
    "sweep_number": 68,
    "vm_delta_mv": 0.282768249511719
  },
  {
    "bridge_balance_mohm": 18.4371185302734,
    "id": 396377908,
    "leak_pa": 0.0,
    "num_spikes": 0,
    "peak_deflection": 0.0,
    "post_noise_rms_mv": 0.0381803847849369,
    "post_vm_mv": -79.8723449707031,
    "pre_noise_rms_mv": 0.040239617228508,
    "pre_vm_mv": -79.6465606689453,
    "slow_noise_rms_mv": 0.29326593875885,
    "slow_vm_mv": -79.6465606689453,
    "specimen_id": 324493977,
    "stimulus_absolute_amplitude": 100.000001335143,
    "stimulus_description": "C2SSHM80CS150112[0]",
    "stimulus_duration": 0.002995,
    "stimulus_interval": 0.0,
    "stimulus_name": "Short Square - Hold -80mV",
    "stimulus_relative_amplitude": 1.0,
    "stimulus_start_time": 0.92,
    "stimulus_units": "pA",
    "sweep_number": 93,
    "vm_delta_mv": 0.225784301757812
  },
  {
    "bridge_balance_mohm": 14.6520147323608,
    "id": 396377804,
    "leak_pa": 0.0,
    "num_spikes": 1,
    "peak_deflection": 0.0,
    "post_noise_rms_mv": 0.0371942818164825,
    "post_vm_mv": -71.4873886108398,
    "pre_noise_rms_mv": 0.0434131324291229,
    "pre_vm_mv": -71.4654006958008,
    "slow_noise_rms_mv": 0.139740958809853,
    "slow_vm_mv": -71.4654006958008,
    "specimen_id": 324493977,
    "stimulus_absolute_amplitude": 119.999996051057,
    "stimulus_description": "C1LSFINEST150112[0]",
    "stimulus_duration": 0.999995,
    "stimulus_interval": 0.0,
    "stimulus_name": "Long Square",
    "stimulus_relative_amplitude": 1.2,
    "stimulus_start_time": 0.92,
    "stimulus_units": "pA",
    "sweep_number": 46,
    "vm_delta_mv": 0.0219879150390625
  },
  {
    "bridge_balance_mohm": 14.6520147323608,
    "id": 396377672,
    "leak_pa": 0.0,
    "num_spikes": 0,
    "peak_deflection": 0.0,
    "post_noise_rms_mv": 0.049869678914547,
    "post_vm_mv": -72.4935073852539,
    "pre_noise_rms_mv": 0.0424252226948738,
    "pre_vm_mv": -72.6054229736328,
    "slow_noise_rms_mv": 0.111762471497059,
    "slow_vm_mv": -72.6054229736328,
    "specimen_id": 324493977,
    "stimulus_absolute_amplitude": 400.000005340573,
    "stimulus_description": "C1SSCOARSE150112[3]",
    "stimulus_duration": 0.002995,
    "stimulus_interval": 0.0,
    "stimulus_name": "Short Square",
    "stimulus_relative_amplitude": 1.0,
    "stimulus_start_time": 0.92,
    "stimulus_units": "pA",
    "sweep_number": 10,
    "vm_delta_mv": 0.111915588378906
  },
  {
    "bridge_balance_mohm": 14.6520147323608,
    "id": 396377758,
    "leak_pa": 0.0,
    "num_spikes": 1,
    "peak_deflection": 0.0,
    "post_noise_rms_mv": 0.0439214631915092,
    "post_vm_mv": -72.2210693359375,
    "pre_noise_rms_mv": 0.0398223139345646,
    "pre_vm_mv": -71.7571105957031,
    "slow_noise_rms_mv": 0.183887138962746,
    "slow_vm_mv": -71.7571105957031,
    "specimen_id": 324493977,
    "stimulus_absolute_amplitude": 780.000009026338,
    "stimulus_description": "C1SSFINEST150112[0]",
    "stimulus_duration": 0.002995,
    "stimulus_interval": 0.0,
    "stimulus_name": "Short Square",
    "stimulus_relative_amplitude": 7.8,
    "stimulus_start_time": 0.92,
    "stimulus_units": "pA",
    "sweep_number": 25,
    "vm_delta_mv": 0.463958740234375
  },
  {
    "bridge_balance_mohm": 18.4371185302734,
    "id": 396377838,
    "leak_pa": 0.0,
    "num_spikes": 44,
    "peak_deflection": 0.0,
    "post_noise_rms_mv": 0.0388142876327038,
    "post_vm_mv": -71.4951705932617,
    "pre_noise_rms_mv": 0.0328371338546276,
    "pre_vm_mv": -71.8834075927734,
    "slow_noise_rms_mv": 0.161123275756836,
    "slow_vm_mv": -71.8834075927734,
    "specimen_id": 324493977,
    "stimulus_absolute_amplitude": 170.000000188075,
    "stimulus_description": "C2SQRHELNG150112[0]",
    "stimulus_duration": 1.999995,
    "stimulus_interval": 0.0,
    "stimulus_name": "Square - 2s Suprathreshold",
    "stimulus_relative_amplitude": 1.7,
    "stimulus_start_time": 0.92,
    "stimulus_units": "pA",
    "sweep_number": 61,
    "vm_delta_mv": 0.388236999511719
  },
  {
    "bridge_balance_mohm": 18.4371185302734,
    "id": 396377888,
    "leak_pa": 0.0,
    "num_spikes": 3,
    "peak_deflection": 0.0,
    "post_noise_rms_mv": 0.0378850288689137,
    "post_vm_mv": -72.770378112793,
    "pre_noise_rms_mv": 0.0399076417088509,
    "pre_vm_mv": -72.3365478515625,
    "slow_noise_rms_mv": 0.178629443049431,
    "slow_vm_mv": -72.3365478515625,
    "specimen_id": 324493977,
    "stimulus_absolute_amplitude": 780.000009026338,
    "stimulus_description": "C2SSTRIPLE141203[7]",
    "stimulus_duration": 0.072995,
    "stimulus_interval": 0.032,
    "stimulus_name": "Short Square - Triple",
    "stimulus_relative_amplitude": 7.8,
    "stimulus_start_time": 1.92,
    "stimulus_units": "pA",
    "sweep_number": 84,
    "vm_delta_mv": 0.433830261230469
  },
  {
    "bridge_balance_mohm": 18.4371185302734,
    "id": 396377702,
    "leak_pa": 0.0,
    "num_spikes": 0,
    "peak_deflection": 0.0,
    "post_noise_rms_mv": 0.0394533239305019,
    "post_vm_mv": -59.8015213012695,
    "pre_noise_rms_mv": 0.0358300395309925,
    "pre_vm_mv": -59.9019432067871,
    "slow_noise_rms_mv": 0.172165289521217,
    "slow_vm_mv": -59.9019432067871,
    "specimen_id": 324493977,
    "stimulus_absolute_amplitude": 200.000002670286,
    "stimulus_description": "C2SSHM60CS150112[1]",
    "stimulus_duration": 0.002995,
    "stimulus_interval": 0.0,
    "stimulus_name": "Short Square - Hold -60mV",
    "stimulus_relative_amplitude": 1.0,
    "stimulus_start_time": 0.92,
    "stimulus_units": "pA",
    "sweep_number": 113,
    "vm_delta_mv": 0.100421905517578
  },
  {
    "bridge_balance_mohm": 18.4371185302734,
    "id": 396377822,
    "leak_pa": 0.0,
    "num_spikes": 0,
    "peak_deflection": 0.0,
    "post_noise_rms_mv": 0.0497850775718689,
    "post_vm_mv": -72.2666397094727,
    "pre_noise_rms_mv": 0.043262779712677,
    "pre_vm_mv": -72.3632507324219,
    "slow_noise_rms_mv": 0.238059267401695,
    "slow_vm_mv": -72.3632507324219,
    "specimen_id": 324493977,
    "stimulus_absolute_amplitude": -200.000002670286,
    "stimulus_description": "C1SQCAPCHK141203[0]",
    "stimulus_duration": 7.819995,
    "stimulus_interval": 0.2,
    "stimulus_name": "Square - 0.5ms Subthreshold",
    "stimulus_relative_amplitude": 1.0,
    "stimulus_start_time": 0.12,
    "stimulus_units": "pA",
    "sweep_number": 54,
    "vm_delta_mv": 0.0966110229492188
  },
  {
    "bridge_balance_mohm": 14.6520147323608,
    "id": 396377818,
    "leak_pa": 0.0,
    "num_spikes": 81,
    "peak_deflection": 0.0,
    "post_noise_rms_mv": 0.0419187285006046,
    "post_vm_mv": -71.8750534057617,
    "pre_noise_rms_mv": 0.0395032092928886,
    "pre_vm_mv": -72.0292663574219,
    "slow_noise_rms_mv": 0.160673707723618,
    "slow_vm_mv": -72.0292663574219,
    "specimen_id": 324493977,
    "stimulus_absolute_amplitude": 278.12499525659,
    "stimulus_description": "C1NSSEED_1150112[0]",
    "stimulus_duration": 18.999995,
    "stimulus_interval": 5.0,
    "stimulus_name": "Noise 1",
    "stimulus_relative_amplitude": 1.2,
    "stimulus_start_time": 1.92,
    "stimulus_units": "pA",
    "sweep_number": 52,
    "vm_delta_mv": 0.154212951660156
  },
  {
    "bridge_balance_mohm": 18.4371185302734,
    "id": 396377858,
    "leak_pa": 0.0,
    "num_spikes": 3,
    "peak_deflection": 0.0,
    "post_noise_rms_mv": 0.0370343029499054,
    "post_vm_mv": -72.9006729125977,
    "pre_noise_rms_mv": 0.0466075651347637,
    "pre_vm_mv": -72.2573318481445,
    "slow_noise_rms_mv": 0.292195856571198,
    "slow_vm_mv": -72.2573318481445,
    "specimen_id": 324493977,
    "stimulus_absolute_amplitude": 780.000009026338,
    "stimulus_description": "C2SSTRIPLE141203[1]",
    "stimulus_duration": 0.024995,
    "stimulus_interval": 0.008,
    "stimulus_name": "Short Square - Triple",
    "stimulus_relative_amplitude": 7.8,
    "stimulus_start_time": 1.92,
    "stimulus_units": "pA",
    "sweep_number": 70,
    "vm_delta_mv": 0.643341064453125
  },
  {
    "bridge_balance_mohm": 14.6520147323608,
    "id": 396377774,
    "leak_pa": 0.0,
    "num_spikes": 0,
    "peak_deflection": -69.2187576293945,
    "post_noise_rms_mv": 0.0473848804831505,
    "post_vm_mv": -71.8238906860352,
    "pre_noise_rms_mv": 0.0487782396376133,
    "pre_vm_mv": -71.8969116210938,
    "slow_noise_rms_mv": 0.0894961729645729,
    "slow_vm_mv": -71.8969116210938,
    "specimen_id": 324493977,
    "stimulus_absolute_amplitude": 9.99999996004197,
    "stimulus_description": "C1LSCOARSE150112[6]",
    "stimulus_duration": 0.999995,
    "stimulus_interval": 0.0,
    "stimulus_name": "Long Square",
    "stimulus_relative_amplitude": 1.0,
    "stimulus_start_time": 0.92,
    "stimulus_units": "pA",
    "sweep_number": 32,
    "vm_delta_mv": 0.0730209350585938
  },
  {
    "bridge_balance_mohm": 14.6520147323608,
    "id": 396377812,
    "leak_pa": 0.0,
    "num_spikes": 9,
    "peak_deflection": 0.0,
    "post_noise_rms_mv": 0.0,
    "post_vm_mv": 0.0,
    "pre_noise_rms_mv": 0.0321072190999985,
    "pre_vm_mv": -71.0547943115234,
    "slow_noise_rms_mv": 0.0682797878980637,
    "slow_vm_mv": -71.0547943115234,
    "specimen_id": 324493977,
    "stimulus_absolute_amplitude": 800.000010681146,
    "stimulus_description": "C1RP25PR1S141203[0]",
    "stimulus_duration": 31.997495,
    "stimulus_interval": 0.0,
    "stimulus_name": "Ramp",
    "stimulus_relative_amplitude": 1.0,
    "stimulus_start_time": 0.9225,
    "stimulus_units": "pA",
    "sweep_number": 5,
    "vm_delta_mv": 0.0
  },
  {
    "bridge_balance_mohm": 18.4371185302734,
    "id": 396377898,
    "leak_pa": 0.0,
    "num_spikes": 3,
    "peak_deflection": 0.0,
    "post_noise_rms_mv": 0.0306499190628529,
    "post_vm_mv": -72.246711730957,
    "pre_noise_rms_mv": 0.0459355004131794,
    "pre_vm_mv": -71.9381103515625,
    "slow_noise_rms_mv": 0.103554554283619,
    "slow_vm_mv": -71.9381103515625,
    "specimen_id": 324493977,
    "stimulus_absolute_amplitude": 780.000009026338,
    "stimulus_description": "C2SSTRIPLE141203[4]",
    "stimulus_duration": 0.048995,
    "stimulus_interval": 0.02,
    "stimulus_name": "Short Square - Triple",
    "stimulus_relative_amplitude": 7.8,
    "stimulus_start_time": 1.92,
    "stimulus_units": "pA",
    "sweep_number": 89,
    "vm_delta_mv": 0.308601379394531
  },
  {
    "bridge_balance_mohm": 18.4371185302734,
    "id": 396377676,
    "leak_pa": 0.0,
    "num_spikes": 1,
    "peak_deflection": 0.0,
    "post_noise_rms_mv": 0.0414076000452042,
    "post_vm_mv": -79.6608276367188,
    "pre_noise_rms_mv": 0.0387761443853378,
    "pre_vm_mv": -79.6408004760742,
    "slow_noise_rms_mv": 0.147735297679901,
    "slow_vm_mv": -79.6408004760742,
    "specimen_id": 324493977,
    "stimulus_absolute_amplitude": 900.000018955183,
    "stimulus_description": "C2SSHM80CS150112[8]",
    "stimulus_duration": 0.002995,
    "stimulus_interval": 0.0,
    "stimulus_name": "Short Square - Hold -80mV",
    "stimulus_relative_amplitude": 1.0,
    "stimulus_start_time": 0.92,
    "stimulus_units": "pA",
    "sweep_number": 101,
    "vm_delta_mv": 0.0200271606445312
  },
  {
    "bridge_balance_mohm": 18.4371185302734,
    "id": 396377886,
    "leak_pa": 0.0,
    "num_spikes": 3,
    "peak_deflection": 0.0,
    "post_noise_rms_mv": 0.0402778536081314,
    "post_vm_mv": -72.9582977294922,
    "pre_noise_rms_mv": 0.0427496768534184,
    "pre_vm_mv": -72.421257019043,
    "slow_noise_rms_mv": 0.119685083627701,
    "slow_vm_mv": -72.421257019043,
    "specimen_id": 324493977,
    "stimulus_absolute_amplitude": 780.000009026338,
    "stimulus_description": "C2SSTRIPLE141203[6]",
    "stimulus_duration": 0.064995,
    "stimulus_interval": 0.028,
    "stimulus_name": "Short Square - Triple",
    "stimulus_relative_amplitude": 7.8,
    "stimulus_start_time": 1.92,
    "stimulus_units": "pA",
    "sweep_number": 83,
    "vm_delta_mv": 0.537040710449219
  },
  {
    "bridge_balance_mohm": 18.4371185302734,
    "id": 396377706,
    "leak_pa": 0.0,
    "num_spikes": 1,
    "peak_deflection": 0.0,
    "post_noise_rms_mv": 0.0476369112730026,
    "post_vm_mv": -60.3499031066895,
    "pre_noise_rms_mv": 0.035814456641674,
    "pre_vm_mv": -59.8832740783691,
    "slow_noise_rms_mv": 0.119273193180561,
    "slow_vm_mv": -59.8832740783691,
    "specimen_id": 324493977,
    "stimulus_absolute_amplitude": 400.000005340573,
    "stimulus_description": "C2SSHM60CS150112[3]",
    "stimulus_duration": 0.002995,
    "stimulus_interval": 0.0,
    "stimulus_name": "Short Square - Hold -60mV",
    "stimulus_relative_amplitude": 1.0,
    "stimulus_start_time": 0.92,
    "stimulus_units": "pA",
    "sweep_number": 115,
    "vm_delta_mv": 0.466629028320312
  },
  {
    "bridge_balance_mohm": 0.0,
    "id": 396377668,
    "leak_pa": 0.0,
    "num_spikes": 0,
    "peak_deflection": 0.0,
    "post_noise_rms_mv": 0.0,
    "post_vm_mv": 0.0,
    "pre_noise_rms_mv": 0.0,
    "pre_vm_mv": 0.0,
    "slow_noise_rms_mv": 0.0,
    "slow_vm_mv": 0.0,
    "specimen_id": 324493977,
    "stimulus_absolute_amplitude": 9.99999977648258,
    "stimulus_description": "EXTPSMOKET141203[0]",
    "stimulus_duration": 0.069995,
    "stimulus_interval": 0.05,
    "stimulus_name": "Test",
    "stimulus_relative_amplitude": 1.0,
    "stimulus_start_time": 0.03,
    "stimulus_units": "mV",
    "sweep_number": 0,
    "vm_delta_mv": 0.0
  },
  {
    "bridge_balance_mohm": 14.6520147323608,
    "id": 396377776,
    "leak_pa": 0.0,
    "num_spikes": 0,
    "peak_deflection": -65.09375,
    "post_noise_rms_mv": 0.0444398820400238,
    "post_vm_mv": -71.9374389648438,
    "pre_noise_rms_mv": 0.0393649600446224,
    "pre_vm_mv": -71.9046249389648,
    "slow_noise_rms_mv": 0.093462273478508,
    "slow_vm_mv": -71.9046249389648,
    "specimen_id": 324493977,
    "stimulus_absolute_amplitude": 29.9999990127642,
    "stimulus_description": "C1LSCOARSE150112[7]",
    "stimulus_duration": 0.999995,
    "stimulus_interval": 0.0,
    "stimulus_name": "Long Square",
    "stimulus_relative_amplitude": 1.0,
    "stimulus_start_time": 0.92,
    "stimulus_units": "pA",
    "sweep_number": 33,
    "vm_delta_mv": 0.0328140258789062
  },
  {
    "bridge_balance_mohm": 18.4371185302734,
    "id": 396377718,
    "leak_pa": 0.0,
    "num_spikes": 1,
    "peak_deflection": 0.0,
    "post_noise_rms_mv": 0.0452946163713932,
    "post_vm_mv": -59.9691505432129,
    "pre_noise_rms_mv": 0.0334653407335281,
    "pre_vm_mv": -59.6214408874512,
    "slow_noise_rms_mv": 0.141574308276176,
    "slow_vm_mv": -59.6214408874512,
    "specimen_id": 324493977,
    "stimulus_absolute_amplitude": 400.000005340573,
    "stimulus_description": "C2SSHM60FN150112[0]",
    "stimulus_duration": 0.002995,
    "stimulus_interval": 0.0,
    "stimulus_name": "Short Square - Hold -60mV",
    "stimulus_relative_amplitude": 4.0,
    "stimulus_start_time": 0.92,
    "stimulus_units": "pA",
    "sweep_number": 120,
    "vm_delta_mv": 0.347709655761719
  },
  {
    "bridge_balance_mohm": 18.4371185302734,
    "id": 396377850,
    "leak_pa": 0.0,
    "num_spikes": 286,
    "peak_deflection": 0.0,
    "post_noise_rms_mv": 0.0388710759580135,
    "post_vm_mv": -71.4668884277344,
    "pre_noise_rms_mv": 0.0367215871810913,
    "pre_vm_mv": -71.303337097168,
    "slow_noise_rms_mv": 0.12722335755825,
    "slow_vm_mv": -71.303337097168,
    "specimen_id": 324493977,
    "stimulus_absolute_amplitude": 440.6250087019,
    "stimulus_description": "C2NSRMPRH2150120[0]",
    "stimulus_duration": 31.999975,
    "stimulus_interval": 6.5e-05,
    "stimulus_name": "Ramp to Rheobase",
    "stimulus_relative_amplitude": 1.3,
    "stimulus_start_time": 1.92002,
    "stimulus_units": "pA",
    "sweep_number": 67,
    "vm_delta_mv": 0.163551330566406
  },
  {
    "bridge_balance_mohm": 18.4371185302734,
    "id": 396377692,
    "leak_pa": 0.0,
    "num_spikes": 1,
    "peak_deflection": 0.0,
    "post_noise_rms_mv": 0.0376010276377201,
    "post_vm_mv": -80.2230682373047,
    "pre_noise_rms_mv": 0.0414941273629665,
    "pre_vm_mv": -79.924560546875,
    "slow_noise_rms_mv": 0.133815780282021,
    "slow_vm_mv": -79.924560546875,
    "specimen_id": 324493977,
    "stimulus_absolute_amplitude": 920.00002060999,
    "stimulus_description": "C2SSHM80FN150112[0]",
    "stimulus_duration": 0.002995,
    "stimulus_interval": 0.0,
    "stimulus_name": "Short Square - Hold -80mV",
    "stimulus_relative_amplitude": 9.2,
    "stimulus_start_time": 0.92,
    "stimulus_units": "pA",
    "sweep_number": 109,
    "vm_delta_mv": 0.298507690429688
  },
  {
    "bridge_balance_mohm": 18.4371185302734,
    "id": 396377708,
    "leak_pa": 0.0,
    "num_spikes": 0,
    "peak_deflection": 0.0,
    "post_noise_rms_mv": 0.0349264182150364,
    "post_vm_mv": -59.8957901000977,
    "pre_noise_rms_mv": 0.0376296676695347,
    "pre_vm_mv": -59.7531433105469,
    "slow_noise_rms_mv": 0.1200180798769,
    "slow_vm_mv": -59.7531433105469,
    "specimen_id": 324493977,
    "stimulus_absolute_amplitude": 350.000001203554,
    "stimulus_description": "C2SSHM60FN150112[0]",
    "stimulus_duration": 0.002995,
    "stimulus_interval": 0.0,
    "stimulus_name": "Short Square - Hold -60mV",
    "stimulus_relative_amplitude": 3.5,
    "stimulus_start_time": 0.92,
    "stimulus_units": "pA",
    "sweep_number": 116,
    "vm_delta_mv": 0.142646789550781
  },
  {
    "bridge_balance_mohm": 14.6520147323608,
    "id": 396377792,
    "leak_pa": 0.0,
    "num_spikes": 22,
    "peak_deflection": 0.0,
    "post_noise_rms_mv": 0.0485109426081181,
    "post_vm_mv": -71.0030899047852,
    "pre_noise_rms_mv": 0.0398265868425369,
    "pre_vm_mv": -71.5934982299805,
    "slow_noise_rms_mv": 0.119347184896469,
    "slow_vm_mv": -71.5934982299805,
    "specimen_id": 324493977,
    "stimulus_absolute_amplitude": 170.000000188075,
    "stimulus_description": "C1LSCOARSE150112[14]",
    "stimulus_duration": 0.999995,
    "stimulus_interval": 0.0,
    "stimulus_name": "Long Square",
    "stimulus_relative_amplitude": 1.0,
    "stimulus_start_time": 0.92,
    "stimulus_units": "pA",
    "sweep_number": 40,
    "vm_delta_mv": 0.590408325195312
  },
  {
    "bridge_balance_mohm": 18.4371185302734,
    "id": 396377696,
    "leak_pa": 0.0,
    "num_spikes": 1,
    "peak_deflection": 0.0,
    "post_noise_rms_mv": 0.0400469973683357,
    "post_vm_mv": -79.8819274902344,
    "pre_noise_rms_mv": 0.0412253998219967,
    "pre_vm_mv": -79.8407974243164,
    "slow_noise_rms_mv": 0.120921857655048,
    "slow_vm_mv": -79.8407974243164,
    "specimen_id": 324493977,
    "stimulus_absolute_amplitude": 920.00002060999,
    "stimulus_description": "C2SSHM80FN150112[0]",
    "stimulus_duration": 0.002995,
    "stimulus_interval": 0.0,
    "stimulus_name": "Short Square - Hold -80mV",
    "stimulus_relative_amplitude": 9.2,
    "stimulus_start_time": 0.92,
    "stimulus_units": "pA",
    "sweep_number": 110,
    "vm_delta_mv": 0.0411300659179688
  },
  {
    "bridge_balance_mohm": 18.4371185302734,
    "id": 396377860,
    "leak_pa": 0.0,
    "num_spikes": 3,
    "peak_deflection": 0.0,
    "post_noise_rms_mv": 0.0404851548373699,
    "post_vm_mv": -72.8650665283203,
    "pre_noise_rms_mv": 0.0466601550579071,
    "pre_vm_mv": -72.3428115844727,
    "slow_noise_rms_mv": 0.0840599462389946,
    "slow_vm_mv": -72.3428115844727,
    "specimen_id": 324493977,
    "stimulus_absolute_amplitude": 780.000009026338,
    "stimulus_description": "C2SSTRIPLE141203[2]",
    "stimulus_duration": 0.032995,
    "stimulus_interval": 0.012,
    "stimulus_name": "Short Square - Triple",
    "stimulus_relative_amplitude": 7.8,
    "stimulus_start_time": 1.92,
    "stimulus_units": "pA",
    "sweep_number": 71,
    "vm_delta_mv": 0.522254943847656
  },
  {
    "bridge_balance_mohm": 18.4371185302734,
    "id": 396377896,
    "leak_pa": 0.0,
    "num_spikes": 3,
    "peak_deflection": 0.0,
    "post_noise_rms_mv": 0.0375710614025593,
    "post_vm_mv": -72.9517974853516,
    "pre_noise_rms_mv": 0.038261640816927,
    "pre_vm_mv": -72.4449234008789,
    "slow_noise_rms_mv": 0.134701773524284,
    "slow_vm_mv": -72.4449234008789,
    "specimen_id": 324493977,
    "stimulus_absolute_amplitude": 780.000009026338,
    "stimulus_description": "C2SSTRIPLE141203[3]",
    "stimulus_duration": 0.040995,
    "stimulus_interval": 0.016,
    "stimulus_name": "Short Square - Triple",
    "stimulus_relative_amplitude": 7.8,
    "stimulus_start_time": 1.92,
    "stimulus_units": "pA",
    "sweep_number": 88,
    "vm_delta_mv": 0.506874084472656
  },
  {
    "bridge_balance_mohm": 18.4371185302734,
    "id": 396377700,
    "leak_pa": 0.0,
    "num_spikes": 0,
    "peak_deflection": 0.0,
    "post_noise_rms_mv": 0.0417310856282711,
    "post_vm_mv": -59.9821701049805,
    "pre_noise_rms_mv": 0.036153394728899,
    "pre_vm_mv": -59.9657897949219,
    "slow_noise_rms_mv": 0.12247522175312,
    "slow_vm_mv": -59.9657897949219,
    "specimen_id": 324493977,
    "stimulus_absolute_amplitude": 100.000001335143,
    "stimulus_description": "C2SSHM60CS150112[0]",
    "stimulus_duration": 0.002995,
    "stimulus_interval": 0.0,
    "stimulus_name": "Short Square - Hold -60mV",
    "stimulus_relative_amplitude": 1.0,
    "stimulus_start_time": 0.92,
    "stimulus_units": "pA",
    "sweep_number": 112,
    "vm_delta_mv": 0.0163803100585938
  },
  {
    "bridge_balance_mohm": 14.6520147323608,
    "id": 396377748,
    "leak_pa": 0.0,
    "num_spikes": 0,
    "peak_deflection": 0.0,
    "post_noise_rms_mv": 0.0402546189725399,
    "post_vm_mv": -72.2037124633789,
    "pre_noise_rms_mv": 0.0389659330248833,
    "pre_vm_mv": -72.3046417236328,
    "slow_noise_rms_mv": 0.0894248113036156,
    "slow_vm_mv": -72.3046417236328,
    "specimen_id": 324493977,
    "stimulus_absolute_amplitude": 770.000008198934,
    "stimulus_description": "C1SSFINEST150112[0]",
    "stimulus_duration": 0.002995,
    "stimulus_interval": 0.0,
    "stimulus_name": "Short Square",
    "stimulus_relative_amplitude": 7.7,
    "stimulus_start_time": 0.92,
    "stimulus_units": "pA",
    "sweep_number": 20,
    "vm_delta_mv": 0.100929260253906
  },
  {
    "bridge_balance_mohm": 18.4371185302734,
    "id": 396377844,
    "leak_pa": 0.0,
    "num_spikes": 70,
    "peak_deflection": 0.0,
    "post_noise_rms_mv": 0.03737773001194,
    "post_vm_mv": -72.1574172973633,
    "pre_noise_rms_mv": 0.0465448051691055,
    "pre_vm_mv": -71.8267135620117,
    "slow_noise_rms_mv": 0.231825783848763,
    "slow_vm_mv": -71.8267135620117,
    "specimen_id": 324493977,
    "stimulus_absolute_amplitude": 210.00000349769,
    "stimulus_description": "C2SQRHELNG150112[0]",
    "stimulus_duration": 1.999995,
    "stimulus_interval": 0.0,
    "stimulus_name": "Square - 2s Suprathreshold",
    "stimulus_relative_amplitude": 2.1,
    "stimulus_start_time": 0.92,
    "stimulus_units": "pA",
    "sweep_number": 64,
    "vm_delta_mv": 0.330703735351562
  },
  {
    "bridge_balance_mohm": 14.6520147323608,
    "id": 396377796,
    "leak_pa": 0.0,
    "num_spikes": 34,
    "peak_deflection": 0.0,
    "post_noise_rms_mv": 0.0338399857282639,
    "post_vm_mv": -71.5874710083008,
    "pre_noise_rms_mv": 0.0477279014885426,
    "pre_vm_mv": -71.8515701293945,
    "slow_noise_rms_mv": 0.139812648296356,
    "slow_vm_mv": -71.8515701293945,
    "specimen_id": 324493977,
    "stimulus_absolute_amplitude": 210.00000349769,
    "stimulus_description": "C1LSCOARSE150112[16]",
    "stimulus_duration": 0.999995,
    "stimulus_interval": 0.0,
    "stimulus_name": "Long Square",
    "stimulus_relative_amplitude": 1.0,
    "stimulus_start_time": 0.92,
    "stimulus_units": "pA",
    "sweep_number": 42,
    "vm_delta_mv": 0.26409912109375
  },
  {
    "bridge_balance_mohm": 14.6520147323608,
    "id": 396377900,
    "leak_pa": 0.0,
    "num_spikes": 0,
    "peak_deflection": 0.0,
    "post_noise_rms_mv": 0.0416535101830959,
    "post_vm_mv": -72.4145660400391,
    "pre_noise_rms_mv": 0.0438025444746017,
    "pre_vm_mv": -72.4204711914062,
    "slow_noise_rms_mv": 0.12436830252409,
    "slow_vm_mv": -72.4204711914062,
    "specimen_id": 324493977,
    "stimulus_absolute_amplitude": 299.999997066536,
    "stimulus_description": "C1SSCOARSE150112[2]",
    "stimulus_duration": 0.002995,
    "stimulus_interval": 0.0,
    "stimulus_name": "Short Square",
    "stimulus_relative_amplitude": 1.0,
    "stimulus_start_time": 0.92,
    "stimulus_units": "pA",
    "sweep_number": 9,
    "vm_delta_mv": 0.0059051513671875
  },
  {
    "bridge_balance_mohm": 18.4371185302734,
    "id": 396377832,
    "leak_pa": 0.0,
    "num_spikes": 17,
    "peak_deflection": 0.0,
    "post_noise_rms_mv": 0.0446432158350945,
    "post_vm_mv": -70.7514266967773,
    "pre_noise_rms_mv": 0.0412190482020378,
    "pre_vm_mv": -71.4811019897461,
    "slow_noise_rms_mv": 0.087269552052021,
    "slow_vm_mv": -71.4811019897461,
    "specimen_id": 324493977,
    "stimulus_absolute_amplitude": 129.99999687846,
    "stimulus_description": "C2SQRHELNG150112[0]",
    "stimulus_duration": 1.999995,
    "stimulus_interval": 0.0,
    "stimulus_name": "Square - 2s Suprathreshold",
    "stimulus_relative_amplitude": 1.3,
    "stimulus_start_time": 0.92,
    "stimulus_units": "pA",
    "sweep_number": 59,
    "vm_delta_mv": 0.72967529296875
  },
  {
    "bridge_balance_mohm": 0.0,
    "id": 396377726,
    "leak_pa": 0.0,
    "num_spikes": 0,
    "peak_deflection": 0.0,
    "post_noise_rms_mv": 0.0,
    "post_vm_mv": 0.0,
    "pre_noise_rms_mv": 0.0,
    "pre_vm_mv": 0.0,
    "slow_noise_rms_mv": 0.0,
    "slow_vm_mv": 0.0,
    "specimen_id": 324493977,
    "stimulus_absolute_amplitude": 9.99999977648258,
    "stimulus_description": "EXTPEXPEND141203[0]",
    "stimulus_duration": 0.069995,
    "stimulus_interval": 0.05,
    "stimulus_name": "Test",
    "stimulus_relative_amplitude": 1.0,
    "stimulus_start_time": 0.03,
    "stimulus_units": "mV",
    "sweep_number": 124,
    "vm_delta_mv": 0.0
  },
  {
    "bridge_balance_mohm": 18.4371185302734,
    "id": 396377724,
    "leak_pa": 0.0,
    "num_spikes": 0,
    "peak_deflection": 0.0,
    "post_noise_rms_mv": 0.0422992259263992,
    "post_vm_mv": -59.8013763427734,
    "pre_noise_rms_mv": 0.0418385677039623,
    "pre_vm_mv": -59.5631256103516,
    "slow_noise_rms_mv": 0.17382287979126,
    "slow_vm_mv": -59.5631256103516,
    "specimen_id": 324493977,
    "stimulus_absolute_amplitude": 400.000005340573,
    "stimulus_description": "C2SSHM60FN150112[0]",
    "stimulus_duration": 0.002995,
    "stimulus_interval": 0.0,
    "stimulus_name": "Short Square - Hold -60mV",
    "stimulus_relative_amplitude": 4.0,
    "stimulus_start_time": 0.92,
    "stimulus_units": "pA",
    "sweep_number": 123,
    "vm_delta_mv": 0.238250732421875
  },
  {
    "bridge_balance_mohm": 18.4371185302734,
    "id": 396377892,
    "leak_pa": 0.0,
    "num_spikes": 3,
    "peak_deflection": 0.0,
    "post_noise_rms_mv": 0.0427717156708241,
    "post_vm_mv": -72.777961730957,
    "pre_noise_rms_mv": 0.041422463953495,
    "pre_vm_mv": -72.2382507324219,
    "slow_noise_rms_mv": 0.159162893891335,
    "slow_vm_mv": -72.2382507324219,
    "specimen_id": 324493977,
    "stimulus_absolute_amplitude": 780.000009026338,
    "stimulus_description": "C2SSTRIPLE141203[1]",
    "stimulus_duration": 0.024995,
    "stimulus_interval": 0.008,
    "stimulus_name": "Short Square - Triple",
    "stimulus_relative_amplitude": 7.8,
    "stimulus_start_time": 1.92,
    "stimulus_units": "pA",
    "sweep_number": 86,
    "vm_delta_mv": 0.539710998535156
  },
  {
    "bridge_balance_mohm": 18.4371185302734,
    "id": 396377720,
    "leak_pa": 0.0,
    "num_spikes": 1,
    "peak_deflection": 0.0,
    "post_noise_rms_mv": 0.0397830381989479,
    "post_vm_mv": -60.1354103088379,
    "pre_noise_rms_mv": 0.0377585887908936,
    "pre_vm_mv": -59.6449890136719,
    "slow_noise_rms_mv": 0.105172879993916,
    "slow_vm_mv": -59.6449890136719,
    "specimen_id": 324493977,
    "stimulus_absolute_amplitude": 400.000005340573,
    "stimulus_description": "C2SSHM60FN150112[0]",
    "stimulus_duration": 0.002995,
    "stimulus_interval": 0.0,
    "stimulus_name": "Short Square - Hold -60mV",
    "stimulus_relative_amplitude": 4.0,
    "stimulus_start_time": 0.92,
    "stimulus_units": "pA",
    "sweep_number": 121,
    "vm_delta_mv": 0.490421295166016
  },
  {
    "bridge_balance_mohm": 0.0,
    "id": 396377746,
    "leak_pa": 0.0,
    "num_spikes": 0,
    "peak_deflection": 0.0,
    "post_noise_rms_mv": 0.0,
    "post_vm_mv": 0.0,
    "pre_noise_rms_mv": 0.0,
    "pre_vm_mv": 0.0,
    "slow_noise_rms_mv": 0.0,
    "slow_vm_mv": 0.0,
    "specimen_id": 324493977,
    "stimulus_absolute_amplitude": 9.99999977648258,
    "stimulus_description": "EXTPCllATT141203[0]",
    "stimulus_duration": 0.069995,
    "stimulus_interval": 0.05,
    "stimulus_name": "Test",
    "stimulus_relative_amplitude": 1.0,
    "stimulus_start_time": 0.03,
    "stimulus_units": "mV",
    "sweep_number": 2,
    "vm_delta_mv": 0.0
  },
  {
    "bridge_balance_mohm": 14.6520147323608,
    "id": 396377780,
    "leak_pa": 0.0,
    "num_spikes": 0,
    "peak_deflection": -56.8125038146973,
    "post_noise_rms_mv": 0.0471523702144623,
    "post_vm_mv": -71.9524917602539,
    "pre_noise_rms_mv": 0.0403345227241516,
    "pre_vm_mv": -71.9770355224609,
    "slow_noise_rms_mv": 0.113057218492031,
    "slow_vm_mv": -71.9770355224609,
    "specimen_id": 324493977,
    "stimulus_absolute_amplitude": 69.9999988529321,
    "stimulus_description": "C1LSCOARSE150112[9]",
    "stimulus_duration": 0.999995,
    "stimulus_interval": 0.0,
    "stimulus_name": "Long Square",
    "stimulus_relative_amplitude": 1.0,
    "stimulus_start_time": 0.92,
    "stimulus_units": "pA",
    "sweep_number": 35,
    "vm_delta_mv": 0.0245437622070312
  },
  {
    "bridge_balance_mohm": 18.4371185302734,
    "id": 396377840,
    "leak_pa": 0.0,
    "num_spikes": 43,
    "peak_deflection": 0.0,
    "post_noise_rms_mv": 0.0418204218149185,
    "post_vm_mv": -71.655143737793,
    "pre_noise_rms_mv": 0.0365236066281796,
    "pre_vm_mv": -71.9105682373047,
    "slow_noise_rms_mv": 0.182017832994461,
    "slow_vm_mv": -71.9105682373047,
    "specimen_id": 324493977,
    "stimulus_absolute_amplitude": 170.000000188075,
    "stimulus_description": "C2SQRHELNG150112[0]",
    "stimulus_duration": 1.999995,
    "stimulus_interval": 0.0,
    "stimulus_name": "Square - 2s Suprathreshold",
    "stimulus_relative_amplitude": 1.7,
    "stimulus_start_time": 0.92,
    "stimulus_units": "pA",
    "sweep_number": 62,
    "vm_delta_mv": 0.255424499511719
  },
  {
    "bridge_balance_mohm": 18.4371185302734,
    "id": 396377678,
    "leak_pa": 0.0,
    "num_spikes": 0,
    "peak_deflection": 0.0,
    "post_noise_rms_mv": 0.0378835126757622,
    "post_vm_mv": -79.6672668457031,
    "pre_noise_rms_mv": 0.0353621952235699,
    "pre_vm_mv": -79.8009414672852,
    "slow_noise_rms_mv": 0.101474918425083,
    "slow_vm_mv": -79.8009414672852,
    "specimen_id": 324493977,
    "stimulus_absolute_amplitude": 850.000014818164,
    "stimulus_description": "C2SSHM80FN150112[0]",
    "stimulus_duration": 0.002995,
    "stimulus_interval": 0.0,
    "stimulus_name": "Short Square - Hold -80mV",
    "stimulus_relative_amplitude": 8.5,
    "stimulus_start_time": 0.92,
    "stimulus_units": "pA",
    "sweep_number": 102,
    "vm_delta_mv": 0.133674621582031
  },
  {
    "bridge_balance_mohm": 18.4371185302734,
    "id": 396377906,
    "leak_pa": 0.0,
    "num_spikes": 3,
    "peak_deflection": 0.0,
    "post_noise_rms_mv": 0.0369946286082268,
    "post_vm_mv": -72.5790023803711,
    "pre_noise_rms_mv": 0.0405498184263706,
    "pre_vm_mv": -72.0462036132812,
    "slow_noise_rms_mv": 0.127183526754379,
    "slow_vm_mv": -72.0462036132812,
    "specimen_id": 324493977,
    "stimulus_absolute_amplitude": 780.000009026338,
    "stimulus_description": "C2SSTRIPLE141203[7]",
    "stimulus_duration": 0.072995,
    "stimulus_interval": 0.032,
    "stimulus_name": "Short Square - Triple",
    "stimulus_relative_amplitude": 7.8,
    "stimulus_start_time": 1.92,
    "stimulus_units": "pA",
    "sweep_number": 92,
    "vm_delta_mv": 0.532798767089844
  },
  {
    "bridge_balance_mohm": 14.6520147323608,
    "id": 396377732,
    "leak_pa": 0.0,
    "num_spikes": 0,
    "peak_deflection": 0.0,
    "post_noise_rms_mv": 0.0466405041515827,
    "post_vm_mv": -72.3286437988281,
    "pre_noise_rms_mv": 0.0377478785812855,
    "pre_vm_mv": -72.3119049072266,
    "slow_noise_rms_mv": 0.149166375398636,
    "slow_vm_mv": -72.3119049072266,
    "specimen_id": 324493977,
    "stimulus_absolute_amplitude": 700.000002407108,
    "stimulus_description": "C1SSCOARSE150112[6]",
    "stimulus_duration": 0.002995,
    "stimulus_interval": 0.0,
    "stimulus_name": "Short Square",
    "stimulus_relative_amplitude": 1.0,
    "stimulus_start_time": 0.92,
    "stimulus_units": "pA",
    "sweep_number": 13,
    "vm_delta_mv": 0.0167388916015625
  },
  {
    "bridge_balance_mohm": 18.4371185302734,
    "id": 396377870,
    "leak_pa": 0.0,
    "num_spikes": 3,
    "peak_deflection": 0.0,
    "post_noise_rms_mv": 0.0405202396214008,
    "post_vm_mv": -72.642707824707,
    "pre_noise_rms_mv": 0.0415114350616932,
    "pre_vm_mv": -72.0044021606445,
    "slow_noise_rms_mv": 0.0693986788392067,
    "slow_vm_mv": -72.0044021606445,
    "specimen_id": 324493977,
    "stimulus_absolute_amplitude": 780.000009026338,
    "stimulus_description": "C2SSTRIPLE141203[7]",
    "stimulus_duration": 0.072995,
    "stimulus_interval": 0.032,
    "stimulus_name": "Short Square - Triple",
    "stimulus_relative_amplitude": 7.8,
    "stimulus_start_time": 1.92,
    "stimulus_units": "pA",
    "sweep_number": 76,
    "vm_delta_mv": 0.6383056640625
  },
  {
    "bridge_balance_mohm": 14.6520147323608,
    "id": 396377738,
    "leak_pa": 0.0,
    "num_spikes": 1,
    "peak_deflection": 0.0,
    "post_noise_rms_mv": 0.0425016433000565,
    "post_vm_mv": -72.2294387817383,
    "pre_noise_rms_mv": 0.0366957075893879,
    "pre_vm_mv": -72.0917434692383,
    "slow_noise_rms_mv": 0.0981040596961975,
    "slow_vm_mv": -72.0917434692383,
    "specimen_id": 324493977,
    "stimulus_absolute_amplitude": 770.000008198934,
    "stimulus_description": "C1SSFINEST150112[0]",
    "stimulus_duration": 0.002995,
    "stimulus_interval": 0.0,
    "stimulus_name": "Short Square",
    "stimulus_relative_amplitude": 7.7,
    "stimulus_start_time": 0.92,
    "stimulus_units": "pA",
    "sweep_number": 16,
    "vm_delta_mv": 0.1376953125
  },
  {
    "bridge_balance_mohm": 14.6520147323608,
    "id": 396377784,
    "leak_pa": 0.0,
    "num_spikes": 0,
    "peak_deflection": -44.875,
    "post_noise_rms_mv": 0.0374562442302704,
    "post_vm_mv": -71.4251022338867,
    "pre_noise_rms_mv": 0.0448664091527462,
    "pre_vm_mv": -71.6537246704102,
    "slow_noise_rms_mv": 0.120193101465702,
    "slow_vm_mv": -71.6537246704102,
    "specimen_id": 324493977,
    "stimulus_absolute_amplitude": 110.000002162547,
    "stimulus_description": "C1LSCOARSE150112[11]",
    "stimulus_duration": 0.999995,
    "stimulus_interval": 0.0,
    "stimulus_name": "Long Square",
    "stimulus_relative_amplitude": 1.0,
    "stimulus_start_time": 0.92,
    "stimulus_units": "pA",
    "sweep_number": 37,
    "vm_delta_mv": 0.228622436523438
  },
  {
    "bridge_balance_mohm": 18.4371185302734,
    "id": 396377904,
    "leak_pa": 0.0,
    "num_spikes": 3,
    "peak_deflection": 0.0,
    "post_noise_rms_mv": 0.0417785756289959,
    "post_vm_mv": -72.4565277099609,
    "pre_noise_rms_mv": 0.0409423746168613,
    "pre_vm_mv": -71.8388137817383,
    "slow_noise_rms_mv": 0.129287987947464,
    "slow_vm_mv": -71.8388137817383,
    "specimen_id": 324493977,
    "stimulus_absolute_amplitude": 780.000009026338,
    "stimulus_description": "C2SSTRIPLE141203[6]",
    "stimulus_duration": 0.064995,
    "stimulus_interval": 0.028,
    "stimulus_name": "Short Square - Triple",
    "stimulus_relative_amplitude": 7.8,
    "stimulus_start_time": 1.92,
    "stimulus_units": "pA",
    "sweep_number": 91,
    "vm_delta_mv": 0.617713928222656
  },
  {
    "bridge_balance_mohm": 18.4371185302734,
    "id": 396377714,
    "leak_pa": 0.0,
    "num_spikes": 1,
    "peak_deflection": 0.0,
    "post_noise_rms_mv": 0.0426168106496334,
    "post_vm_mv": -60.1964454650879,
    "pre_noise_rms_mv": 0.0408634543418884,
    "pre_vm_mv": -59.653018951416,
    "slow_noise_rms_mv": 0.167433723807335,
    "slow_vm_mv": -59.653018951416,
    "specimen_id": 324493977,
    "stimulus_absolute_amplitude": 400.000005340573,
    "stimulus_description": "C2SSHM60FN150112[0]",
    "stimulus_duration": 0.002995,
    "stimulus_interval": 0.0,
    "stimulus_name": "Short Square - Hold -60mV",
    "stimulus_relative_amplitude": 4.0,
    "stimulus_start_time": 0.92,
    "stimulus_units": "pA",
    "sweep_number": 119,
    "vm_delta_mv": 0.543426513671875
  },
  {
    "bridge_balance_mohm": 14.6520147323608,
    "id": 396377788,
    "leak_pa": 0.0,
    "num_spikes": 14,
    "peak_deflection": 0.0,
    "post_noise_rms_mv": 0.0375585928559303,
    "post_vm_mv": -70.9849319458008,
    "pre_noise_rms_mv": 0.0660993158817291,
    "pre_vm_mv": -71.3107833862305,
    "slow_noise_rms_mv": 0.297555953264236,
    "slow_vm_mv": -71.3107833862305,
    "specimen_id": 324493977,
    "stimulus_absolute_amplitude": 149.999998533268,
    "stimulus_description": "C1LSCOARSE150112[13]",
    "stimulus_duration": 0.999995,
    "stimulus_interval": 0.0,
    "stimulus_name": "Long Square",
    "stimulus_relative_amplitude": 1.0,
    "stimulus_start_time": 0.92,
    "stimulus_units": "pA",
    "sweep_number": 39,
    "vm_delta_mv": 0.325851440429688
  },
  {
    "bridge_balance_mohm": 18.4371185302734,
    "id": 396377864,
    "leak_pa": 0.0,
    "num_spikes": 3,
    "peak_deflection": 0.0,
    "post_noise_rms_mv": 0.0346946008503437,
    "post_vm_mv": -72.5198440551758,
    "pre_noise_rms_mv": 0.0385015867650509,
    "pre_vm_mv": -71.9665374755859,
    "slow_noise_rms_mv": 0.10230664908886,
    "slow_vm_mv": -71.9665374755859,
    "specimen_id": 324493977,
    "stimulus_absolute_amplitude": 780.000009026338,
    "stimulus_description": "C2SSTRIPLE141203[4]",
    "stimulus_duration": 0.048995,
    "stimulus_interval": 0.02,
    "stimulus_name": "Short Square - Triple",
    "stimulus_relative_amplitude": 7.8,
    "stimulus_start_time": 1.92,
    "stimulus_units": "pA",
    "sweep_number": 73,
    "vm_delta_mv": 0.553306579589844
  },
  {
    "bridge_balance_mohm": 14.6520147323608,
    "id": 396377750,
    "leak_pa": 0.0,
    "num_spikes": 1,
    "peak_deflection": 0.0,
    "post_noise_rms_mv": 0.0421934053301811,
    "post_vm_mv": -72.2468566894531,
    "pre_noise_rms_mv": 0.0461024194955826,
    "pre_vm_mv": -71.9857025146484,
    "slow_noise_rms_mv": 0.118648536503315,
    "slow_vm_mv": -71.9857025146484,
    "specimen_id": 324493977,
    "stimulus_absolute_amplitude": 780.000009026338,
    "stimulus_description": "C1SSFINEST150112[0]",
    "stimulus_duration": 0.002995,
    "stimulus_interval": 0.0,
    "stimulus_name": "Short Square",
    "stimulus_relative_amplitude": 7.8,
    "stimulus_start_time": 0.92,
    "stimulus_units": "pA",
    "sweep_number": 21,
    "vm_delta_mv": 0.261154174804688
  },
  {
    "bridge_balance_mohm": 18.4371185302734,
    "id": 396377872,
    "leak_pa": 0.0,
    "num_spikes": 3,
    "peak_deflection": 0.0,
    "post_noise_rms_mv": 0.0426797084510326,
    "post_vm_mv": -72.8155746459961,
    "pre_noise_rms_mv": 0.0405353531241417,
    "pre_vm_mv": -72.0469055175781,
    "slow_noise_rms_mv": 0.135965168476105,
    "slow_vm_mv": -72.0469055175781,
    "specimen_id": 324493977,
    "stimulus_absolute_amplitude": 780.000009026338,
    "stimulus_description": "C2SSTRIPLE141203[0]",
    "stimulus_duration": 0.016995,
    "stimulus_interval": 0.004,
    "stimulus_name": "Short Square - Triple",
    "stimulus_relative_amplitude": 7.8,
    "stimulus_start_time": 1.92,
    "stimulus_units": "pA",
    "sweep_number": 77,
    "vm_delta_mv": 0.768669128417969
  },
  {
    "bridge_balance_mohm": 18.4371185302734,
    "id": 396377682,
    "leak_pa": 0.0,
    "num_spikes": 0,
    "peak_deflection": 0.0,
    "post_noise_rms_mv": 0.05130759999156,
    "post_vm_mv": -79.8895797729492,
    "pre_noise_rms_mv": 0.0494692474603653,
    "pre_vm_mv": -79.9690017700195,
    "slow_noise_rms_mv": 0.0960816740989685,
    "slow_vm_mv": -79.9690017700195,
    "specimen_id": 324493977,
    "stimulus_absolute_amplitude": 890.000018127779,
    "stimulus_description": "C2SSHM80FN150112[0]",
    "stimulus_duration": 0.002995,
    "stimulus_interval": 0.0,
    "stimulus_name": "Short Square - Hold -80mV",
    "stimulus_relative_amplitude": 8.9,
    "stimulus_start_time": 0.92,
    "stimulus_units": "pA",
    "sweep_number": 104,
    "vm_delta_mv": 0.0794219970703125
  },
  {
    "bridge_balance_mohm": 14.6520147323608,
    "id": 396377814,
    "leak_pa": 0.0,
    "num_spikes": 77,
    "peak_deflection": 0.0,
    "post_noise_rms_mv": 0.0378870293498039,
    "post_vm_mv": -71.8755874633789,
    "pre_noise_rms_mv": 0.041767418384552,
    "pre_vm_mv": -72.5533981323242,
    "slow_noise_rms_mv": 0.0913071483373642,
    "slow_vm_mv": -72.5533981323242,
    "specimen_id": 324493977,
    "stimulus_absolute_amplitude": 278.12499525659,
    "stimulus_description": "C1NSSEED_1150112[0]",
    "stimulus_duration": 18.999995,
    "stimulus_interval": 5.0,
    "stimulus_name": "Noise 1",
    "stimulus_relative_amplitude": 1.2,
    "stimulus_start_time": 1.92,
    "stimulus_units": "pA",
    "sweep_number": 50,
    "vm_delta_mv": 0.677810668945312
  },
  {
    "bridge_balance_mohm": 18.4371185302734,
    "id": 396377710,
    "leak_pa": 0.0,
    "num_spikes": 0,
    "peak_deflection": 0.0,
    "post_noise_rms_mv": 0.0413295812904835,
    "post_vm_mv": -59.926139831543,
    "pre_noise_rms_mv": 0.0388866849243641,
    "pre_vm_mv": -59.9915733337402,
    "slow_noise_rms_mv": 0.130549117922783,
    "slow_vm_mv": -59.9915733337402,
    "specimen_id": 324493977,
    "stimulus_absolute_amplitude": 370.000002858362,
    "stimulus_description": "C2SSHM60FN150112[0]",
    "stimulus_duration": 0.002995,
    "stimulus_interval": 0.0,
    "stimulus_name": "Short Square - Hold -60mV",
    "stimulus_relative_amplitude": 3.7,
    "stimulus_start_time": 0.92,
    "stimulus_units": "pA",
    "sweep_number": 117,
    "vm_delta_mv": 0.0654335021972656
  },
  {
    "bridge_balance_mohm": 14.6520147323608,
    "id": 396377800,
    "leak_pa": 0.0,
    "num_spikes": 46,
    "peak_deflection": 0.0,
    "post_noise_rms_mv": 0.0403085462749004,
    "post_vm_mv": -71.8542633056641,
    "pre_noise_rms_mv": 0.0413490571081638,
    "pre_vm_mv": -72.1010284423828,
    "slow_noise_rms_mv": 0.124619863927364,
    "slow_vm_mv": -72.1010284423828,
    "specimen_id": 324493977,
    "stimulus_absolute_amplitude": 249.999992929517,
    "stimulus_description": "C1LSCOARSE150112[18]",
    "stimulus_duration": 0.999995,
    "stimulus_interval": 0.0,
    "stimulus_name": "Long Square",
    "stimulus_relative_amplitude": 1.0,
    "stimulus_start_time": 0.92,
    "stimulus_units": "pA",
    "sweep_number": 44,
    "vm_delta_mv": 0.24676513671875
  },
  {
    "bridge_balance_mohm": 14.6520147323608,
    "id": 396377790,
    "leak_pa": 0.0,
    "num_spikes": 13,
    "peak_deflection": 0.0,
    "post_noise_rms_mv": 0.0,
    "post_vm_mv": 0.0,
    "pre_noise_rms_mv": 0.03940200060606,
    "pre_vm_mv": -72.1510162353516,
    "slow_noise_rms_mv": 0.0890443027019501,
    "slow_vm_mv": -72.1510162353516,
    "specimen_id": 324493977,
    "stimulus_absolute_amplitude": 800.000010681146,
    "stimulus_description": "C1RP25PR1S141203[0]",
    "stimulus_duration": 31.997495,
    "stimulus_interval": 0.0,
    "stimulus_name": "Ramp",
    "stimulus_relative_amplitude": 1.0,
    "stimulus_start_time": 0.9225,
    "stimulus_units": "pA",
    "sweep_number": 4,
    "vm_delta_mv": 0.0
  },
  {
    "bridge_balance_mohm": 18.4371185302734,
    "id": 396377916,
    "leak_pa": 0.0,
    "num_spikes": 0,
    "peak_deflection": 0.0,
    "post_noise_rms_mv": 0.0365849584341049,
    "post_vm_mv": -79.8698501586914,
    "pre_noise_rms_mv": 0.0525688342750072,
    "pre_vm_mv": -79.8842010498047,
    "slow_noise_rms_mv": 0.160605773329735,
    "slow_vm_mv": -79.8842010498047,
    "specimen_id": 324493977,
    "stimulus_absolute_amplitude": 499.999985859034,
    "stimulus_description": "C2SSHM80CS150112[4]",
    "stimulus_duration": 0.002995,
    "stimulus_interval": 0.0,
    "stimulus_name": "Short Square - Hold -80mV",
    "stimulus_relative_amplitude": 1.0,
    "stimulus_start_time": 0.92,
    "stimulus_units": "pA",
    "sweep_number": 97,
    "vm_delta_mv": 0.0143508911132812
  },
  {
    "bridge_balance_mohm": 14.6520147323608,
    "id": 396377744,
    "leak_pa": 0.0,
    "num_spikes": 0,
    "peak_deflection": 0.0,
    "post_noise_rms_mv": 0.0387255996465683,
    "post_vm_mv": -72.2957382202148,
    "pre_noise_rms_mv": 0.0370369255542755,
    "pre_vm_mv": -72.3221664428711,
    "slow_noise_rms_mv": 0.202654331922531,
    "slow_vm_mv": -72.3221664428711,
    "specimen_id": 324493977,
    "stimulus_absolute_amplitude": 770.000008198934,
    "stimulus_description": "C1SSFINEST150112[0]",
    "stimulus_duration": 0.002995,
    "stimulus_interval": 0.0,
    "stimulus_name": "Short Square",
    "stimulus_relative_amplitude": 7.7,
    "stimulus_start_time": 0.92,
    "stimulus_units": "pA",
    "sweep_number": 19,
    "vm_delta_mv": 0.02642822265625
  },
  {
    "bridge_balance_mohm": 14.6520147323608,
    "id": 396377794,
    "leak_pa": 0.0,
    "num_spikes": 27,
    "peak_deflection": 0.0,
    "post_noise_rms_mv": 0.0410224907100201,
    "post_vm_mv": -71.0254745483398,
    "pre_noise_rms_mv": 0.0449682846665382,
    "pre_vm_mv": -71.7304153442383,
    "slow_noise_rms_mv": 0.170710667967796,
    "slow_vm_mv": -71.7304153442383,
    "specimen_id": 324493977,
    "stimulus_absolute_amplitude": 190.000001842883,
    "stimulus_description": "C1LSCOARSE150112[15]",
    "stimulus_duration": 0.999995,
    "stimulus_interval": 0.0,
    "stimulus_name": "Long Square",
    "stimulus_relative_amplitude": 1.0,
    "stimulus_start_time": 0.92,
    "stimulus_units": "pA",
    "sweep_number": 41,
    "vm_delta_mv": 0.704940795898438
  },
  {
    "bridge_balance_mohm": 14.6520147323608,
    "id": 396377766,
    "leak_pa": 0.0,
    "num_spikes": 0,
    "peak_deflection": -82.0,
    "post_noise_rms_mv": 0.0454065687954426,
    "post_vm_mv": -71.8936386108398,
    "pre_noise_rms_mv": 0.0339745096862316,
    "pre_vm_mv": -71.910514831543,
    "slow_noise_rms_mv": 0.23919877409935,
    "slow_vm_mv": -71.910514831543,
    "specimen_id": 324493977,
    "stimulus_absolute_amplitude": -50.0000006675716,
    "stimulus_description": "C1LSCOARSE150112[3]",
    "stimulus_duration": 0.999995,
    "stimulus_interval": 0.0,
    "stimulus_name": "Long Square",
    "stimulus_relative_amplitude": 1.0,
    "stimulus_start_time": 0.92,
    "stimulus_units": "pA",
    "sweep_number": 29,
    "vm_delta_mv": 0.016876220703125
  },
  {
    "bridge_balance_mohm": 18.4371185302734,
    "id": 396377894,
    "leak_pa": 0.0,
    "num_spikes": 3,
    "peak_deflection": 0.0,
    "post_noise_rms_mv": 0.0466388165950775,
    "post_vm_mv": -72.8010330200195,
    "pre_noise_rms_mv": 0.0380845926702023,
    "pre_vm_mv": -72.2883834838867,
    "slow_noise_rms_mv": 0.110300175845623,
    "slow_vm_mv": -72.2883834838867,
    "specimen_id": 324493977,
    "stimulus_absolute_amplitude": 780.000009026338,
    "stimulus_description": "C2SSTRIPLE141203[2]",
    "stimulus_duration": 0.032995,
    "stimulus_interval": 0.012,
    "stimulus_name": "Short Square - Triple",
    "stimulus_relative_amplitude": 7.8,
    "stimulus_start_time": 1.92,
    "stimulus_units": "pA",
    "sweep_number": 87,
    "vm_delta_mv": 0.512649536132812
  },
  {
    "bridge_balance_mohm": 18.4371185302734,
    "id": 396377914,
    "leak_pa": 0.0,
    "num_spikes": 0,
    "peak_deflection": 0.0,
    "post_noise_rms_mv": 0.0495323874056339,
    "post_vm_mv": -79.8257369995117,
    "pre_noise_rms_mv": 0.0344385467469692,
    "pre_vm_mv": -79.9009628295898,
    "slow_noise_rms_mv": 0.129368171095848,
    "slow_vm_mv": -79.9009628295898,
    "specimen_id": 324493977,
    "stimulus_absolute_amplitude": 400.000005340573,
    "stimulus_description": "C2SSHM80CS150112[3]",
    "stimulus_duration": 0.002995,
    "stimulus_interval": 0.0,
    "stimulus_name": "Short Square - Hold -80mV",
    "stimulus_relative_amplitude": 1.0,
    "stimulus_start_time": 0.92,
    "stimulus_units": "pA",
    "sweep_number": 96,
    "vm_delta_mv": 0.075225830078125
  },
  {
    "bridge_balance_mohm": 18.4371185302734,
    "id": 396377854,
    "leak_pa": 0.0,
    "num_spikes": 3,
    "peak_deflection": 0.0,
    "post_noise_rms_mv": 0.0404231436550617,
    "post_vm_mv": -72.8359985351562,
    "pre_noise_rms_mv": 0.0441266857087612,
    "pre_vm_mv": -72.1706314086914,
    "slow_noise_rms_mv": 0.184175848960876,
    "slow_vm_mv": -72.1706314086914,
    "specimen_id": 324493977,
    "stimulus_absolute_amplitude": 780.000009026338,
    "stimulus_description": "C2SSTRIPLE141203[0]",
    "stimulus_duration": 0.016995,
    "stimulus_interval": 0.004,
    "stimulus_name": "Short Square - Triple",
    "stimulus_relative_amplitude": 7.8,
    "stimulus_start_time": 1.92,
    "stimulus_units": "pA",
    "sweep_number": 69,
    "vm_delta_mv": 0.665367126464844
  },
  {
    "bridge_balance_mohm": 18.4371185302734,
    "id": 396377684,
    "leak_pa": 0.0,
    "num_spikes": 0,
    "peak_deflection": 0.0,
    "post_noise_rms_mv": 0.0466790311038494,
    "post_vm_mv": -79.9374465942383,
    "pre_noise_rms_mv": 0.045200489461422,
    "pre_vm_mv": -79.9133682250977,
    "slow_noise_rms_mv": 0.091942086815834,
    "slow_vm_mv": -79.9133682250977,
    "specimen_id": 324493977,
    "stimulus_absolute_amplitude": 900.000018955183,
    "stimulus_description": "C2SSHM80FN150112[0]",
    "stimulus_duration": 0.002995,
    "stimulus_interval": 0.0,
    "stimulus_name": "Short Square - Hold -80mV",
    "stimulus_relative_amplitude": 9.0,
    "stimulus_start_time": 0.92,
    "stimulus_units": "pA",
    "sweep_number": 105,
    "vm_delta_mv": 0.024078369140625
  },
  {
    "bridge_balance_mohm": 18.4371185302734,
    "id": 396377704,
    "leak_pa": 0.0,
    "num_spikes": 0,
    "peak_deflection": 0.0,
    "post_noise_rms_mv": 0.0425300449132919,
    "post_vm_mv": -59.7562484741211,
    "pre_noise_rms_mv": 0.0383322834968567,
    "pre_vm_mv": -59.7902488708496,
    "slow_noise_rms_mv": 0.156631425023079,
    "slow_vm_mv": -59.7902488708496,
    "specimen_id": 324493977,
    "stimulus_absolute_amplitude": 299.999997066536,
    "stimulus_description": "C2SSHM60CS150112[2]",
    "stimulus_duration": 0.002995,
    "stimulus_interval": 0.0,
    "stimulus_name": "Short Square - Hold -60mV",
    "stimulus_relative_amplitude": 1.0,
    "stimulus_start_time": 0.92,
    "stimulus_units": "pA",
    "sweep_number": 114,
    "vm_delta_mv": 0.0340003967285156
  },
  {
    "bridge_balance_mohm": 18.4371185302734,
    "id": 396377712,
    "leak_pa": 0.0,
    "num_spikes": 0,
    "peak_deflection": 0.0,
    "post_noise_rms_mv": 0.0374039374291897,
    "post_vm_mv": -59.7455787658691,
    "pre_noise_rms_mv": 0.0393365025520325,
    "pre_vm_mv": -59.8588104248047,
    "slow_noise_rms_mv": 0.139573410153389,
    "slow_vm_mv": -59.8588104248047,
    "specimen_id": 324493977,
    "stimulus_absolute_amplitude": 390.000004513169,
    "stimulus_description": "C2SSHM60FN150112[0]",
    "stimulus_duration": 0.002995,
    "stimulus_interval": 0.0,
    "stimulus_name": "Short Square - Hold -60mV",
    "stimulus_relative_amplitude": 3.9,
    "stimulus_start_time": 0.92,
    "stimulus_units": "pA",
    "sweep_number": 118,
    "vm_delta_mv": 0.113231658935547
  },
  {
    "bridge_balance_mohm": 18.4371185302734,
    "id": 396377884,
    "leak_pa": 0.0,
    "num_spikes": 3,
    "peak_deflection": 0.0,
    "post_noise_rms_mv": 0.0434110835194588,
    "post_vm_mv": -72.8294143676758,
    "pre_noise_rms_mv": 0.0453604385256767,
    "pre_vm_mv": -72.3143692016602,
    "slow_noise_rms_mv": 0.0921609997749329,
    "slow_vm_mv": -72.3143692016602,
    "specimen_id": 324493977,
    "stimulus_absolute_amplitude": 780.000009026338,
    "stimulus_description": "C2SSTRIPLE141203[5]",
    "stimulus_duration": 0.056995,
    "stimulus_interval": 0.024,
    "stimulus_name": "Short Square - Triple",
    "stimulus_relative_amplitude": 7.8,
    "stimulus_start_time": 1.92,
    "stimulus_units": "pA",
    "sweep_number": 82,
    "vm_delta_mv": 0.515045166015625
  },
  {
    "bridge_balance_mohm": 14.6520147323608,
    "id": 396377808,
    "leak_pa": 0.0,
    "num_spikes": 76,
    "peak_deflection": 0.0,
    "post_noise_rms_mv": 0.031964223831892,
    "post_vm_mv": -71.3084335327148,
    "pre_noise_rms_mv": 0.0370051190257072,
    "pre_vm_mv": -71.8316421508789,
    "slow_noise_rms_mv": 0.125586941838264,
    "slow_vm_mv": -71.8316421508789,
    "specimen_id": 324493977,
    "stimulus_absolute_amplitude": 278.12499525659,
    "stimulus_description": "C1NSSEED_1150112[0]",
    "stimulus_duration": 18.999995,
    "stimulus_interval": 5.0,
    "stimulus_name": "Noise 1",
    "stimulus_relative_amplitude": 1.2,
    "stimulus_start_time": 1.92,
    "stimulus_units": "pA",
    "sweep_number": 48,
    "vm_delta_mv": 0.523208618164062
  },
  {
    "bridge_balance_mohm": 18.4371185302734,
    "id": 396377918,
    "leak_pa": 0.0,
    "num_spikes": 0,
    "peak_deflection": 0.0,
    "post_noise_rms_mv": 0.0356720127165318,
    "post_vm_mv": -79.7869720458984,
    "pre_noise_rms_mv": 0.0372773557901382,
    "pre_vm_mv": -79.7306594848633,
    "slow_noise_rms_mv": 0.19512827694416,
    "slow_vm_mv": -79.7306594848633,
    "specimen_id": 324493977,
    "stimulus_absolute_amplitude": 599.999994133071,
    "stimulus_description": "C2SSHM80CS150112[5]",
    "stimulus_duration": 0.002995,
    "stimulus_interval": 0.0,
    "stimulus_name": "Short Square - Hold -80mV",
    "stimulus_relative_amplitude": 1.0,
    "stimulus_start_time": 0.92,
    "stimulus_units": "pA",
    "sweep_number": 98,
    "vm_delta_mv": 0.0563125610351562
  }
]