[
  {
    "bridge_balance_mohm": 15.689866065979,
    "id": 396369751,
    "leak_pa": 0.0,
    "num_spikes": 0,
    "peak_deflection": 0.0,
    "post_noise_rms_mv": 0.0604656301438808,
    "post_vm_mv": -72.7654418945312,
    "pre_noise_rms_mv": 0.0396513976156712,
    "pre_vm_mv": -72.3745040893555,
    "slow_noise_rms_mv": 0.173096880316734,
    "slow_vm_mv": -72.3745040893555,
    "specimen_id": 324257146,
    "stimulus_absolute_amplitude": 319.999998721343,
    "stimulus_description": "C1SSFINEST150112[0]",
    "stimulus_duration": 0.002995,
    "stimulus_interval": 0.0,
    "stimulus_name": "Short Square",
    "stimulus_relative_amplitude": 3.2,
    "stimulus_start_time": 0.92,
    "stimulus_units": "pA",
    "sweep_number": 15,
    "vm_delta_mv": 0.390937805175781
  },
  {
    "bridge_balance_mohm": 15.689866065979,
    "id": 396369859,
    "leak_pa": 0.0,
    "num_spikes": 15,
    "peak_deflection": 0.0,
    "post_noise_rms_mv": 0.0,
    "post_vm_mv": 0.0,
    "pre_noise_rms_mv": 0.0521405674517155,
    "pre_vm_mv": -72.040901184082,
    "slow_noise_rms_mv": 0.221365004777908,
    "slow_vm_mv": -72.040901184082,
    "specimen_id": 324257146,
    "stimulus_absolute_amplitude": 800.000010681146,
    "stimulus_description": "C1RP25PR1S141203[0]",
    "stimulus_duration": 31.997495,
    "stimulus_interval": 0.0,
    "stimulus_name": "Ramp",
    "stimulus_relative_amplitude": 1.0,
    "stimulus_start_time": 0.9225,
    "stimulus_units": "pA",
    "sweep_number": 6,
    "vm_delta_mv": 0.0
  },
  {
    "bridge_balance_mohm": 15.689866065979,
    "id": 396369867,
    "leak_pa": 0.0,
    "num_spikes": 3,
    "peak_deflection": 0.0,
    "post_noise_rms_mv": 0.065903328359127,
    "post_vm_mv": -71.7888565063477,
    "pre_noise_rms_mv": 0.0389499925076962,
    "pre_vm_mv": -71.7181243896484,
    "slow_noise_rms_mv": 0.2107103317976,
    "slow_vm_mv": -71.7181243896484,
    "specimen_id": 324257146,
    "stimulus_absolute_amplitude": 329.999999548747,
    "stimulus_description": "C2SSTRIPLE141203[3]",
    "stimulus_duration": 0.040995,
    "stimulus_interval": 0.016,
    "stimulus_name": "Short Square - Triple",
    "stimulus_relative_amplitude": 3.3,
    "stimulus_start_time": 1.92,
    "stimulus_units": "pA",
    "sweep_number": 63,
    "vm_delta_mv": 0.0707321166992188
  },
  {
    "bridge_balance_mohm": 15.689866065979,
    "id": 396369759,
    "leak_pa": 0.0,
    "num_spikes": 1,
    "peak_deflection": 0.0,
    "post_noise_rms_mv": 0.0526195913553238,
    "post_vm_mv": -71.6048278808594,
    "pre_noise_rms_mv": 0.0430066324770451,
    "pre_vm_mv": -71.4193420410156,
    "slow_noise_rms_mv": 0.190863430500031,
    "slow_vm_mv": -71.4193420410156,
    "specimen_id": 324257146,
    "stimulus_absolute_amplitude": 329.999999548747,
    "stimulus_description": "C1SSFINEST150112[0]",
    "stimulus_duration": 0.002995,
    "stimulus_interval": 0.0,
    "stimulus_name": "Short Square",
    "stimulus_relative_amplitude": 3.3,
    "stimulus_start_time": 0.92,
    "stimulus_units": "pA",
    "sweep_number": 19,
    "vm_delta_mv": 0.18548583984375
  },
  {
    "bridge_balance_mohm": 15.689866065979,
    "id": 396369919,
    "leak_pa": 0.0,
    "num_spikes": 1,
    "peak_deflection": 0.0,
    "post_noise_rms_mv": 0.0451962165534496,
    "post_vm_mv": -82.1366882324219,
    "pre_noise_rms_mv": 0.0466993004083633,
    "pre_vm_mv": -82.2717666625977,
    "slow_noise_rms_mv": 0.179916232824326,
    "slow_vm_mv": -82.2717666625977,
    "specimen_id": 324257146,
    "stimulus_absolute_amplitude": 400.000005340573,
    "stimulus_description": "C2SSHM80FN150112[0]",
    "stimulus_duration": 0.002995,
    "stimulus_interval": 0.0,
    "stimulus_name": "Short Square - Hold -80mV",
    "stimulus_relative_amplitude": 4.0,
    "stimulus_start_time": 0.92,
    "stimulus_units": "pA",
    "sweep_number": 87,
    "vm_delta_mv": 0.135078430175781
  },
  {
    "bridge_balance_mohm": 0.0,
    "id": 396369943,
    "leak_pa": 0.0,
    "num_spikes": 0,
    "peak_deflection": 0.0,
    "post_noise_rms_mv": 0.0440292656421661,
    "post_vm_mv": 2.35904932022095,
    "pre_noise_rms_mv": 0.0403536334633827,
    "pre_vm_mv": 2.32131338119507,
    "slow_noise_rms_mv": 0.0512868277728558,
    "slow_vm_mv": 2.32131338119507,
    "specimen_id": 324257146,
    "stimulus_absolute_amplitude": 0.0,
    "stimulus_description": "EXTPBLWOUT141203[0]",
    "stimulus_duration": 0.0,
    "stimulus_interval": 0.0,
    "stimulus_name": "Test",
    "stimulus_relative_amplitude": 1.0,
    "stimulus_start_time": 0.0,
    "stimulus_units": "pA",
    "sweep_number": 98,
    "vm_delta_mv": 0.0377359390258789
  },
  {
    "bridge_balance_mohm": 15.689866065979,
    "id": 396369869,
    "leak_pa": 0.0,
    "num_spikes": 3,
    "peak_deflection": 0.0,
    "post_noise_rms_mv": 0.0541850402951241,
    "post_vm_mv": -71.952507019043,
    "pre_noise_rms_mv": 0.0461105890572071,
    "pre_vm_mv": -72.0074768066406,
    "slow_noise_rms_mv": 0.183275416493416,
    "slow_vm_mv": -72.0074768066406,
    "specimen_id": 324257146,
    "stimulus_absolute_amplitude": 329.999999548747,
    "stimulus_description": "C2SSTRIPLE141203[4]",
    "stimulus_duration": 0.048995,
    "stimulus_interval": 0.02,
    "stimulus_name": "Short Square - Triple",
    "stimulus_relative_amplitude": 3.3,
    "stimulus_start_time": 1.92,
    "stimulus_units": "pA",
    "sweep_number": 64,
    "vm_delta_mv": 0.0549697875976562
  },
  {
    "bridge_balance_mohm": 0.0,
    "id": 396369739,
    "leak_pa": 0.0,
    "num_spikes": 0,
    "peak_deflection": 0.0,
    "post_noise_rms_mv": 0.0,
    "post_vm_mv": 0.0,
    "pre_noise_rms_mv": 0.0,
    "pre_vm_mv": 0.0,
    "slow_noise_rms_mv": 0.0,
    "slow_vm_mv": 0.0,
    "specimen_id": 324257146,
    "stimulus_absolute_amplitude": 9.99999977648258,
    "stimulus_description": "EXTPINBATH141203[0]",
    "stimulus_duration": 0.069995,
    "stimulus_interval": 0.05,
    "stimulus_name": "Test",
    "stimulus_relative_amplitude": 1.0,
    "stimulus_start_time": 0.03,
    "stimulus_units": "mV",
    "sweep_number": 1,
    "vm_delta_mv": 0.0
  },
  {
    "bridge_balance_mohm": 15.689866065979,
    "id": 396369847,
    "leak_pa": 0.0,
    "num_spikes": 3,
    "peak_deflection": 0.0,
    "post_noise_rms_mv": 0.0455007031559944,
    "post_vm_mv": -73.284423828125,
    "pre_noise_rms_mv": 0.0442630127072334,
    "pre_vm_mv": -72.3678359985352,
    "slow_noise_rms_mv": 0.266850292682648,
    "slow_vm_mv": -72.3678359985352,
    "specimen_id": 324257146,
    "stimulus_absolute_amplitude": 329.999999548747,
    "stimulus_description": "C2SSTRIPLE141203[2]",
    "stimulus_duration": 0.032995,
    "stimulus_interval": 0.012,
    "stimulus_name": "Short Square - Triple",
    "stimulus_relative_amplitude": 3.3,
    "stimulus_start_time": 1.92,
    "stimulus_units": "pA",
    "sweep_number": 54,
    "vm_delta_mv": 0.916587829589844
  },
  {
    "bridge_balance_mohm": 0.0,
    "id": 396369787,
    "leak_pa": 0.0,
    "num_spikes": 0,
    "peak_deflection": 0.0,
    "post_noise_rms_mv": 0.0,
    "post_vm_mv": 0.0,
    "pre_noise_rms_mv": 0.0,
    "pre_vm_mv": 0.0,
    "slow_noise_rms_mv": 0.0,
    "slow_vm_mv": 0.0,
    "specimen_id": 324257146,
    "stimulus_absolute_amplitude": 9.99999977648258,
    "stimulus_description": "EXTPBREAKN141203[0]",
    "stimulus_duration": 0.069995,
    "stimulus_interval": 0.05,
    "stimulus_name": "Test",
    "stimulus_relative_amplitude": 1.0,
    "stimulus_start_time": 0.03,
    "stimulus_units": "mV",
    "sweep_number": 3,
    "vm_delta_mv": 0.0
  },
  {
    "bridge_balance_mohm": 15.689866065979,
    "id": 396369915,
    "leak_pa": 0.0,
    "num_spikes": 1,
    "peak_deflection": 0.0,
    "post_noise_rms_mv": 0.0470376759767532,
    "post_vm_mv": -81.6513671875,
    "pre_noise_rms_mv": 0.0486467108130455,
    "pre_vm_mv": -81.7095642089844,
    "slow_noise_rms_mv": 0.376256227493286,
    "slow_vm_mv": -81.7095642089844,
    "specimen_id": 324257146,
    "stimulus_absolute_amplitude": 400.000005340573,
    "stimulus_description": "C2SSHM80FN150112[0]",
    "stimulus_duration": 0.002995,
    "stimulus_interval": 0.0,
    "stimulus_name": "Short Square - Hold -80mV",
    "stimulus_relative_amplitude": 4.0,
    "stimulus_start_time": 0.92,
    "stimulus_units": "pA",
    "sweep_number": 85,
    "vm_delta_mv": 0.058197021484375
  },
  {
    "bridge_balance_mohm": 15.689866065979,
    "id": 396369881,
    "leak_pa": 0.0,
    "num_spikes": 0,
    "peak_deflection": 0.0,
    "post_noise_rms_mv": 0.0500693395733833,
    "post_vm_mv": -71.6258087158203,
    "pre_noise_rms_mv": 0.0434560291469097,
    "pre_vm_mv": -71.1024322509766,
    "slow_noise_rms_mv": 0.470420330762863,
    "slow_vm_mv": -71.1024322509766,
    "specimen_id": 324257146,
    "stimulus_absolute_amplitude": 100.000001335143,
    "stimulus_description": "C1SSCOARSE150112[0]",
    "stimulus_duration": 0.002995,
    "stimulus_interval": 0.0,
    "stimulus_name": "Short Square",
    "stimulus_relative_amplitude": 1.0,
    "stimulus_start_time": 0.92,
    "stimulus_units": "pA",
    "sweep_number": 7,
    "vm_delta_mv": 0.52337646484375
  },
  {
    "bridge_balance_mohm": 15.689866065979,
    "id": 396369903,
    "leak_pa": 0.0,
    "num_spikes": 0,
    "peak_deflection": 0.0,
    "post_noise_rms_mv": 0.0604587756097317,
    "post_vm_mv": -71.6452713012695,
    "pre_noise_rms_mv": 0.0461046621203423,
    "pre_vm_mv": -72.3286514282227,
    "slow_noise_rms_mv": 0.331549853086472,
    "slow_vm_mv": -72.3286514282227,
    "specimen_id": 324257146,
    "stimulus_absolute_amplitude": 200.000002670286,
    "stimulus_description": "C1SSCOARSE150112[1]",
    "stimulus_duration": 0.002995,
    "stimulus_interval": 0.0,
    "stimulus_name": "Short Square",
    "stimulus_relative_amplitude": 1.0,
    "stimulus_start_time": 0.92,
    "stimulus_units": "pA",
    "sweep_number": 8,
    "vm_delta_mv": 0.683380126953125
  },
  {
    "bridge_balance_mohm": 15.689866065979,
    "id": 396369775,
    "leak_pa": 0.0,
    "num_spikes": 0,
    "peak_deflection": -87.5,
    "post_noise_rms_mv": 0.0502631776034832,
    "post_vm_mv": -73.1928787231445,
    "pre_noise_rms_mv": 0.0467841923236847,
    "pre_vm_mv": -72.5996932983398,
    "slow_noise_rms_mv": 0.212161049246788,
    "slow_vm_mv": -72.5996932983398,
    "specimen_id": 324257146,
    "stimulus_absolute_amplitude": -50.0000006675716,
    "stimulus_description": "C1LSCOARSE150112[3]",
    "stimulus_duration": 0.999995,
    "stimulus_interval": 0.0,
    "stimulus_name": "Long Square",
    "stimulus_relative_amplitude": 1.0,
    "stimulus_start_time": 0.92,
    "stimulus_units": "pA",
    "sweep_number": 24,
    "vm_delta_mv": 0.593185424804688
  },
  {
    "bridge_balance_mohm": 15.689866065979,
    "id": 396369853,
    "leak_pa": 0.0,
    "num_spikes": 3,
    "peak_deflection": 0.0,
    "post_noise_rms_mv": 0.0452353656291962,
    "post_vm_mv": -74.5312728881836,
    "pre_noise_rms_mv": 0.0495177730917931,
    "pre_vm_mv": -74.1144866943359,
    "slow_noise_rms_mv": 0.252036601305008,
    "slow_vm_mv": -74.1144866943359,
    "specimen_id": 324257146,
    "stimulus_absolute_amplitude": 329.999999548747,
    "stimulus_description": "C2SSTRIPLE141203[5]",
    "stimulus_duration": 0.056995,
    "stimulus_interval": 0.024,
    "stimulus_name": "Short Square - Triple",
    "stimulus_relative_amplitude": 3.3,
    "stimulus_start_time": 1.92,
    "stimulus_units": "pA",
    "sweep_number": 57,
    "vm_delta_mv": 0.416786193847656
  },
  {
    "bridge_balance_mohm": 15.689866065979,
    "id": 396369895,
    "leak_pa": 0.0,
    "num_spikes": 0,
    "peak_deflection": 0.0,
    "post_noise_rms_mv": 0.063455305993557,
    "post_vm_mv": -80.1420440673828,
    "pre_noise_rms_mv": 0.0424932576715946,
    "pre_vm_mv": -80.819580078125,
    "slow_noise_rms_mv": 0.240389421582222,
    "slow_vm_mv": -80.819580078125,
    "specimen_id": 324257146,
    "stimulus_absolute_amplitude": 100.000001335143,
    "stimulus_description": "C2SSHM80CS150112[0]",
    "stimulus_duration": 0.002995,
    "stimulus_interval": 0.0,
    "stimulus_name": "Short Square - Hold -80mV",
    "stimulus_relative_amplitude": 1.0,
    "stimulus_start_time": 0.92,
    "stimulus_units": "pA",
    "sweep_number": 76,
    "vm_delta_mv": 0.677536010742188
  },
  {
    "bridge_balance_mohm": 15.689866065979,
    "id": 396369857,
    "leak_pa": 0.0,
    "num_spikes": 3,
    "peak_deflection": 0.0,
    "post_noise_rms_mv": 0.0491361618041992,
    "post_vm_mv": -73.1982727050781,
    "pre_noise_rms_mv": 0.0335001945495605,
    "pre_vm_mv": -72.7355270385742,
    "slow_noise_rms_mv": 0.340371936559677,
    "slow_vm_mv": -72.7355270385742,
    "specimen_id": 324257146,
    "stimulus_absolute_amplitude": 329.999999548747,
    "stimulus_description": "C2SSTRIPLE141203[7]",
    "stimulus_duration": 0.072995,
    "stimulus_interval": 0.032,
    "stimulus_name": "Short Square - Triple",
    "stimulus_relative_amplitude": 3.3,
    "stimulus_start_time": 1.92,
    "stimulus_units": "pA",
    "sweep_number": 59,
    "vm_delta_mv": 0.462745666503906
  },
  {
    "bridge_balance_mohm": 15.689866065979,
    "id": 396369879,
    "leak_pa": 0.0,
    "num_spikes": 3,
    "peak_deflection": 0.0,
    "post_noise_rms_mv": 0.0495464578270912,
    "post_vm_mv": -72.7578887939453,
    "pre_noise_rms_mv": 0.0422029532492161,
    "pre_vm_mv": -72.0862884521484,
    "slow_noise_rms_mv": 0.331675618886948,
    "slow_vm_mv": -72.0862884521484,
    "specimen_id": 324257146,
    "stimulus_absolute_amplitude": 329.999999548747,
    "stimulus_description": "C2SSTRIPLE141203[1]",
    "stimulus_duration": 0.024995,
    "stimulus_interval": 0.008,
    "stimulus_name": "Short Square - Triple",
    "stimulus_relative_amplitude": 3.3,
    "stimulus_start_time": 1.92,
    "stimulus_units": "pA",
    "sweep_number": 69,
    "vm_delta_mv": 0.671600341796875
  },
  {
    "bridge_balance_mohm": 15.689866065979,
    "id": 396369833,
    "leak_pa": 0.0,
    "num_spikes": 77,
    "peak_deflection": 0.0,
    "post_noise_rms_mv": 0.0455782823264599,
    "post_vm_mv": -71.9337921142578,
    "pre_noise_rms_mv": 0.0410551354289055,
    "pre_vm_mv": -71.3286285400391,
    "slow_noise_rms_mv": 0.359512120485306,
    "slow_vm_mv": -71.3286285400391,
    "specimen_id": 324257146,
    "stimulus_absolute_amplitude": 129.99999687846,
    "stimulus_description": "C2SQRHELNG150112[0]",
    "stimulus_duration": 1.999995,
    "stimulus_interval": 0.0,
    "stimulus_name": "Square - 2s Suprathreshold",
    "stimulus_relative_amplitude": 1.3,
    "stimulus_start_time": 0.92,
    "stimulus_units": "pA",
    "sweep_number": 49,
    "vm_delta_mv": 0.60516357421875
  },
  {
    "bridge_balance_mohm": 15.689866065979,
    "id": 396369841,
    "leak_pa": 0.0,
    "num_spikes": 89,
    "peak_deflection": 0.0,
    "post_noise_rms_mv": 0.0468598753213882,
    "post_vm_mv": -70.7794189453125,
    "pre_noise_rms_mv": 0.0360998213291168,
    "pre_vm_mv": -71.1331787109375,
    "slow_noise_rms_mv": 0.35016280412674,
    "slow_vm_mv": -71.1331787109375,
    "specimen_id": 324257146,
    "stimulus_absolute_amplitude": 129.99999687846,
    "stimulus_description": "C2SQRHELNG150112[0]",
    "stimulus_duration": 1.999995,
    "stimulus_interval": 0.0,
    "stimulus_name": "Square - 2s Suprathreshold",
    "stimulus_relative_amplitude": 1.3,
    "stimulus_start_time": 0.92,
    "stimulus_units": "pA",
    "sweep_number": 51,
    "vm_delta_mv": 0.353759765625
  },
  {
    "bridge_balance_mohm": 15.689866065979,
    "id": 396369907,
    "leak_pa": 0.0,
    "num_spikes": 0,
    "peak_deflection": 0.0,
    "post_noise_rms_mv": 0.046328604221344,
    "post_vm_mv": -81.9425582885742,
    "pre_noise_rms_mv": 0.0461278185248375,
    "pre_vm_mv": -81.8405990600586,
    "slow_noise_rms_mv": 0.285782516002655,
    "slow_vm_mv": -81.8405990600586,
    "specimen_id": 324257146,
    "stimulus_absolute_amplitude": 380.000003685765,
    "stimulus_description": "C2SSHM80FN150112[0]",
    "stimulus_duration": 0.002995,
    "stimulus_interval": 0.0,
    "stimulus_name": "Short Square - Hold -80mV",
    "stimulus_relative_amplitude": 3.8,
    "stimulus_start_time": 0.92,
    "stimulus_units": "pA",
    "sweep_number": 81,
    "vm_delta_mv": 0.101959228515625
  },
  {
    "bridge_balance_mohm": 15.689866065979,
    "id": 396369863,
    "leak_pa": 0.0,
    "num_spikes": 3,
    "peak_deflection": 0.0,
    "post_noise_rms_mv": 0.0452630668878555,
    "post_vm_mv": -73.0568695068359,
    "pre_noise_rms_mv": 0.0480190142989159,
    "pre_vm_mv": -72.1032562255859,
    "slow_noise_rms_mv": 0.23367278277874,
    "slow_vm_mv": -72.1032562255859,
    "specimen_id": 324257146,
    "stimulus_absolute_amplitude": 329.999999548747,
    "stimulus_description": "C2SSTRIPLE141203[1]",
    "stimulus_duration": 0.024995,
    "stimulus_interval": 0.008,
    "stimulus_name": "Short Square - Triple",
    "stimulus_relative_amplitude": 3.3,
    "stimulus_start_time": 1.92,
    "stimulus_units": "pA",
    "sweep_number": 61,
    "vm_delta_mv": 0.95361328125
  },
  {
    "bridge_balance_mohm": 15.689866065979,
    "id": 396369743,
    "leak_pa": 0.0,
    "num_spikes": 1,
    "peak_deflection": 0.0,
    "post_noise_rms_mv": 0.0393628627061844,
    "post_vm_mv": -71.7305374145508,
    "pre_noise_rms_mv": 0.0539757944643497,
    "pre_vm_mv": -72.3641967773438,
    "slow_noise_rms_mv": 0.38350185751915,
    "slow_vm_mv": -72.3641967773438,
    "specimen_id": 324257146,
    "stimulus_absolute_amplitude": 350.000001203554,
    "stimulus_description": "C1SSFINEST150112[0]",
    "stimulus_duration": 0.002995,
    "stimulus_interval": 0.0,
    "stimulus_name": "Short Square",
    "stimulus_relative_amplitude": 3.5,
    "stimulus_start_time": 0.92,
    "stimulus_units": "pA",
    "sweep_number": 11,
    "vm_delta_mv": 0.633659362792969
  },
  {
    "bridge_balance_mohm": 15.689866065979,
    "id": 396369885,
    "leak_pa": 0.0,
    "num_spikes": 3,
    "peak_deflection": 0.0,
    "post_noise_rms_mv": 0.0428253076970577,
    "post_vm_mv": -73.2539367675781,
    "pre_noise_rms_mv": 0.0475338585674763,
    "pre_vm_mv": -72.6466751098633,
    "slow_noise_rms_mv": 0.148508355021477,
    "slow_vm_mv": -72.6466751098633,
    "specimen_id": 324257146,
    "stimulus_absolute_amplitude": 329.999999548747,
    "stimulus_description": "C2SSTRIPLE141203[3]",
    "stimulus_duration": 0.040995,
    "stimulus_interval": 0.016,
    "stimulus_name": "Short Square - Triple",
    "stimulus_relative_amplitude": 3.3,
    "stimulus_start_time": 1.92,
    "stimulus_units": "pA",
    "sweep_number": 71,
    "vm_delta_mv": 0.607261657714844
  },
  {
    "bridge_balance_mohm": 15.689866065979,
    "id": 396369861,
    "leak_pa": 0.0,
    "num_spikes": 3,
    "peak_deflection": 0.0,
    "post_noise_rms_mv": 0.037030603736639,
    "post_vm_mv": -73.3824615478516,
    "pre_noise_rms_mv": 0.0434597060084343,
    "pre_vm_mv": -72.4700012207031,
    "slow_noise_rms_mv": 0.182031288743019,
    "slow_vm_mv": -72.4700012207031,
    "specimen_id": 324257146,
    "stimulus_absolute_amplitude": 329.999999548747,
    "stimulus_description": "C2SSTRIPLE141203[0]",
    "stimulus_duration": 0.016995,
    "stimulus_interval": 0.004,
    "stimulus_name": "Short Square - Triple",
    "stimulus_relative_amplitude": 3.3,
    "stimulus_start_time": 1.92,
    "stimulus_units": "pA",
    "sweep_number": 60,
    "vm_delta_mv": 0.912460327148438
  },
  {
    "bridge_balance_mohm": 15.689866065979,
    "id": 396369887,
    "leak_pa": 0.0,
    "num_spikes": 3,
    "peak_deflection": 0.0,
    "post_noise_rms_mv": 0.038692519068718,
    "post_vm_mv": -72.9307403564453,
    "pre_noise_rms_mv": 0.0491446554660797,
    "pre_vm_mv": -72.5610580444336,
    "slow_noise_rms_mv": 0.163373038172722,
    "slow_vm_mv": -72.5610580444336,
    "specimen_id": 324257146,
    "stimulus_absolute_amplitude": 329.999999548747,
    "stimulus_description": "C2SSTRIPLE141203[4]",
    "stimulus_duration": 0.048995,
    "stimulus_interval": 0.02,
    "stimulus_name": "Short Square - Triple",
    "stimulus_relative_amplitude": 3.3,
    "stimulus_start_time": 1.92,
    "stimulus_units": "pA",
    "sweep_number": 72,
    "vm_delta_mv": 0.369682312011719
  },
  {
    "bridge_balance_mohm": 15.689866065979,
    "id": 396369875,
    "leak_pa": 0.0,
    "num_spikes": 3,
    "peak_deflection": 0.0,
    "post_noise_rms_mv": 0.0434107631444931,
    "post_vm_mv": -73.4892730712891,
    "pre_noise_rms_mv": 0.0446816124022007,
    "pre_vm_mv": -72.7959442138672,
    "slow_noise_rms_mv": 0.191509589552879,
    "slow_vm_mv": -72.7959442138672,
    "specimen_id": 324257146,
    "stimulus_absolute_amplitude": 329.999999548747,
    "stimulus_description": "C2SSTRIPLE141203[7]",
    "stimulus_duration": 0.072995,
    "stimulus_interval": 0.032,
    "stimulus_name": "Short Square - Triple",
    "stimulus_relative_amplitude": 3.3,
    "stimulus_start_time": 1.92,
    "stimulus_units": "pA",
    "sweep_number": 67,
    "vm_delta_mv": 0.693328857421875
  },
  {
    "bridge_balance_mohm": 0.0,
    "id": 396369939,
    "leak_pa": 0.0,
    "num_spikes": 0,
    "peak_deflection": 0.0,
    "post_noise_rms_mv": 0.0,
    "post_vm_mv": 0.0,
    "pre_noise_rms_mv": 0.0,
    "pre_vm_mv": 0.0,
    "slow_noise_rms_mv": 0.0,
    "slow_vm_mv": 0.0,
    "specimen_id": 324257146,
    "stimulus_absolute_amplitude": 9.99999977648258,
    "stimulus_description": "EXTPEXPEND141203[0]",
    "stimulus_duration": 0.069995,
    "stimulus_interval": 0.05,
    "stimulus_name": "Test",
    "stimulus_relative_amplitude": 1.0,
    "stimulus_start_time": 0.03,
    "stimulus_units": "mV",
    "sweep_number": 96,
    "vm_delta_mv": 0.0
  },
  {
    "bridge_balance_mohm": 15.689866065979,
    "id": 396369893,
    "leak_pa": 0.0,
    "num_spikes": 3,
    "peak_deflection": 0.0,
    "post_noise_rms_mv": 0.0454648733139038,
    "post_vm_mv": -71.1412124633789,
    "pre_noise_rms_mv": 0.0461585633456707,
    "pre_vm_mv": -70.8203887939453,
    "slow_noise_rms_mv": 0.178524017333984,
    "slow_vm_mv": -70.8203887939453,
    "specimen_id": 324257146,
    "stimulus_absolute_amplitude": 329.999999548747,
    "stimulus_description": "C2SSTRIPLE141203[7]",
    "stimulus_duration": 0.072995,
    "stimulus_interval": 0.032,
    "stimulus_name": "Short Square - Triple",
    "stimulus_relative_amplitude": 3.3,
    "stimulus_start_time": 1.92,
    "stimulus_units": "pA",
    "sweep_number": 75,
    "vm_delta_mv": 0.320823669433594
  },
  {
    "bridge_balance_mohm": 15.689866065979,
    "id": 396369901,
    "leak_pa": 0.0,
    "num_spikes": 1,
    "peak_deflection": 0.0,
    "post_noise_rms_mv": 0.0440803430974483,
    "post_vm_mv": -80.1012802124023,
    "pre_noise_rms_mv": 0.0458496101200581,
    "pre_vm_mv": -80.157356262207,
    "slow_noise_rms_mv": 0.197483897209167,
    "slow_vm_mv": -80.157356262207,
    "specimen_id": 324257146,
    "stimulus_absolute_amplitude": 400.000005340573,
    "stimulus_description": "C2SSHM80CS150112[3]",
    "stimulus_duration": 0.002995,
    "stimulus_interval": 0.0,
    "stimulus_name": "Short Square - Hold -80mV",
    "stimulus_relative_amplitude": 1.0,
    "stimulus_start_time": 0.92,
    "stimulus_units": "pA",
    "sweep_number": 79,
    "vm_delta_mv": 0.0560760498046875
  },
  {
    "bridge_balance_mohm": 15.689866065979,
    "id": 396369843,
    "leak_pa": 0.0,
    "num_spikes": 3,
    "peak_deflection": 0.0,
    "post_noise_rms_mv": 0.04826819896698,
    "post_vm_mv": -72.5543518066406,
    "pre_noise_rms_mv": 0.0430278740823269,
    "pre_vm_mv": -72.0455093383789,
    "slow_noise_rms_mv": 0.321235567331314,
    "slow_vm_mv": -72.0455093383789,
    "specimen_id": 324257146,
    "stimulus_absolute_amplitude": 329.999999548747,
    "stimulus_description": "C2SSTRIPLE141203[0]",
    "stimulus_duration": 0.016995,
    "stimulus_interval": 0.004,
    "stimulus_name": "Short Square - Triple",
    "stimulus_relative_amplitude": 3.3,
    "stimulus_start_time": 1.92,
    "stimulus_units": "pA",
    "sweep_number": 52,
    "vm_delta_mv": 0.508842468261719
  },
  {
    "bridge_balance_mohm": 15.689866065979,
    "id": 396369821,
    "leak_pa": 0.0,
    "num_spikes": 12,
    "peak_deflection": 0.0,
    "post_noise_rms_mv": 0.0371120944619179,
    "post_vm_mv": -69.0020141601562,
    "pre_noise_rms_mv": 0.046085424721241,
    "pre_vm_mv": -69.7979278564453,
    "slow_noise_rms_mv": 0.3034608066082,
    "slow_vm_mv": -69.7979278564453,
    "specimen_id": 324257146,
    "stimulus_absolute_amplitude": 50.0000006675716,
    "stimulus_description": "C2SQRHELNG150112[0]",
    "stimulus_duration": 1.999995,
    "stimulus_interval": 0.0,
    "stimulus_name": "Square - 2s Suprathreshold",
    "stimulus_relative_amplitude": 0.5,
    "stimulus_start_time": 0.92,
    "stimulus_units": "pA",
    "sweep_number": 44,
    "vm_delta_mv": 0.795913696289062
  },
  {
    "bridge_balance_mohm": 15.689866065979,
    "id": 396369913,
    "leak_pa": 0.0,
    "num_spikes": 0,
    "peak_deflection": 0.0,
    "post_noise_rms_mv": 0.0414700470864773,
    "post_vm_mv": -81.682502746582,
    "pre_noise_rms_mv": 0.0428814738988876,
    "pre_vm_mv": -81.9941635131836,
    "slow_noise_rms_mv": 0.320107042789459,
    "slow_vm_mv": -81.9941635131836,
    "specimen_id": 324257146,
    "stimulus_absolute_amplitude": 400.000005340573,
    "stimulus_description": "C2SSHM80FN150112[0]",
    "stimulus_duration": 0.002995,
    "stimulus_interval": 0.0,
    "stimulus_name": "Short Square - Hold -80mV",
    "stimulus_relative_amplitude": 4.0,
    "stimulus_start_time": 0.92,
    "stimulus_units": "pA",
    "sweep_number": 84,
    "vm_delta_mv": 0.311660766601562
  },
  {
    "bridge_balance_mohm": 15.689866065979,
    "id": 396369851,
    "leak_pa": 0.0,
    "num_spikes": 3,
    "peak_deflection": 0.0,
    "post_noise_rms_mv": 0.0497364923357964,
    "post_vm_mv": -74.5047225952148,
    "pre_noise_rms_mv": 0.0425277389585972,
    "pre_vm_mv": -73.5610885620117,
    "slow_noise_rms_mv": 0.194005697965622,
    "slow_vm_mv": -73.5610885620117,
    "specimen_id": 324257146,
    "stimulus_absolute_amplitude": 329.999999548747,
    "stimulus_description": "C2SSTRIPLE141203[4]",
    "stimulus_duration": 0.048995,
    "stimulus_interval": 0.02,
    "stimulus_name": "Short Square - Triple",
    "stimulus_relative_amplitude": 3.3,
    "stimulus_start_time": 1.92,
    "stimulus_units": "pA",
    "sweep_number": 56,
    "vm_delta_mv": 0.943634033203125
  },
  {
    "bridge_balance_mohm": 15.689866065979,
    "id": 396369891,
    "leak_pa": 0.0,
    "num_spikes": 3,
    "peak_deflection": 0.0,
    "post_noise_rms_mv": 0.0415999889373779,
    "post_vm_mv": -71.3547286987305,
    "pre_noise_rms_mv": 0.052110880613327,
    "pre_vm_mv": -70.9795150756836,
    "slow_noise_rms_mv": 0.199324995279312,
    "slow_vm_mv": -70.9795150756836,
    "specimen_id": 324257146,
    "stimulus_absolute_amplitude": 329.999999548747,
    "stimulus_description": "C2SSTRIPLE141203[6]",
    "stimulus_duration": 0.064995,
    "stimulus_interval": 0.028,
    "stimulus_name": "Short Square - Triple",
    "stimulus_relative_amplitude": 3.3,
    "stimulus_start_time": 1.92,
    "stimulus_units": "pA",
    "sweep_number": 74,
    "vm_delta_mv": 0.375213623046875
  },
  {
    "bridge_balance_mohm": 0.0,
    "id": 396369761,
    "leak_pa": 0.0,
    "num_spikes": 0,
    "peak_deflection": 0.0,
    "post_noise_rms_mv": 0.0,
    "post_vm_mv": 0.0,
    "pre_noise_rms_mv": 0.0,
    "pre_vm_mv": 0.0,
    "slow_noise_rms_mv": 0.0,
    "slow_vm_mv": 0.0,
    "specimen_id": 324257146,
    "stimulus_absolute_amplitude": 9.99999977648258,
    "stimulus_description": "EXTPCllATT141203[0]",
    "stimulus_duration": 0.069995,
    "stimulus_interval": 0.05,
    "stimulus_name": "Test",
    "stimulus_relative_amplitude": 1.0,
    "stimulus_start_time": 0.03,
    "stimulus_units": "mV",
    "sweep_number": 2,
    "vm_delta_mv": 0.0
  },
  {
    "bridge_balance_mohm": 0.0,
    "id": 396369941,
    "leak_pa": 0.0,
    "num_spikes": 0,
    "peak_deflection": 0.0,
    "post_noise_rms_mv": 0.0,
    "post_vm_mv": 0.0,
    "pre_noise_rms_mv": 0.0,
    "pre_vm_mv": 0.0,
    "slow_noise_rms_mv": 0.0,
    "slow_vm_mv": 0.0,
    "specimen_id": 324257146,
    "stimulus_absolute_amplitude": 9.99999977648258,
    "stimulus_description": "EXTPGGAEND141203[0]",
    "stimulus_duration": 0.069995,
    "stimulus_interval": 0.05,
    "stimulus_name": "Test",
    "stimulus_relative_amplitude": 1.0,
    "stimulus_start_time": 0.03,
    "stimulus_units": "mV",
    "sweep_number": 97,
    "vm_delta_mv": 0.0
  },
  {
    "bridge_balance_mohm": 15.689866065979,
    "id": 396369763,
    "leak_pa": 0.0,
    "num_spikes": 1,
    "peak_deflection": 0.0,
    "post_noise_rms_mv": 0.0536675378680229,
    "post_vm_mv": -71.2232437133789,
    "pre_noise_rms_mv": 0.0397171154618263,
    "pre_vm_mv": -71.3493728637695,
    "slow_noise_rms_mv": 0.236491471529007,
    "slow_vm_mv": -71.3493728637695,
    "specimen_id": 324257146,
    "stimulus_absolute_amplitude": 329.999999548747,
    "stimulus_description": "C1SSFINEST150112[0]",
    "stimulus_duration": 0.002995,
    "stimulus_interval": 0.0,
    "stimulus_name": "Short Square",
    "stimulus_relative_amplitude": 3.3,
    "stimulus_start_time": 0.92,
    "stimulus_units": "pA",
    "sweep_number": 20,
    "vm_delta_mv": 0.126129150390625
  },
  {
    "bridge_balance_mohm": 15.689866065979,
    "id": 396369889,
    "leak_pa": 0.0,
    "num_spikes": 3,
    "peak_deflection": 0.0,
    "post_noise_rms_mv": 0.049025759100914,
    "post_vm_mv": -71.4970626831055,
    "pre_noise_rms_mv": 0.0471333041787148,
    "pre_vm_mv": -70.9758377075195,
    "slow_noise_rms_mv": 0.312986940145493,
    "slow_vm_mv": -70.9758377075195,
    "specimen_id": 324257146,
    "stimulus_absolute_amplitude": 329.999999548747,
    "stimulus_description": "C2SSTRIPLE141203[5]",
    "stimulus_duration": 0.056995,
    "stimulus_interval": 0.024,
    "stimulus_name": "Short Square - Triple",
    "stimulus_relative_amplitude": 3.3,
    "stimulus_start_time": 1.92,
    "stimulus_units": "pA",
    "sweep_number": 73,
    "vm_delta_mv": 0.521224975585938
  },
  {
    "bridge_balance_mohm": 15.689866065979,
    "id": 396369795,
    "leak_pa": 0.0,
    "num_spikes": 36,
    "peak_deflection": 0.0,
    "post_noise_rms_mv": 0.0467408150434494,
    "post_vm_mv": -73.3318176269531,
    "pre_noise_rms_mv": 0.068341501057148,
    "pre_vm_mv": -73.8258438110352,
    "slow_noise_rms_mv": 0.261879771947861,
    "slow_vm_mv": -73.8258438110352,
    "specimen_id": 324257146,
    "stimulus_absolute_amplitude": 129.99999687846,
    "stimulus_description": "C1LSCOARSE150112[12]",
    "stimulus_duration": 0.999995,
    "stimulus_interval": 0.0,
    "stimulus_name": "Long Square",
    "stimulus_relative_amplitude": 1.0,
    "stimulus_start_time": 0.92,
    "stimulus_units": "pA",
    "sweep_number": 33,
    "vm_delta_mv": 0.494026184082031
  },
  {
    "bridge_balance_mohm": 15.689866065979,
    "id": 396369905,
    "leak_pa": 0.0,
    "num_spikes": 0,
    "peak_deflection": 0.0,
    "post_noise_rms_mv": 0.0503252409398556,
    "post_vm_mv": -80.4236679077148,
    "pre_noise_rms_mv": 0.0462681017816067,
    "pre_vm_mv": -80.708610534668,
    "slow_noise_rms_mv": 0.272067904472351,
    "slow_vm_mv": -80.708610534668,
    "specimen_id": 324257146,
    "stimulus_absolute_amplitude": 350.000001203554,
    "stimulus_description": "C2SSHM80FN150112[0]",
    "stimulus_duration": 0.002995,
    "stimulus_interval": 0.0,
    "stimulus_name": "Short Square - Hold -80mV",
    "stimulus_relative_amplitude": 3.5,
    "stimulus_start_time": 0.92,
    "stimulus_units": "pA",
    "sweep_number": 80,
    "vm_delta_mv": 0.284942626953125
  },
  {
    "bridge_balance_mohm": 15.689866065979,
    "id": 396369753,
    "leak_pa": 0.0,
    "num_spikes": 1,
    "peak_deflection": 0.0,
    "post_noise_rms_mv": 0.0402145087718964,
    "post_vm_mv": -72.3849563598633,
    "pre_noise_rms_mv": 0.0465960390865803,
    "pre_vm_mv": -71.7622604370117,
    "slow_noise_rms_mv": 0.228761449456215,
    "slow_vm_mv": -71.7622604370117,
    "specimen_id": 324257146,
    "stimulus_absolute_amplitude": 329.999999548747,
    "stimulus_description": "C1SSFINEST150112[0]",
    "stimulus_duration": 0.002995,
    "stimulus_interval": 0.0,
    "stimulus_name": "Short Square",
    "stimulus_relative_amplitude": 3.3,
    "stimulus_start_time": 0.92,
    "stimulus_units": "pA",
    "sweep_number": 16,
    "vm_delta_mv": 0.622695922851562
  },
  {
    "bridge_balance_mohm": 15.689866065979,
    "id": 396369849,
    "leak_pa": 0.0,
    "num_spikes": 3,
    "peak_deflection": 0.0,
    "post_noise_rms_mv": 0.0442574135959148,
    "post_vm_mv": -73.2260284423828,
    "pre_noise_rms_mv": 0.0464925430715084,
    "pre_vm_mv": -71.9628295898438,
    "slow_noise_rms_mv": 0.44033095240593,
    "slow_vm_mv": -71.9628295898438,
    "specimen_id": 324257146,
    "stimulus_absolute_amplitude": 329.999999548747,
    "stimulus_description": "C2SSTRIPLE141203[3]",
    "stimulus_duration": 0.040995,
    "stimulus_interval": 0.016,
    "stimulus_name": "Short Square - Triple",
    "stimulus_relative_amplitude": 3.3,
    "stimulus_start_time": 1.92,
    "stimulus_units": "pA",
    "sweep_number": 55,
    "vm_delta_mv": 1.26319885253906
  },
  {
    "bridge_balance_mohm": 15.689866065979,
    "id": 396369825,
    "leak_pa": 0.0,
    "num_spikes": 41,
    "peak_deflection": 0.0,
    "post_noise_rms_mv": 0.0404153391718864,
    "post_vm_mv": -70.7269897460938,
    "pre_noise_rms_mv": 0.0456015169620514,
    "pre_vm_mv": -71.3234481811523,
    "slow_noise_rms_mv": 0.379211127758026,
    "slow_vm_mv": -71.3234481811523,
    "specimen_id": 324257146,
    "stimulus_absolute_amplitude": 90.0000005077395,
    "stimulus_description": "C2SQRHELNG150112[0]",
    "stimulus_duration": 1.999995,
    "stimulus_interval": 0.0,
    "stimulus_name": "Square - 2s Suprathreshold",
    "stimulus_relative_amplitude": 0.9,
    "stimulus_start_time": 0.92,
    "stimulus_units": "pA",
    "sweep_number": 46,
    "vm_delta_mv": 0.596458435058594
  },
  {
    "bridge_balance_mohm": 15.689866065979,
    "id": 396369911,
    "leak_pa": 0.0,
    "num_spikes": 1,
    "peak_deflection": 0.0,
    "post_noise_rms_mv": 0.0480384081602097,
    "post_vm_mv": -81.7186126708984,
    "pre_noise_rms_mv": 0.0421836264431477,
    "pre_vm_mv": -82.1283569335938,
    "slow_noise_rms_mv": 0.335644841194153,
    "slow_vm_mv": -82.1283569335938,
    "specimen_id": 324257146,
    "stimulus_absolute_amplitude": 400.000005340573,
    "stimulus_description": "C2SSHM80FN150112[0]",
    "stimulus_duration": 0.002995,
    "stimulus_interval": 0.0,
    "stimulus_name": "Short Square - Hold -80mV",
    "stimulus_relative_amplitude": 4.0,
    "stimulus_start_time": 0.92,
    "stimulus_units": "pA",
    "sweep_number": 83,
    "vm_delta_mv": 0.409744262695312
  },
  {
    "bridge_balance_mohm": 15.689866065979,
    "id": 396369897,
    "leak_pa": 0.0,
    "num_spikes": 0,
    "peak_deflection": 0.0,
    "post_noise_rms_mv": 0.0499329753220081,
    "post_vm_mv": -80.3831481933594,
    "pre_noise_rms_mv": 0.0524247363209724,
    "pre_vm_mv": -80.2787094116211,
    "slow_noise_rms_mv": 0.306552559137344,
    "slow_vm_mv": -80.2787094116211,
    "specimen_id": 324257146,
    "stimulus_absolute_amplitude": 200.000002670286,
    "stimulus_description": "C2SSHM80CS150112[1]",
    "stimulus_duration": 0.002995,
    "stimulus_interval": 0.0,
    "stimulus_name": "Short Square - Hold -80mV",
    "stimulus_relative_amplitude": 1.0,
    "stimulus_start_time": 0.92,
    "stimulus_units": "pA",
    "sweep_number": 77,
    "vm_delta_mv": 0.104438781738281
  },
  {
    "bridge_balance_mohm": 0.0,
    "id": 396369737,
    "leak_pa": 0.0,
    "num_spikes": 0,
    "peak_deflection": 0.0,
    "post_noise_rms_mv": 0.0,
    "post_vm_mv": 0.0,
    "pre_noise_rms_mv": 0.0,
    "pre_vm_mv": 0.0,
    "slow_noise_rms_mv": 0.0,
    "slow_vm_mv": 0.0,
    "specimen_id": 324257146,
    "stimulus_absolute_amplitude": 9.99999977648258,
    "stimulus_description": "EXTPSMOKET141203[0]",
    "stimulus_duration": 0.069995,
    "stimulus_interval": 0.05,
    "stimulus_name": "Test",
    "stimulus_relative_amplitude": 1.0,
    "stimulus_start_time": 0.03,
    "stimulus_units": "mV",
    "sweep_number": 0,
    "vm_delta_mv": 0.0
  },
  {
    "bridge_balance_mohm": 15.689866065979,
    "id": 396369757,
    "leak_pa": 0.0,
    "num_spikes": 1,
    "peak_deflection": 0.0,
    "post_noise_rms_mv": 0.0438602864742279,
    "post_vm_mv": -72.3263473510742,
    "pre_noise_rms_mv": 0.0448991246521473,
    "pre_vm_mv": -71.8080062866211,
    "slow_noise_rms_mv": 0.322322815656662,
    "slow_vm_mv": -71.8080062866211,
    "specimen_id": 324257146,
    "stimulus_absolute_amplitude": 329.999999548747,
    "stimulus_description": "C1SSFINEST150112[0]",
    "stimulus_duration": 0.002995,
    "stimulus_interval": 0.0,
    "stimulus_name": "Short Square",
    "stimulus_relative_amplitude": 3.3,
    "stimulus_start_time": 0.92,
    "stimulus_units": "pA",
    "sweep_number": 18,
    "vm_delta_mv": 0.518341064453125
  },
  {
    "bridge_balance_mohm": 15.689866065979,
    "id": 396369811,
    "leak_pa": 0.0,
    "num_spikes": 17,
    "peak_deflection": 0.0,
    "post_noise_rms_mv": 0.0,
    "post_vm_mv": 0.0,
    "pre_noise_rms_mv": 0.0421078056097031,
    "pre_vm_mv": -70.4915161132812,
    "slow_noise_rms_mv": 0.205431193113327,
    "slow_vm_mv": -70.4915161132812,
    "specimen_id": 324257146,
    "stimulus_absolute_amplitude": 800.000010681146,
    "stimulus_description": "C1RP25PR1S141203[0]",
    "stimulus_duration": 31.997495,
    "stimulus_interval": 0.0,
    "stimulus_name": "Ramp",
    "stimulus_relative_amplitude": 1.0,
    "stimulus_start_time": 0.9225,
    "stimulus_units": "pA",
    "sweep_number": 4,
    "vm_delta_mv": 0.0
  },
  {
    "bridge_balance_mohm": 15.689866065979,
    "id": 396369773,
    "leak_pa": 0.0,
    "num_spikes": 0,
    "peak_deflection": -92.40625,
    "post_noise_rms_mv": 0.0430954694747925,
    "post_vm_mv": -73.1238479614258,
    "pre_noise_rms_mv": 0.0584692023694515,
    "pre_vm_mv": -73.804931640625,
    "slow_noise_rms_mv": 0.444636404514313,
    "slow_vm_mv": -73.804931640625,
    "specimen_id": 324257146,
    "stimulus_absolute_amplitude": -69.9999988529321,
    "stimulus_description": "C1LSCOARSE150112[2]",
    "stimulus_duration": 0.999995,
    "stimulus_interval": 0.0,
    "stimulus_name": "Long Square",
    "stimulus_relative_amplitude": 1.0,
    "stimulus_start_time": 0.92,
    "stimulus_units": "pA",
    "sweep_number": 23,
    "vm_delta_mv": 0.681083679199219
  },
  {
    "bridge_balance_mohm": 15.689866065979,
    "id": 396369877,
    "leak_pa": 0.0,
    "num_spikes": 3,
    "peak_deflection": 0.0,
    "post_noise_rms_mv": 0.0519590601325035,
    "post_vm_mv": -73.6101760864258,
    "pre_noise_rms_mv": 0.0383897572755814,
    "pre_vm_mv": -72.3435974121094,
    "slow_noise_rms_mv": 0.247931182384491,
    "slow_vm_mv": -72.3435974121094,
    "specimen_id": 324257146,
    "stimulus_absolute_amplitude": 329.999999548747,
    "stimulus_description": "C2SSTRIPLE141203[0]",
    "stimulus_duration": 0.016995,
    "stimulus_interval": 0.004,
    "stimulus_name": "Short Square - Triple",
    "stimulus_relative_amplitude": 3.3,
    "stimulus_start_time": 1.92,
    "stimulus_units": "pA",
    "sweep_number": 68,
    "vm_delta_mv": 1.26657867431641
  },
  {
    "bridge_balance_mohm": 15.689866065979,
    "id": 396369855,
    "leak_pa": 0.0,
    "num_spikes": 3,
    "peak_deflection": 0.0,
    "post_noise_rms_mv": 0.0465951338410378,
    "post_vm_mv": -73.7169189453125,
    "pre_noise_rms_mv": 0.0510994829237461,
    "pre_vm_mv": -73.5746917724609,
    "slow_noise_rms_mv": 0.159442186355591,
    "slow_vm_mv": -73.5746917724609,
    "specimen_id": 324257146,
    "stimulus_absolute_amplitude": 329.999999548747,
    "stimulus_description": "C2SSTRIPLE141203[6]",
    "stimulus_duration": 0.064995,
    "stimulus_interval": 0.028,
    "stimulus_name": "Short Square - Triple",
    "stimulus_relative_amplitude": 3.3,
    "stimulus_start_time": 1.92,
    "stimulus_units": "pA",
    "sweep_number": 58,
    "vm_delta_mv": 0.142227172851562
  },
  {
    "bridge_balance_mohm": 15.689866065979,
    "id": 396369755,
    "leak_pa": 0.0,
    "num_spikes": 1,
    "peak_deflection": 0.0,
    "post_noise_rms_mv": 0.0482651069760323,
    "post_vm_mv": -72.4856033325195,
    "pre_noise_rms_mv": 0.0580064952373505,
    "pre_vm_mv": -71.9136428833008,
    "slow_noise_rms_mv": 0.200053364038467,
    "slow_vm_mv": -71.9136428833008,
    "specimen_id": 324257146,
    "stimulus_absolute_amplitude": 329.999999548747,
    "stimulus_description": "C1SSFINEST150112[0]",
    "stimulus_duration": 0.002995,
    "stimulus_interval": 0.0,
    "stimulus_name": "Short Square",
    "stimulus_relative_amplitude": 3.3,
    "stimulus_start_time": 0.92,
    "stimulus_units": "pA",
    "sweep_number": 17,
    "vm_delta_mv": 0.57196044921875
  },
  {
    "bridge_balance_mohm": 15.689866065979,
    "id": 396369799,
    "leak_pa": 0.0,
    "num_spikes": 66,
    "peak_deflection": 0.0,
    "post_noise_rms_mv": 0.0372742749750614,
    "post_vm_mv": -73.0794982910156,
    "pre_noise_rms_mv": 0.0368604809045792,
    "pre_vm_mv": -71.0204620361328,
    "slow_noise_rms_mv": 0.456739664077759,
    "slow_vm_mv": -71.0204620361328,
    "specimen_id": 324257146,
    "stimulus_absolute_amplitude": 170.000000188075,
    "stimulus_description": "C1LSCOARSE150112[14]",
    "stimulus_duration": 0.999995,
    "stimulus_interval": 0.0,
    "stimulus_name": "Long Square",
    "stimulus_relative_amplitude": 1.0,
    "stimulus_start_time": 0.92,
    "stimulus_units": "pA",
    "sweep_number": 35,
    "vm_delta_mv": 2.05903625488281
  },
  {
    "bridge_balance_mohm": 15.689866065979,
    "id": 396369883,
    "leak_pa": 0.0,
    "num_spikes": 3,
    "peak_deflection": 0.0,
    "post_noise_rms_mv": 0.0476974807679653,
    "post_vm_mv": -73.2528686523438,
    "pre_noise_rms_mv": 0.0496615394949913,
    "pre_vm_mv": -72.3749084472656,
    "slow_noise_rms_mv": 0.171100258827209,
    "slow_vm_mv": -72.3749084472656,
    "specimen_id": 324257146,
    "stimulus_absolute_amplitude": 329.999999548747,
    "stimulus_description": "C2SSTRIPLE141203[2]",
    "stimulus_duration": 0.032995,
    "stimulus_interval": 0.012,
    "stimulus_name": "Short Square - Triple",
    "stimulus_relative_amplitude": 3.3,
    "stimulus_start_time": 1.92,
    "stimulus_units": "pA",
    "sweep_number": 70,
    "vm_delta_mv": 0.877960205078125
  },
  {
    "bridge_balance_mohm": 15.689866065979,
    "id": 396369838,
    "leak_pa": 0.0,
    "num_spikes": 87,
    "peak_deflection": 0.0,
    "post_noise_rms_mv": 0.0405133739113808,
    "post_vm_mv": -70.7387924194336,
    "pre_noise_rms_mv": 0.0589154027402401,
    "pre_vm_mv": -71.0742416381836,
    "slow_noise_rms_mv": 0.246874570846558,
    "slow_vm_mv": -71.0742416381836,
    "specimen_id": 324257146,
    "stimulus_absolute_amplitude": 129.99999687846,
    "stimulus_description": "C2SQRHELNG150112[0]",
    "stimulus_duration": 1.999995,
    "stimulus_interval": 0.0,
    "stimulus_name": "Square - 2s Suprathreshold",
    "stimulus_relative_amplitude": 1.3,
    "stimulus_start_time": 0.92,
    "stimulus_units": "pA",
    "sweep_number": 50,
    "vm_delta_mv": 0.33544921875
  },
  {
    "bridge_balance_mohm": 15.689866065979,
    "id": 396369917,
    "leak_pa": 0.0,
    "num_spikes": 0,
    "peak_deflection": 0.0,
    "post_noise_rms_mv": 0.0583454594016075,
    "post_vm_mv": -81.9820251464844,
    "pre_noise_rms_mv": 0.0667587220668793,
    "pre_vm_mv": -81.747673034668,
    "slow_noise_rms_mv": 0.178185880184174,
    "slow_vm_mv": -81.747673034668,
    "specimen_id": 324257146,
    "stimulus_absolute_amplitude": 400.000005340573,
    "stimulus_description": "C2SSHM80FN150112[0]",
    "stimulus_duration": 0.002995,
    "stimulus_interval": 0.0,
    "stimulus_name": "Short Square - Hold -80mV",
    "stimulus_relative_amplitude": 4.0,
    "stimulus_start_time": 0.92,
    "stimulus_units": "pA",
    "sweep_number": 86,
    "vm_delta_mv": 0.234352111816406
  },
  {
    "bridge_balance_mohm": 15.689866065979,
    "id": 396369865,
    "leak_pa": 0.0,
    "num_spikes": 3,
    "peak_deflection": 0.0,
    "post_noise_rms_mv": 0.0464710779488087,
    "post_vm_mv": -72.8335723876953,
    "pre_noise_rms_mv": 0.0563820563256741,
    "pre_vm_mv": -72.007194519043,
    "slow_noise_rms_mv": 0.20612758398056,
    "slow_vm_mv": -72.007194519043,
    "specimen_id": 324257146,
    "stimulus_absolute_amplitude": 329.999999548747,
    "stimulus_description": "C2SSTRIPLE141203[2]",
    "stimulus_duration": 0.032995,
    "stimulus_interval": 0.012,
    "stimulus_name": "Short Square - Triple",
    "stimulus_relative_amplitude": 3.3,
    "stimulus_start_time": 1.92,
    "stimulus_units": "pA",
    "sweep_number": 62,
    "vm_delta_mv": 0.826377868652344
  },
  {
    "bridge_balance_mohm": 15.689866065979,
    "id": 396369873,
    "leak_pa": 0.0,
    "num_spikes": 3,
    "peak_deflection": 0.0,
    "post_noise_rms_mv": 0.0518707372248173,
    "post_vm_mv": -72.6819381713867,
    "pre_noise_rms_mv": 0.0415645875036716,
    "pre_vm_mv": -72.3024368286133,
    "slow_noise_rms_mv": 0.169286206364632,
    "slow_vm_mv": -72.3024368286133,
    "specimen_id": 324257146,
    "stimulus_absolute_amplitude": 329.999999548747,
    "stimulus_description": "C2SSTRIPLE141203[6]",
    "stimulus_duration": 0.064995,
    "stimulus_interval": 0.028,
    "stimulus_name": "Short Square - Triple",
    "stimulus_relative_amplitude": 3.3,
    "stimulus_start_time": 1.92,
    "stimulus_units": "pA",
    "sweep_number": 66,
    "vm_delta_mv": 0.379501342773438
  }
]