{
  "passive": [
    {
      "ra": 59.62, 
      "cm": [
        {
          "section": "soma", 
          "cm": 2.33
        }, 
        {
          "section": "axon", 
          "cm": 2.33
        }, 
        {
          "section": "dend", 
          "cm": 2.33
        }
      ], 
      "e_pas": -87.87440490722656
    }
  ], 
  "axon_morph": [
    {
      "delete_axon": [
        "forsec axonal{delete_section()}", 
        "  create axon[2]", 
        "  axon[0]{", 
        "    L= 30", 
        "    diam = 1", 
        "    nseg = 1+2*int(L/40)", 
        "    all.append()", 
        "    axonal.append()", 
        "  }", 
        "  axon[1]{", 
        "    L= 30", 
        "    diam = 1", 
        "    nseg = 1+2*int(L/40)", 
        "    all.append()", 
        "    axonal.append()", 
        "  }", 
        "", 
        "nSecAxonal = 2", 
        "connect axon(0), soma(0.5)", 
        "connect axon[1](0), axon[0](1) ", 
        "access soma"
      ], 
      "setup_line": "create soma[1], dend[1], apic[1], axon[1]"
    }
  ], 
  "fitting": [
    {
      "junction_potential": -14.0, 
      "sweeps": [
        72
      ]
    }
  ], 
  "conditions": [
    {
      "celsius": 34.0, 
      "erev": [
        {
          "ena": 53.0, 
          "section": "soma", 
          "ek": -107.0
        }
      ], 
      "v_init": -87.87440490722656
    }
  ], 
  "genome": [
    {
      "value": 0.00012910819377899999, 
      "section": "soma", 
      "name": "gbar_Ih", 
      "mechanism": "Ih"
    }, 
    {
      "value": 0.049966459720700004, 
      "section": "soma", 
      "name": "gbar_NaV", 
      "mechanism": "NaV"
    }, 
    {
      "value": 1.96163821366e-06, 
      "section": "soma", 
      "name": "gbar_Kd", 
      "mechanism": "Kd"
    }, 
    {
      "value": 0.00080697820205600016, 
      "section": "soma", 
      "name": "gbar_Kv2like", 
      "mechanism": "Kv2like"
    }, 
    {
      "value": 0.93202715950699999, 
      "section": "soma", 
      "name": "gbar_Kv3_1", 
      "mechanism": "Kv3_1"
    }, 
    {
      "value": 0.0123533061525, 
      "section": "soma", 
      "name": "gbar_K_T", 
      "mechanism": "K_T"
    }, 
    {
      "value": 0.00023068430789699999, 
      "section": "soma", 
      "name": "gbar_Im_v2", 
      "mechanism": "Im_v2"
    }, 
    {
      "value": 0.00213301707278, 
      "section": "soma", 
      "name": "gbar_SK", 
      "mechanism": "SK"
    }, 
    {
      "value": 0.00017570203762799999, 
      "section": "soma", 
      "name": "gbar_Ca_HVA", 
      "mechanism": "Ca_HVA"
    }, 
    {
      "value": 0.0087373784754899986, 
      "section": "soma", 
      "name": "gbar_Ca_LVA", 
      "mechanism": "Ca_LVA"
    }, 
    {
      "value": 0.0029970933629299996, 
      "section": "soma", 
      "name": "gamma_CaDynamics", 
      "mechanism": "CaDynamics"
    }, 
    {
      "value": 37.130579983899999, 
      "section": "soma", 
      "name": "decay_CaDynamics", 
      "mechanism": "CaDynamics"
    }, 
    {
      "value": 6.0989086096399997e-05, 
      "section": "soma", 
      "name": "g_pas", 
      "mechanism": ""
    }, 
    {
      "value": 0.00046054606364199992, 
      "section": "axon", 
      "name": "g_pas", 
      "mechanism": ""
    }, 
    {
      "value": 1.63950793144e-06, 
      "section": "dend", 
      "name": "g_pas", 
      "mechanism": ""
    }
  ]
}