[
  {
    "bridge_balance_mohm": 14.7130651473999,
    "id": 396343942,
    "leak_pa": 0.0,
    "num_spikes": 0,
    "peak_deflection": 0.0,
    "post_noise_rms_mv": 0.0455494485795498,
    "post_vm_mv": -75.5656280517578,
    "pre_noise_rms_mv": 0.036202646791935,
    "pre_vm_mv": -75.2819595336914,
    "slow_noise_rms_mv": 0.142439931631088,
    "slow_vm_mv": -75.2819595336914,
    "specimen_id": 320466871,
    "stimulus_absolute_amplitude": 460.000010304995,
    "stimulus_description": "C2SSTRIPLE141203[3]",
    "stimulus_duration": 0.040995,
    "stimulus_interval": 0.016,
    "stimulus_name": "Short Square - Triple",
    "stimulus_relative_amplitude": 4.6,
    "stimulus_start_time": 1.92,
    "stimulus_units": "pA",
    "sweep_number": 101,
    "vm_delta_mv": 0.283668518066406
  },
  {
    "bridge_balance_mohm": 14.7130651473999,
    "id": 396344128,
    "leak_pa": 0.0,
    "num_spikes": 291,
    "peak_deflection": 0.0,
    "post_noise_rms_mv": 0.0316879004240036,
    "post_vm_mv": -75.2864608764648,
    "pre_noise_rms_mv": 0.0407786704599857,
    "pre_vm_mv": -74.3356018066406,
    "slow_noise_rms_mv": 0.336006104946136,
    "slow_vm_mv": -74.3356018066406,
    "specimen_id": 320466871,
    "stimulus_absolute_amplitude": 509.999986686438,
    "stimulus_description": "C1LSCOARSE150112[31]",
    "stimulus_duration": 0.999995,
    "stimulus_interval": 0.0,
    "stimulus_name": "Long Square",
    "stimulus_relative_amplitude": 1.0,
    "stimulus_start_time": 0.92,
    "stimulus_units": "pA",
    "sweep_number": 76,
    "vm_delta_mv": 0.950859069824219
  },
  {
    "bridge_balance_mohm": 14.7130651473999,
    "id": 396344114,
    "leak_pa": 0.0,
    "num_spikes": 0,
    "peak_deflection": 0.0,
    "post_noise_rms_mv": 0.0376152098178864,
    "post_vm_mv": -72.9360961914062,
    "pre_noise_rms_mv": 0.0474149696528912,
    "pre_vm_mv": -73.2499542236328,
    "slow_noise_rms_mv": 0.332260400056839,
    "slow_vm_mv": -73.2499542236328,
    "specimen_id": 320466871,
    "stimulus_absolute_amplitude": 100.000001335143,
    "stimulus_description": "C1SSCOARSE150112[0]",
    "stimulus_duration": 0.002995,
    "stimulus_interval": 0.0,
    "stimulus_name": "Short Square",
    "stimulus_relative_amplitude": 1.0,
    "stimulus_start_time": 0.92,
    "stimulus_units": "pA",
    "sweep_number": 7,
    "vm_delta_mv": 0.313858032226562
  },
  {
    "bridge_balance_mohm": 14.7130651473999,
    "id": 396343950,
    "leak_pa": 0.0,
    "num_spikes": 0,
    "peak_deflection": 0.0,
    "post_noise_rms_mv": 0.0332991182804108,
    "post_vm_mv": -75.314094543457,
    "pre_noise_rms_mv": 0.0342687144875526,
    "pre_vm_mv": -75.5261993408203,
    "slow_noise_rms_mv": 0.390859961509705,
    "slow_vm_mv": -75.5261993408203,
    "specimen_id": 320466871,
    "stimulus_absolute_amplitude": 460.000010304995,
    "stimulus_description": "C2SSTRIPLE141203[7]",
    "stimulus_duration": 0.072995,
    "stimulus_interval": 0.032,
    "stimulus_name": "Short Square - Triple",
    "stimulus_relative_amplitude": 4.6,
    "stimulus_start_time": 1.92,
    "stimulus_units": "pA",
    "sweep_number": 105,
    "vm_delta_mv": 0.212104797363281
  },
  {
    "bridge_balance_mohm": 14.7130651473999,
    "id": 396344154,
    "leak_pa": 0.0,
    "num_spikes": 4,
    "peak_deflection": 0.0,
    "post_noise_rms_mv": 0.0420393496751785,
    "post_vm_mv": -75.081184387207,
    "pre_noise_rms_mv": 0.0451921969652176,
    "pre_vm_mv": -74.5156784057617,
    "slow_noise_rms_mv": 0.281399637460709,
    "slow_vm_mv": -74.5156784057617,
    "specimen_id": 320466871,
    "stimulus_absolute_amplitude": 410.000006167976,
    "stimulus_description": "C2SQRHELNG150112[0]",
    "stimulus_duration": 1.999995,
    "stimulus_interval": 0.0,
    "stimulus_name": "Square - 2s Suprathreshold",
    "stimulus_relative_amplitude": 4.1,
    "stimulus_start_time": 0.92,
    "stimulus_units": "pA",
    "sweep_number": 88,
    "vm_delta_mv": 0.565505981445312
  },
  {
    "bridge_balance_mohm": 14.7130651473999,
    "id": 396344120,
    "leak_pa": 0.0,
    "num_spikes": 179,
    "peak_deflection": 0.0,
    "post_noise_rms_mv": 0.0378367267549038,
    "post_vm_mv": -74.4775238037109,
    "pre_noise_rms_mv": 0.0402429513633251,
    "pre_vm_mv": -73.8076934814453,
    "slow_noise_rms_mv": 0.382701069116592,
    "slow_vm_mv": -73.8076934814453,
    "specimen_id": 320466871,
    "stimulus_absolute_amplitude": 430.000007822784,
    "stimulus_description": "C1LSCOARSE150112[27]",
    "stimulus_duration": 0.999995,
    "stimulus_interval": 0.0,
    "stimulus_name": "Long Square",
    "stimulus_relative_amplitude": 1.0,
    "stimulus_start_time": 0.92,
    "stimulus_units": "pA",
    "sweep_number": 72,
    "vm_delta_mv": 0.669830322265625
  },
  {
    "bridge_balance_mohm": 0.0,
    "id": 396343982,
    "leak_pa": 0.0,
    "num_spikes": 0,
    "peak_deflection": 0.0,
    "post_noise_rms_mv": 0.0,
    "post_vm_mv": 0.0,
    "pre_noise_rms_mv": 0.0,
    "pre_vm_mv": 0.0,
    "slow_noise_rms_mv": 0.0,
    "slow_vm_mv": 0.0,
    "specimen_id": 320466871,
    "stimulus_absolute_amplitude": 9.99999977648258,
    "stimulus_description": "EXTPEXPEND141203[0]",
    "stimulus_duration": 0.069995,
    "stimulus_interval": 0.05,
    "stimulus_name": "Test",
    "stimulus_relative_amplitude": 1.0,
    "stimulus_start_time": 0.03,
    "stimulus_units": "mV",
    "sweep_number": 117,
    "vm_delta_mv": 0.0
  },
  {
    "bridge_balance_mohm": 14.7130651473999,
    "id": 396344140,
    "leak_pa": 0.0,
    "num_spikes": 1051,
    "peak_deflection": 0.0,
    "post_noise_rms_mv": 0.0387484580278397,
    "post_vm_mv": -78.2306518554688,
    "pre_noise_rms_mv": 0.0506795160472393,
    "pre_vm_mv": -75.1773223876953,
    "slow_noise_rms_mv": 0.375485181808472,
    "slow_vm_mv": -75.1773223876953,
    "specimen_id": 320466871,
    "stimulus_absolute_amplitude": 857.62502655129,
    "stimulus_description": "C1NSSEED_1150112[0]",
    "stimulus_duration": 18.999995,
    "stimulus_interval": 5.0,
    "stimulus_name": "Noise 1",
    "stimulus_relative_amplitude": 3.7,
    "stimulus_start_time": 1.92,
    "stimulus_units": "pA",
    "sweep_number": 81,
    "vm_delta_mv": 3.05332946777344
  },
  {
    "bridge_balance_mohm": 14.7130651473999,
    "id": 396343940,
    "leak_pa": 0.0,
    "num_spikes": 1,
    "peak_deflection": 0.0,
    "post_noise_rms_mv": 0.0384213142096996,
    "post_vm_mv": -74.5632019042969,
    "pre_noise_rms_mv": 0.0348181836307049,
    "pre_vm_mv": -75.2408065795898,
    "slow_noise_rms_mv": 0.163199663162231,
    "slow_vm_mv": -75.2408065795898,
    "specimen_id": 320466871,
    "stimulus_absolute_amplitude": 460.000010304995,
    "stimulus_description": "C2SSTRIPLE141203[2]",
    "stimulus_duration": 0.032995,
    "stimulus_interval": 0.012,
    "stimulus_name": "Short Square - Triple",
    "stimulus_relative_amplitude": 4.6,
    "stimulus_start_time": 1.92,
    "stimulus_units": "pA",
    "sweep_number": 100,
    "vm_delta_mv": 0.677604675292969
  },
  {
    "bridge_balance_mohm": 14.7130651473999,
    "id": 396343994,
    "leak_pa": 0.0,
    "num_spikes": 1,
    "peak_deflection": 0.0,
    "post_noise_rms_mv": 0.0440581701695919,
    "post_vm_mv": -72.8212509155273,
    "pre_noise_rms_mv": 0.0487194769084454,
    "pre_vm_mv": -72.7494430541992,
    "slow_noise_rms_mv": 0.365914016962051,
    "slow_vm_mv": -72.7494430541992,
    "specimen_id": 320466871,
    "stimulus_absolute_amplitude": 460.000010304995,
    "stimulus_description": "C1SSFINEST150112[0]",
    "stimulus_duration": 0.002995,
    "stimulus_interval": 0.0,
    "stimulus_name": "Short Square",
    "stimulus_relative_amplitude": 4.6,
    "stimulus_start_time": 0.92,
    "stimulus_units": "pA",
    "sweep_number": 15,
    "vm_delta_mv": 0.071807861328125
  },
  {
    "bridge_balance_mohm": 14.7130651473999,
    "id": 396344118,
    "leak_pa": 0.0,
    "num_spikes": 5,
    "peak_deflection": 0.0,
    "post_noise_rms_mv": 0.0305528175085783,
    "post_vm_mv": -76.7148132324219,
    "pre_noise_rms_mv": 0.0370147824287415,
    "pre_vm_mv": -76.7817764282227,
    "slow_noise_rms_mv": 0.170280545949936,
    "slow_vm_mv": -76.7817764282227,
    "specimen_id": 320466871,
    "stimulus_absolute_amplitude": 410.000006167976,
    "stimulus_description": "C1LSCOARSE150112[26]",
    "stimulus_duration": 0.999995,
    "stimulus_interval": 0.0,
    "stimulus_name": "Long Square",
    "stimulus_relative_amplitude": 1.0,
    "stimulus_start_time": 0.92,
    "stimulus_units": "pA",
    "sweep_number": 71,
    "vm_delta_mv": 0.0669631958007812
  },
  {
    "bridge_balance_mohm": 14.7130651473999,
    "id": 396344078,
    "leak_pa": 0.0,
    "num_spikes": 0,
    "peak_deflection": -57.90625,
    "post_noise_rms_mv": 0.0340945795178413,
    "post_vm_mv": -62.3929252624512,
    "pre_noise_rms_mv": 0.0515074357390404,
    "pre_vm_mv": -63.2042465209961,
    "slow_noise_rms_mv": 0.154159232974052,
    "slow_vm_mv": -63.2042465209961,
    "specimen_id": 320466871,
    "stimulus_absolute_amplitude": 50.0000006675716,
    "stimulus_description": "C1LSCOARSE150112[8]",
    "stimulus_duration": 0.999995,
    "stimulus_interval": 0.0,
    "stimulus_name": "Long Square",
    "stimulus_relative_amplitude": 1.0,
    "stimulus_start_time": 0.92,
    "stimulus_units": "pA",
    "sweep_number": 53,
    "vm_delta_mv": 0.811321258544922
  },
  {
    "bridge_balance_mohm": 14.7130651473999,
    "id": 396344104,
    "leak_pa": 0.0,
    "num_spikes": 0,
    "peak_deflection": -47.90625,
    "post_noise_rms_mv": 0.0441137589514256,
    "post_vm_mv": -78.2858734130859,
    "pre_noise_rms_mv": 0.038734432309866,
    "pre_vm_mv": -77.1533508300781,
    "slow_noise_rms_mv": 0.180264979600906,
    "slow_vm_mv": -77.1533508300781,
    "specimen_id": 320466871,
    "stimulus_absolute_amplitude": 289.999996239132,
    "stimulus_description": "C1LSCOARSE150112[20]",
    "stimulus_duration": 0.999995,
    "stimulus_interval": 0.0,
    "stimulus_name": "Long Square",
    "stimulus_relative_amplitude": 1.0,
    "stimulus_start_time": 0.92,
    "stimulus_units": "pA",
    "sweep_number": 65,
    "vm_delta_mv": 1.13252258300781
  },
  {
    "bridge_balance_mohm": 14.7130651473999,
    "id": 396344096,
    "leak_pa": 0.0,
    "num_spikes": 0,
    "peak_deflection": -47.0625,
    "post_noise_rms_mv": 0.0387583523988724,
    "post_vm_mv": -64.5259704589844,
    "pre_noise_rms_mv": 0.0396604388952255,
    "pre_vm_mv": -64.4823989868164,
    "slow_noise_rms_mv": 0.195995137095451,
    "slow_vm_mv": -64.4823989868164,
    "specimen_id": 320466871,
    "stimulus_absolute_amplitude": 210.00000349769,
    "stimulus_description": "C1LSCOARSE150112[16]",
    "stimulus_duration": 0.999995,
    "stimulus_interval": 0.0,
    "stimulus_name": "Long Square",
    "stimulus_relative_amplitude": 1.0,
    "stimulus_start_time": 0.92,
    "stimulus_units": "pA",
    "sweep_number": 61,
    "vm_delta_mv": 0.0435714721679688
  },
  {
    "bridge_balance_mohm": 14.7130651473999,
    "id": 396343996,
    "leak_pa": 0.0,
    "num_spikes": 1,
    "peak_deflection": 0.0,
    "post_noise_rms_mv": 0.0457557030022144,
    "post_vm_mv": -72.6505737304688,
    "pre_noise_rms_mv": 0.0444767959415913,
    "pre_vm_mv": -72.6760711669922,
    "slow_noise_rms_mv": 0.358771026134491,
    "slow_vm_mv": -72.6760711669922,
    "specimen_id": 320466871,
    "stimulus_absolute_amplitude": 460.000010304995,
    "stimulus_description": "C1SSFINEST150112[0]",
    "stimulus_duration": 0.002995,
    "stimulus_interval": 0.0,
    "stimulus_name": "Short Square",
    "stimulus_relative_amplitude": 4.6,
    "stimulus_start_time": 0.92,
    "stimulus_units": "pA",
    "sweep_number": 16,
    "vm_delta_mv": 0.0254974365234375
  },
  {
    "bridge_balance_mohm": 14.7130651473999,
    "id": 396344048,
    "leak_pa": 0.0,
    "num_spikes": 124,
    "peak_deflection": 0.0,
    "post_noise_rms_mv": 0.0,
    "post_vm_mv": 0.0,
    "pre_noise_rms_mv": 0.0388775877654552,
    "pre_vm_mv": -71.6142196655273,
    "slow_noise_rms_mv": 0.242383688688278,
    "slow_vm_mv": -71.6142196655273,
    "specimen_id": 320466871,
    "stimulus_absolute_amplitude": 800.000010681146,
    "stimulus_description": "C1RP25PR1S141203[0]",
    "stimulus_duration": 31.997495,
    "stimulus_interval": 0.0,
    "stimulus_name": "Ramp",
    "stimulus_relative_amplitude": 1.0,
    "stimulus_start_time": 0.9225,
    "stimulus_units": "pA",
    "sweep_number": 4,
    "vm_delta_mv": 0.0
  },
  {
    "bridge_balance_mohm": 14.7130651473999,
    "id": 396344088,
    "leak_pa": 0.0,
    "num_spikes": 0,
    "peak_deflection": -48.03125,
    "post_noise_rms_mv": 0.0423993021249771,
    "post_vm_mv": -62.1159858703613,
    "pre_noise_rms_mv": 0.0446755029261112,
    "pre_vm_mv": -62.1162986755371,
    "slow_noise_rms_mv": 0.190190300345421,
    "slow_vm_mv": -62.1162986755371,
    "specimen_id": 320466871,
    "stimulus_absolute_amplitude": 149.999998533268,
    "stimulus_description": "C1LSCOARSE150112[13]",
    "stimulus_duration": 0.999995,
    "stimulus_interval": 0.0,
    "stimulus_name": "Long Square",
    "stimulus_relative_amplitude": 1.0,
    "stimulus_start_time": 0.92,
    "stimulus_units": "pA",
    "sweep_number": 58,
    "vm_delta_mv": 0.00031280517578125
  },
  {
    "bridge_balance_mohm": 14.7130651473999,
    "id": 396344136,
    "leak_pa": 0.0,
    "num_spikes": 0,
    "peak_deflection": 0.0,
    "post_noise_rms_mv": 0.04055530205369,
    "post_vm_mv": -73.4223327636719,
    "pre_noise_rms_mv": 0.0378034897148609,
    "pre_vm_mv": -73.6353225708008,
    "slow_noise_rms_mv": 0.252212941646576,
    "slow_vm_mv": -73.6353225708008,
    "specimen_id": 320466871,
    "stimulus_absolute_amplitude": 200.000002670286,
    "stimulus_description": "C1SSCOARSE150112[1]",
    "stimulus_duration": 0.002995,
    "stimulus_interval": 0.0,
    "stimulus_name": "Short Square",
    "stimulus_relative_amplitude": 1.0,
    "stimulus_start_time": 0.92,
    "stimulus_units": "pA",
    "sweep_number": 8,
    "vm_delta_mv": 0.212989807128906
  },
  {
    "bridge_balance_mohm": 14.7130651473999,
    "id": 396344066,
    "leak_pa": 0.0,
    "num_spikes": 0,
    "peak_deflection": -81.2500076293945,
    "post_noise_rms_mv": 0.0516456887125969,
    "post_vm_mv": -75.729621887207,
    "pre_noise_rms_mv": 0.0351139008998871,
    "pre_vm_mv": -75.8564834594727,
    "slow_noise_rms_mv": 0.390103250741959,
    "slow_vm_mv": -75.8564834594727,
    "specimen_id": 320466871,
    "stimulus_absolute_amplitude": -50.0000006675716,
    "stimulus_description": "C1LSCOARSE150112[3]",
    "stimulus_duration": 0.999995,
    "stimulus_interval": 0.0,
    "stimulus_name": "Long Square",
    "stimulus_relative_amplitude": 1.0,
    "stimulus_start_time": 0.92,
    "stimulus_units": "pA",
    "sweep_number": 48,
    "vm_delta_mv": 0.126861572265625
  },
  {
    "bridge_balance_mohm": 0.0,
    "id": 396344004,
    "leak_pa": 0.0,
    "num_spikes": 0,
    "peak_deflection": 0.0,
    "post_noise_rms_mv": 0.0,
    "post_vm_mv": 0.0,
    "pre_noise_rms_mv": 0.0,
    "pre_vm_mv": 0.0,
    "slow_noise_rms_mv": 0.0,
    "slow_vm_mv": 0.0,
    "specimen_id": 320466871,
    "stimulus_absolute_amplitude": 9.99999977648258,
    "stimulus_description": "EXTPCllATT141203[0]",
    "stimulus_duration": 0.069995,
    "stimulus_interval": 0.05,
    "stimulus_name": "Test",
    "stimulus_relative_amplitude": 1.0,
    "stimulus_start_time": 0.03,
    "stimulus_units": "mV",
    "sweep_number": 2,
    "vm_delta_mv": 0.0
  },
  {
    "bridge_balance_mohm": 14.7130651473999,
    "id": 396343968,
    "leak_pa": 0.0,
    "num_spikes": 3,
    "peak_deflection": 0.0,
    "post_noise_rms_mv": 0.0389239154756069,
    "post_vm_mv": -70.8699569702148,
    "pre_noise_rms_mv": 0.0629091784358025,
    "pre_vm_mv": -70.9170379638672,
    "slow_noise_rms_mv": 0.413482338190079,
    "slow_vm_mv": -70.9170379638672,
    "specimen_id": 320466871,
    "stimulus_absolute_amplitude": 460.000010304995,
    "stimulus_description": "C2SSTRIPLE141203[4]",
    "stimulus_duration": 0.048995,
    "stimulus_interval": 0.02,
    "stimulus_name": "Short Square - Triple",
    "stimulus_relative_amplitude": 4.6,
    "stimulus_start_time": 1.92,
    "stimulus_units": "pA",
    "sweep_number": 110,
    "vm_delta_mv": 0.0470809936523438
  },
  {
    "bridge_balance_mohm": 14.7130651473999,
    "id": 396344152,
    "leak_pa": 0.0,
    "num_spikes": 3,
    "peak_deflection": 0.0,
    "post_noise_rms_mv": 0.0348565876483917,
    "post_vm_mv": -74.9863510131836,
    "pre_noise_rms_mv": 0.0390953309834003,
    "pre_vm_mv": -75.246940612793,
    "slow_noise_rms_mv": 0.228845775127411,
    "slow_vm_mv": -75.246940612793,
    "specimen_id": 320466871,
    "stimulus_absolute_amplitude": 410.000006167976,
    "stimulus_description": "C2SQRHELNG150112[0]",
    "stimulus_duration": 1.999995,
    "stimulus_interval": 0.0,
    "stimulus_name": "Square - 2s Suprathreshold",
    "stimulus_relative_amplitude": 4.1,
    "stimulus_start_time": 0.92,
    "stimulus_units": "pA",
    "sweep_number": 87,
    "vm_delta_mv": 0.260589599609375
  },
  {
    "bridge_balance_mohm": 14.7130651473999,
    "id": 396343974,
    "leak_pa": 0.0,
    "num_spikes": 0,
    "peak_deflection": 0.0,
    "post_noise_rms_mv": 0.0513960234820843,
    "post_vm_mv": -73.6316680908203,
    "pre_noise_rms_mv": 0.0593084990978241,
    "pre_vm_mv": -73.599723815918,
    "slow_noise_rms_mv": 0.327299565076828,
    "slow_vm_mv": -73.599723815918,
    "specimen_id": 320466871,
    "stimulus_absolute_amplitude": 460.000010304995,
    "stimulus_description": "C2SSTRIPLE141203[7]",
    "stimulus_duration": 0.072995,
    "stimulus_interval": 0.032,
    "stimulus_name": "Short Square - Triple",
    "stimulus_relative_amplitude": 4.6,
    "stimulus_start_time": 1.92,
    "stimulus_units": "pA",
    "sweep_number": 113,
    "vm_delta_mv": 0.0319442749023438
  },
  {
    "bridge_balance_mohm": 14.7130651473999,
    "id": 396344166,
    "leak_pa": 0.0,
    "num_spikes": 0,
    "peak_deflection": 0.0,
    "post_noise_rms_mv": 0.0410279184579849,
    "post_vm_mv": -74.782356262207,
    "pre_noise_rms_mv": 0.0393188260495663,
    "pre_vm_mv": -74.9023513793945,
    "slow_noise_rms_mv": 0.229616701602936,
    "slow_vm_mv": -74.9023513793945,
    "specimen_id": 320466871,
    "stimulus_absolute_amplitude": 460.000010304995,
    "stimulus_description": "C2SSTRIPLE141203[3]",
    "stimulus_duration": 0.040995,
    "stimulus_interval": 0.016,
    "stimulus_name": "Short Square - Triple",
    "stimulus_relative_amplitude": 4.6,
    "stimulus_start_time": 1.92,
    "stimulus_units": "pA",
    "sweep_number": 93,
    "vm_delta_mv": 0.1199951171875
  },
  {
    "bridge_balance_mohm": 0.0,
    "id": 396343936,
    "leak_pa": 0.0,
    "num_spikes": 0,
    "peak_deflection": 0.0,
    "post_noise_rms_mv": 0.0,
    "post_vm_mv": 0.0,
    "pre_noise_rms_mv": 0.0,
    "pre_vm_mv": 0.0,
    "slow_noise_rms_mv": 0.0,
    "slow_vm_mv": 0.0,
    "specimen_id": 320466871,
    "stimulus_absolute_amplitude": 9.99999977648258,
    "stimulus_description": "EXTPINBATH141203[0]",
    "stimulus_duration": 0.069995,
    "stimulus_interval": 0.05,
    "stimulus_name": "Test",
    "stimulus_relative_amplitude": 1.0,
    "stimulus_start_time": 0.03,
    "stimulus_units": "mV",
    "sweep_number": 1,
    "vm_delta_mv": 0.0
  },
  {
    "bridge_balance_mohm": 0.0,
    "id": 396344026,
    "leak_pa": 0.0,
    "num_spikes": 0,
    "peak_deflection": 0.0,
    "post_noise_rms_mv": 0.0,
    "post_vm_mv": 0.0,
    "pre_noise_rms_mv": 0.0,
    "pre_vm_mv": 0.0,
    "slow_noise_rms_mv": 0.0,
    "slow_vm_mv": 0.0,
    "specimen_id": 320466871,
    "stimulus_absolute_amplitude": 9.99999977648258,
    "stimulus_description": "EXTPBREAKN141203[0]",
    "stimulus_duration": 0.069995,
    "stimulus_interval": 0.05,
    "stimulus_name": "Test",
    "stimulus_relative_amplitude": 1.0,
    "stimulus_start_time": 0.03,
    "stimulus_units": "mV",
    "sweep_number": 3,
    "vm_delta_mv": 0.0
  },
  {
    "bridge_balance_mohm": 14.7130651473999,
    "id": 396344094,
    "leak_pa": 0.0,
    "num_spikes": 0,
    "peak_deflection": -47.53125,
    "post_noise_rms_mv": 0.0383653044700623,
    "post_vm_mv": -64.4524841308594,
    "pre_noise_rms_mv": 0.0219898205250502,
    "pre_vm_mv": -63.747428894043,
    "slow_noise_rms_mv": 0.159095600247383,
    "slow_vm_mv": -63.747428894043,
    "specimen_id": 320466871,
    "stimulus_absolute_amplitude": 190.000001842883,
    "stimulus_description": "C1LSCOARSE150112[15]",
    "stimulus_duration": 0.999995,
    "stimulus_interval": 0.0,
    "stimulus_name": "Long Square",
    "stimulus_relative_amplitude": 1.0,
    "stimulus_start_time": 0.92,
    "stimulus_units": "pA",
    "sweep_number": 60,
    "vm_delta_mv": 0.705055236816406
  },
  {
    "bridge_balance_mohm": 14.7130651473999,
    "id": 396343954,
    "leak_pa": 0.0,
    "num_spikes": 2,
    "peak_deflection": 0.0,
    "post_noise_rms_mv": 0.0551869496703148,
    "post_vm_mv": -72.7724304199219,
    "pre_noise_rms_mv": 0.0386188142001629,
    "pre_vm_mv": -72.7545623779297,
    "slow_noise_rms_mv": 0.436017870903015,
    "slow_vm_mv": -72.7545623779297,
    "specimen_id": 320466871,
    "stimulus_absolute_amplitude": 460.000010304995,
    "stimulus_description": "C2SSTRIPLE141203[1]",
    "stimulus_duration": 0.024995,
    "stimulus_interval": 0.008,
    "stimulus_name": "Short Square - Triple",
    "stimulus_relative_amplitude": 4.6,
    "stimulus_start_time": 1.92,
    "stimulus_units": "pA",
    "sweep_number": 107,
    "vm_delta_mv": 0.0178680419921875
  },
  {
    "bridge_balance_mohm": 14.7130651473999,
    "id": 396344156,
    "leak_pa": 0.0,
    "num_spikes": 9,
    "peak_deflection": 0.0,
    "post_noise_rms_mv": 0.0367548055946827,
    "post_vm_mv": -74.4503402709961,
    "pre_noise_rms_mv": 0.0555320084095001,
    "pre_vm_mv": -75.0376434326172,
    "slow_noise_rms_mv": 0.446325480937958,
    "slow_vm_mv": -75.0376434326172,
    "specimen_id": 320466871,
    "stimulus_absolute_amplitude": 410.000006167976,
    "stimulus_description": "C2SQRHELNG150112[0]",
    "stimulus_duration": 1.999995,
    "stimulus_interval": 0.0,
    "stimulus_name": "Square - 2s Suprathreshold",
    "stimulus_relative_amplitude": 4.1,
    "stimulus_start_time": 0.92,
    "stimulus_units": "pA",
    "sweep_number": 89,
    "vm_delta_mv": 0.587303161621094
  },
  {
    "bridge_balance_mohm": 14.7130651473999,
    "id": 396343980,
    "leak_pa": 0.0,
    "num_spikes": 2216,
    "peak_deflection": 0.0,
    "post_noise_rms_mv": 0.0531726330518723,
    "post_vm_mv": -75.5934600830078,
    "pre_noise_rms_mv": 0.0371046923100948,
    "pre_vm_mv": -74.8965530395508,
    "slow_noise_rms_mv": 0.245149686932564,
    "slow_vm_mv": -74.8965530395508,
    "specimen_id": 320466871,
    "stimulus_absolute_amplitude": 946.374978383346,
    "stimulus_description": "C2NSRMPRHE150112[0]",
    "stimulus_duration": 29.99999,
    "stimulus_interval": 5.0e-06,
    "stimulus_name": "Ramp to Rheobase",
    "stimulus_relative_amplitude": 3.7,
    "stimulus_start_time": 1.920005,
    "stimulus_units": "pA",
    "sweep_number": 116,
    "vm_delta_mv": 0.696907043457031
  },
  {
    "bridge_balance_mohm": 14.7130651473999,
    "id": 396344158,
    "leak_pa": 0.0,
    "num_spikes": 0,
    "peak_deflection": 0.0,
    "post_noise_rms_mv": 0.0465024225413799,
    "post_vm_mv": -73.2166213989258,
    "pre_noise_rms_mv": 0.0478689186275005,
    "pre_vm_mv": -73.4862747192383,
    "slow_noise_rms_mv": 0.191859096288681,
    "slow_vm_mv": -73.4862747192383,
    "specimen_id": 320466871,
    "stimulus_absolute_amplitude": 299.999997066536,
    "stimulus_description": "C1SSCOARSE150112[2]",
    "stimulus_duration": 0.002995,
    "stimulus_interval": 0.0,
    "stimulus_name": "Short Square",
    "stimulus_relative_amplitude": 1.0,
    "stimulus_start_time": 0.92,
    "stimulus_units": "pA",
    "sweep_number": 9,
    "vm_delta_mv": 0.2696533203125
  },
  {
    "bridge_balance_mohm": 14.7130651473999,
    "id": 396344146,
    "leak_pa": 0.0,
    "num_spikes": 1,
    "peak_deflection": 0.0,
    "post_noise_rms_mv": 0.0371077880263329,
    "post_vm_mv": -75.0275268554688,
    "pre_noise_rms_mv": 0.041571956127882,
    "pre_vm_mv": -74.3438568115234,
    "slow_noise_rms_mv": 0.285923987627029,
    "slow_vm_mv": -74.3438568115234,
    "specimen_id": 320466871,
    "stimulus_absolute_amplitude": 370.000002858362,
    "stimulus_description": "C2SQRHELNG150112[0]",
    "stimulus_duration": 1.999995,
    "stimulus_interval": 0.0,
    "stimulus_name": "Square - 2s Suprathreshold",
    "stimulus_relative_amplitude": 3.7,
    "stimulus_start_time": 0.92,
    "stimulus_units": "pA",
    "sweep_number": 84,
    "vm_delta_mv": 0.683670043945312
  },
  {
    "bridge_balance_mohm": 14.7130651473999,
    "id": 396344134,
    "leak_pa": 0.0,
    "num_spikes": 1046,
    "peak_deflection": 0.0,
    "post_noise_rms_mv": 0.0426155105233192,
    "post_vm_mv": -75.9051666259766,
    "pre_noise_rms_mv": 0.0364583842456341,
    "pre_vm_mv": -73.780891418457,
    "slow_noise_rms_mv": 0.208762109279633,
    "slow_vm_mv": -73.780891418457,
    "specimen_id": 320466871,
    "stimulus_absolute_amplitude": 857.62502655129,
    "stimulus_description": "C1NSSEED_1150112[0]",
    "stimulus_duration": 18.999995,
    "stimulus_interval": 5.0,
    "stimulus_name": "Noise 1",
    "stimulus_relative_amplitude": 3.7,
    "stimulus_start_time": 1.92,
    "stimulus_units": "pA",
    "sweep_number": 79,
    "vm_delta_mv": 2.12427520751953
  },
  {
    "bridge_balance_mohm": 14.7130651473999,
    "id": 396343956,
    "leak_pa": 0.0,
    "num_spikes": 3,
    "peak_deflection": 0.0,
    "post_noise_rms_mv": 0.0435513220727444,
    "post_vm_mv": -72.5531463623047,
    "pre_noise_rms_mv": 0.0408085882663727,
    "pre_vm_mv": -72.3635101318359,
    "slow_noise_rms_mv": 0.342951893806458,
    "slow_vm_mv": -72.3635101318359,
    "specimen_id": 320466871,
    "stimulus_absolute_amplitude": 460.000010304995,
    "stimulus_description": "C2SSTRIPLE141203[2]",
    "stimulus_duration": 0.032995,
    "stimulus_interval": 0.012,
    "stimulus_name": "Short Square - Triple",
    "stimulus_relative_amplitude": 4.6,
    "stimulus_start_time": 1.92,
    "stimulus_units": "pA",
    "sweep_number": 108,
    "vm_delta_mv": 0.18963623046875
  },
  {
    "bridge_balance_mohm": 14.7130651473999,
    "id": 396344148,
    "leak_pa": 0.0,
    "num_spikes": 1,
    "peak_deflection": 0.0,
    "post_noise_rms_mv": 0.0355801284313202,
    "post_vm_mv": -74.9666748046875,
    "pre_noise_rms_mv": 0.0506470762193203,
    "pre_vm_mv": -74.284065246582,
    "slow_noise_rms_mv": 0.248404532670975,
    "slow_vm_mv": -74.284065246582,
    "specimen_id": 320466871,
    "stimulus_absolute_amplitude": 370.000002858362,
    "stimulus_description": "C2SQRHELNG150112[0]",
    "stimulus_duration": 1.999995,
    "stimulus_interval": 0.0,
    "stimulus_name": "Square - 2s Suprathreshold",
    "stimulus_relative_amplitude": 3.7,
    "stimulus_start_time": 0.92,
    "stimulus_units": "pA",
    "sweep_number": 85,
    "vm_delta_mv": 0.682609558105469
  },
  {
    "bridge_balance_mohm": 14.7130651473999,
    "id": 396344150,
    "leak_pa": 0.0,
    "num_spikes": 2,
    "peak_deflection": 0.0,
    "post_noise_rms_mv": 0.0378364324569702,
    "post_vm_mv": -74.8299560546875,
    "pre_noise_rms_mv": 0.0611526146531105,
    "pre_vm_mv": -74.6649169921875,
    "slow_noise_rms_mv": 0.301353514194489,
    "slow_vm_mv": -74.6649169921875,
    "specimen_id": 320466871,
    "stimulus_absolute_amplitude": 370.000002858362,
    "stimulus_description": "C2SQRHELNG150112[0]",
    "stimulus_duration": 1.999995,
    "stimulus_interval": 0.0,
    "stimulus_name": "Square - 2s Suprathreshold",
    "stimulus_relative_amplitude": 3.7,
    "stimulus_start_time": 0.92,
    "stimulus_units": "pA",
    "sweep_number": 86,
    "vm_delta_mv": 0.1650390625
  },
  {
    "bridge_balance_mohm": 14.7130651473999,
    "id": 396344060,
    "leak_pa": 0.0,
    "num_spikes": 0,
    "peak_deflection": -86.34375,
    "post_noise_rms_mv": 0.0424584709107876,
    "post_vm_mv": -74.8689041137695,
    "pre_noise_rms_mv": 0.0489172041416168,
    "pre_vm_mv": -74.1662902832031,
    "slow_noise_rms_mv": 0.328309506177902,
    "slow_vm_mv": -74.1662902832031,
    "specimen_id": 320466871,
    "stimulus_absolute_amplitude": -110.000002162547,
    "stimulus_description": "C1LSCOARSE150112[0]",
    "stimulus_duration": 0.999995,
    "stimulus_interval": 0.0,
    "stimulus_name": "Long Square",
    "stimulus_relative_amplitude": 1.0,
    "stimulus_start_time": 0.92,
    "stimulus_units": "pA",
    "sweep_number": 45,
    "vm_delta_mv": 0.702613830566406
  },
  {
    "bridge_balance_mohm": 14.7130651473999,
    "id": 396343970,
    "leak_pa": 0.0,
    "num_spikes": 2,
    "peak_deflection": 0.0,
    "post_noise_rms_mv": 0.0374279879033566,
    "post_vm_mv": -70.8012313842773,
    "pre_noise_rms_mv": 0.0537918657064438,
    "pre_vm_mv": -71.5993423461914,
    "slow_noise_rms_mv": 0.339353501796722,
    "slow_vm_mv": -71.5993423461914,
    "specimen_id": 320466871,
    "stimulus_absolute_amplitude": 460.000010304995,
    "stimulus_description": "C2SSTRIPLE141203[5]",
    "stimulus_duration": 0.056995,
    "stimulus_interval": 0.024,
    "stimulus_name": "Short Square - Triple",
    "stimulus_relative_amplitude": 4.6,
    "stimulus_start_time": 1.92,
    "stimulus_units": "pA",
    "sweep_number": 111,
    "vm_delta_mv": 0.798110961914062
  },
  {
    "bridge_balance_mohm": 14.7130651473999,
    "id": 396344086,
    "leak_pa": 0.0,
    "num_spikes": 0,
    "peak_deflection": -49.8750038146973,
    "post_noise_rms_mv": 0.0354471132159233,
    "post_vm_mv": -61.8914108276367,
    "pre_noise_rms_mv": 0.0351048782467842,
    "pre_vm_mv": -61.4615783691406,
    "slow_noise_rms_mv": 0.193876177072525,
    "slow_vm_mv": -61.4615783691406,
    "specimen_id": 320466871,
    "stimulus_absolute_amplitude": 129.99999687846,
    "stimulus_description": "C1LSCOARSE150112[12]",
    "stimulus_duration": 0.999995,
    "stimulus_interval": 0.0,
    "stimulus_name": "Long Square",
    "stimulus_relative_amplitude": 1.0,
    "stimulus_start_time": 0.92,
    "stimulus_units": "pA",
    "sweep_number": 57,
    "vm_delta_mv": 0.429832458496094
  },
  {
    "bridge_balance_mohm": 14.7130651473999,
    "id": 396343998,
    "leak_pa": 0.0,
    "num_spikes": 0,
    "peak_deflection": 0.0,
    "post_noise_rms_mv": 0.0433348156511784,
    "post_vm_mv": -72.6350784301758,
    "pre_noise_rms_mv": 0.039651595056057,
    "pre_vm_mv": -72.8128433227539,
    "slow_noise_rms_mv": 0.291792392730713,
    "slow_vm_mv": -72.8128433227539,
    "specimen_id": 320466871,
    "stimulus_absolute_amplitude": 460.000010304995,
    "stimulus_description": "C1SSFINEST150112[0]",
    "stimulus_duration": 0.002995,
    "stimulus_interval": 0.0,
    "stimulus_name": "Short Square",
    "stimulus_relative_amplitude": 4.6,
    "stimulus_start_time": 0.92,
    "stimulus_units": "pA",
    "sweep_number": 17,
    "vm_delta_mv": 0.177764892578125
  },
  {
    "bridge_balance_mohm": 14.7130651473999,
    "id": 396343944,
    "leak_pa": 0.0,
    "num_spikes": 0,
    "peak_deflection": 0.0,
    "post_noise_rms_mv": 0.0517078414559364,
    "post_vm_mv": -74.7839050292969,
    "pre_noise_rms_mv": 0.0390589162707329,
    "pre_vm_mv": -75.1072463989258,
    "slow_noise_rms_mv": 0.201371908187866,
    "slow_vm_mv": -75.1072463989258,
    "specimen_id": 320466871,
    "stimulus_absolute_amplitude": 460.000010304995,
    "stimulus_description": "C2SSTRIPLE141203[4]",
    "stimulus_duration": 0.048995,
    "stimulus_interval": 0.02,
    "stimulus_name": "Short Square - Triple",
    "stimulus_relative_amplitude": 4.6,
    "stimulus_start_time": 1.92,
    "stimulus_units": "pA",
    "sweep_number": 102,
    "vm_delta_mv": 0.323341369628906
  },
  {
    "bridge_balance_mohm": 14.7130651473999,
    "id": 396344100,
    "leak_pa": 0.0,
    "num_spikes": 0,
    "peak_deflection": -45.90625,
    "post_noise_rms_mv": 0.0414879061281681,
    "post_vm_mv": -68.3490142822266,
    "pre_noise_rms_mv": 0.0381389036774635,
    "pre_vm_mv": -67.5753021240234,
    "slow_noise_rms_mv": 0.18165622651577,
    "slow_vm_mv": -67.5753021240234,
    "specimen_id": 320466871,
    "stimulus_absolute_amplitude": 249.999992929517,
    "stimulus_description": "C1LSCOARSE150112[18]",
    "stimulus_duration": 0.999995,
    "stimulus_interval": 0.0,
    "stimulus_name": "Long Square",
    "stimulus_relative_amplitude": 1.0,
    "stimulus_start_time": 0.92,
    "stimulus_units": "pA",
    "sweep_number": 63,
    "vm_delta_mv": 0.773712158203125
  },
  {
    "bridge_balance_mohm": 14.7130651473999,
    "id": 396344070,
    "leak_pa": 0.0,
    "num_spikes": 322,
    "peak_deflection": 0.0,
    "post_noise_rms_mv": 0.0,
    "post_vm_mv": 0.0,
    "pre_noise_rms_mv": 0.0500502288341522,
    "pre_vm_mv": -72.0836334228516,
    "slow_noise_rms_mv": 0.168406173586845,
    "slow_vm_mv": -72.0836334228516,
    "specimen_id": 320466871,
    "stimulus_absolute_amplitude": 800.000010681146,
    "stimulus_description": "C1RP25PR1S141203[0]",
    "stimulus_duration": 31.997495,
    "stimulus_interval": 0.0,
    "stimulus_name": "Ramp",
    "stimulus_relative_amplitude": 1.0,
    "stimulus_start_time": 0.9225,
    "stimulus_units": "pA",
    "sweep_number": 5,
    "vm_delta_mv": 0.0
  },
  {
    "bridge_balance_mohm": 14.7130651473999,
    "id": 396344000,
    "leak_pa": 0.0,
    "num_spikes": 1,
    "peak_deflection": 0.0,
    "post_noise_rms_mv": 0.0342155694961548,
    "post_vm_mv": -72.3067474365234,
    "pre_noise_rms_mv": 0.0348717533051968,
    "pre_vm_mv": -71.8330688476562,
    "slow_noise_rms_mv": 0.441632151603699,
    "slow_vm_mv": -71.8330688476562,
    "specimen_id": 320466871,
    "stimulus_absolute_amplitude": 460.000010304995,
    "stimulus_description": "C1SSFINEST150112[0]",
    "stimulus_duration": 0.002995,
    "stimulus_interval": 0.0,
    "stimulus_name": "Short Square",
    "stimulus_relative_amplitude": 4.6,
    "stimulus_start_time": 0.92,
    "stimulus_units": "pA",
    "sweep_number": 18,
    "vm_delta_mv": 0.473678588867188
  },
  {
    "bridge_balance_mohm": 0.0,
    "id": 396343934,
    "leak_pa": 0.0,
    "num_spikes": 0,
    "peak_deflection": 0.0,
    "post_noise_rms_mv": 0.0,
    "post_vm_mv": 0.0,
    "pre_noise_rms_mv": 0.0,
    "pre_vm_mv": 0.0,
    "slow_noise_rms_mv": 0.0,
    "slow_vm_mv": 0.0,
    "specimen_id": 320466871,
    "stimulus_absolute_amplitude": 9.99999977648258,
    "stimulus_description": "EXTPSMOKET141203[0]",
    "stimulus_duration": 0.069995,
    "stimulus_interval": 0.05,
    "stimulus_name": "Test",
    "stimulus_relative_amplitude": 1.0,
    "stimulus_start_time": 0.03,
    "stimulus_units": "mV",
    "sweep_number": 0,
    "vm_delta_mv": 0.0
  },
  {
    "bridge_balance_mohm": 14.7130651473999,
    "id": 396344122,
    "leak_pa": 0.0,
    "num_spikes": 211,
    "peak_deflection": 0.0,
    "post_noise_rms_mv": 0.0369744524359703,
    "post_vm_mv": -73.7561721801758,
    "pre_noise_rms_mv": 0.0416156575083733,
    "pre_vm_mv": -74.2101211547852,
    "slow_noise_rms_mv": 0.123189903795719,
    "slow_vm_mv": -74.2101211547852,
    "specimen_id": 320466871,
    "stimulus_absolute_amplitude": 450.000009477591,
    "stimulus_description": "C1LSCOARSE150112[28]",
    "stimulus_duration": 0.999995,
    "stimulus_interval": 0.0,
    "stimulus_name": "Long Square",
    "stimulus_relative_amplitude": 1.0,
    "stimulus_start_time": 0.92,
    "stimulus_units": "pA",
    "sweep_number": 73,
    "vm_delta_mv": 0.453948974609375
  },
  {
    "bridge_balance_mohm": 14.7130651473999,
    "id": 396344132,
    "leak_pa": 0.0,
    "num_spikes": 1005,
    "peak_deflection": 0.0,
    "post_noise_rms_mv": 0.0493334829807281,
    "post_vm_mv": -75.3570861816406,
    "pre_noise_rms_mv": 0.0388225503265858,
    "pre_vm_mv": -73.6353149414062,
    "slow_noise_rms_mv": 0.21102100610733,
    "slow_vm_mv": -73.6353149414062,
    "specimen_id": 320466871,
    "stimulus_absolute_amplitude": 872.37500556725,
    "stimulus_description": "C1NSSEED_2150112[0]",
    "stimulus_duration": 18.999995,
    "stimulus_interval": 5.0,
    "stimulus_name": "Noise 2",
    "stimulus_relative_amplitude": 3.7,
    "stimulus_start_time": 1.92,
    "stimulus_units": "pA",
    "sweep_number": 78,
    "vm_delta_mv": 1.72177124023438
  },
  {
    "bridge_balance_mohm": 14.7130651473999,
    "id": 396343938,
    "leak_pa": 0.0,
    "num_spikes": 0,
    "peak_deflection": 0.0,
    "post_noise_rms_mv": 0.0368913821876049,
    "post_vm_mv": -73.8208312988281,
    "pre_noise_rms_mv": 0.0444862507283688,
    "pre_vm_mv": -73.3765869140625,
    "slow_noise_rms_mv": 0.175168573856354,
    "slow_vm_mv": -73.3765869140625,
    "specimen_id": 320466871,
    "stimulus_absolute_amplitude": 400.000005340573,
    "stimulus_description": "C1SSCOARSE150112[3]",
    "stimulus_duration": 0.002995,
    "stimulus_interval": 0.0,
    "stimulus_name": "Short Square",
    "stimulus_relative_amplitude": 1.0,
    "stimulus_start_time": 0.92,
    "stimulus_units": "pA",
    "sweep_number": 10,
    "vm_delta_mv": 0.444244384765625
  },
  {
    "bridge_balance_mohm": 14.7130651473999,
    "id": 396344168,
    "leak_pa": 0.0,
    "num_spikes": 0,
    "peak_deflection": 0.0,
    "post_noise_rms_mv": 0.04310492426157,
    "post_vm_mv": -75.4324493408203,
    "pre_noise_rms_mv": 0.0658022314310074,
    "pre_vm_mv": -75.2908630371094,
    "slow_noise_rms_mv": 0.407513856887817,
    "slow_vm_mv": -75.2908630371094,
    "specimen_id": 320466871,
    "stimulus_absolute_amplitude": 460.000010304995,
    "stimulus_description": "C2SSTRIPLE141203[4]",
    "stimulus_duration": 0.048995,
    "stimulus_interval": 0.02,
    "stimulus_name": "Short Square - Triple",
    "stimulus_relative_amplitude": 4.6,
    "stimulus_start_time": 1.92,
    "stimulus_units": "pA",
    "sweep_number": 94,
    "vm_delta_mv": 0.141586303710938
  },
  {
    "bridge_balance_mohm": 14.7130651473999,
    "id": 396344179,
    "leak_pa": 0.0,
    "num_spikes": 2,
    "peak_deflection": 0.0,
    "post_noise_rms_mv": 0.0368973091244698,
    "post_vm_mv": -74.4228363037109,
    "pre_noise_rms_mv": 0.0374469421803951,
    "pre_vm_mv": -74.5452346801758,
    "slow_noise_rms_mv": 0.298356145620346,
    "slow_vm_mv": -74.5452346801758,
    "specimen_id": 320466871,
    "stimulus_absolute_amplitude": 460.000010304995,
    "stimulus_description": "C2SSTRIPLE141203[1]",
    "stimulus_duration": 0.024995,
    "stimulus_interval": 0.008,
    "stimulus_name": "Short Square - Triple",
    "stimulus_relative_amplitude": 4.6,
    "stimulus_start_time": 1.92,
    "stimulus_units": "pA",
    "sweep_number": 99,
    "vm_delta_mv": 0.122398376464844
  },
  {
    "bridge_balance_mohm": 14.7130651473999,
    "id": 396343990,
    "leak_pa": 0.0,
    "num_spikes": 1,
    "peak_deflection": 0.0,
    "post_noise_rms_mv": 0.0643732324242592,
    "post_vm_mv": -72.4059448242188,
    "pre_noise_rms_mv": 0.0460561662912369,
    "pre_vm_mv": -73.1713943481445,
    "slow_noise_rms_mv": 0.250059872865677,
    "slow_vm_mv": -73.1713943481445,
    "specimen_id": 320466871,
    "stimulus_absolute_amplitude": 469.999983376823,
    "stimulus_description": "C1SSFINEST150112[0]",
    "stimulus_duration": 0.002995,
    "stimulus_interval": 0.0,
    "stimulus_name": "Short Square",
    "stimulus_relative_amplitude": 4.7,
    "stimulus_start_time": 0.92,
    "stimulus_units": "pA",
    "sweep_number": 13,
    "vm_delta_mv": 0.765449523925781
  },
  {
    "bridge_balance_mohm": 14.7130651473999,
    "id": 396344090,
    "leak_pa": 0.0,
    "num_spikes": 0,
    "peak_deflection": -48.0625,
    "post_noise_rms_mv": 0.0375204347074032,
    "post_vm_mv": -63.3980102539062,
    "pre_noise_rms_mv": 0.0370639450848103,
    "pre_vm_mv": -62.5105285644531,
    "slow_noise_rms_mv": 0.47294157743454,
    "slow_vm_mv": -62.5105285644531,
    "specimen_id": 320466871,
    "stimulus_absolute_amplitude": 170.000000188075,
    "stimulus_description": "C1LSCOARSE150112[14]",
    "stimulus_duration": 0.999995,
    "stimulus_interval": 0.0,
    "stimulus_name": "Long Square",
    "stimulus_relative_amplitude": 1.0,
    "stimulus_start_time": 0.92,
    "stimulus_units": "pA",
    "sweep_number": 59,
    "vm_delta_mv": 0.887481689453125
  },
  {
    "bridge_balance_mohm": 14.7130651473999,
    "id": 396344175,
    "leak_pa": 0.0,
    "num_spikes": 0,
    "peak_deflection": 0.0,
    "post_noise_rms_mv": 0.0341471210122108,
    "post_vm_mv": -73.6280899047852,
    "pre_noise_rms_mv": 0.0425257533788681,
    "pre_vm_mv": -73.6909713745117,
    "slow_noise_rms_mv": 0.165250957012177,
    "slow_vm_mv": -73.6909713745117,
    "specimen_id": 320466871,
    "stimulus_absolute_amplitude": 460.000010304995,
    "stimulus_description": "C2SSTRIPLE141203[7]",
    "stimulus_duration": 0.072995,
    "stimulus_interval": 0.032,
    "stimulus_name": "Short Square - Triple",
    "stimulus_relative_amplitude": 4.6,
    "stimulus_start_time": 1.92,
    "stimulus_units": "pA",
    "sweep_number": 97,
    "vm_delta_mv": 0.0628814697265625
  },
  {
    "bridge_balance_mohm": 14.7130651473999,
    "id": 396344092,
    "leak_pa": 0.0,
    "num_spikes": 352,
    "peak_deflection": 0.0,
    "post_noise_rms_mv": 0.0,
    "post_vm_mv": 0.0,
    "pre_noise_rms_mv": 0.0372246205806732,
    "pre_vm_mv": -72.3524169921875,
    "slow_noise_rms_mv": 0.247170805931091,
    "slow_vm_mv": -72.3524169921875,
    "specimen_id": 320466871,
    "stimulus_absolute_amplitude": 800.000010681146,
    "stimulus_description": "C1RP25PR1S141203[0]",
    "stimulus_duration": 31.997495,
    "stimulus_interval": 0.0,
    "stimulus_name": "Ramp",
    "stimulus_relative_amplitude": 1.0,
    "stimulus_start_time": 0.9225,
    "stimulus_units": "pA",
    "sweep_number": 6,
    "vm_delta_mv": 0.0
  },
  {
    "bridge_balance_mohm": 14.7130651473999,
    "id": 396344164,
    "leak_pa": 0.0,
    "num_spikes": 1,
    "peak_deflection": 0.0,
    "post_noise_rms_mv": 0.0516117811203003,
    "post_vm_mv": -74.9719467163086,
    "pre_noise_rms_mv": 0.0473377667367458,
    "pre_vm_mv": -74.6736221313477,
    "slow_noise_rms_mv": 0.219831377267838,
    "slow_vm_mv": -74.6736221313477,
    "specimen_id": 320466871,
    "stimulus_absolute_amplitude": 460.000010304995,
    "stimulus_description": "C2SSTRIPLE141203[2]",
    "stimulus_duration": 0.032995,
    "stimulus_interval": 0.012,
    "stimulus_name": "Short Square - Triple",
    "stimulus_relative_amplitude": 4.6,
    "stimulus_start_time": 1.92,
    "stimulus_units": "pA",
    "sweep_number": 92,
    "vm_delta_mv": 0.298324584960938
  },
  {
    "bridge_balance_mohm": 14.7130651473999,
    "id": 396343946,
    "leak_pa": 0.0,
    "num_spikes": 0,
    "peak_deflection": 0.0,
    "post_noise_rms_mv": 0.0434877425432205,
    "post_vm_mv": -75.3485336303711,
    "pre_noise_rms_mv": 0.0539872497320175,
    "pre_vm_mv": -75.334602355957,
    "slow_noise_rms_mv": 0.251865983009338,
    "slow_vm_mv": -75.334602355957,
    "specimen_id": 320466871,
    "stimulus_absolute_amplitude": 460.000010304995,
    "stimulus_description": "C2SSTRIPLE141203[5]",
    "stimulus_duration": 0.056995,
    "stimulus_interval": 0.024,
    "stimulus_name": "Short Square - Triple",
    "stimulus_relative_amplitude": 4.6,
    "stimulus_start_time": 1.92,
    "stimulus_units": "pA",
    "sweep_number": 103,
    "vm_delta_mv": 0.0139312744140625
  },
  {
    "bridge_balance_mohm": 14.7130651473999,
    "id": 396343952,
    "leak_pa": 0.0,
    "num_spikes": 2,
    "peak_deflection": 0.0,
    "post_noise_rms_mv": 0.0359454117715359,
    "post_vm_mv": -74.5861587524414,
    "pre_noise_rms_mv": 0.031008368358016,
    "pre_vm_mv": -74.847412109375,
    "slow_noise_rms_mv": 0.151683449745178,
    "slow_vm_mv": -74.847412109375,
    "specimen_id": 320466871,
    "stimulus_absolute_amplitude": 460.000010304995,
    "stimulus_description": "C2SSTRIPLE141203[0]",
    "stimulus_duration": 0.016995,
    "stimulus_interval": 0.004,
    "stimulus_name": "Short Square - Triple",
    "stimulus_relative_amplitude": 4.6,
    "stimulus_start_time": 1.92,
    "stimulus_units": "pA",
    "sweep_number": 106,
    "vm_delta_mv": 0.261253356933594
  },
  {
    "bridge_balance_mohm": 14.7130651473999,
    "id": 396343966,
    "leak_pa": 0.0,
    "num_spikes": 1,
    "peak_deflection": 0.0,
    "post_noise_rms_mv": 0.0367430113255978,
    "post_vm_mv": -73.6702194213867,
    "pre_noise_rms_mv": 0.0386470146477222,
    "pre_vm_mv": -73.9030685424805,
    "slow_noise_rms_mv": 0.120149664580822,
    "slow_vm_mv": -73.9030685424805,
    "specimen_id": 320466871,
    "stimulus_absolute_amplitude": 499.999985859034,
    "stimulus_description": "C1SSCOARSE150112[4]",
    "stimulus_duration": 0.002995,
    "stimulus_interval": 0.0,
    "stimulus_name": "Short Square",
    "stimulus_relative_amplitude": 1.0,
    "stimulus_start_time": 0.92,
    "stimulus_units": "pA",
    "sweep_number": 11,
    "vm_delta_mv": 0.23284912109375
  },
  {
    "bridge_balance_mohm": 14.7130651473999,
    "id": 396344098,
    "leak_pa": 0.0,
    "num_spikes": 0,
    "peak_deflection": -45.6562538146973,
    "post_noise_rms_mv": 0.0387378260493279,
    "post_vm_mv": -65.4166412353516,
    "pre_noise_rms_mv": 0.044447798281908,
    "pre_vm_mv": -64.6537170410156,
    "slow_noise_rms_mv": 0.208633363246918,
    "slow_vm_mv": -64.6537170410156,
    "specimen_id": 320466871,
    "stimulus_absolute_amplitude": 230.000005152498,
    "stimulus_description": "C1LSCOARSE150112[17]",
    "stimulus_duration": 0.999995,
    "stimulus_interval": 0.0,
    "stimulus_name": "Long Square",
    "stimulus_relative_amplitude": 1.0,
    "stimulus_start_time": 0.92,
    "stimulus_units": "pA",
    "sweep_number": 62,
    "vm_delta_mv": 0.762924194335938
  },
  {
    "bridge_balance_mohm": 14.7130651473999,
    "id": 396344116,
    "leak_pa": 0.0,
    "num_spikes": 1,
    "peak_deflection": 0.0,
    "post_noise_rms_mv": 0.0411025062203407,
    "post_vm_mv": -77.8788986206055,
    "pre_noise_rms_mv": 0.0316063426434994,
    "pre_vm_mv": -78.3331985473633,
    "slow_noise_rms_mv": 0.216350898146629,
    "slow_vm_mv": -78.3331985473633,
    "specimen_id": 320466871,
    "stimulus_absolute_amplitude": 390.000004513169,
    "stimulus_description": "C1LSCOARSE150112[25]",
    "stimulus_duration": 0.999995,
    "stimulus_interval": 0.0,
    "stimulus_name": "Long Square",
    "stimulus_relative_amplitude": 1.0,
    "stimulus_start_time": 0.92,
    "stimulus_units": "pA",
    "sweep_number": 70,
    "vm_delta_mv": 0.454299926757812
  },
  {
    "bridge_balance_mohm": 14.7130651473999,
    "id": 396344160,
    "leak_pa": 0.0,
    "num_spikes": 2,
    "peak_deflection": 0.0,
    "post_noise_rms_mv": 0.0392115004360676,
    "post_vm_mv": -74.1154327392578,
    "pre_noise_rms_mv": 0.0381170809268951,
    "pre_vm_mv": -74.1867599487305,
    "slow_noise_rms_mv": 0.169445261359215,
    "slow_vm_mv": -74.1867599487305,
    "specimen_id": 320466871,
    "stimulus_absolute_amplitude": 460.000010304995,
    "stimulus_description": "C2SSTRIPLE141203[0]",
    "stimulus_duration": 0.016995,
    "stimulus_interval": 0.004,
    "stimulus_name": "Short Square - Triple",
    "stimulus_relative_amplitude": 4.6,
    "stimulus_start_time": 1.92,
    "stimulus_units": "pA",
    "sweep_number": 90,
    "vm_delta_mv": 0.0713272094726562
  },
  {
    "bridge_balance_mohm": 14.7130651473999,
    "id": 396343948,
    "leak_pa": 0.0,
    "num_spikes": 0,
    "peak_deflection": 0.0,
    "post_noise_rms_mv": 0.0492013394832611,
    "post_vm_mv": -75.4385223388672,
    "pre_noise_rms_mv": 0.0383580476045609,
    "pre_vm_mv": -75.3445510864258,
    "slow_noise_rms_mv": 0.169398620724678,
    "slow_vm_mv": -75.3445510864258,
    "specimen_id": 320466871,
    "stimulus_absolute_amplitude": 460.000010304995,
    "stimulus_description": "C2SSTRIPLE141203[6]",
    "stimulus_duration": 0.064995,
    "stimulus_interval": 0.028,
    "stimulus_name": "Short Square - Triple",
    "stimulus_relative_amplitude": 4.6,
    "stimulus_start_time": 1.92,
    "stimulus_units": "pA",
    "sweep_number": 104,
    "vm_delta_mv": 0.0939712524414062
  },
  {
    "bridge_balance_mohm": 14.7130651473999,
    "id": 396344124,
    "leak_pa": 0.0,
    "num_spikes": 238,
    "peak_deflection": 0.0,
    "post_noise_rms_mv": 0.0432366691529751,
    "post_vm_mv": -75.6104583740234,
    "pre_noise_rms_mv": 0.0408347360789776,
    "pre_vm_mv": -75.1628036499023,
    "slow_noise_rms_mv": 0.275089770555496,
    "slow_vm_mv": -75.1628036499023,
    "specimen_id": 320466871,
    "stimulus_absolute_amplitude": 469.999983376823,
    "stimulus_description": "C1LSCOARSE150112[29]",
    "stimulus_duration": 0.999995,
    "stimulus_interval": 0.0,
    "stimulus_name": "Long Square",
    "stimulus_relative_amplitude": 1.0,
    "stimulus_start_time": 0.92,
    "stimulus_units": "pA",
    "sweep_number": 74,
    "vm_delta_mv": 0.447654724121094
  },
  {
    "bridge_balance_mohm": 14.7130651473999,
    "id": 396344080,
    "leak_pa": 0.0,
    "num_spikes": 0,
    "peak_deflection": -54.28125,
    "post_noise_rms_mv": 0.0392160378396511,
    "post_vm_mv": -61.1239013671875,
    "pre_noise_rms_mv": 0.0421194806694984,
    "pre_vm_mv": -61.7480316162109,
    "slow_noise_rms_mv": 0.171477258205414,
    "slow_vm_mv": -61.7480316162109,
    "specimen_id": 320466871,
    "stimulus_absolute_amplitude": 69.9999988529321,
    "stimulus_description": "C1LSCOARSE150112[9]",
    "stimulus_duration": 0.999995,
    "stimulus_interval": 0.0,
    "stimulus_name": "Long Square",
    "stimulus_relative_amplitude": 1.0,
    "stimulus_start_time": 0.92,
    "stimulus_units": "pA",
    "sweep_number": 54,
    "vm_delta_mv": 0.624130249023438
  },
  {
    "bridge_balance_mohm": 14.7130651473999,
    "id": 396343992,
    "leak_pa": 0.0,
    "num_spikes": 1,
    "peak_deflection": 0.0,
    "post_noise_rms_mv": 0.0389395542442799,
    "post_vm_mv": -72.5826187133789,
    "pre_noise_rms_mv": 0.0400890745222569,
    "pre_vm_mv": -73.010498046875,
    "slow_noise_rms_mv": 0.303451776504517,
    "slow_vm_mv": -73.010498046875,
    "specimen_id": 320466871,
    "stimulus_absolute_amplitude": 460.000010304995,
    "stimulus_description": "C1SSFINEST150112[0]",
    "stimulus_duration": 0.002995,
    "stimulus_interval": 0.0,
    "stimulus_name": "Short Square",
    "stimulus_relative_amplitude": 4.6,
    "stimulus_start_time": 0.92,
    "stimulus_units": "pA",
    "sweep_number": 14,
    "vm_delta_mv": 0.427879333496094
  },
  {
    "bridge_balance_mohm": 14.7130651473999,
    "id": 396344082,
    "leak_pa": 0.0,
    "num_spikes": 0,
    "peak_deflection": -52.40625,
    "post_noise_rms_mv": 0.0590416453778744,
    "post_vm_mv": -60.0285491943359,
    "pre_noise_rms_mv": 0.045032687485218,
    "pre_vm_mv": -60.5706634521484,
    "slow_noise_rms_mv": 0.356137841939926,
    "slow_vm_mv": -60.5706634521484,
    "specimen_id": 320466871,
    "stimulus_absolute_amplitude": 90.0000005077395,
    "stimulus_description": "C1LSCOARSE150112[10]",
    "stimulus_duration": 0.999995,
    "stimulus_interval": 0.0,
    "stimulus_name": "Long Square",
    "stimulus_relative_amplitude": 1.0,
    "stimulus_start_time": 0.92,
    "stimulus_units": "pA",
    "sweep_number": 55,
    "vm_delta_mv": 0.5421142578125
  },
  {
    "bridge_balance_mohm": 14.7130651473999,
    "id": 396344144,
    "leak_pa": 0.0,
    "num_spikes": 0,
    "peak_deflection": 0.0,
    "post_noise_rms_mv": 0.0355587489902973,
    "post_vm_mv": -73.7399749755859,
    "pre_noise_rms_mv": 0.0423992834985256,
    "pre_vm_mv": -74.1156234741211,
    "slow_noise_rms_mv": 0.223347768187523,
    "slow_vm_mv": -74.1156234741211,
    "specimen_id": 320466871,
    "stimulus_absolute_amplitude": -200.000002670286,
    "stimulus_description": "C1SQCAPCHK141203[0]",
    "stimulus_duration": 7.819995,
    "stimulus_interval": 0.2,
    "stimulus_name": "Square - 0.5ms Subthreshold",
    "stimulus_relative_amplitude": 1.0,
    "stimulus_start_time": 0.12,
    "stimulus_units": "pA",
    "sweep_number": 83,
    "vm_delta_mv": 0.375648498535156
  },
  {
    "bridge_balance_mohm": 14.7130651473999,
    "id": 396343988,
    "leak_pa": 0.0,
    "num_spikes": 0,
    "peak_deflection": 0.0,
    "post_noise_rms_mv": 0.0390684679150581,
    "post_vm_mv": -73.3713455200195,
    "pre_noise_rms_mv": 0.0667352974414825,
    "pre_vm_mv": -72.6098251342773,
    "slow_noise_rms_mv": 0.489142507314682,
    "slow_vm_mv": -72.6098251342773,
    "specimen_id": 320466871,
    "stimulus_absolute_amplitude": 450.000009477591,
    "stimulus_description": "C1SSFINEST150112[0]",
    "stimulus_duration": 0.002995,
    "stimulus_interval": 0.0,
    "stimulus_name": "Short Square",
    "stimulus_relative_amplitude": 4.5,
    "stimulus_start_time": 0.92,
    "stimulus_units": "pA",
    "sweep_number": 12,
    "vm_delta_mv": 0.761520385742188
  },
  {
    "bridge_balance_mohm": 14.7130651473999,
    "id": 396344162,
    "leak_pa": 0.0,
    "num_spikes": 2,
    "peak_deflection": 0.0,
    "post_noise_rms_mv": 0.0461456216871738,
    "post_vm_mv": -74.5522155761719,
    "pre_noise_rms_mv": 0.0440005511045456,
    "pre_vm_mv": -74.3248825073242,
    "slow_noise_rms_mv": 0.237995818257332,
    "slow_vm_mv": -74.3248825073242,
    "specimen_id": 320466871,
    "stimulus_absolute_amplitude": 460.000010304995,
    "stimulus_description": "C2SSTRIPLE141203[1]",
    "stimulus_duration": 0.024995,
    "stimulus_interval": 0.008,
    "stimulus_name": "Short Square - Triple",
    "stimulus_relative_amplitude": 4.6,
    "stimulus_start_time": 1.92,
    "stimulus_units": "pA",
    "sweep_number": 91,
    "vm_delta_mv": 0.227333068847656
  },
  {
    "bridge_balance_mohm": 14.7130651473999,
    "id": 396344172,
    "leak_pa": 0.0,
    "num_spikes": 0,
    "peak_deflection": 0.0,
    "post_noise_rms_mv": 0.0315634682774544,
    "post_vm_mv": -73.9946136474609,
    "pre_noise_rms_mv": 0.0441617630422115,
    "pre_vm_mv": -73.8436431884766,
    "slow_noise_rms_mv": 0.129598379135132,
    "slow_vm_mv": -73.8436431884766,
    "specimen_id": 320466871,
    "stimulus_absolute_amplitude": 460.000010304995,
    "stimulus_description": "C2SSTRIPLE141203[6]",
    "stimulus_duration": 0.064995,
    "stimulus_interval": 0.028,
    "stimulus_name": "Short Square - Triple",
    "stimulus_relative_amplitude": 4.6,
    "stimulus_start_time": 1.92,
    "stimulus_units": "pA",
    "sweep_number": 96,
    "vm_delta_mv": 0.150970458984375
  },
  {
    "bridge_balance_mohm": 0.0,
    "id": 396343984,
    "leak_pa": 0.0,
    "num_spikes": 0,
    "peak_deflection": 0.0,
    "post_noise_rms_mv": 0.0,
    "post_vm_mv": 0.0,
    "pre_noise_rms_mv": 0.0,
    "pre_vm_mv": 0.0,
    "slow_noise_rms_mv": 0.0,
    "slow_vm_mv": 0.0,
    "specimen_id": 320466871,
    "stimulus_absolute_amplitude": 9.99999977648258,
    "stimulus_description": "EXTPGGAEND141203[0]",
    "stimulus_duration": 0.069995,
    "stimulus_interval": 0.05,
    "stimulus_name": "Test",
    "stimulus_relative_amplitude": 1.0,
    "stimulus_start_time": 0.03,
    "stimulus_units": "mV",
    "sweep_number": 118,
    "vm_delta_mv": 0.0
  },
  {
    "bridge_balance_mohm": 14.7130651473999,
    "id": 396344062,
    "leak_pa": 0.0,
    "num_spikes": 0,
    "peak_deflection": -84.2187576293945,
    "post_noise_rms_mv": 0.0395139716565609,
    "post_vm_mv": -74.6378173828125,
    "pre_noise_rms_mv": 0.0579471625387669,
    "pre_vm_mv": -74.7518463134766,
    "slow_noise_rms_mv": 0.253118216991425,
    "slow_vm_mv": -74.7518463134766,
    "specimen_id": 320466871,
    "stimulus_absolute_amplitude": -90.0000005077395,
    "stimulus_description": "C1LSCOARSE150112[1]",
    "stimulus_duration": 0.999995,
    "stimulus_interval": 0.0,
    "stimulus_name": "Long Square",
    "stimulus_relative_amplitude": 1.0,
    "stimulus_start_time": 0.92,
    "stimulus_units": "pA",
    "sweep_number": 46,
    "vm_delta_mv": 0.114028930664062
  },
  {
    "bridge_balance_mohm": 14.7130651473999,
    "id": 396344177,
    "leak_pa": 0.0,
    "num_spikes": 2,
    "peak_deflection": 0.0,
    "post_noise_rms_mv": 0.034595750272274,
    "post_vm_mv": -74.2629852294922,
    "pre_noise_rms_mv": 0.0456170737743378,
    "pre_vm_mv": -73.9547576904297,
    "slow_noise_rms_mv": 0.164576292037964,
    "slow_vm_mv": -73.9547576904297,
    "specimen_id": 320466871,
    "stimulus_absolute_amplitude": 460.000010304995,
    "stimulus_description": "C2SSTRIPLE141203[0]",
    "stimulus_duration": 0.016995,
    "stimulus_interval": 0.004,
    "stimulus_name": "Short Square - Triple",
    "stimulus_relative_amplitude": 4.6,
    "stimulus_start_time": 1.92,
    "stimulus_units": "pA",
    "sweep_number": 98,
    "vm_delta_mv": 0.3082275390625
  },
  {
    "bridge_balance_mohm": 14.7130651473999,
    "id": 396344064,
    "leak_pa": 0.0,
    "num_spikes": 0,
    "peak_deflection": -83.84375,
    "post_noise_rms_mv": 0.0397647246718407,
    "post_vm_mv": -75.2574157714844,
    "pre_noise_rms_mv": 0.0596662163734436,
    "pre_vm_mv": -75.4636535644531,
    "slow_noise_rms_mv": 0.349873751401901,
    "slow_vm_mv": -75.4636535644531,
    "specimen_id": 320466871,
    "stimulus_absolute_amplitude": -69.9999988529321,
    "stimulus_description": "C1LSCOARSE150112[2]",
    "stimulus_duration": 0.999995,
    "stimulus_interval": 0.0,
    "stimulus_name": "Long Square",
    "stimulus_relative_amplitude": 1.0,
    "stimulus_start_time": 0.92,
    "stimulus_units": "pA",
    "sweep_number": 47,
    "vm_delta_mv": 0.20623779296875
  },
  {
    "bridge_balance_mohm": 14.7130651473999,
    "id": 396344170,
    "leak_pa": 0.0,
    "num_spikes": 0,
    "peak_deflection": 0.0,
    "post_noise_rms_mv": 0.0553306974470615,
    "post_vm_mv": -74.0871047973633,
    "pre_noise_rms_mv": 0.0359458513557911,
    "pre_vm_mv": -73.9722137451172,
    "slow_noise_rms_mv": 0.155202761292458,
    "slow_vm_mv": -73.9722137451172,
    "specimen_id": 320466871,
    "stimulus_absolute_amplitude": 460.000010304995,
    "stimulus_description": "C2SSTRIPLE141203[5]",
    "stimulus_duration": 0.056995,
    "stimulus_interval": 0.024,
    "stimulus_name": "Short Square - Triple",
    "stimulus_relative_amplitude": 4.6,
    "stimulus_start_time": 1.92,
    "stimulus_units": "pA",
    "sweep_number": 95,
    "vm_delta_mv": 0.114891052246094
  },
  {
    "bridge_balance_mohm": 0.0,
    "id": 396343986,
    "leak_pa": 0.0,
    "num_spikes": 0,
    "peak_deflection": 0.0,
    "post_noise_rms_mv": 0.0345255546271801,
    "post_vm_mv": 0.265004992485046,
    "pre_noise_rms_mv": 0.039923295378685,
    "pre_vm_mv": 0.231949582695961,
    "slow_noise_rms_mv": 0.0503953136503696,
    "slow_vm_mv": 0.231949582695961,
    "specimen_id": 320466871,
    "stimulus_absolute_amplitude": 0.0,
    "stimulus_description": "EXTPBLWOUT141203[0]",
    "stimulus_duration": 0.0,
    "stimulus_interval": 0.0,
    "stimulus_name": "Test",
    "stimulus_relative_amplitude": 1.0,
    "stimulus_start_time": 0.0,
    "stimulus_units": "pA",
    "sweep_number": 119,
    "vm_delta_mv": 0.0330554097890854
  }
]