{"id":472301074,"name":"Biophysical - perisomatic_Pvalb-IRES-Cre;Ai14(IVSCC)-170931.06.01.01","neuronal_model_template_id":329230710,"specimen_id":320466871,"well_known_files":[{"attachable_id":472301074,"attachable_type":"NeuronalModel","download_link":"/api/v2/well_known_file_download/475369316","id":475369316,"path":"/external/mousecelltypes/prod294/neuronal_model_472301074/472301074_fit.json","well_known_file_type_id":329230374,"well_known_file_type":{"id":329230374,"name":"NeuronalModelParameters"}}],"neuronal_model_template":{"description":"Biophys neuronal model template","id":329230710,"name":"Biophysical - perisomatic","well_known_files":[{"attachable_id":305094322,"attachable_type":"Product","download_link":"/api/v2/well_known_file_download/395337062","id":395337062,"path":"/external/mousecelltypes/prod210/project_in vitro Single Cell Characterization_T301/Kv3_1.mod","well_known_file_type_id":292178729,"well_known_file_type":{"id":292178729,"name":"BiophysicalModelDescription"}},{"attachable_id":305094322,"attachable_type":"Product","download_link":"/api/v2/well_known_file_download/395337293","id":395337293,"path":"/external/mousecelltypes/prod210/project_in vitro Single Cell Characterization_T301/SK.mod","well_known_file_type_id":292178729,"well_known_file_type":{"id":292178729,"name":"BiophysicalModelDescription"}},{"attachable_id":305094322,"attachable_type":"Product","download_link":"/api/v2/well_known_file_download/395337054","id":395337054,"path":"/external/mousecelltypes/prod210/project_in vitro Single Cell Characterization_T301/Kd.mod","well_known_file_type_id":292178729,"well_known_file_type":{"id":292178729,"name":"BiophysicalModelDescription"}},{"attachable_id":305094322,"attachable_type":"Product","download_link":"/api/v2/well_known_file_download/395337070","id":395337070,"path":"/external/mousecelltypes/prod210/project_in vitro Single Cell Characterization_T301/NaTa.mod","well_known_file_type_id":292178729,"well_known_file_type":{"id":292178729,"name":"BiophysicalModelDescription"}},{"attachable_id":305094322,"attachable_type":"Product","download_link":"/api/v2/well_known_file_download/395337225","id":395337225,"path":"/external/mousecelltypes/prod210/project_in vitro Single Cell Characterization_T301/NaTs.mod","well_known_file_type_id":292178729,"well_known_file_type":{"id":292178729,"name":"BiophysicalModelDescription"}},{"attachable_id":305094322,"attachable_type":"Product","download_link":"/api/v2/well_known_file_download/395337019","id":395337019,"path":"/external/mousecelltypes/prod210/project_in vitro Single Cell Characterization_T301/Im.mod","well_known_file_type_id":292178729,"well_known_file_type":{"id":292178729,"name":"BiophysicalModelDescription"}},{"attachable_id":305094322,"attachable_type":"Product","download_link":"/api/v2/well_known_file_download/395337003","id":395337003,"path":"/external/mousecelltypes/prod210/project_in vitro Single Cell Characterization_T301/Ca_HVA.mod","well_known_file_type_id":292178729,"well_known_file_type":{"id":292178729,"name":"BiophysicalModelDescription"}},{"attachable_id":305094322,"attachable_type":"Product","download_link":"/api/v2/well_known_file_download/395337050","id":395337050,"path":"/external/mousecelltypes/prod210/project_in vitro Single Cell Characterization_T301/K_T.mod","well_known_file_type_id":292178729,"well_known_file_type":{"id":292178729,"name":"BiophysicalModelDescription"}},{"attachable_id":305094322,"attachable_type":"Product","download_link":"/api/v2/well_known_file_download/395337042","id":395337042,"path":"/external/mousecelltypes/prod210/project_in vitro Single Cell Characterization_T301/Im_v2.mod","well_known_file_type_id":292178729,"well_known_file_type":{"id":292178729,"name":"BiophysicalModelDescription"}},{"attachable_id":305094322,"attachable_type":"Product","download_link":"/api/v2/well_known_file_download/395337058","id":395337058,"path":"/external/mousecelltypes/prod210/project_in vitro Single Cell Characterization_T301/Kv2like.mod","well_known_file_type_id":292178729,"well_known_file_type":{"id":292178729,"name":"BiophysicalModelDescription"}},{"attachable_id":305094322,"attachable_type":"Product","download_link":"/api/v2/well_known_file_download/395337011","id":395337011,"path":"/external/mousecelltypes/prod210/project_in vitro Single Cell Characterization_T301/CaDynamics.mod","well_known_file_type_id":292178729,"well_known_file_type":{"id":292178729,"name":"BiophysicalModelDescription"}},{"attachable_id":305094322,"attachable_type":"Product","download_link":"/api/v2/well_known_file_download/395337046","id":395337046,"path":"/external/mousecelltypes/prod210/project_in vitro Single Cell Characterization_T301/K_P.mod","well_known_file_type_id":292178729,"well_known_file_type":{"id":292178729,"name":"BiophysicalModelDescription"}},{"attachable_id":305094322,"attachable_type":"Product","download_link":"/api/v2/well_known_file_download/395337015","id":395337015,"path":"/external/mousecelltypes/prod210/project_in vitro Single Cell Characterization_T301/Ih.mod","well_known_file_type_id":292178729,"well_known_file_type":{"id":292178729,"name":"BiophysicalModelDescription"}},{"attachable_id":305094322,"attachable_type":"Product","download_link":"/api/v2/well_known_file_download/395337066","id":395337066,"path":"/external/mousecelltypes/prod210/project_in vitro Single Cell Characterization_T301/Nap.mod","well_known_file_type_id":292178729,"well_known_file_type":{"id":292178729,"name":"BiophysicalModelDescription"}},{"attachable_id":305094322,"attachable_type":"Product","download_link":"/api/v2/well_known_file_download/464138096","id":464138096,"path":"/external/mousecelltypes/prod251/project_in vitro Single Cell Characterization_T301/NaV.mod","well_known_file_type_id":292178729,"well_known_file_type":{"id":292178729,"name":"BiophysicalModelDescription"}},{"attachable_id":305094322,"attachable_type":"Product","download_link":"/api/v2/well_known_file_download/395337007","id":395337007,"path":"/external/mousecelltypes/prod210/project_in vitro Single Cell Characterization_T301/Ca_LVA.mod","well_known_file_type_id":292178729,"well_known_file_type":{"id":292178729,"name":"BiophysicalModelDescription"}}]},"specimen":{"donor_id":319194378,"ephys_result_id":320466869,"external_specimen_name":null,"failed_facet":734881840,"hemisphere":"left","id":320466871,"is_cell_specimen":true,"is_ish":false,"name":"Pvalb-IRES-Cre;Ai14(IVSCC)-170931.06.01.01","parent_id":320432352,"parent_x_coord":0,"parent_y_coord":0,"parent_z_coord":1,"rna_integrity_number":null,"specimen_id_path":"/319194380/320431519/320432352/320466871/","sphinx_id":47608,"structure_id":33,"tissue_ph":null,"weight":9000,"neuron_reconstructions":[{"average_bifurcation_angle_local":74.0619,"average_bifurcation_angle_remote":51.8864,"average_contraction":0.836074,"average_diameter":0.366815,"average_fragmentation":44.4902,"average_parent_daughter_ratio":0.783922,"hausdorff_dimension":1.07515,"id":464188986,"max_branch_order":6.0,"max_euclidean_distance":212.529,"max_path_distance":258.051,"number_bifurcations":23,"number_branches":51,"number_nodes":2321,"number_stems":7,"number_tips":29,"overall_depth":67.48,"overall_height":299.75,"overall_width":318.947,"scale_factor_x":0.1144,"scale_factor_y":0.1144,"scale_factor_z":0.28,"soma_surface":725.795,"specimen_id":320466871,"tags":"3D Neuron Reconstruction morphology","total_length":2776.78,"total_surface":3223.14,"total_volume":355.789,"well_known_files":[{"attachable_id":464188986,"attachable_type":"NeuronReconstruction","download_link":"/api/v2/well_known_file_download/464188988","id":464188988,"path":"/external/mousecelltypes/prod170/specimen_320466871/Pvalb-IRES-Cre_Ai14_IVSCC_-170931.06.01.01_464188986_m.swc","well_known_file_type_id":303941301,"well_known_file_type":{"id":303941301,"name":"3DNeuronReconstruction"}}]}]}}