{
  "passive": [
    {
      "ra": 76.33, 
      "cm": [
        {
          "section": "soma", 
          "cm": 1.78
        }, 
        {
          "section": "axon", 
          "cm": 1.78
        }, 
        {
          "section": "dend", 
          "cm": 1.78
        }
      ], 
      "e_pas": -86.55371348063152
    }
  ], 
  "axon_morph": [
    {
      "delete_axon": [
        "forsec axonal{delete_section()}", 
        "  create axon[2]", 
        "  axon[0]{", 
        "    L= 30", 
        "    diam = 1", 
        "    nseg = 1+2*int(L/40)", 
        "    all.append()", 
        "    axonal.append()", 
        "  }", 
        "  axon[1]{", 
        "    L= 30", 
        "    diam = 1", 
        "    nseg = 1+2*int(L/40)", 
        "    all.append()", 
        "    axonal.append()", 
        "  }", 
        "", 
        "nSecAxonal = 2", 
        "connect axon(0), soma(0.5)", 
        "connect axon[1](0), axon[0](1) ", 
        "access soma"
      ], 
      "setup_line": "create soma[1], dend[1], apic[1], axon[1]"
    }
  ], 
  "fitting": [
    {
      "junction_potential": -14.0, 
      "sweeps": [
        50, 
        51, 
        52
      ]
    }
  ], 
  "conditions": [
    {
      "celsius": 34.0, 
      "erev": [
        {
          "ena": 53.0, 
          "section": "soma", 
          "ek": -107.0
        }
      ], 
      "v_init": -86.55371348063152
    }
  ], 
  "genome": [
    {
      "value": 4.4013408989699997e-05, 
      "section": "soma", 
      "name": "gbar_Ih", 
      "mechanism": "Ih"
    }, 
    {
      "value": 0.084522239784100006, 
      "section": "soma", 
      "name": "gbar_NaV", 
      "mechanism": "NaV"
    }, 
    {
      "value": 7.1396042374299999e-06, 
      "section": "soma", 
      "name": "gbar_Kd", 
      "mechanism": "Kd"
    }, 
    {
      "value": 8.5407687844999997e-05, 
      "section": "soma", 
      "name": "gbar_Kv2like", 
      "mechanism": "Kv2like"
    }, 
    {
      "value": 0.14468849545600002, 
      "section": "soma", 
      "name": "gbar_Kv3_1", 
      "mechanism": "Kv3_1"
    }, 
    {
      "value": 4.6546958256100002e-06, 
      "section": "soma", 
      "name": "gbar_K_T", 
      "mechanism": "K_T"
    }, 
    {
      "value": 0.019488349404299998, 
      "section": "soma", 
      "name": "gbar_Im_v2", 
      "mechanism": "Im_v2"
    }, 
    {
      "value": 0.0089153404552, 
      "section": "soma", 
      "name": "gbar_SK", 
      "mechanism": "SK"
    }, 
    {
      "value": 0.000277947073852, 
      "section": "soma", 
      "name": "gbar_Ca_HVA", 
      "mechanism": "Ca_HVA"
    }, 
    {
      "value": 0.0097398700341700013, 
      "section": "soma", 
      "name": "gbar_Ca_LVA", 
      "mechanism": "Ca_LVA"
    }, 
    {
      "value": 0.000159404421771, 
      "section": "soma", 
      "name": "gamma_CaDynamics", 
      "mechanism": "CaDynamics"
    }, 
    {
      "value": 985.29690937100008, 
      "section": "soma", 
      "name": "decay_CaDynamics", 
      "mechanism": "CaDynamics"
    }, 
    {
      "value": 2.59303336895e-05, 
      "section": "soma", 
      "name": "g_pas", 
      "mechanism": ""
    }, 
    {
      "value": 0.00077729189102799991, 
      "section": "axon", 
      "name": "g_pas", 
      "mechanism": ""
    }, 
    {
      "value": 6.9700535874300006e-07, 
      "section": "dend", 
      "name": "g_pas", 
      "mechanism": ""
    }
  ]
}