[
  {
    "bridge_balance_mohm": 14.8351650238037,
    "id": 396365797,
    "leak_pa": 0.0,
    "num_spikes": 3,
    "peak_deflection": 0.0,
    "post_noise_rms_mv": 0.0449686162173748,
    "post_vm_mv": -73.2874984741211,
    "pre_noise_rms_mv": 0.0457928143441677,
    "pre_vm_mv": -73.042594909668,
    "slow_noise_rms_mv": 0.290362566709518,
    "slow_vm_mv": -73.042594909668,
    "specimen_id": 323834998,
    "stimulus_absolute_amplitude": 539.999989168649,
    "stimulus_description": "C2SSTRIPLE141203[0]",
    "stimulus_duration": 0.016995,
    "stimulus_interval": 0.004,
    "stimulus_name": "Short Square - Triple",
    "stimulus_relative_amplitude": 5.4,
    "stimulus_start_time": 1.92,
    "stimulus_units": "pA",
    "sweep_number": 72,
    "vm_delta_mv": 0.244903564453125
  },
  {
    "bridge_balance_mohm": 14.8351650238037,
    "id": 396365739,
    "leak_pa": 0.0,
    "num_spikes": 0,
    "peak_deflection": 0.0,
    "post_noise_rms_mv": 0.0321973562240601,
    "post_vm_mv": -73.1704406738281,
    "pre_noise_rms_mv": 0.0482206009328365,
    "pre_vm_mv": -72.9669876098633,
    "slow_noise_rms_mv": 0.265626430511475,
    "slow_vm_mv": -72.9669876098633,
    "specimen_id": 323834998,
    "stimulus_absolute_amplitude": -200.000002670286,
    "stimulus_description": "C1SQCAPCHK141203[0]",
    "stimulus_duration": 7.819995,
    "stimulus_interval": 0.2,
    "stimulus_name": "Square - 0.5ms Subthreshold",
    "stimulus_relative_amplitude": 1.0,
    "stimulus_start_time": 0.12,
    "stimulus_units": "pA",
    "sweep_number": 46,
    "vm_delta_mv": 0.203453063964844
  },
  {
    "bridge_balance_mohm": 14.8351650238037,
    "id": 396365683,
    "leak_pa": 0.0,
    "num_spikes": 1,
    "peak_deflection": 0.0,
    "post_noise_rms_mv": 0.0368427373468876,
    "post_vm_mv": -73.0928726196289,
    "pre_noise_rms_mv": 0.0374896824359894,
    "pre_vm_mv": -73.2755432128906,
    "slow_noise_rms_mv": 0.104315802454948,
    "slow_vm_mv": -73.2755432128906,
    "specimen_id": 323834998,
    "stimulus_absolute_amplitude": 539.999989168649,
    "stimulus_description": "C1SSFINEST150112[0]",
    "stimulus_duration": 0.002995,
    "stimulus_interval": 0.0,
    "stimulus_name": "Short Square",
    "stimulus_relative_amplitude": 5.4,
    "stimulus_start_time": 0.92,
    "stimulus_units": "pA",
    "sweep_number": 20,
    "vm_delta_mv": 0.182670593261719
  },
  {
    "bridge_balance_mohm": 0.0,
    "id": 396365659,
    "leak_pa": 0.0,
    "num_spikes": 0,
    "peak_deflection": 0.0,
    "post_noise_rms_mv": 0.0,
    "post_vm_mv": 0.0,
    "pre_noise_rms_mv": 0.0,
    "pre_vm_mv": 0.0,
    "slow_noise_rms_mv": 0.0,
    "slow_vm_mv": 0.0,
    "specimen_id": 323834998,
    "stimulus_absolute_amplitude": 9.99999977648258,
    "stimulus_description": "EXTPEXPEND141203[0]",
    "stimulus_duration": 0.069995,
    "stimulus_interval": 0.05,
    "stimulus_name": "Test",
    "stimulus_relative_amplitude": 1.0,
    "stimulus_start_time": 0.03,
    "stimulus_units": "mV",
    "sweep_number": 116,
    "vm_delta_mv": 0.0
  },
  {
    "bridge_balance_mohm": 14.8351650238037,
    "id": 396365677,
    "leak_pa": 0.0,
    "num_spikes": 0,
    "peak_deflection": 0.0,
    "post_noise_rms_mv": 0.0349872782826424,
    "post_vm_mv": -73.7373352050781,
    "pre_noise_rms_mv": 0.0399446934461594,
    "pre_vm_mv": -73.7544937133789,
    "slow_noise_rms_mv": 0.10372119396925,
    "slow_vm_mv": -73.7544937133789,
    "specimen_id": 323834998,
    "stimulus_absolute_amplitude": 539.999989168649,
    "stimulus_description": "C1SSFINEST150112[0]",
    "stimulus_duration": 0.002995,
    "stimulus_interval": 0.0,
    "stimulus_name": "Short Square",
    "stimulus_relative_amplitude": 5.4,
    "stimulus_start_time": 0.92,
    "stimulus_units": "pA",
    "sweep_number": 18,
    "vm_delta_mv": 0.0171585083007812
  },
  {
    "bridge_balance_mohm": 14.8351650238037,
    "id": 396365733,
    "leak_pa": 0.0,
    "num_spikes": 111,
    "peak_deflection": 0.0,
    "post_noise_rms_mv": 0.0319313481450081,
    "post_vm_mv": -73.1004180908203,
    "pre_noise_rms_mv": 0.0364876352250576,
    "pre_vm_mv": -73.1023712158203,
    "slow_noise_rms_mv": 0.0699135810136795,
    "slow_vm_mv": -73.1023712158203,
    "specimen_id": 323834998,
    "stimulus_absolute_amplitude": 259.374993705208,
    "stimulus_description": "C1NSSEED_2150112[0]",
    "stimulus_duration": 18.999995,
    "stimulus_interval": 5.0,
    "stimulus_name": "Noise 2",
    "stimulus_relative_amplitude": 1.1,
    "stimulus_start_time": 1.92,
    "stimulus_units": "pA",
    "sweep_number": 43,
    "vm_delta_mv": 0.001953125
  },
  {
    "bridge_balance_mohm": 14.8351650238037,
    "id": 396365721,
    "leak_pa": 0.0,
    "num_spikes": 48,
    "peak_deflection": 0.0,
    "post_noise_rms_mv": 0.044542457908392,
    "post_vm_mv": -72.9242477416992,
    "pre_noise_rms_mv": 0.0402273200452328,
    "pre_vm_mv": -73.07861328125,
    "slow_noise_rms_mv": 0.074327290058136,
    "slow_vm_mv": -73.07861328125,
    "specimen_id": 323834998,
    "stimulus_absolute_amplitude": 230.000005152498,
    "stimulus_description": "C1LSCOARSE150112[17]",
    "stimulus_duration": 0.999995,
    "stimulus_interval": 0.0,
    "stimulus_name": "Long Square",
    "stimulus_relative_amplitude": 1.0,
    "stimulus_start_time": 0.92,
    "stimulus_units": "pA",
    "sweep_number": 38,
    "vm_delta_mv": 0.154365539550781
  },
  {
    "bridge_balance_mohm": 14.8351650238037,
    "id": 396365761,
    "leak_pa": 0.0,
    "num_spikes": 3,
    "peak_deflection": 0.0,
    "post_noise_rms_mv": 0.0350166372954845,
    "post_vm_mv": -72.6928863525391,
    "pre_noise_rms_mv": 0.0411716550588608,
    "pre_vm_mv": -72.4542617797852,
    "slow_noise_rms_mv": 0.151311159133911,
    "slow_vm_mv": -72.4542617797852,
    "specimen_id": 323834998,
    "stimulus_absolute_amplitude": 539.999989168649,
    "stimulus_description": "C2SSTRIPLE141203[0]",
    "stimulus_duration": 0.016995,
    "stimulus_interval": 0.004,
    "stimulus_name": "Short Square - Triple",
    "stimulus_relative_amplitude": 5.4,
    "stimulus_start_time": 1.92,
    "stimulus_units": "pA",
    "sweep_number": 56,
    "vm_delta_mv": 0.238624572753906
  },
  {
    "bridge_balance_mohm": 14.0415143966675,
    "id": 396365631,
    "leak_pa": 0.0,
    "num_spikes": 0,
    "peak_deflection": 0.0,
    "post_noise_rms_mv": 0.0418751053512096,
    "post_vm_mv": -62.0201683044434,
    "pre_noise_rms_mv": 0.0372273325920105,
    "pre_vm_mv": -61.9132843017578,
    "slow_noise_rms_mv": 0.190719798207283,
    "slow_vm_mv": -61.9132843017578,
    "specimen_id": 323834998,
    "stimulus_absolute_amplitude": 220.000004325094,
    "stimulus_description": "C2SSHM60FN150112[0]",
    "stimulus_duration": 0.002995,
    "stimulus_interval": 0.0,
    "stimulus_name": "Short Square - Hold -60mV",
    "stimulus_relative_amplitude": 2.2,
    "stimulus_start_time": 0.92,
    "stimulus_units": "pA",
    "sweep_number": 103,
    "vm_delta_mv": 0.106884002685547
  },
  {
    "bridge_balance_mohm": 14.0415143966675,
    "id": 396365633,
    "leak_pa": 0.0,
    "num_spikes": 0,
    "peak_deflection": 0.0,
    "post_noise_rms_mv": 0.0415737926959991,
    "post_vm_mv": -61.0630035400391,
    "pre_noise_rms_mv": 0.0399686396121979,
    "pre_vm_mv": -61.1957931518555,
    "slow_noise_rms_mv": 0.153566092252731,
    "slow_vm_mv": -61.1957931518555,
    "specimen_id": 323834998,
    "stimulus_absolute_amplitude": 230.000005152498,
    "stimulus_description": "C2SSHM60FN150112[0]",
    "stimulus_duration": 0.002995,
    "stimulus_interval": 0.0,
    "stimulus_name": "Short Square - Hold -60mV",
    "stimulus_relative_amplitude": 2.3,
    "stimulus_start_time": 0.92,
    "stimulus_units": "pA",
    "sweep_number": 104,
    "vm_delta_mv": 0.132789611816406
  },
  {
    "bridge_balance_mohm": 14.8351650238037,
    "id": 396365703,
    "leak_pa": 0.0,
    "num_spikes": 35,
    "peak_deflection": 0.0,
    "post_noise_rms_mv": 0.0,
    "post_vm_mv": 0.0,
    "pre_noise_rms_mv": 0.0367843955755234,
    "pre_vm_mv": -72.6526870727539,
    "slow_noise_rms_mv": 0.0870360732078552,
    "slow_vm_mv": -72.6526870727539,
    "specimen_id": 323834998,
    "stimulus_absolute_amplitude": 800.000010681146,
    "stimulus_description": "C1RP25PR1S141203[0]",
    "stimulus_duration": 31.997495,
    "stimulus_interval": 0.0,
    "stimulus_name": "Ramp",
    "stimulus_relative_amplitude": 1.0,
    "stimulus_start_time": 0.9225,
    "stimulus_units": "pA",
    "sweep_number": 3,
    "vm_delta_mv": 0.0
  },
  {
    "bridge_balance_mohm": 14.8351650238037,
    "id": 396365671,
    "leak_pa": 0.0,
    "num_spikes": 0,
    "peak_deflection": 0.0,
    "post_noise_rms_mv": 0.0376255176961422,
    "post_vm_mv": -73.2245025634766,
    "pre_noise_rms_mv": 0.0268378965556622,
    "pre_vm_mv": -73.2155609130859,
    "slow_noise_rms_mv": 0.230618476867676,
    "slow_vm_mv": -73.2155609130859,
    "specimen_id": 323834998,
    "stimulus_absolute_amplitude": 529.999988341245,
    "stimulus_description": "C1SSFINEST150112[0]",
    "stimulus_duration": 0.002995,
    "stimulus_interval": 0.0,
    "stimulus_name": "Short Square",
    "stimulus_relative_amplitude": 5.3,
    "stimulus_start_time": 0.92,
    "stimulus_units": "pA",
    "sweep_number": 15,
    "vm_delta_mv": 0.008941650390625
  },
  {
    "bridge_balance_mohm": 14.8351650238037,
    "id": 396365785,
    "leak_pa": 0.0,
    "num_spikes": 3,
    "peak_deflection": 0.0,
    "post_noise_rms_mv": 0.0382873862981796,
    "post_vm_mv": -72.8670272827148,
    "pre_noise_rms_mv": 0.0371356122195721,
    "pre_vm_mv": -72.662727355957,
    "slow_noise_rms_mv": 0.0850702226161957,
    "slow_vm_mv": -72.662727355957,
    "specimen_id": 323834998,
    "stimulus_absolute_amplitude": 539.999989168649,
    "stimulus_description": "C2SSTRIPLE141203[3]",
    "stimulus_duration": 0.040995,
    "stimulus_interval": 0.016,
    "stimulus_name": "Short Square - Triple",
    "stimulus_relative_amplitude": 5.4,
    "stimulus_start_time": 1.92,
    "stimulus_units": "pA",
    "sweep_number": 67,
    "vm_delta_mv": 0.204299926757812
  },
  {
    "bridge_balance_mohm": 14.0415143966675,
    "id": 396365629,
    "leak_pa": 0.0,
    "num_spikes": 1,
    "peak_deflection": 0.0,
    "post_noise_rms_mv": 0.0439060032367706,
    "post_vm_mv": -61.9706001281738,
    "pre_noise_rms_mv": 0.0362904034554958,
    "pre_vm_mv": -61.6745986938477,
    "slow_noise_rms_mv": 0.164773941040039,
    "slow_vm_mv": -61.6745986938477,
    "specimen_id": 323834998,
    "stimulus_absolute_amplitude": 249.999992929517,
    "stimulus_description": "C2SSHM60FN150112[0]",
    "stimulus_duration": 0.002995,
    "stimulus_interval": 0.0,
    "stimulus_name": "Short Square - Hold -60mV",
    "stimulus_relative_amplitude": 2.5,
    "stimulus_start_time": 0.92,
    "stimulus_units": "pA",
    "sweep_number": 102,
    "vm_delta_mv": 0.296001434326172
  },
  {
    "bridge_balance_mohm": 14.0415143966675,
    "id": 396365643,
    "leak_pa": 0.0,
    "num_spikes": 1,
    "peak_deflection": 0.0,
    "post_noise_rms_mv": 0.0294885281473398,
    "post_vm_mv": -61.1291465759277,
    "pre_noise_rms_mv": 0.0399608835577965,
    "pre_vm_mv": -61.2162857055664,
    "slow_noise_rms_mv": 0.201087385416031,
    "slow_vm_mv": -61.2162857055664,
    "specimen_id": 323834998,
    "stimulus_absolute_amplitude": 249.999992929517,
    "stimulus_description": "C2SSHM60FN150112[0]",
    "stimulus_duration": 0.002995,
    "stimulus_interval": 0.0,
    "stimulus_name": "Short Square - Hold -60mV",
    "stimulus_relative_amplitude": 2.5,
    "stimulus_start_time": 0.92,
    "stimulus_units": "pA",
    "sweep_number": 109,
    "vm_delta_mv": 0.0871391296386719
  },
  {
    "bridge_balance_mohm": 14.0415143966675,
    "id": 396365851,
    "leak_pa": 0.0,
    "num_spikes": 0,
    "peak_deflection": 0.0,
    "post_noise_rms_mv": 0.0403699651360512,
    "post_vm_mv": -80.7371520996094,
    "pre_noise_rms_mv": 0.0350232720375061,
    "pre_vm_mv": -80.7243576049805,
    "slow_noise_rms_mv": 0.106655724346638,
    "slow_vm_mv": -80.7243576049805,
    "specimen_id": 323834998,
    "stimulus_absolute_amplitude": 609.999994960475,
    "stimulus_description": "C2SSHM80FN150112[0]",
    "stimulus_duration": 0.002995,
    "stimulus_interval": 0.0,
    "stimulus_name": "Short Square - Hold -80mV",
    "stimulus_relative_amplitude": 6.1,
    "stimulus_start_time": 0.92,
    "stimulus_units": "pA",
    "sweep_number": 97,
    "vm_delta_mv": 0.0127944946289062
  },
  {
    "bridge_balance_mohm": 14.0415143966675,
    "id": 396365625,
    "leak_pa": 0.0,
    "num_spikes": 0,
    "peak_deflection": 0.0,
    "post_noise_rms_mv": 0.036922425031662,
    "post_vm_mv": -61.8154182434082,
    "pre_noise_rms_mv": 0.0372352674603462,
    "pre_vm_mv": -61.790340423584,
    "slow_noise_rms_mv": 0.128179758787155,
    "slow_vm_mv": -61.790340423584,
    "specimen_id": 323834998,
    "stimulus_absolute_amplitude": 200.000002670286,
    "stimulus_description": "C2SSHM60CS150112[1]",
    "stimulus_duration": 0.002995,
    "stimulus_interval": 0.0,
    "stimulus_name": "Short Square - Hold -60mV",
    "stimulus_relative_amplitude": 1.0,
    "stimulus_start_time": 0.92,
    "stimulus_units": "pA",
    "sweep_number": 100,
    "vm_delta_mv": 0.0250778198242188
  },
  {
    "bridge_balance_mohm": 14.8351650238037,
    "id": 396365645,
    "leak_pa": 0.0,
    "num_spikes": 1,
    "peak_deflection": 0.0,
    "post_noise_rms_mv": 0.0354733839631081,
    "post_vm_mv": -72.8682861328125,
    "pre_noise_rms_mv": 0.0333816334605217,
    "pre_vm_mv": -72.9133911132812,
    "slow_noise_rms_mv": 0.107888035476208,
    "slow_vm_mv": -72.9133911132812,
    "specimen_id": 323834998,
    "stimulus_absolute_amplitude": 599.999994133071,
    "stimulus_description": "C1SSCOARSE150112[5]",
    "stimulus_duration": 0.002995,
    "stimulus_interval": 0.0,
    "stimulus_name": "Short Square",
    "stimulus_relative_amplitude": 1.0,
    "stimulus_start_time": 0.92,
    "stimulus_units": "pA",
    "sweep_number": 11,
    "vm_delta_mv": 0.04510498046875
  },
  {
    "bridge_balance_mohm": 14.8351650238037,
    "id": 396365707,
    "leak_pa": 0.0,
    "num_spikes": 0,
    "peak_deflection": -50.8437538146973,
    "post_noise_rms_mv": 0.0422422476112843,
    "post_vm_mv": -73.3686828613281,
    "pre_noise_rms_mv": 0.0455336384475231,
    "pre_vm_mv": -73.3531112670898,
    "slow_noise_rms_mv": 0.211403548717499,
    "slow_vm_mv": -73.3531112670898,
    "specimen_id": 323834998,
    "stimulus_absolute_amplitude": 90.0000005077395,
    "stimulus_description": "C1LSCOARSE150112[10]",
    "stimulus_duration": 0.999995,
    "stimulus_interval": 0.0,
    "stimulus_name": "Long Square",
    "stimulus_relative_amplitude": 1.0,
    "stimulus_start_time": 0.92,
    "stimulus_units": "pA",
    "sweep_number": 31,
    "vm_delta_mv": 0.0155715942382812
  },
  {
    "bridge_balance_mohm": 14.8351650238037,
    "id": 396365717,
    "leak_pa": 0.0,
    "num_spikes": 35,
    "peak_deflection": 0.0,
    "post_noise_rms_mv": 0.0382565446197987,
    "post_vm_mv": -72.8855667114258,
    "pre_noise_rms_mv": 0.0332112014293671,
    "pre_vm_mv": -72.6078567504883,
    "slow_noise_rms_mv": 0.0720576420426369,
    "slow_vm_mv": -72.6078567504883,
    "specimen_id": 323834998,
    "stimulus_absolute_amplitude": 190.000001842883,
    "stimulus_description": "C1LSCOARSE150112[15]",
    "stimulus_duration": 0.999995,
    "stimulus_interval": 0.0,
    "stimulus_name": "Long Square",
    "stimulus_relative_amplitude": 1.0,
    "stimulus_start_time": 0.92,
    "stimulus_units": "pA",
    "sweep_number": 36,
    "vm_delta_mv": 0.2777099609375
  },
  {
    "bridge_balance_mohm": 14.0415143966675,
    "id": 396365853,
    "leak_pa": 0.0,
    "num_spikes": 0,
    "peak_deflection": 0.0,
    "post_noise_rms_mv": 0.0324451364576817,
    "post_vm_mv": -80.9360198974609,
    "pre_noise_rms_mv": 0.0413487628102303,
    "pre_vm_mv": -80.8735198974609,
    "slow_noise_rms_mv": 0.284557223320007,
    "slow_vm_mv": -80.8735198974609,
    "specimen_id": 323834998,
    "stimulus_absolute_amplitude": 609.999994960475,
    "stimulus_description": "C2SSHM80FN150112[0]",
    "stimulus_duration": 0.002995,
    "stimulus_interval": 0.0,
    "stimulus_name": "Short Square - Hold -80mV",
    "stimulus_relative_amplitude": 6.1,
    "stimulus_start_time": 0.92,
    "stimulus_units": "pA",
    "sweep_number": 98,
    "vm_delta_mv": 0.0625
  },
  {
    "bridge_balance_mohm": 14.8351650238037,
    "id": 396365687,
    "leak_pa": 0.0,
    "num_spikes": 0,
    "peak_deflection": -90.625,
    "post_noise_rms_mv": 0.0359539799392223,
    "post_vm_mv": -72.6162719726562,
    "pre_noise_rms_mv": 0.0363605506718159,
    "pre_vm_mv": -72.8524627685547,
    "slow_noise_rms_mv": 0.123910926282406,
    "slow_vm_mv": -72.8524627685547,
    "specimen_id": 323834998,
    "stimulus_absolute_amplitude": -90.0000005077395,
    "stimulus_description": "C1LSCOARSE150112[1]",
    "stimulus_duration": 0.999995,
    "stimulus_interval": 0.0,
    "stimulus_name": "Long Square",
    "stimulus_relative_amplitude": 1.0,
    "stimulus_start_time": 0.92,
    "stimulus_units": "pA",
    "sweep_number": 22,
    "vm_delta_mv": 0.236190795898438
  },
  {
    "bridge_balance_mohm": 14.8351650238037,
    "id": 396365793,
    "leak_pa": 0.0,
    "num_spikes": 3,
    "peak_deflection": 0.0,
    "post_noise_rms_mv": 0.0401397012174129,
    "post_vm_mv": -72.9772491455078,
    "pre_noise_rms_mv": 0.0381876677274704,
    "pre_vm_mv": -72.7612152099609,
    "slow_noise_rms_mv": 0.086368016898632,
    "slow_vm_mv": -72.7612152099609,
    "specimen_id": 323834998,
    "stimulus_absolute_amplitude": 539.999989168649,
    "stimulus_description": "C2SSTRIPLE141203[6]",
    "stimulus_duration": 0.064995,
    "stimulus_interval": 0.028,
    "stimulus_name": "Short Square - Triple",
    "stimulus_relative_amplitude": 5.4,
    "stimulus_start_time": 1.92,
    "stimulus_units": "pA",
    "sweep_number": 70,
    "vm_delta_mv": 0.216033935546875
  },
  {
    "bridge_balance_mohm": 14.8351650238037,
    "id": 396365731,
    "leak_pa": 0.0,
    "num_spikes": 106,
    "peak_deflection": 0.0,
    "post_noise_rms_mv": 0.040410902351141,
    "post_vm_mv": -72.408332824707,
    "pre_noise_rms_mv": 0.0378836244344711,
    "pre_vm_mv": -72.9400024414062,
    "slow_noise_rms_mv": 0.16354775428772,
    "slow_vm_mv": -72.9400024414062,
    "specimen_id": 323834998,
    "stimulus_absolute_amplitude": 254.999993343219,
    "stimulus_description": "C1NSSEED_1150112[0]",
    "stimulus_duration": 18.999995,
    "stimulus_interval": 5.0,
    "stimulus_name": "Noise 1",
    "stimulus_relative_amplitude": 1.1,
    "stimulus_start_time": 1.92,
    "stimulus_units": "pA",
    "sweep_number": 42,
    "vm_delta_mv": 0.531669616699219
  },
  {
    "bridge_balance_mohm": 14.8351650238037,
    "id": 396365727,
    "leak_pa": 0.0,
    "num_spikes": 104,
    "peak_deflection": 0.0,
    "post_noise_rms_mv": 0.0360616110265255,
    "post_vm_mv": -73.0218048095703,
    "pre_noise_rms_mv": 0.0375490114092827,
    "pre_vm_mv": -73.0418930053711,
    "slow_noise_rms_mv": 0.0609367527067661,
    "slow_vm_mv": -73.0418930053711,
    "specimen_id": 323834998,
    "stimulus_absolute_amplitude": 254.999993343219,
    "stimulus_description": "C1NSSEED_1150112[0]",
    "stimulus_duration": 18.999995,
    "stimulus_interval": 5.0,
    "stimulus_name": "Noise 1",
    "stimulus_relative_amplitude": 1.1,
    "stimulus_start_time": 1.92,
    "stimulus_units": "pA",
    "sweep_number": 40,
    "vm_delta_mv": 0.0200881958007812
  },
  {
    "bridge_balance_mohm": 14.8351650238037,
    "id": 396365791,
    "leak_pa": 0.0,
    "num_spikes": 0,
    "peak_deflection": 0.0,
    "post_noise_rms_mv": 0.0356024578213692,
    "post_vm_mv": -72.8908386230469,
    "pre_noise_rms_mv": 0.038732722401619,
    "pre_vm_mv": -72.8288726806641,
    "slow_noise_rms_mv": 0.146418556571007,
    "slow_vm_mv": -72.8288726806641,
    "specimen_id": 323834998,
    "stimulus_absolute_amplitude": 200.000002670286,
    "stimulus_description": "C1SSCOARSE150112[1]",
    "stimulus_duration": 0.002995,
    "stimulus_interval": 0.0,
    "stimulus_name": "Short Square",
    "stimulus_relative_amplitude": 1.0,
    "stimulus_start_time": 0.92,
    "stimulus_units": "pA",
    "sweep_number": 7,
    "vm_delta_mv": 0.0619659423828125
  },
  {
    "bridge_balance_mohm": 14.0415143966675,
    "id": 396365639,
    "leak_pa": 0.0,
    "num_spikes": 1,
    "peak_deflection": 0.0,
    "post_noise_rms_mv": 0.0461042448878288,
    "post_vm_mv": -61.2278213500977,
    "pre_noise_rms_mv": 0.0393276326358318,
    "pre_vm_mv": -60.7831344604492,
    "slow_noise_rms_mv": 0.328830122947693,
    "slow_vm_mv": -60.7831344604492,
    "specimen_id": 323834998,
    "stimulus_absolute_amplitude": 249.999992929517,
    "stimulus_description": "C2SSHM60FN150112[0]",
    "stimulus_duration": 0.002995,
    "stimulus_interval": 0.0,
    "stimulus_name": "Short Square - Hold -60mV",
    "stimulus_relative_amplitude": 2.5,
    "stimulus_start_time": 0.92,
    "stimulus_units": "pA",
    "sweep_number": 107,
    "vm_delta_mv": 0.444686889648438
  },
  {
    "bridge_balance_mohm": 14.0415143966675,
    "id": 396365649,
    "leak_pa": 0.0,
    "num_spikes": 6,
    "peak_deflection": 0.0,
    "post_noise_rms_mv": 0.0380462631583214,
    "post_vm_mv": -73.6985549926758,
    "pre_noise_rms_mv": 0.0438815541565418,
    "pre_vm_mv": -73.2396087646484,
    "slow_noise_rms_mv": 0.155661016702652,
    "slow_vm_mv": -73.2396087646484,
    "specimen_id": 323834998,
    "stimulus_absolute_amplitude": 90.0000005077395,
    "stimulus_description": "C1LSFINEST150112[0]",
    "stimulus_duration": 0.999995,
    "stimulus_interval": 0.0,
    "stimulus_name": "Long Square",
    "stimulus_relative_amplitude": 0.9,
    "stimulus_start_time": 0.92,
    "stimulus_units": "pA",
    "sweep_number": 111,
    "vm_delta_mv": 0.458946228027344
  },
  {
    "bridge_balance_mohm": 14.0415143966675,
    "id": 396365843,
    "leak_pa": 0.0,
    "num_spikes": 0,
    "peak_deflection": 0.0,
    "post_noise_rms_mv": 0.03696134313941,
    "post_vm_mv": -80.8063430786133,
    "pre_noise_rms_mv": 0.0389236845076084,
    "pre_vm_mv": -80.7916793823242,
    "slow_noise_rms_mv": 0.127097308635712,
    "slow_vm_mv": -80.7916793823242,
    "specimen_id": 323834998,
    "stimulus_absolute_amplitude": 599.999994133071,
    "stimulus_description": "C2SSHM80FN150112[0]",
    "stimulus_duration": 0.002995,
    "stimulus_interval": 0.0,
    "stimulus_name": "Short Square - Hold -80mV",
    "stimulus_relative_amplitude": 6.0,
    "stimulus_start_time": 0.92,
    "stimulus_units": "pA",
    "sweep_number": 93,
    "vm_delta_mv": 0.0146636962890625
  },
  {
    "bridge_balance_mohm": 14.0415143966675,
    "id": 396365827,
    "leak_pa": 0.0,
    "num_spikes": 1,
    "peak_deflection": 0.0,
    "post_noise_rms_mv": 0.0411904864013195,
    "post_vm_mv": -79.8456344604492,
    "pre_noise_rms_mv": 0.0401305891573429,
    "pre_vm_mv": -79.8517379760742,
    "slow_noise_rms_mv": 0.101760737597942,
    "slow_vm_mv": -79.8517379760742,
    "specimen_id": 323834998,
    "stimulus_absolute_amplitude": 700.000002407108,
    "stimulus_description": "C2SSHM80CS150112[6]",
    "stimulus_duration": 0.002995,
    "stimulus_interval": 0.0,
    "stimulus_name": "Short Square - Hold -80mV",
    "stimulus_relative_amplitude": 1.0,
    "stimulus_start_time": 0.92,
    "stimulus_units": "pA",
    "sweep_number": 86,
    "vm_delta_mv": 0.006103515625
  },
  {
    "bridge_balance_mohm": 14.0415143966675,
    "id": 396365825,
    "leak_pa": 0.0,
    "num_spikes": 0,
    "peak_deflection": 0.0,
    "post_noise_rms_mv": 0.0415328629314899,
    "post_vm_mv": -79.9289093017578,
    "pre_noise_rms_mv": 0.0348780415952206,
    "pre_vm_mv": -80.0236434936523,
    "slow_noise_rms_mv": 0.137210384011269,
    "slow_vm_mv": -80.0236434936523,
    "specimen_id": 323834998,
    "stimulus_absolute_amplitude": 599.999994133071,
    "stimulus_description": "C2SSHM80CS150112[5]",
    "stimulus_duration": 0.002995,
    "stimulus_interval": 0.0,
    "stimulus_name": "Short Square - Hold -80mV",
    "stimulus_relative_amplitude": 1.0,
    "stimulus_start_time": 0.92,
    "stimulus_units": "pA",
    "sweep_number": 85,
    "vm_delta_mv": 0.0947341918945312
  },
  {
    "bridge_balance_mohm": 14.8351650238037,
    "id": 396365747,
    "leak_pa": 0.0,
    "num_spikes": 23,
    "peak_deflection": 0.0,
    "post_noise_rms_mv": 0.0,
    "post_vm_mv": 0.0,
    "pre_noise_rms_mv": 0.0430919155478477,
    "pre_vm_mv": -71.8324737548828,
    "slow_noise_rms_mv": 0.168119192123413,
    "slow_vm_mv": -71.8324737548828,
    "specimen_id": 323834998,
    "stimulus_absolute_amplitude": 800.000010681146,
    "stimulus_description": "C1RP25PR1S141203[0]",
    "stimulus_duration": 31.997495,
    "stimulus_interval": 0.0,
    "stimulus_name": "Ramp",
    "stimulus_relative_amplitude": 1.0,
    "stimulus_start_time": 0.9225,
    "stimulus_units": "pA",
    "sweep_number": 5,
    "vm_delta_mv": 0.0
  },
  {
    "bridge_balance_mohm": 14.8351650238037,
    "id": 396365697,
    "leak_pa": 0.0,
    "num_spikes": 0,
    "peak_deflection": -70.03125,
    "post_noise_rms_mv": 0.0410065986216068,
    "post_vm_mv": -72.681640625,
    "pre_noise_rms_mv": 0.0436619892716408,
    "pre_vm_mv": -72.5796203613281,
    "slow_noise_rms_mv": 0.0887383669614792,
    "slow_vm_mv": -72.5796203613281,
    "specimen_id": 323834998,
    "stimulus_absolute_amplitude": 9.99999996004197,
    "stimulus_description": "C1LSCOARSE150112[6]",
    "stimulus_duration": 0.999995,
    "stimulus_interval": 0.0,
    "stimulus_name": "Long Square",
    "stimulus_relative_amplitude": 1.0,
    "stimulus_start_time": 0.92,
    "stimulus_units": "pA",
    "sweep_number": 27,
    "vm_delta_mv": 0.102020263671875
  },
  {
    "bridge_balance_mohm": 14.8351650238037,
    "id": 396365757,
    "leak_pa": 0.0,
    "num_spikes": 76,
    "peak_deflection": 0.0,
    "post_noise_rms_mv": 0.0336722359061241,
    "post_vm_mv": -72.6730575561523,
    "pre_noise_rms_mv": 0.0388694815337658,
    "pre_vm_mv": -72.6759796142578,
    "slow_noise_rms_mv": 0.0808662325143814,
    "slow_vm_mv": -72.6759796142578,
    "specimen_id": 323834998,
    "stimulus_absolute_amplitude": 190.000001842883,
    "stimulus_description": "C2SQRHELNG150112[0]",
    "stimulus_duration": 1.999995,
    "stimulus_interval": 0.0,
    "stimulus_name": "Square - 2s Suprathreshold",
    "stimulus_relative_amplitude": 1.9,
    "stimulus_start_time": 0.92,
    "stimulus_units": "pA",
    "sweep_number": 54,
    "vm_delta_mv": 0.00292205810546875
  },
  {
    "bridge_balance_mohm": 14.8351650238037,
    "id": 396365759,
    "leak_pa": 0.0,
    "num_spikes": 74,
    "peak_deflection": 0.0,
    "post_noise_rms_mv": 0.0419807024300098,
    "post_vm_mv": -72.7912826538086,
    "pre_noise_rms_mv": 0.0409115590155125,
    "pre_vm_mv": -72.5925521850586,
    "slow_noise_rms_mv": 0.10288693010807,
    "slow_vm_mv": -72.5925521850586,
    "specimen_id": 323834998,
    "stimulus_absolute_amplitude": 190.000001842883,
    "stimulus_description": "C2SQRHELNG150112[0]",
    "stimulus_duration": 1.999995,
    "stimulus_interval": 0.0,
    "stimulus_name": "Square - 2s Suprathreshold",
    "stimulus_relative_amplitude": 1.9,
    "stimulus_start_time": 0.92,
    "stimulus_units": "pA",
    "sweep_number": 55,
    "vm_delta_mv": 0.19873046875
  },
  {
    "bridge_balance_mohm": 14.8351650238037,
    "id": 396365771,
    "leak_pa": 0.0,
    "num_spikes": 3,
    "peak_deflection": 0.0,
    "post_noise_rms_mv": 0.0328595079481602,
    "post_vm_mv": -73.0845413208008,
    "pre_noise_rms_mv": 0.0346205942332745,
    "pre_vm_mv": -72.8139038085938,
    "slow_noise_rms_mv": 0.115409508347511,
    "slow_vm_mv": -72.8139038085938,
    "specimen_id": 323834998,
    "stimulus_absolute_amplitude": 539.999989168649,
    "stimulus_description": "C2SSTRIPLE141203[4]",
    "stimulus_duration": 0.048995,
    "stimulus_interval": 0.02,
    "stimulus_name": "Short Square - Triple",
    "stimulus_relative_amplitude": 5.4,
    "stimulus_start_time": 1.92,
    "stimulus_units": "pA",
    "sweep_number": 60,
    "vm_delta_mv": 0.270637512207031
  },
  {
    "bridge_balance_mohm": 0.0,
    "id": 396365661,
    "leak_pa": 0.0,
    "num_spikes": 0,
    "peak_deflection": 0.0,
    "post_noise_rms_mv": 0.0,
    "post_vm_mv": 0.0,
    "pre_noise_rms_mv": 0.0,
    "pre_vm_mv": 0.0,
    "slow_noise_rms_mv": 0.0,
    "slow_vm_mv": 0.0,
    "specimen_id": 323834998,
    "stimulus_absolute_amplitude": 9.99999977648258,
    "stimulus_description": "EXTPGGAEND141203[0]",
    "stimulus_duration": 0.069995,
    "stimulus_interval": 0.05,
    "stimulus_name": "Test",
    "stimulus_relative_amplitude": 1.0,
    "stimulus_start_time": 0.03,
    "stimulus_units": "mV",
    "sweep_number": 117,
    "vm_delta_mv": 0.0
  },
  {
    "bridge_balance_mohm": 14.8351650238037,
    "id": 396365751,
    "leak_pa": 0.0,
    "num_spikes": 49,
    "peak_deflection": 0.0,
    "post_noise_rms_mv": 0.04103709384799,
    "post_vm_mv": -71.9679718017578,
    "pre_noise_rms_mv": 0.0370014905929565,
    "pre_vm_mv": -72.3361282348633,
    "slow_noise_rms_mv": 0.143377289175987,
    "slow_vm_mv": -72.3361282348633,
    "specimen_id": 323834998,
    "stimulus_absolute_amplitude": 149.999998533268,
    "stimulus_description": "C2SQRHELNG150112[0]",
    "stimulus_duration": 1.999995,
    "stimulus_interval": 0.0,
    "stimulus_name": "Square - 2s Suprathreshold",
    "stimulus_relative_amplitude": 1.5,
    "stimulus_start_time": 0.92,
    "stimulus_units": "pA",
    "sweep_number": 51,
    "vm_delta_mv": 0.368156433105469
  },
  {
    "bridge_balance_mohm": 14.8351650238037,
    "id": 396365689,
    "leak_pa": 0.0,
    "num_spikes": 0,
    "peak_deflection": -86.78125,
    "post_noise_rms_mv": 0.0378914177417755,
    "post_vm_mv": -72.6852874755859,
    "pre_noise_rms_mv": 0.0358562953770161,
    "pre_vm_mv": -72.7486038208008,
    "slow_noise_rms_mv": 0.0809608548879623,
    "slow_vm_mv": -72.7486038208008,
    "specimen_id": 323834998,
    "stimulus_absolute_amplitude": -69.9999988529321,
    "stimulus_description": "C1LSCOARSE150112[2]",
    "stimulus_duration": 0.999995,
    "stimulus_interval": 0.0,
    "stimulus_name": "Long Square",
    "stimulus_relative_amplitude": 1.0,
    "stimulus_start_time": 0.92,
    "stimulus_units": "pA",
    "sweep_number": 23,
    "vm_delta_mv": 0.0633163452148438
  },
  {
    "bridge_balance_mohm": 14.8351650238037,
    "id": 396365665,
    "leak_pa": 0.0,
    "num_spikes": 1,
    "peak_deflection": 0.0,
    "post_noise_rms_mv": 0.032509695738554,
    "post_vm_mv": -73.0199432373047,
    "pre_noise_rms_mv": 0.0278158728033304,
    "pre_vm_mv": -72.9162979125977,
    "slow_noise_rms_mv": 0.109276406466961,
    "slow_vm_mv": -72.9162979125977,
    "specimen_id": 323834998,
    "stimulus_absolute_amplitude": 549.999989996053,
    "stimulus_description": "C1SSFINEST150112[0]",
    "stimulus_duration": 0.002995,
    "stimulus_interval": 0.0,
    "stimulus_name": "Short Square",
    "stimulus_relative_amplitude": 5.5,
    "stimulus_start_time": 0.92,
    "stimulus_units": "pA",
    "sweep_number": 12,
    "vm_delta_mv": 0.103645324707031
  },
  {
    "bridge_balance_mohm": 14.0415143966675,
    "id": 396365841,
    "leak_pa": 0.0,
    "num_spikes": 0,
    "peak_deflection": 0.0,
    "post_noise_rms_mv": 0.040166262537241,
    "post_vm_mv": -80.7676620483398,
    "pre_noise_rms_mv": 0.0425872653722763,
    "pre_vm_mv": -80.6229858398438,
    "slow_noise_rms_mv": 0.106673374772072,
    "slow_vm_mv": -80.6229858398438,
    "specimen_id": 323834998,
    "stimulus_absolute_amplitude": 589.999993305668,
    "stimulus_description": "C2SSHM80FN150112[0]",
    "stimulus_duration": 0.002995,
    "stimulus_interval": 0.0,
    "stimulus_name": "Short Square - Hold -80mV",
    "stimulus_relative_amplitude": 5.9,
    "stimulus_start_time": 0.92,
    "stimulus_units": "pA",
    "sweep_number": 92,
    "vm_delta_mv": 0.144676208496094
  },
  {
    "bridge_balance_mohm": 14.8351650238037,
    "id": 396365809,
    "leak_pa": 0.0,
    "num_spikes": 3,
    "peak_deflection": 0.0,
    "post_noise_rms_mv": 0.0396572053432465,
    "post_vm_mv": -72.7613830566406,
    "pre_noise_rms_mv": 0.0376219749450684,
    "pre_vm_mv": -72.5041275024414,
    "slow_noise_rms_mv": 0.0735137090086937,
    "slow_vm_mv": -72.5041275024414,
    "specimen_id": 323834998,
    "stimulus_absolute_amplitude": 539.999989168649,
    "stimulus_description": "C2SSTRIPLE141203[6]",
    "stimulus_duration": 0.064995,
    "stimulus_interval": 0.028,
    "stimulus_name": "Short Square - Triple",
    "stimulus_relative_amplitude": 5.4,
    "stimulus_start_time": 1.92,
    "stimulus_units": "pA",
    "sweep_number": 78,
    "vm_delta_mv": 0.257255554199219
  },
  {
    "bridge_balance_mohm": 14.0415143966675,
    "id": 396365635,
    "leak_pa": 0.0,
    "num_spikes": 0,
    "peak_deflection": 0.0,
    "post_noise_rms_mv": 0.0413804836571217,
    "post_vm_mv": -60.7481842041016,
    "pre_noise_rms_mv": 0.0405608341097832,
    "pre_vm_mv": -61.1348190307617,
    "slow_noise_rms_mv": 0.105029247701168,
    "slow_vm_mv": -61.1348190307617,
    "specimen_id": 323834998,
    "stimulus_absolute_amplitude": 239.999992102113,
    "stimulus_description": "C2SSHM60FN150112[0]",
    "stimulus_duration": 0.002995,
    "stimulus_interval": 0.0,
    "stimulus_name": "Short Square - Hold -60mV",
    "stimulus_relative_amplitude": 2.4,
    "stimulus_start_time": 0.92,
    "stimulus_units": "pA",
    "sweep_number": 105,
    "vm_delta_mv": 0.386634826660156
  },
  {
    "bridge_balance_mohm": 14.8351650238037,
    "id": 396365801,
    "leak_pa": 0.0,
    "num_spikes": 3,
    "peak_deflection": 0.0,
    "post_noise_rms_mv": 0.0386637039482594,
    "post_vm_mv": -73.1918411254883,
    "pre_noise_rms_mv": 0.0312297735363245,
    "pre_vm_mv": -73.1310958862305,
    "slow_noise_rms_mv": 0.0880155563354492,
    "slow_vm_mv": -73.1310958862305,
    "specimen_id": 323834998,
    "stimulus_absolute_amplitude": 539.999989168649,
    "stimulus_description": "C2SSTRIPLE141203[2]",
    "stimulus_duration": 0.032995,
    "stimulus_interval": 0.012,
    "stimulus_name": "Short Square - Triple",
    "stimulus_relative_amplitude": 5.4,
    "stimulus_start_time": 1.92,
    "stimulus_units": "pA",
    "sweep_number": 74,
    "vm_delta_mv": 0.0607452392578125
  },
  {
    "bridge_balance_mohm": 14.8351650238037,
    "id": 396365695,
    "leak_pa": 0.0,
    "num_spikes": 0,
    "peak_deflection": -75.03125,
    "post_noise_rms_mv": 0.0371334403753281,
    "post_vm_mv": -72.5152130126953,
    "pre_noise_rms_mv": 0.0315105430781841,
    "pre_vm_mv": -72.5784378051758,
    "slow_noise_rms_mv": 0.12279649823904,
    "slow_vm_mv": -72.5784378051758,
    "specimen_id": 323834998,
    "stimulus_absolute_amplitude": -9.99999996004197,
    "stimulus_description": "C1LSCOARSE150112[5]",
    "stimulus_duration": 0.999995,
    "stimulus_interval": 0.0,
    "stimulus_name": "Long Square",
    "stimulus_relative_amplitude": 1.0,
    "stimulus_start_time": 0.92,
    "stimulus_units": "pA",
    "sweep_number": 26,
    "vm_delta_mv": 0.0632247924804688
  },
  {
    "bridge_balance_mohm": 14.8351650238037,
    "id": 396365685,
    "leak_pa": 0.0,
    "num_spikes": 0,
    "peak_deflection": -94.84375,
    "post_noise_rms_mv": 0.0370695106685162,
    "post_vm_mv": -72.7794799804688,
    "pre_noise_rms_mv": 0.0381214432418346,
    "pre_vm_mv": -73.3352127075195,
    "slow_noise_rms_mv": 0.0693990439176559,
    "slow_vm_mv": -73.3352127075195,
    "specimen_id": 323834998,
    "stimulus_absolute_amplitude": -110.000002162547,
    "stimulus_description": "C1LSCOARSE150112[0]",
    "stimulus_duration": 0.999995,
    "stimulus_interval": 0.0,
    "stimulus_name": "Long Square",
    "stimulus_relative_amplitude": 1.0,
    "stimulus_start_time": 0.92,
    "stimulus_units": "pA",
    "sweep_number": 21,
    "vm_delta_mv": 0.555732727050781
  },
  {
    "bridge_balance_mohm": 14.8351650238037,
    "id": 396365701,
    "leak_pa": 0.0,
    "num_spikes": 0,
    "peak_deflection": -61.9375,
    "post_noise_rms_mv": 0.0483988560736179,
    "post_vm_mv": -73.5345611572266,
    "pre_noise_rms_mv": 0.0433665066957474,
    "pre_vm_mv": -72.9841613769531,
    "slow_noise_rms_mv": 0.188179239630699,
    "slow_vm_mv": -72.9841613769531,
    "specimen_id": 323834998,
    "stimulus_absolute_amplitude": 50.0000006675716,
    "stimulus_description": "C1LSCOARSE150112[8]",
    "stimulus_duration": 0.999995,
    "stimulus_interval": 0.0,
    "stimulus_name": "Long Square",
    "stimulus_relative_amplitude": 1.0,
    "stimulus_start_time": 0.92,
    "stimulus_units": "pA",
    "sweep_number": 29,
    "vm_delta_mv": 0.550399780273438
  },
  {
    "bridge_balance_mohm": 14.0415143966675,
    "id": 396365847,
    "leak_pa": 0.0,
    "num_spikes": 1,
    "peak_deflection": 0.0,
    "post_noise_rms_mv": 0.0449958182871342,
    "post_vm_mv": -81.1682662963867,
    "pre_noise_rms_mv": 0.0368946455419064,
    "pre_vm_mv": -81.1228485107422,
    "slow_noise_rms_mv": 0.0902347788214684,
    "slow_vm_mv": -81.1228485107422,
    "specimen_id": 323834998,
    "stimulus_absolute_amplitude": 609.999994960475,
    "stimulus_description": "C2SSHM80FN150112[0]",
    "stimulus_duration": 0.002995,
    "stimulus_interval": 0.0,
    "stimulus_name": "Short Square - Hold -80mV",
    "stimulus_relative_amplitude": 6.1,
    "stimulus_start_time": 0.92,
    "stimulus_units": "pA",
    "sweep_number": 95,
    "vm_delta_mv": 0.0454177856445312
  },
  {
    "bridge_balance_mohm": 14.0415143966675,
    "id": 396365655,
    "leak_pa": 0.0,
    "num_spikes": 189,
    "peak_deflection": 0.0,
    "post_noise_rms_mv": 0.0362180471420288,
    "post_vm_mv": -71.9386444091797,
    "pre_noise_rms_mv": 0.0349716283380985,
    "pre_vm_mv": -71.7307815551758,
    "slow_noise_rms_mv": 0.0957973226904869,
    "slow_vm_mv": -71.7307815551758,
    "specimen_id": 323834998,
    "stimulus_absolute_amplitude": 304.999997480238,
    "stimulus_description": "C2NSRMPRH2150120[0]",
    "stimulus_duration": 31.999965,
    "stimulus_interval": 8.5e-05,
    "stimulus_name": "Ramp to Rheobase",
    "stimulus_relative_amplitude": 0.9,
    "stimulus_start_time": 1.92003,
    "stimulus_units": "pA",
    "sweep_number": 114,
    "vm_delta_mv": 0.207862854003906
  },
  {
    "bridge_balance_mohm": 0.0,
    "id": 396365663,
    "leak_pa": 0.0,
    "num_spikes": 0,
    "peak_deflection": 0.0,
    "post_noise_rms_mv": 0.0379422456026077,
    "post_vm_mv": -3.35046601295471,
    "pre_noise_rms_mv": 0.036395039409399,
    "pre_vm_mv": -3.31445813179016,
    "slow_noise_rms_mv": 0.0602855384349823,
    "slow_vm_mv": -3.31445813179016,
    "specimen_id": 323834998,
    "stimulus_absolute_amplitude": 0.0,
    "stimulus_description": "EXTPBLWOUT141203[0]",
    "stimulus_duration": 0.0,
    "stimulus_interval": 0.0,
    "stimulus_name": "Test",
    "stimulus_relative_amplitude": 1.0,
    "stimulus_start_time": 0.0,
    "stimulus_units": "pA",
    "sweep_number": 118,
    "vm_delta_mv": 0.0360078811645508
  },
  {
    "bridge_balance_mohm": 14.8351650238037,
    "id": 396365705,
    "leak_pa": 0.0,
    "num_spikes": 0,
    "peak_deflection": -57.5312538146973,
    "post_noise_rms_mv": 0.0325885899364948,
    "post_vm_mv": -73.7717132568359,
    "pre_noise_rms_mv": 0.0403334647417068,
    "pre_vm_mv": -73.6671447753906,
    "slow_noise_rms_mv": 0.143392324447632,
    "slow_vm_mv": -73.6671447753906,
    "specimen_id": 323834998,
    "stimulus_absolute_amplitude": 69.9999988529321,
    "stimulus_description": "C1LSCOARSE150112[9]",
    "stimulus_duration": 0.999995,
    "stimulus_interval": 0.0,
    "stimulus_name": "Long Square",
    "stimulus_relative_amplitude": 1.0,
    "stimulus_start_time": 0.92,
    "stimulus_units": "pA",
    "sweep_number": 30,
    "vm_delta_mv": 0.104568481445312
  },
  {
    "bridge_balance_mohm": 14.8351650238037,
    "id": 396365737,
    "leak_pa": 0.0,
    "num_spikes": 113,
    "peak_deflection": 0.0,
    "post_noise_rms_mv": 0.038435373455286,
    "post_vm_mv": -72.2920379638672,
    "pre_noise_rms_mv": 0.0395694263279438,
    "pre_vm_mv": -72.6877593994141,
    "slow_noise_rms_mv": 0.147416085004807,
    "slow_vm_mv": -72.6877593994141,
    "specimen_id": 323834998,
    "stimulus_absolute_amplitude": 259.374993705208,
    "stimulus_description": "C1NSSEED_2150112[0]",
    "stimulus_duration": 18.999995,
    "stimulus_interval": 5.0,
    "stimulus_name": "Noise 2",
    "stimulus_relative_amplitude": 1.1,
    "stimulus_start_time": 1.92,
    "stimulus_units": "pA",
    "sweep_number": 45,
    "vm_delta_mv": 0.395721435546875
  },
  {
    "bridge_balance_mohm": 14.8351650238037,
    "id": 396365749,
    "leak_pa": 0.0,
    "num_spikes": 48,
    "peak_deflection": 0.0,
    "post_noise_rms_mv": 0.0387798584997654,
    "post_vm_mv": -72.4952087402344,
    "pre_noise_rms_mv": 0.0383896268904209,
    "pre_vm_mv": -72.7757034301758,
    "slow_noise_rms_mv": 0.0704256445169449,
    "slow_vm_mv": -72.7757034301758,
    "specimen_id": 323834998,
    "stimulus_absolute_amplitude": 149.999998533268,
    "stimulus_description": "C2SQRHELNG150112[0]",
    "stimulus_duration": 1.999995,
    "stimulus_interval": 0.0,
    "stimulus_name": "Square - 2s Suprathreshold",
    "stimulus_relative_amplitude": 1.5,
    "stimulus_start_time": 0.92,
    "stimulus_units": "pA",
    "sweep_number": 50,
    "vm_delta_mv": 0.280494689941406
  },
  {
    "bridge_balance_mohm": 14.0415143966675,
    "id": 396365653,
    "leak_pa": 0.0,
    "num_spikes": 177,
    "peak_deflection": 0.0,
    "post_noise_rms_mv": 0.038937620818615,
    "post_vm_mv": -72.4938125610352,
    "pre_noise_rms_mv": 0.0406250022351742,
    "pre_vm_mv": -73.0475463867188,
    "slow_noise_rms_mv": 0.122245498001575,
    "slow_vm_mv": -73.0475463867188,
    "specimen_id": 323834998,
    "stimulus_absolute_amplitude": 304.999997480238,
    "stimulus_description": "C2NSRMPRH2150120[0]",
    "stimulus_duration": 31.999965,
    "stimulus_interval": 8.5e-05,
    "stimulus_name": "Ramp to Rheobase",
    "stimulus_relative_amplitude": 0.9,
    "stimulus_start_time": 1.92003,
    "stimulus_units": "pA",
    "sweep_number": 113,
    "vm_delta_mv": 0.553733825683594
  },
  {
    "bridge_balance_mohm": 14.8351650238037,
    "id": 396365623,
    "leak_pa": 0.0,
    "num_spikes": 0,
    "peak_deflection": 0.0,
    "post_noise_rms_mv": 0.0311943553388119,
    "post_vm_mv": -72.9599990844727,
    "pre_noise_rms_mv": 0.0404110290110111,
    "pre_vm_mv": -72.8604278564453,
    "slow_noise_rms_mv": 0.116175338625908,
    "slow_vm_mv": -72.8604278564453,
    "specimen_id": 323834998,
    "stimulus_absolute_amplitude": 499.999985859034,
    "stimulus_description": "C1SSCOARSE150112[4]",
    "stimulus_duration": 0.002995,
    "stimulus_interval": 0.0,
    "stimulus_name": "Short Square",
    "stimulus_relative_amplitude": 1.0,
    "stimulus_start_time": 0.92,
    "stimulus_units": "pA",
    "sweep_number": 10,
    "vm_delta_mv": 0.0995712280273438
  },
  {
    "bridge_balance_mohm": 14.8351650238037,
    "id": 396365813,
    "leak_pa": 0.0,
    "num_spikes": 0,
    "peak_deflection": 0.0,
    "post_noise_rms_mv": 0.0339310057461262,
    "post_vm_mv": -72.9413223266602,
    "pre_noise_rms_mv": 0.0371027626097202,
    "pre_vm_mv": -72.9350204467773,
    "slow_noise_rms_mv": 0.0719175338745117,
    "slow_vm_mv": -72.9350204467773,
    "specimen_id": 323834998,
    "stimulus_absolute_amplitude": 299.999997066536,
    "stimulus_description": "C1SSCOARSE150112[2]",
    "stimulus_duration": 0.002995,
    "stimulus_interval": 0.0,
    "stimulus_name": "Short Square",
    "stimulus_relative_amplitude": 1.0,
    "stimulus_start_time": 0.92,
    "stimulus_units": "pA",
    "sweep_number": 8,
    "vm_delta_mv": 0.0063018798828125
  },
  {
    "bridge_balance_mohm": 14.8351650238037,
    "id": 396365779,
    "leak_pa": 0.0,
    "num_spikes": 3,
    "peak_deflection": 0.0,
    "post_noise_rms_mv": 0.0391282774507999,
    "post_vm_mv": -72.4955825805664,
    "pre_noise_rms_mv": 0.0508652813732624,
    "pre_vm_mv": -72.4459762573242,
    "slow_noise_rms_mv": 0.0940600633621216,
    "slow_vm_mv": -72.4459762573242,
    "specimen_id": 323834998,
    "stimulus_absolute_amplitude": 539.999989168649,
    "stimulus_description": "C2SSTRIPLE141203[0]",
    "stimulus_duration": 0.016995,
    "stimulus_interval": 0.004,
    "stimulus_name": "Short Square - Triple",
    "stimulus_relative_amplitude": 5.4,
    "stimulus_start_time": 1.92,
    "stimulus_units": "pA",
    "sweep_number": 64,
    "vm_delta_mv": 0.0496063232421875
  },
  {
    "bridge_balance_mohm": 14.8351650238037,
    "id": 396365781,
    "leak_pa": 0.0,
    "num_spikes": 3,
    "peak_deflection": 0.0,
    "post_noise_rms_mv": 0.0398116670548916,
    "post_vm_mv": -72.4811935424805,
    "pre_noise_rms_mv": 0.0405601002275944,
    "pre_vm_mv": -72.2211837768555,
    "slow_noise_rms_mv": 0.152412727475166,
    "slow_vm_mv": -72.2211837768555,
    "specimen_id": 323834998,
    "stimulus_absolute_amplitude": 539.999989168649,
    "stimulus_description": "C2SSTRIPLE141203[1]",
    "stimulus_duration": 0.024995,
    "stimulus_interval": 0.008,
    "stimulus_name": "Short Square - Triple",
    "stimulus_relative_amplitude": 5.4,
    "stimulus_start_time": 1.92,
    "stimulus_units": "pA",
    "sweep_number": 65,
    "vm_delta_mv": 0.260009765625
  },
  {
    "bridge_balance_mohm": 14.8351650238037,
    "id": 396365741,
    "leak_pa": 0.0,
    "num_spikes": 22,
    "peak_deflection": 0.0,
    "post_noise_rms_mv": 0.045173991471529,
    "post_vm_mv": -73.0647583007812,
    "pre_noise_rms_mv": 0.0417154729366302,
    "pre_vm_mv": -73.0800628662109,
    "slow_noise_rms_mv": 0.0795231387019157,
    "slow_vm_mv": -73.0800628662109,
    "specimen_id": 323834998,
    "stimulus_absolute_amplitude": 110.000002162547,
    "stimulus_description": "C2SQRHELNG150112[0]",
    "stimulus_duration": 1.999995,
    "stimulus_interval": 0.0,
    "stimulus_name": "Square - 2s Suprathreshold",
    "stimulus_relative_amplitude": 1.1,
    "stimulus_start_time": 0.92,
    "stimulus_units": "pA",
    "sweep_number": 47,
    "vm_delta_mv": 0.0153045654296875
  },
  {
    "bridge_balance_mohm": 14.8351650238037,
    "id": 396365789,
    "leak_pa": 0.0,
    "num_spikes": 3,
    "peak_deflection": 0.0,
    "post_noise_rms_mv": 0.0275842230767012,
    "post_vm_mv": -73.0201416015625,
    "pre_noise_rms_mv": 0.0373205617070198,
    "pre_vm_mv": -72.7334518432617,
    "slow_noise_rms_mv": 0.0743111968040466,
    "slow_vm_mv": -72.7334518432617,
    "specimen_id": 323834998,
    "stimulus_absolute_amplitude": 539.999989168649,
    "stimulus_description": "C2SSTRIPLE141203[5]",
    "stimulus_duration": 0.056995,
    "stimulus_interval": 0.024,
    "stimulus_name": "Short Square - Triple",
    "stimulus_relative_amplitude": 5.4,
    "stimulus_start_time": 1.92,
    "stimulus_units": "pA",
    "sweep_number": 69,
    "vm_delta_mv": 0.286689758300781
  },
  {
    "bridge_balance_mohm": 14.8351650238037,
    "id": 396365745,
    "leak_pa": 0.0,
    "num_spikes": 23,
    "peak_deflection": 0.0,
    "post_noise_rms_mv": 0.0418169610202312,
    "post_vm_mv": -72.9089889526367,
    "pre_noise_rms_mv": 0.034850113093853,
    "pre_vm_mv": -73.0281982421875,
    "slow_noise_rms_mv": 0.0883186459541321,
    "slow_vm_mv": -73.0281982421875,
    "specimen_id": 323834998,
    "stimulus_absolute_amplitude": 110.000002162547,
    "stimulus_description": "C2SQRHELNG150112[0]",
    "stimulus_duration": 1.999995,
    "stimulus_interval": 0.0,
    "stimulus_name": "Square - 2s Suprathreshold",
    "stimulus_relative_amplitude": 1.1,
    "stimulus_start_time": 0.92,
    "stimulus_units": "pA",
    "sweep_number": 49,
    "vm_delta_mv": 0.119209289550781
  },
  {
    "bridge_balance_mohm": 14.0415143966675,
    "id": 396365837,
    "leak_pa": 0.0,
    "num_spikes": 1,
    "peak_deflection": 0.0,
    "post_noise_rms_mv": 0.0332151800394058,
    "post_vm_mv": -80.9969329833984,
    "pre_noise_rms_mv": 0.0357072241604328,
    "pre_vm_mv": -80.9906158447266,
    "slow_noise_rms_mv": 0.102655373513699,
    "slow_vm_mv": -80.9906158447266,
    "specimen_id": 323834998,
    "stimulus_absolute_amplitude": 599.999994133071,
    "stimulus_description": "C2SSHM80FN150112[0]",
    "stimulus_duration": 0.002995,
    "stimulus_interval": 0.0,
    "stimulus_name": "Short Square - Hold -80mV",
    "stimulus_relative_amplitude": 6.0,
    "stimulus_start_time": 0.92,
    "stimulus_units": "pA",
    "sweep_number": 90,
    "vm_delta_mv": 0.006317138671875
  },
  {
    "bridge_balance_mohm": 14.0415143966675,
    "id": 396365641,
    "leak_pa": 0.0,
    "num_spikes": 1,
    "peak_deflection": 0.0,
    "post_noise_rms_mv": 0.0369613282382488,
    "post_vm_mv": -61.4898986816406,
    "pre_noise_rms_mv": 0.0389386229217052,
    "pre_vm_mv": -61.1835556030273,
    "slow_noise_rms_mv": 0.155948117375374,
    "slow_vm_mv": -61.1835556030273,
    "specimen_id": 323834998,
    "stimulus_absolute_amplitude": 249.999992929517,
    "stimulus_description": "C2SSHM60FN150112[0]",
    "stimulus_duration": 0.002995,
    "stimulus_interval": 0.0,
    "stimulus_name": "Short Square - Hold -60mV",
    "stimulus_relative_amplitude": 2.5,
    "stimulus_start_time": 0.92,
    "stimulus_units": "pA",
    "sweep_number": 108,
    "vm_delta_mv": 0.306343078613281
  },
  {
    "bridge_balance_mohm": 14.0415143966675,
    "id": 396365831,
    "leak_pa": 0.0,
    "num_spikes": 1,
    "peak_deflection": 0.0,
    "post_noise_rms_mv": 0.0429504923522472,
    "post_vm_mv": -80.8706130981445,
    "pre_noise_rms_mv": 0.0373659394681454,
    "pre_vm_mv": -80.6669998168945,
    "slow_noise_rms_mv": 0.0719811543822289,
    "slow_vm_mv": -80.6669998168945,
    "specimen_id": 323834998,
    "stimulus_absolute_amplitude": 619.999995787879,
    "stimulus_description": "C2SSHM80FN150112[0]",
    "stimulus_duration": 0.002995,
    "stimulus_interval": 0.0,
    "stimulus_name": "Short Square - Hold -80mV",
    "stimulus_relative_amplitude": 6.2,
    "stimulus_start_time": 0.92,
    "stimulus_units": "pA",
    "sweep_number": 88,
    "vm_delta_mv": 0.20361328125
  },
  {
    "bridge_balance_mohm": 14.8351650238037,
    "id": 396365693,
    "leak_pa": 0.0,
    "num_spikes": 0,
    "peak_deflection": -79.4062576293945,
    "post_noise_rms_mv": 0.0390461646020412,
    "post_vm_mv": -72.8211212158203,
    "pre_noise_rms_mv": 0.0342787466943264,
    "pre_vm_mv": -73.0330276489258,
    "slow_noise_rms_mv": 0.219624385237694,
    "slow_vm_mv": -73.0330276489258,
    "specimen_id": 323834998,
    "stimulus_absolute_amplitude": -29.9999990127642,
    "stimulus_description": "C1LSCOARSE150112[4]",
    "stimulus_duration": 0.999995,
    "stimulus_interval": 0.0,
    "stimulus_name": "Long Square",
    "stimulus_relative_amplitude": 1.0,
    "stimulus_start_time": 0.92,
    "stimulus_units": "pA",
    "sweep_number": 25,
    "vm_delta_mv": 0.211906433105469
  },
  {
    "bridge_balance_mohm": 0.0,
    "id": 396365619,
    "leak_pa": 0.0,
    "num_spikes": 0,
    "peak_deflection": 0.0,
    "post_noise_rms_mv": 0.0,
    "post_vm_mv": 0.0,
    "pre_noise_rms_mv": 0.0,
    "pre_vm_mv": 0.0,
    "slow_noise_rms_mv": 0.0,
    "slow_vm_mv": 0.0,
    "specimen_id": 323834998,
    "stimulus_absolute_amplitude": 9.99999977648258,
    "stimulus_description": "EXTPSMOKET141203[0]",
    "stimulus_duration": 0.069995,
    "stimulus_interval": 0.05,
    "stimulus_name": "Test",
    "stimulus_relative_amplitude": 1.0,
    "stimulus_start_time": 0.03,
    "stimulus_units": "mV",
    "sweep_number": 0,
    "vm_delta_mv": 0.0
  },
  {
    "bridge_balance_mohm": 14.0415143966675,
    "id": 396365845,
    "leak_pa": 0.0,
    "num_spikes": 1,
    "peak_deflection": 0.0,
    "post_noise_rms_mv": 0.0396863669157028,
    "post_vm_mv": -80.9194183349609,
    "pre_noise_rms_mv": 0.0429329723119736,
    "pre_vm_mv": -80.9745101928711,
    "slow_noise_rms_mv": 0.0720310509204865,
    "slow_vm_mv": -80.9745101928711,
    "specimen_id": 323834998,
    "stimulus_absolute_amplitude": 609.999994960475,
    "stimulus_description": "C2SSHM80FN150112[0]",
    "stimulus_duration": 0.002995,
    "stimulus_interval": 0.0,
    "stimulus_name": "Short Square - Hold -80mV",
    "stimulus_relative_amplitude": 6.1,
    "stimulus_start_time": 0.92,
    "stimulus_units": "pA",
    "sweep_number": 94,
    "vm_delta_mv": 0.0550918579101562
  },
  {
    "bridge_balance_mohm": 0.0,
    "id": 396365621,
    "leak_pa": 0.0,
    "num_spikes": 0,
    "peak_deflection": 0.0,
    "post_noise_rms_mv": 0.0,
    "post_vm_mv": 0.0,
    "pre_noise_rms_mv": 0.0,
    "pre_vm_mv": 0.0,
    "slow_noise_rms_mv": 0.0,
    "slow_vm_mv": 0.0,
    "specimen_id": 323834998,
    "stimulus_absolute_amplitude": 9.99999977648258,
    "stimulus_description": "EXTPCllATT141203[0]",
    "stimulus_duration": 0.069995,
    "stimulus_interval": 0.05,
    "stimulus_name": "Test",
    "stimulus_relative_amplitude": 1.0,
    "stimulus_start_time": 0.03,
    "stimulus_units": "mV",
    "sweep_number": 1,
    "vm_delta_mv": 0.0
  },
  {
    "bridge_balance_mohm": 14.8351650238037,
    "id": 396365755,
    "leak_pa": 0.0,
    "num_spikes": 77,
    "peak_deflection": 0.0,
    "post_noise_rms_mv": 0.0410224683582783,
    "post_vm_mv": -72.9361877441406,
    "pre_noise_rms_mv": 0.0403913371264935,
    "pre_vm_mv": -72.8434371948242,
    "slow_noise_rms_mv": 0.107282795011997,
    "slow_vm_mv": -72.8434371948242,
    "specimen_id": 323834998,
    "stimulus_absolute_amplitude": 190.000001842883,
    "stimulus_description": "C2SQRHELNG150112[0]",
    "stimulus_duration": 1.999995,
    "stimulus_interval": 0.0,
    "stimulus_name": "Square - 2s Suprathreshold",
    "stimulus_relative_amplitude": 1.9,
    "stimulus_start_time": 0.92,
    "stimulus_units": "pA",
    "sweep_number": 53,
    "vm_delta_mv": 0.0927505493164062
  },
  {
    "bridge_balance_mohm": 14.8351650238037,
    "id": 396365673,
    "leak_pa": 0.0,
    "num_spikes": 1,
    "peak_deflection": 0.0,
    "post_noise_rms_mv": 0.0371177010238171,
    "post_vm_mv": -73.0854263305664,
    "pre_noise_rms_mv": 0.0396607555449009,
    "pre_vm_mv": -73.1271667480469,
    "slow_noise_rms_mv": 0.0883942916989326,
    "slow_vm_mv": -73.1271667480469,
    "specimen_id": 323834998,
    "stimulus_absolute_amplitude": 539.999989168649,
    "stimulus_description": "C1SSFINEST150112[0]",
    "stimulus_duration": 0.002995,
    "stimulus_interval": 0.0,
    "stimulus_name": "Short Square",
    "stimulus_relative_amplitude": 5.4,
    "stimulus_start_time": 0.92,
    "stimulus_units": "pA",
    "sweep_number": 16,
    "vm_delta_mv": 0.0417404174804688
  },
  {
    "bridge_balance_mohm": 14.8351650238037,
    "id": 396365719,
    "leak_pa": 0.0,
    "num_spikes": 42,
    "peak_deflection": 0.0,
    "post_noise_rms_mv": 0.0349189080297947,
    "post_vm_mv": -73.1050491333008,
    "pre_noise_rms_mv": 0.0374541617929935,
    "pre_vm_mv": -73.3322067260742,
    "slow_noise_rms_mv": 0.139744207262993,
    "slow_vm_mv": -73.3322067260742,
    "specimen_id": 323834998,
    "stimulus_absolute_amplitude": 210.00000349769,
    "stimulus_description": "C1LSCOARSE150112[16]",
    "stimulus_duration": 0.999995,
    "stimulus_interval": 0.0,
    "stimulus_name": "Long Square",
    "stimulus_relative_amplitude": 1.0,
    "stimulus_start_time": 0.92,
    "stimulus_units": "pA",
    "sweep_number": 37,
    "vm_delta_mv": 0.227157592773438
  },
  {
    "bridge_balance_mohm": 14.8351650238037,
    "id": 396365669,
    "leak_pa": 0.0,
    "num_spikes": 0,
    "peak_deflection": 0.0,
    "post_noise_rms_mv": 0.0364607162773609,
    "post_vm_mv": -73.2629928588867,
    "pre_noise_rms_mv": 0.0384012646973133,
    "pre_vm_mv": -73.2548522949219,
    "slow_noise_rms_mv": 0.101905263960361,
    "slow_vm_mv": -73.2548522949219,
    "specimen_id": 323834998,
    "stimulus_absolute_amplitude": 519.999987513842,
    "stimulus_description": "C1SSFINEST150112[0]",
    "stimulus_duration": 0.002995,
    "stimulus_interval": 0.0,
    "stimulus_name": "Short Square",
    "stimulus_relative_amplitude": 5.2,
    "stimulus_start_time": 0.92,
    "stimulus_units": "pA",
    "sweep_number": 14,
    "vm_delta_mv": 0.00814056396484375
  },
  {
    "bridge_balance_mohm": 14.8351650238037,
    "id": 396365713,
    "leak_pa": 0.0,
    "num_spikes": 24,
    "peak_deflection": 0.0,
    "post_noise_rms_mv": 0.0398680530488491,
    "post_vm_mv": -72.3420867919922,
    "pre_noise_rms_mv": 0.0372892357409,
    "pre_vm_mv": -72.4836273193359,
    "slow_noise_rms_mv": 0.0748435109853745,
    "slow_vm_mv": -72.4836273193359,
    "specimen_id": 323834998,
    "stimulus_absolute_amplitude": 149.999998533268,
    "stimulus_description": "C1LSCOARSE150112[13]",
    "stimulus_duration": 0.999995,
    "stimulus_interval": 0.0,
    "stimulus_name": "Long Square",
    "stimulus_relative_amplitude": 1.0,
    "stimulus_start_time": 0.92,
    "stimulus_units": "pA",
    "sweep_number": 34,
    "vm_delta_mv": 0.14154052734375
  },
  {
    "bridge_balance_mohm": 14.0415143966675,
    "id": 396365627,
    "leak_pa": 0.0,
    "num_spikes": 1,
    "peak_deflection": 0.0,
    "post_noise_rms_mv": 0.0409174971282482,
    "post_vm_mv": -62.0011863708496,
    "pre_noise_rms_mv": 0.0378510653972626,
    "pre_vm_mv": -62.0495643615723,
    "slow_noise_rms_mv": 0.10817912966013,
    "slow_vm_mv": -62.0495643615723,
    "specimen_id": 323834998,
    "stimulus_absolute_amplitude": 299.999997066536,
    "stimulus_description": "C2SSHM60CS150112[2]",
    "stimulus_duration": 0.002995,
    "stimulus_interval": 0.0,
    "stimulus_name": "Short Square - Hold -60mV",
    "stimulus_relative_amplitude": 1.0,
    "stimulus_start_time": 0.92,
    "stimulus_units": "pA",
    "sweep_number": 101,
    "vm_delta_mv": 0.0483779907226562
  },
  {
    "bridge_balance_mohm": 14.8351650238037,
    "id": 396365805,
    "leak_pa": 0.0,
    "num_spikes": 3,
    "peak_deflection": 0.0,
    "post_noise_rms_mv": 0.040205292403698,
    "post_vm_mv": -72.9131774902344,
    "pre_noise_rms_mv": 0.037312138825655,
    "pre_vm_mv": -72.8864059448242,
    "slow_noise_rms_mv": 0.0697295740246773,
    "slow_vm_mv": -72.8864059448242,
    "specimen_id": 323834998,
    "stimulus_absolute_amplitude": 539.999989168649,
    "stimulus_description": "C2SSTRIPLE141203[4]",
    "stimulus_duration": 0.048995,
    "stimulus_interval": 0.02,
    "stimulus_name": "Short Square - Triple",
    "stimulus_relative_amplitude": 5.4,
    "stimulus_start_time": 1.92,
    "stimulus_units": "pA",
    "sweep_number": 76,
    "vm_delta_mv": 0.0267715454101562
  },
  {
    "bridge_balance_mohm": 14.8351650238037,
    "id": 396365835,
    "leak_pa": 0.0,
    "num_spikes": 0,
    "peak_deflection": 0.0,
    "post_noise_rms_mv": 0.032164853066206,
    "post_vm_mv": -72.9315032958984,
    "pre_noise_rms_mv": 0.0257820580154657,
    "pre_vm_mv": -72.9606628417969,
    "slow_noise_rms_mv": 0.0902075916528702,
    "slow_vm_mv": -72.9606628417969,
    "specimen_id": 323834998,
    "stimulus_absolute_amplitude": 400.000005340573,
    "stimulus_description": "C1SSCOARSE150112[3]",
    "stimulus_duration": 0.002995,
    "stimulus_interval": 0.0,
    "stimulus_name": "Short Square",
    "stimulus_relative_amplitude": 1.0,
    "stimulus_start_time": 0.92,
    "stimulus_units": "pA",
    "sweep_number": 9,
    "vm_delta_mv": 0.0291595458984375
  },
  {
    "bridge_balance_mohm": 14.8351650238037,
    "id": 396365709,
    "leak_pa": 0.0,
    "num_spikes": 10,
    "peak_deflection": 0.0,
    "post_noise_rms_mv": 0.0305854566395283,
    "post_vm_mv": -73.0471572875977,
    "pre_noise_rms_mv": 0.0386525429785252,
    "pre_vm_mv": -73.2417984008789,
    "slow_noise_rms_mv": 0.0851602181792259,
    "slow_vm_mv": -73.2417984008789,
    "specimen_id": 323834998,
    "stimulus_absolute_amplitude": 110.000002162547,
    "stimulus_description": "C1LSCOARSE150112[11]",
    "stimulus_duration": 0.999995,
    "stimulus_interval": 0.0,
    "stimulus_name": "Long Square",
    "stimulus_relative_amplitude": 1.0,
    "stimulus_start_time": 0.92,
    "stimulus_units": "pA",
    "sweep_number": 32,
    "vm_delta_mv": 0.19464111328125
  },
  {
    "bridge_balance_mohm": 14.8351650238037,
    "id": 396365735,
    "leak_pa": 0.0,
    "num_spikes": 112,
    "peak_deflection": 0.0,
    "post_noise_rms_mv": 0.037295687943697,
    "post_vm_mv": -72.459831237793,
    "pre_noise_rms_mv": 0.0369631722569466,
    "pre_vm_mv": -73.165657043457,
    "slow_noise_rms_mv": 0.101849816739559,
    "slow_vm_mv": -73.165657043457,
    "specimen_id": 323834998,
    "stimulus_absolute_amplitude": 254.999993343219,
    "stimulus_description": "C1NSSEED_1150112[0]",
    "stimulus_duration": 18.999995,
    "stimulus_interval": 5.0,
    "stimulus_name": "Noise 1",
    "stimulus_relative_amplitude": 1.1,
    "stimulus_start_time": 1.92,
    "stimulus_units": "pA",
    "sweep_number": 44,
    "vm_delta_mv": 0.705825805664062
  },
  {
    "bridge_balance_mohm": 14.8351650238037,
    "id": 396365667,
    "leak_pa": 0.0,
    "num_spikes": 1,
    "peak_deflection": 0.0,
    "post_noise_rms_mv": 0.0374888963997364,
    "post_vm_mv": -73.2430191040039,
    "pre_noise_rms_mv": 0.0410385280847549,
    "pre_vm_mv": -73.1740417480469,
    "slow_noise_rms_mv": 0.0700278580188751,
    "slow_vm_mv": -73.1740417480469,
    "specimen_id": 323834998,
    "stimulus_absolute_amplitude": 529.999988341245,
    "stimulus_description": "C1SSFINEST150112[0]",
    "stimulus_duration": 0.002995,
    "stimulus_interval": 0.0,
    "stimulus_name": "Short Square",
    "stimulus_relative_amplitude": 5.3,
    "stimulus_start_time": 0.92,
    "stimulus_units": "pA",
    "sweep_number": 13,
    "vm_delta_mv": 0.0689773559570312
  },
  {
    "bridge_balance_mohm": 14.8351650238037,
    "id": 396365711,
    "leak_pa": 0.0,
    "num_spikes": 17,
    "peak_deflection": 0.0,
    "post_noise_rms_mv": 0.0290261711925268,
    "post_vm_mv": -73.1728363037109,
    "pre_noise_rms_mv": 0.0427579693496227,
    "pre_vm_mv": -73.1844482421875,
    "slow_noise_rms_mv": 0.11528180539608,
    "slow_vm_mv": -73.1844482421875,
    "specimen_id": 323834998,
    "stimulus_absolute_amplitude": 129.99999687846,
    "stimulus_description": "C1LSCOARSE150112[12]",
    "stimulus_duration": 0.999995,
    "stimulus_interval": 0.0,
    "stimulus_name": "Long Square",
    "stimulus_relative_amplitude": 1.0,
    "stimulus_start_time": 0.92,
    "stimulus_units": "pA",
    "sweep_number": 33,
    "vm_delta_mv": 0.0116119384765625
  },
  {
    "bridge_balance_mohm": 14.0415143966675,
    "id": 396365829,
    "leak_pa": 0.0,
    "num_spikes": 1,
    "peak_deflection": 0.0,
    "post_noise_rms_mv": 0.0429080240428448,
    "post_vm_mv": -80.1144409179688,
    "pre_noise_rms_mv": 0.0346134155988693,
    "pre_vm_mv": -80.0943908691406,
    "slow_noise_rms_mv": 0.0655524656176567,
    "slow_vm_mv": -80.0943908691406,
    "specimen_id": 323834998,
    "stimulus_absolute_amplitude": 649.99999827009,
    "stimulus_description": "C2SSHM80FN150112[0]",
    "stimulus_duration": 0.002995,
    "stimulus_interval": 0.0,
    "stimulus_name": "Short Square - Hold -80mV",
    "stimulus_relative_amplitude": 6.5,
    "stimulus_start_time": 0.92,
    "stimulus_units": "pA",
    "sweep_number": 87,
    "vm_delta_mv": 0.020050048828125
  },
  {
    "bridge_balance_mohm": 14.0415143966675,
    "id": 396365651,
    "leak_pa": 0.0,
    "num_spikes": 0,
    "peak_deflection": -54.78125,
    "post_noise_rms_mv": 0.0344852432608604,
    "post_vm_mv": -73.754020690918,
    "pre_noise_rms_mv": 0.0434225052595139,
    "pre_vm_mv": -74.2187194824219,
    "slow_noise_rms_mv": 0.0861268490552902,
    "slow_vm_mv": -74.2187194824219,
    "specimen_id": 323834998,
    "stimulus_absolute_amplitude": 79.9999996803358,
    "stimulus_description": "C1LSFINEST150112[0]",
    "stimulus_duration": 0.999995,
    "stimulus_interval": 0.0,
    "stimulus_name": "Long Square",
    "stimulus_relative_amplitude": 0.8,
    "stimulus_start_time": 0.92,
    "stimulus_units": "pA",
    "sweep_number": 112,
    "vm_delta_mv": 0.464698791503906
  },
  {
    "bridge_balance_mohm": 14.8351650238037,
    "id": 396365715,
    "leak_pa": 0.0,
    "num_spikes": 29,
    "peak_deflection": 0.0,
    "post_noise_rms_mv": 0.0372794345021248,
    "post_vm_mv": -72.269401550293,
    "pre_noise_rms_mv": 0.0359437502920628,
    "pre_vm_mv": -72.7357635498047,
    "slow_noise_rms_mv": 0.18365016579628,
    "slow_vm_mv": -72.7357635498047,
    "specimen_id": 323834998,
    "stimulus_absolute_amplitude": 170.000000188075,
    "stimulus_description": "C1LSCOARSE150112[14]",
    "stimulus_duration": 0.999995,
    "stimulus_interval": 0.0,
    "stimulus_name": "Long Square",
    "stimulus_relative_amplitude": 1.0,
    "stimulus_start_time": 0.92,
    "stimulus_units": "pA",
    "sweep_number": 35,
    "vm_delta_mv": 0.466361999511719
  },
  {
    "bridge_balance_mohm": 14.0415143966675,
    "id": 396365811,
    "leak_pa": 0.0,
    "num_spikes": 3,
    "peak_deflection": 0.0,
    "post_noise_rms_mv": 0.0364450886845589,
    "post_vm_mv": -72.6846923828125,
    "pre_noise_rms_mv": 0.039864718914032,
    "pre_vm_mv": -72.5782623291016,
    "slow_noise_rms_mv": 0.0858486145734787,
    "slow_vm_mv": -72.5782623291016,
    "specimen_id": 323834998,
    "stimulus_absolute_amplitude": 539.999989168649,
    "stimulus_description": "C2SSTRIPLE141203[7]",
    "stimulus_duration": 0.072995,
    "stimulus_interval": 0.032,
    "stimulus_name": "Short Square - Triple",
    "stimulus_relative_amplitude": 5.4,
    "stimulus_start_time": 1.92,
    "stimulus_units": "pA",
    "sweep_number": 79,
    "vm_delta_mv": 0.106430053710938
  },
  {
    "bridge_balance_mohm": 14.0415143966675,
    "id": 396365647,
    "leak_pa": 0.0,
    "num_spikes": 1,
    "peak_deflection": 0.0,
    "post_noise_rms_mv": 0.0449169874191284,
    "post_vm_mv": -61.4789695739746,
    "pre_noise_rms_mv": 0.036681491881609,
    "pre_vm_mv": -61.8934631347656,
    "slow_noise_rms_mv": 0.28800168633461,
    "slow_vm_mv": -61.8934631347656,
    "specimen_id": 323834998,
    "stimulus_absolute_amplitude": 249.999992929517,
    "stimulus_description": "C2SSHM60FN150112[0]",
    "stimulus_duration": 0.002995,
    "stimulus_interval": 0.0,
    "stimulus_name": "Short Square - Hold -60mV",
    "stimulus_relative_amplitude": 2.5,
    "stimulus_start_time": 0.92,
    "stimulus_units": "pA",
    "sweep_number": 110,
    "vm_delta_mv": 0.414493560791016
  },
  {
    "bridge_balance_mohm": 14.0415143966675,
    "id": 396365819,
    "leak_pa": 0.0,
    "num_spikes": 0,
    "peak_deflection": 0.0,
    "post_noise_rms_mv": 0.0393648743629456,
    "post_vm_mv": -80.8138809204102,
    "pre_noise_rms_mv": 0.0371658131480217,
    "pre_vm_mv": -80.8863983154297,
    "slow_noise_rms_mv": 0.0760468319058418,
    "slow_vm_mv": -80.8863983154297,
    "specimen_id": 323834998,
    "stimulus_absolute_amplitude": 299.999997066536,
    "stimulus_description": "C2SSHM80CS150112[2]",
    "stimulus_duration": 0.002995,
    "stimulus_interval": 0.0,
    "stimulus_name": "Short Square - Hold -80mV",
    "stimulus_relative_amplitude": 1.0,
    "stimulus_start_time": 0.92,
    "stimulus_units": "pA",
    "sweep_number": 82,
    "vm_delta_mv": 0.0725173950195312
  },
  {
    "bridge_balance_mohm": 14.0415143966675,
    "id": 396365839,
    "leak_pa": 0.0,
    "num_spikes": 0,
    "peak_deflection": 0.0,
    "post_noise_rms_mv": 0.0405797027051449,
    "post_vm_mv": -80.4949340820312,
    "pre_noise_rms_mv": 0.0354565717279911,
    "pre_vm_mv": -80.6514282226562,
    "slow_noise_rms_mv": 0.109245456755161,
    "slow_vm_mv": -80.6514282226562,
    "specimen_id": 323834998,
    "stimulus_absolute_amplitude": 579.999992478264,
    "stimulus_description": "C2SSHM80FN150112[0]",
    "stimulus_duration": 0.002995,
    "stimulus_interval": 0.0,
    "stimulus_name": "Short Square - Hold -80mV",
    "stimulus_relative_amplitude": 5.8,
    "stimulus_start_time": 0.92,
    "stimulus_units": "pA",
    "sweep_number": 91,
    "vm_delta_mv": 0.156494140625
  },
  {
    "bridge_balance_mohm": 14.0415143966675,
    "id": 396365833,
    "leak_pa": 0.0,
    "num_spikes": 1,
    "peak_deflection": 0.0,
    "post_noise_rms_mv": 0.0353569388389587,
    "post_vm_mv": -80.8102645874023,
    "pre_noise_rms_mv": 0.0275167915970087,
    "pre_vm_mv": -80.9337997436523,
    "slow_noise_rms_mv": 0.0613739788532257,
    "slow_vm_mv": -80.9337997436523,
    "specimen_id": 323834998,
    "stimulus_absolute_amplitude": 609.999994960475,
    "stimulus_description": "C2SSHM80FN150112[0]",
    "stimulus_duration": 0.002995,
    "stimulus_interval": 0.0,
    "stimulus_name": "Short Square - Hold -80mV",
    "stimulus_relative_amplitude": 6.1,
    "stimulus_start_time": 0.92,
    "stimulus_units": "pA",
    "sweep_number": 89,
    "vm_delta_mv": 0.12353515625
  },
  {
    "bridge_balance_mohm": 0.0,
    "id": 396365681,
    "leak_pa": 0.0,
    "num_spikes": 0,
    "peak_deflection": 0.0,
    "post_noise_rms_mv": 0.0,
    "post_vm_mv": 0.0,
    "pre_noise_rms_mv": 0.0,
    "pre_vm_mv": 0.0,
    "slow_noise_rms_mv": 0.0,
    "slow_vm_mv": 0.0,
    "specimen_id": 323834998,
    "stimulus_absolute_amplitude": 9.99999977648258,
    "stimulus_description": "EXTPBREAKN141203[0]",
    "stimulus_duration": 0.069995,
    "stimulus_interval": 0.05,
    "stimulus_name": "Test",
    "stimulus_relative_amplitude": 1.0,
    "stimulus_start_time": 0.03,
    "stimulus_units": "mV",
    "sweep_number": 2,
    "vm_delta_mv": 0.0
  },
  {
    "bridge_balance_mohm": 14.0415143966675,
    "id": 396365855,
    "leak_pa": 0.0,
    "num_spikes": 0,
    "peak_deflection": 0.0,
    "post_noise_rms_mv": 0.0527108833193779,
    "post_vm_mv": -61.9707984924316,
    "pre_noise_rms_mv": 0.0389110259711742,
    "pre_vm_mv": -62.1428298950195,
    "slow_noise_rms_mv": 0.10180389881134,
    "slow_vm_mv": -62.1428298950195,
    "specimen_id": 323834998,
    "stimulus_absolute_amplitude": 100.000001335143,
    "stimulus_description": "C2SSHM60CS150112[0]",
    "stimulus_duration": 0.002995,
    "stimulus_interval": 0.0,
    "stimulus_name": "Short Square - Hold -60mV",
    "stimulus_relative_amplitude": 1.0,
    "stimulus_start_time": 0.92,
    "stimulus_units": "pA",
    "sweep_number": 99,
    "vm_delta_mv": 0.172031402587891
  },
  {
    "bridge_balance_mohm": 14.0415143966675,
    "id": 396365637,
    "leak_pa": 0.0,
    "num_spikes": 1,
    "peak_deflection": 0.0,
    "post_noise_rms_mv": 0.0395853035151958,
    "post_vm_mv": -60.6778984069824,
    "pre_noise_rms_mv": 0.0387144684791565,
    "pre_vm_mv": -60.9997367858887,
    "slow_noise_rms_mv": 0.0916752144694328,
    "slow_vm_mv": -60.9997367858887,
    "specimen_id": 323834998,
    "stimulus_absolute_amplitude": 249.999992929517,
    "stimulus_description": "C2SSHM60FN150112[0]",
    "stimulus_duration": 0.002995,
    "stimulus_interval": 0.0,
    "stimulus_name": "Short Square - Hold -60mV",
    "stimulus_relative_amplitude": 2.5,
    "stimulus_start_time": 0.92,
    "stimulus_units": "pA",
    "sweep_number": 106,
    "vm_delta_mv": 0.32183837890625
  },
  {
    "bridge_balance_mohm": 14.8351650238037,
    "id": 396365777,
    "leak_pa": 0.0,
    "num_spikes": 3,
    "peak_deflection": 0.0,
    "post_noise_rms_mv": 0.0406419076025486,
    "post_vm_mv": -72.6285018920898,
    "pre_noise_rms_mv": 0.0371885299682617,
    "pre_vm_mv": -72.5392913818359,
    "slow_noise_rms_mv": 0.104760050773621,
    "slow_vm_mv": -72.5392913818359,
    "specimen_id": 323834998,
    "stimulus_absolute_amplitude": 539.999989168649,
    "stimulus_description": "C2SSTRIPLE141203[7]",
    "stimulus_duration": 0.072995,
    "stimulus_interval": 0.032,
    "stimulus_name": "Short Square - Triple",
    "stimulus_relative_amplitude": 5.4,
    "stimulus_start_time": 1.92,
    "stimulus_units": "pA",
    "sweep_number": 63,
    "vm_delta_mv": 0.0892105102539062
  },
  {
    "bridge_balance_mohm": 14.8351650238037,
    "id": 396365807,
    "leak_pa": 0.0,
    "num_spikes": 3,
    "peak_deflection": 0.0,
    "post_noise_rms_mv": 0.0388635247945786,
    "post_vm_mv": -72.6613616943359,
    "pre_noise_rms_mv": 0.0379227474331856,
    "pre_vm_mv": -72.6830978393555,
    "slow_noise_rms_mv": 0.112238496541977,
    "slow_vm_mv": -72.6830978393555,
    "specimen_id": 323834998,
    "stimulus_absolute_amplitude": 539.999989168649,
    "stimulus_description": "C2SSTRIPLE141203[5]",
    "stimulus_duration": 0.056995,
    "stimulus_interval": 0.024,
    "stimulus_name": "Short Square - Triple",
    "stimulus_relative_amplitude": 5.4,
    "stimulus_start_time": 1.92,
    "stimulus_units": "pA",
    "sweep_number": 77,
    "vm_delta_mv": 0.0217361450195312
  },
  {
    "bridge_balance_mohm": 14.8351650238037,
    "id": 396365679,
    "leak_pa": 0.0,
    "num_spikes": 1,
    "peak_deflection": 0.0,
    "post_noise_rms_mv": 0.0331789664924145,
    "post_vm_mv": -73.5259323120117,
    "pre_noise_rms_mv": 0.0395034477114677,
    "pre_vm_mv": -73.5601425170898,
    "slow_noise_rms_mv": 0.115938618779182,
    "slow_vm_mv": -73.5601425170898,
    "specimen_id": 323834998,
    "stimulus_absolute_amplitude": 539.999989168649,
    "stimulus_description": "C1SSFINEST150112[0]",
    "stimulus_duration": 0.002995,
    "stimulus_interval": 0.0,
    "stimulus_name": "Short Square",
    "stimulus_relative_amplitude": 5.4,
    "stimulus_start_time": 0.92,
    "stimulus_units": "pA",
    "sweep_number": 19,
    "vm_delta_mv": 0.034210205078125
  },
  {
    "bridge_balance_mohm": 14.8351650238037,
    "id": 396365787,
    "leak_pa": 0.0,
    "num_spikes": 3,
    "peak_deflection": 0.0,
    "post_noise_rms_mv": 0.0375536344945431,
    "post_vm_mv": -72.7516784667969,
    "pre_noise_rms_mv": 0.03683952242136,
    "pre_vm_mv": -72.5072326660156,
    "slow_noise_rms_mv": 0.0791821107268333,
    "slow_vm_mv": -72.5072326660156,
    "specimen_id": 323834998,
    "stimulus_absolute_amplitude": 539.999989168649,
    "stimulus_description": "C2SSTRIPLE141203[4]",
    "stimulus_duration": 0.048995,
    "stimulus_interval": 0.02,
    "stimulus_name": "Short Square - Triple",
    "stimulus_relative_amplitude": 5.4,
    "stimulus_start_time": 1.92,
    "stimulus_units": "pA",
    "sweep_number": 68,
    "vm_delta_mv": 0.24444580078125
  },
  {
    "bridge_balance_mohm": 14.8351650238037,
    "id": 396365767,
    "leak_pa": 0.0,
    "num_spikes": 3,
    "peak_deflection": 0.0,
    "post_noise_rms_mv": 0.0287584159523249,
    "post_vm_mv": -72.8807220458984,
    "pre_noise_rms_mv": 0.049597043544054,
    "pre_vm_mv": -72.7747573852539,
    "slow_noise_rms_mv": 0.0945310294628143,
    "slow_vm_mv": -72.7747573852539,
    "specimen_id": 323834998,
    "stimulus_absolute_amplitude": 539.999989168649,
    "stimulus_description": "C2SSTRIPLE141203[3]",
    "stimulus_duration": 0.040995,
    "stimulus_interval": 0.016,
    "stimulus_name": "Short Square - Triple",
    "stimulus_relative_amplitude": 5.4,
    "stimulus_start_time": 1.92,
    "stimulus_units": "pA",
    "sweep_number": 59,
    "vm_delta_mv": 0.105964660644531
  },
  {
    "bridge_balance_mohm": 14.0415143966675,
    "id": 396365849,
    "leak_pa": 0.0,
    "num_spikes": 1,
    "peak_deflection": 0.0,
    "post_noise_rms_mv": 0.042501088231802,
    "post_vm_mv": -80.9667358398438,
    "pre_noise_rms_mv": 0.0366615727543831,
    "pre_vm_mv": -81.0427780151367,
    "slow_noise_rms_mv": 0.128263622522354,
    "slow_vm_mv": -81.0427780151367,
    "specimen_id": 323834998,
    "stimulus_absolute_amplitude": 609.999994960475,
    "stimulus_description": "C2SSHM80FN150112[0]",
    "stimulus_duration": 0.002995,
    "stimulus_interval": 0.0,
    "stimulus_name": "Short Square - Hold -80mV",
    "stimulus_relative_amplitude": 6.1,
    "stimulus_start_time": 0.92,
    "stimulus_units": "pA",
    "sweep_number": 96,
    "vm_delta_mv": 0.0760421752929688
  },
  {
    "bridge_balance_mohm": 14.8351650238037,
    "id": 396365729,
    "leak_pa": 0.0,
    "num_spikes": 105,
    "peak_deflection": 0.0,
    "post_noise_rms_mv": 0.0404201447963715,
    "post_vm_mv": -72.4919281005859,
    "pre_noise_rms_mv": 0.0345611050724983,
    "pre_vm_mv": -73.1377410888672,
    "slow_noise_rms_mv": 0.0800987035036087,
    "slow_vm_mv": -73.1377410888672,
    "specimen_id": 323834998,
    "stimulus_absolute_amplitude": 259.374993705208,
    "stimulus_description": "C1NSSEED_2150112[0]",
    "stimulus_duration": 18.999995,
    "stimulus_interval": 5.0,
    "stimulus_name": "Noise 2",
    "stimulus_relative_amplitude": 1.1,
    "stimulus_start_time": 1.92,
    "stimulus_units": "pA",
    "sweep_number": 41,
    "vm_delta_mv": 0.64581298828125
  },
  {
    "bridge_balance_mohm": 14.8351650238037,
    "id": 396365765,
    "leak_pa": 0.0,
    "num_spikes": 3,
    "peak_deflection": 0.0,
    "post_noise_rms_mv": 0.0469017624855042,
    "post_vm_mv": -72.2902679443359,
    "pre_noise_rms_mv": 0.0366586409509182,
    "pre_vm_mv": -72.2960433959961,
    "slow_noise_rms_mv": 0.149099841713905,
    "slow_vm_mv": -72.2960433959961,
    "specimen_id": 323834998,
    "stimulus_absolute_amplitude": 539.999989168649,
    "stimulus_description": "C2SSTRIPLE141203[2]",
    "stimulus_duration": 0.032995,
    "stimulus_interval": 0.012,
    "stimulus_name": "Short Square - Triple",
    "stimulus_relative_amplitude": 5.4,
    "stimulus_start_time": 1.92,
    "stimulus_units": "pA",
    "sweep_number": 58,
    "vm_delta_mv": 0.00577545166015625
  },
  {
    "bridge_balance_mohm": 14.8351650238037,
    "id": 396365769,
    "leak_pa": 0.0,
    "num_spikes": 0,
    "peak_deflection": 0.0,
    "post_noise_rms_mv": 0.0425488986074924,
    "post_vm_mv": -72.8975982666016,
    "pre_noise_rms_mv": 0.0382734574377537,
    "pre_vm_mv": -72.9690475463867,
    "slow_noise_rms_mv": 0.101599454879761,
    "slow_vm_mv": -72.9690475463867,
    "specimen_id": 323834998,
    "stimulus_absolute_amplitude": 100.000001335143,
    "stimulus_description": "C1SSCOARSE150112[0]",
    "stimulus_duration": 0.002995,
    "stimulus_interval": 0.0,
    "stimulus_name": "Short Square",
    "stimulus_relative_amplitude": 1.0,
    "stimulus_start_time": 0.92,
    "stimulus_units": "pA",
    "sweep_number": 6,
    "vm_delta_mv": 0.0714492797851562
  },
  {
    "bridge_balance_mohm": 14.8351650238037,
    "id": 396365675,
    "leak_pa": 0.0,
    "num_spikes": 1,
    "peak_deflection": 0.0,
    "post_noise_rms_mv": 0.0348999053239822,
    "post_vm_mv": -73.5620803833008,
    "pre_noise_rms_mv": 0.0390983410179615,
    "pre_vm_mv": -73.3641967773438,
    "slow_noise_rms_mv": 0.0999982282519341,
    "slow_vm_mv": -73.3641967773438,
    "specimen_id": 323834998,
    "stimulus_absolute_amplitude": 539.999989168649,
    "stimulus_description": "C1SSFINEST150112[0]",
    "stimulus_duration": 0.002995,
    "stimulus_interval": 0.0,
    "stimulus_name": "Short Square",
    "stimulus_relative_amplitude": 5.4,
    "stimulus_start_time": 0.92,
    "stimulus_units": "pA",
    "sweep_number": 17,
    "vm_delta_mv": 0.197883605957031
  },
  {
    "bridge_balance_mohm": 14.8351650238037,
    "id": 396365775,
    "leak_pa": 0.0,
    "num_spikes": 3,
    "peak_deflection": 0.0,
    "post_noise_rms_mv": 0.0450232736766338,
    "post_vm_mv": -72.6759033203125,
    "pre_noise_rms_mv": 0.0373563207685947,
    "pre_vm_mv": -72.5395736694336,
    "slow_noise_rms_mv": 0.119967661798,
    "slow_vm_mv": -72.5395736694336,
    "specimen_id": 323834998,
    "stimulus_absolute_amplitude": 539.999989168649,
    "stimulus_description": "C2SSTRIPLE141203[6]",
    "stimulus_duration": 0.064995,
    "stimulus_interval": 0.028,
    "stimulus_name": "Short Square - Triple",
    "stimulus_relative_amplitude": 5.4,
    "stimulus_start_time": 1.92,
    "stimulus_units": "pA",
    "sweep_number": 62,
    "vm_delta_mv": 0.136329650878906
  },
  {
    "bridge_balance_mohm": 14.8351650238037,
    "id": 396365773,
    "leak_pa": 0.0,
    "num_spikes": 3,
    "peak_deflection": 0.0,
    "post_noise_rms_mv": 0.0427589789032936,
    "post_vm_mv": -72.8119812011719,
    "pre_noise_rms_mv": 0.0364501252770424,
    "pre_vm_mv": -72.6646957397461,
    "slow_noise_rms_mv": 0.162206307053566,
    "slow_vm_mv": -72.6646957397461,
    "specimen_id": 323834998,
    "stimulus_absolute_amplitude": 539.999989168649,
    "stimulus_description": "C2SSTRIPLE141203[5]",
    "stimulus_duration": 0.056995,
    "stimulus_interval": 0.024,
    "stimulus_name": "Short Square - Triple",
    "stimulus_relative_amplitude": 5.4,
    "stimulus_start_time": 1.92,
    "stimulus_units": "pA",
    "sweep_number": 61,
    "vm_delta_mv": 0.147285461425781
  },
  {
    "bridge_balance_mohm": 14.8351650238037,
    "id": 396365753,
    "leak_pa": 0.0,
    "num_spikes": 52,
    "peak_deflection": 0.0,
    "post_noise_rms_mv": 0.0383939929306507,
    "post_vm_mv": -72.4648818969727,
    "pre_noise_rms_mv": 0.0407190695405006,
    "pre_vm_mv": -72.3696365356445,
    "slow_noise_rms_mv": 0.0917491912841797,
    "slow_vm_mv": -72.3696365356445,
    "specimen_id": 323834998,
    "stimulus_absolute_amplitude": 149.999998533268,
    "stimulus_description": "C2SQRHELNG150112[0]",
    "stimulus_duration": 1.999995,
    "stimulus_interval": 0.0,
    "stimulus_name": "Square - 2s Suprathreshold",
    "stimulus_relative_amplitude": 1.5,
    "stimulus_start_time": 0.92,
    "stimulus_units": "pA",
    "sweep_number": 52,
    "vm_delta_mv": 0.095245361328125
  },
  {
    "bridge_balance_mohm": 14.0415143966675,
    "id": 396365823,
    "leak_pa": 0.0,
    "num_spikes": 0,
    "peak_deflection": 0.0,
    "post_noise_rms_mv": 0.0492108874022961,
    "post_vm_mv": -80.0006713867188,
    "pre_noise_rms_mv": 0.0363099314272404,
    "pre_vm_mv": -80.0073165893555,
    "slow_noise_rms_mv": 0.0921648964285851,
    "slow_vm_mv": -80.0073165893555,
    "specimen_id": 323834998,
    "stimulus_absolute_amplitude": 499.999985859034,
    "stimulus_description": "C2SSHM80CS150112[4]",
    "stimulus_duration": 0.002995,
    "stimulus_interval": 0.0,
    "stimulus_name": "Short Square - Hold -80mV",
    "stimulus_relative_amplitude": 1.0,
    "stimulus_start_time": 0.92,
    "stimulus_units": "pA",
    "sweep_number": 84,
    "vm_delta_mv": 0.00664520263671875
  },
  {
    "bridge_balance_mohm": 14.8351650238037,
    "id": 396365725,
    "leak_pa": 0.0,
    "num_spikes": 20,
    "peak_deflection": 0.0,
    "post_noise_rms_mv": 0.0,
    "post_vm_mv": 0.0,
    "pre_noise_rms_mv": 0.0392813049256802,
    "pre_vm_mv": -72.585823059082,
    "slow_noise_rms_mv": 0.161412999033928,
    "slow_vm_mv": -72.585823059082,
    "specimen_id": 323834998,
    "stimulus_absolute_amplitude": 800.000010681146,
    "stimulus_description": "C1RP25PR1S141203[0]",
    "stimulus_duration": 31.997495,
    "stimulus_interval": 0.0,
    "stimulus_name": "Ramp",
    "stimulus_relative_amplitude": 1.0,
    "stimulus_start_time": 0.9225,
    "stimulus_units": "pA",
    "sweep_number": 4,
    "vm_delta_mv": 0.0
  },
  {
    "bridge_balance_mohm": 14.8351650238037,
    "id": 396365723,
    "leak_pa": 0.0,
    "num_spikes": 54,
    "peak_deflection": 0.0,
    "post_noise_rms_mv": 0.0294377543032169,
    "post_vm_mv": -73.2014007568359,
    "pre_noise_rms_mv": 0.0290750451385975,
    "pre_vm_mv": -73.1121368408203,
    "slow_noise_rms_mv": 0.0863112658262253,
    "slow_vm_mv": -73.1121368408203,
    "specimen_id": 323834998,
    "stimulus_absolute_amplitude": 249.999992929517,
    "stimulus_description": "C1LSCOARSE150112[18]",
    "stimulus_duration": 0.999995,
    "stimulus_interval": 0.0,
    "stimulus_name": "Long Square",
    "stimulus_relative_amplitude": 1.0,
    "stimulus_start_time": 0.92,
    "stimulus_units": "pA",
    "sweep_number": 39,
    "vm_delta_mv": 0.089263916015625
  },
  {
    "bridge_balance_mohm": 14.0415143966675,
    "id": 396365821,
    "leak_pa": 0.0,
    "num_spikes": 0,
    "peak_deflection": 0.0,
    "post_noise_rms_mv": 0.039160992950201,
    "post_vm_mv": -80.3021392822266,
    "pre_noise_rms_mv": 0.0382067263126373,
    "pre_vm_mv": -80.4885177612305,
    "slow_noise_rms_mv": 0.0866943150758743,
    "slow_vm_mv": -80.4885177612305,
    "specimen_id": 323834998,
    "stimulus_absolute_amplitude": 400.000005340573,
    "stimulus_description": "C2SSHM80CS150112[3]",
    "stimulus_duration": 0.002995,
    "stimulus_interval": 0.0,
    "stimulus_name": "Short Square - Hold -80mV",
    "stimulus_relative_amplitude": 1.0,
    "stimulus_start_time": 0.92,
    "stimulus_units": "pA",
    "sweep_number": 83,
    "vm_delta_mv": 0.186378479003906
  },
  {
    "bridge_balance_mohm": 14.0415143966675,
    "id": 396365817,
    "leak_pa": 0.0,
    "num_spikes": 0,
    "peak_deflection": 0.0,
    "post_noise_rms_mv": 0.0414345413446426,
    "post_vm_mv": -80.9243240356445,
    "pre_noise_rms_mv": 0.0309666469693184,
    "pre_vm_mv": -80.9641876220703,
    "slow_noise_rms_mv": 0.119999386370182,
    "slow_vm_mv": -80.9641876220703,
    "specimen_id": 323834998,
    "stimulus_absolute_amplitude": 200.000002670286,
    "stimulus_description": "C2SSHM80CS150112[1]",
    "stimulus_duration": 0.002995,
    "stimulus_interval": 0.0,
    "stimulus_name": "Short Square - Hold -80mV",
    "stimulus_relative_amplitude": 1.0,
    "stimulus_start_time": 0.92,
    "stimulus_units": "pA",
    "sweep_number": 81,
    "vm_delta_mv": 0.0398635864257812
  },
  {
    "bridge_balance_mohm": 14.8351650238037,
    "id": 396365763,
    "leak_pa": 0.0,
    "num_spikes": 3,
    "peak_deflection": 0.0,
    "post_noise_rms_mv": 0.039557334035635,
    "post_vm_mv": -72.7995300292969,
    "pre_noise_rms_mv": 0.0391146875917912,
    "pre_vm_mv": -72.7960662841797,
    "slow_noise_rms_mv": 0.0777937918901443,
    "slow_vm_mv": -72.7960662841797,
    "specimen_id": 323834998,
    "stimulus_absolute_amplitude": 539.999989168649,
    "stimulus_description": "C2SSTRIPLE141203[1]",
    "stimulus_duration": 0.024995,
    "stimulus_interval": 0.008,
    "stimulus_name": "Short Square - Triple",
    "stimulus_relative_amplitude": 5.4,
    "stimulus_start_time": 1.92,
    "stimulus_units": "pA",
    "sweep_number": 57,
    "vm_delta_mv": 0.0034637451171875
  },
  {
    "bridge_balance_mohm": 14.8351650238037,
    "id": 396365743,
    "leak_pa": 0.0,
    "num_spikes": 22,
    "peak_deflection": 0.0,
    "post_noise_rms_mv": 0.0366514921188354,
    "post_vm_mv": -72.9338073730469,
    "pre_noise_rms_mv": 0.042340487241745,
    "pre_vm_mv": -72.8317413330078,
    "slow_noise_rms_mv": 0.0972606986761093,
    "slow_vm_mv": -72.8317413330078,
    "specimen_id": 323834998,
    "stimulus_absolute_amplitude": 110.000002162547,
    "stimulus_description": "C2SQRHELNG150112[0]",
    "stimulus_duration": 1.999995,
    "stimulus_interval": 0.0,
    "stimulus_name": "Square - 2s Suprathreshold",
    "stimulus_relative_amplitude": 1.1,
    "stimulus_start_time": 0.92,
    "stimulus_units": "pA",
    "sweep_number": 48,
    "vm_delta_mv": 0.102066040039062
  },
  {
    "bridge_balance_mohm": 14.8351650238037,
    "id": 396365691,
    "leak_pa": 0.0,
    "num_spikes": 0,
    "peak_deflection": -83.0000076293945,
    "post_noise_rms_mv": 0.0339837111532688,
    "post_vm_mv": -72.8995819091797,
    "pre_noise_rms_mv": 0.0361095741391182,
    "pre_vm_mv": -72.7314224243164,
    "slow_noise_rms_mv": 0.0890834182500839,
    "slow_vm_mv": -72.7314224243164,
    "specimen_id": 323834998,
    "stimulus_absolute_amplitude": -50.0000006675716,
    "stimulus_description": "C1LSCOARSE150112[3]",
    "stimulus_duration": 0.999995,
    "stimulus_interval": 0.0,
    "stimulus_name": "Long Square",
    "stimulus_relative_amplitude": 1.0,
    "stimulus_start_time": 0.92,
    "stimulus_units": "pA",
    "sweep_number": 24,
    "vm_delta_mv": 0.168159484863281
  },
  {
    "bridge_balance_mohm": 14.8351650238037,
    "id": 396365803,
    "leak_pa": 0.0,
    "num_spikes": 3,
    "peak_deflection": 0.0,
    "post_noise_rms_mv": 0.0378264337778091,
    "post_vm_mv": -73.598991394043,
    "pre_noise_rms_mv": 0.0409977585077286,
    "pre_vm_mv": -73.3133392333984,
    "slow_noise_rms_mv": 0.129726409912109,
    "slow_vm_mv": -73.3133392333984,
    "specimen_id": 323834998,
    "stimulus_absolute_amplitude": 539.999989168649,
    "stimulus_description": "C2SSTRIPLE141203[3]",
    "stimulus_duration": 0.040995,
    "stimulus_interval": 0.016,
    "stimulus_name": "Short Square - Triple",
    "stimulus_relative_amplitude": 5.4,
    "stimulus_start_time": 1.92,
    "stimulus_units": "pA",
    "sweep_number": 75,
    "vm_delta_mv": 0.285652160644531
  },
  {
    "bridge_balance_mohm": 14.0415143966675,
    "id": 396365815,
    "leak_pa": 0.0,
    "num_spikes": 0,
    "peak_deflection": 0.0,
    "post_noise_rms_mv": 0.039985753595829,
    "post_vm_mv": -81.1328353881836,
    "pre_noise_rms_mv": 0.0366307273507118,
    "pre_vm_mv": -81.2419586181641,
    "slow_noise_rms_mv": 0.0768201574683189,
    "slow_vm_mv": -81.2419586181641,
    "specimen_id": 323834998,
    "stimulus_absolute_amplitude": 100.000001335143,
    "stimulus_description": "C2SSHM80CS150112[0]",
    "stimulus_duration": 0.002995,
    "stimulus_interval": 0.0,
    "stimulus_name": "Short Square - Hold -80mV",
    "stimulus_relative_amplitude": 1.0,
    "stimulus_start_time": 0.92,
    "stimulus_units": "pA",
    "sweep_number": 80,
    "vm_delta_mv": 0.109123229980469
  },
  {
    "bridge_balance_mohm": 14.8351650238037,
    "id": 396365783,
    "leak_pa": 0.0,
    "num_spikes": 3,
    "peak_deflection": 0.0,
    "post_noise_rms_mv": 0.0414813198149204,
    "post_vm_mv": -72.7122116088867,
    "pre_noise_rms_mv": 0.0340284034609795,
    "pre_vm_mv": -72.5240859985352,
    "slow_noise_rms_mv": 0.12237399071455,
    "slow_vm_mv": -72.5240859985352,
    "specimen_id": 323834998,
    "stimulus_absolute_amplitude": 539.999989168649,
    "stimulus_description": "C2SSTRIPLE141203[2]",
    "stimulus_duration": 0.032995,
    "stimulus_interval": 0.012,
    "stimulus_name": "Short Square - Triple",
    "stimulus_relative_amplitude": 5.4,
    "stimulus_start_time": 1.92,
    "stimulus_units": "pA",
    "sweep_number": 66,
    "vm_delta_mv": 0.188125610351562
  },
  {
    "bridge_balance_mohm": 14.8351650238037,
    "id": 396365699,
    "leak_pa": 0.0,
    "num_spikes": 0,
    "peak_deflection": -65.53125,
    "post_noise_rms_mv": 0.0399021431803703,
    "post_vm_mv": -72.7279891967773,
    "pre_noise_rms_mv": 0.0352615304291248,
    "pre_vm_mv": -72.7340393066406,
    "slow_noise_rms_mv": 0.158306792378426,
    "slow_vm_mv": -72.7340393066406,
    "specimen_id": 323834998,
    "stimulus_absolute_amplitude": 29.9999990127642,
    "stimulus_description": "C1LSCOARSE150112[7]",
    "stimulus_duration": 0.999995,
    "stimulus_interval": 0.0,
    "stimulus_name": "Long Square",
    "stimulus_relative_amplitude": 1.0,
    "stimulus_start_time": 0.92,
    "stimulus_units": "pA",
    "sweep_number": 28,
    "vm_delta_mv": 0.00605010986328125
  }
]