{
  "passive": [
    {
      "ra": 158.06, 
      "cm": [
        {
          "section": "soma", 
          "cm": 2.9
        }, 
        {
          "section": "axon", 
          "cm": 2.9
        }, 
        {
          "section": "dend", 
          "cm": 2.9
        }
      ], 
      "e_pas": -85.77336120605469
    }
  ], 
  "axon_morph": [
    {
      "delete_axon": [
        "forsec axonal{delete_section()}", 
        "  create axon[2]", 
        "  axon[0]{", 
        "    L= 30", 
        "    diam = 1", 
        "    nseg = 1+2*int(L/40)", 
        "    all.append()", 
        "    axonal.append()", 
        "  }", 
        "  axon[1]{", 
        "    L= 30", 
        "    diam = 1", 
        "    nseg = 1+2*int(L/40)", 
        "    all.append()", 
        "    axonal.append()", 
        "  }", 
        "", 
        "nSecAxonal = 2", 
        "connect axon(0), soma(0.5)", 
        "connect axon[1](0), axon[0](1) ", 
        "access soma"
      ], 
      "setup_line": "create soma[1], dend[1], apic[1], axon[1]"
    }
  ], 
  "fitting": [
    {
      "junction_potential": -14.0, 
      "sweeps": [
        62, 
        64
      ]
    }
  ], 
  "conditions": [
    {
      "celsius": 34.0, 
      "erev": [
        {
          "ena": 53.0, 
          "section": "soma", 
          "ek": -107.0
        }
      ], 
      "v_init": -85.77336120605469
    }
  ], 
  "genome": [
    {
      "value": 0.00045794610759799999, 
      "section": "soma", 
      "name": "gbar_Ih", 
      "mechanism": "Ih"
    }, 
    {
      "value": 0.111471164922, 
      "section": "soma", 
      "name": "gbar_NaV", 
      "mechanism": "NaV"
    }, 
    {
      "value": 0.0060745759396199995, 
      "section": "soma", 
      "name": "gbar_Kd", 
      "mechanism": "Kd"
    }, 
    {
      "value": 0.57479797948799993, 
      "section": "soma", 
      "name": "gbar_Kv2like", 
      "mechanism": "Kv2like"
    }, 
    {
      "value": 1.81329215627, 
      "section": "soma", 
      "name": "gbar_Kv3_1", 
      "mechanism": "Kv3_1"
    }, 
    {
      "value": 0.0029503934768899997, 
      "section": "soma", 
      "name": "gbar_K_T", 
      "mechanism": "K_T"
    }, 
    {
      "value": 0.0008328884027999999, 
      "section": "soma", 
      "name": "gbar_Im_v2", 
      "mechanism": "Im_v2"
    }, 
    {
      "value": 0.0, 
      "section": "soma", 
      "name": "gbar_SK", 
      "mechanism": "SK"
    }, 
    {
      "value": 9.0065803526299994e-05, 
      "section": "soma", 
      "name": "gbar_Ca_HVA", 
      "mechanism": "Ca_HVA"
    }, 
    {
      "value": 0.0059567027005699999, 
      "section": "soma", 
      "name": "gbar_Ca_LVA", 
      "mechanism": "Ca_LVA"
    }, 
    {
      "value": 0.022032824819499999, 
      "section": "soma", 
      "name": "gamma_CaDynamics", 
      "mechanism": "CaDynamics"
    }, 
    {
      "value": 188.13411261099998, 
      "section": "soma", 
      "name": "decay_CaDynamics", 
      "mechanism": "CaDynamics"
    }, 
    {
      "value": 4.7015447759499999e-05, 
      "section": "soma", 
      "name": "g_pas", 
      "mechanism": ""
    }, 
    {
      "value": 3.3019865774399997e-05, 
      "section": "axon", 
      "name": "g_pas", 
      "mechanism": ""
    }, 
    {
      "value": 9.0288473473799999e-06, 
      "section": "dend", 
      "name": "g_pas", 
      "mechanism": ""
    }
  ]
}