[
  {
    "bridge_balance_mohm": 14.9572649002075,
    "id": 396975250,
    "leak_pa": 0.0,
    "num_spikes": 44,
    "peak_deflection": 0.0,
    "post_noise_rms_mv": 0.0408100560307503,
    "post_vm_mv": -71.5924453735352,
    "pre_noise_rms_mv": 0.0397761985659599,
    "pre_vm_mv": -72.1382675170898,
    "slow_noise_rms_mv": 0.261092931032181,
    "slow_vm_mv": -72.1382675170898,
    "specimen_id": 396968721,
    "stimulus_absolute_amplitude": 115.874997097531,
    "stimulus_description": "C1NSSEED_1150216[0]",
    "stimulus_duration": 18.999995,
    "stimulus_interval": 5.0,
    "stimulus_name": "Noise 1",
    "stimulus_relative_amplitude": 0.5,
    "stimulus_start_time": 1.92,
    "stimulus_units": "pA",
    "sweep_number": 48,
    "vm_delta_mv": 0.545822143554688
  },
  {
    "bridge_balance_mohm": 14.9572649002075,
    "id": 396975216,
    "leak_pa": 0.0,
    "num_spikes": 8,
    "peak_deflection": 0.0,
    "post_noise_rms_mv": 0.039471585303545,
    "post_vm_mv": -72.0888519287109,
    "pre_noise_rms_mv": 0.0341265648603439,
    "pre_vm_mv": -72.3627395629883,
    "slow_noise_rms_mv": 0.258840322494507,
    "slow_vm_mv": -72.3627395629883,
    "specimen_id": 396968721,
    "stimulus_absolute_amplitude": 90.0000005077395,
    "stimulus_description": "C1LSCOARSE150216[10]",
    "stimulus_duration": 0.999995,
    "stimulus_interval": 0.0,
    "stimulus_name": "Long Square",
    "stimulus_relative_amplitude": 1.0,
    "stimulus_start_time": 0.92,
    "stimulus_units": "pA",
    "sweep_number": 32,
    "vm_delta_mv": 0.273887634277344
  },
  {
    "bridge_balance_mohm": 14.9572649002075,
    "id": 396975220,
    "leak_pa": 0.0,
    "num_spikes": 43,
    "peak_deflection": 0.0,
    "post_noise_rms_mv": 0.0377043597400188,
    "post_vm_mv": -70.8438186645508,
    "pre_noise_rms_mv": 0.0380675531923771,
    "pre_vm_mv": -71.3500823974609,
    "slow_noise_rms_mv": 0.107620880007744,
    "slow_vm_mv": -71.3500823974609,
    "specimen_id": 396968721,
    "stimulus_absolute_amplitude": 129.99999687846,
    "stimulus_description": "C1LSCOARSE150216[12]",
    "stimulus_duration": 0.999995,
    "stimulus_interval": 0.0,
    "stimulus_name": "Long Square",
    "stimulus_relative_amplitude": 1.0,
    "stimulus_start_time": 0.92,
    "stimulus_units": "pA",
    "sweep_number": 34,
    "vm_delta_mv": 0.506263732910156
  },
  {
    "bridge_balance_mohm": 14.9572649002075,
    "id": 396975246,
    "leak_pa": 0.0,
    "num_spikes": 38,
    "peak_deflection": 0.0,
    "post_noise_rms_mv": 0.0398986004292965,
    "post_vm_mv": -71.4236068725586,
    "pre_noise_rms_mv": 0.038903746753931,
    "pre_vm_mv": -71.8492279052734,
    "slow_noise_rms_mv": 0.307260811328888,
    "slow_vm_mv": -71.8492279052734,
    "specimen_id": 396968721,
    "stimulus_absolute_amplitude": 115.874997097531,
    "stimulus_description": "C1NSSEED_1150216[0]",
    "stimulus_duration": 18.999995,
    "stimulus_interval": 5.0,
    "stimulus_name": "Noise 1",
    "stimulus_relative_amplitude": 0.5,
    "stimulus_start_time": 1.92,
    "stimulus_units": "pA",
    "sweep_number": 46,
    "vm_delta_mv": 0.425621032714844
  },
  {
    "bridge_balance_mohm": 14.9572649002075,
    "id": 396975292,
    "leak_pa": 0.0,
    "num_spikes": 119,
    "peak_deflection": 0.0,
    "post_noise_rms_mv": 0.0401705168187618,
    "post_vm_mv": -70.1560516357422,
    "pre_noise_rms_mv": 0.0366304852068424,
    "pre_vm_mv": -70.5353927612305,
    "slow_noise_rms_mv": 0.237072229385376,
    "slow_vm_mv": -70.5353927612305,
    "specimen_id": 396968721,
    "stimulus_absolute_amplitude": 169.499997371148,
    "stimulus_description": "C2NSRMPRH2150216[0]",
    "stimulus_duration": 31.999945,
    "stimulus_interval": 0.00016,
    "stimulus_name": "Ramp to Rheobase",
    "stimulus_relative_amplitude": 0.5,
    "stimulus_start_time": 1.92005,
    "stimulus_units": "pA",
    "sweep_number": 65,
    "vm_delta_mv": 0.379341125488281
  },
  {
    "bridge_balance_mohm": 14.9572649002075,
    "id": 396975218,
    "leak_pa": 0.0,
    "num_spikes": 34,
    "peak_deflection": 0.0,
    "post_noise_rms_mv": 0.0366111733019352,
    "post_vm_mv": -71.3163146972656,
    "pre_noise_rms_mv": 0.036067895591259,
    "pre_vm_mv": -71.513298034668,
    "slow_noise_rms_mv": 0.131408676505089,
    "slow_vm_mv": -71.513298034668,
    "specimen_id": 396968721,
    "stimulus_absolute_amplitude": 110.000002162547,
    "stimulus_description": "C1LSCOARSE150216[11]",
    "stimulus_duration": 0.999995,
    "stimulus_interval": 0.0,
    "stimulus_name": "Long Square",
    "stimulus_relative_amplitude": 1.0,
    "stimulus_start_time": 0.92,
    "stimulus_units": "pA",
    "sweep_number": 33,
    "vm_delta_mv": 0.196983337402344
  },
  {
    "bridge_balance_mohm": 14.9572649002075,
    "id": 396975224,
    "leak_pa": 0.0,
    "num_spikes": 62,
    "peak_deflection": 0.0,
    "post_noise_rms_mv": 0.0363537184894085,
    "post_vm_mv": -71.7309112548828,
    "pre_noise_rms_mv": 0.037981316447258,
    "pre_vm_mv": -72.0963821411133,
    "slow_noise_rms_mv": 0.25092151761055,
    "slow_vm_mv": -72.0963821411133,
    "specimen_id": 396968721,
    "stimulus_absolute_amplitude": 170.000000188075,
    "stimulus_description": "C1LSCOARSE150216[14]",
    "stimulus_duration": 0.999995,
    "stimulus_interval": 0.0,
    "stimulus_name": "Long Square",
    "stimulus_relative_amplitude": 1.0,
    "stimulus_start_time": 0.92,
    "stimulus_units": "pA",
    "sweep_number": 36,
    "vm_delta_mv": 0.365470886230469
  },
  {
    "bridge_balance_mohm": 14.9572649002075,
    "id": 396975276,
    "leak_pa": 0.0,
    "num_spikes": 11,
    "peak_deflection": 0.0,
    "post_noise_rms_mv": 0.0403432846069336,
    "post_vm_mv": -72.1402435302734,
    "pre_noise_rms_mv": 0.0411488823592663,
    "pre_vm_mv": -71.939323425293,
    "slow_noise_rms_mv": 0.143345966935158,
    "slow_vm_mv": -71.939323425293,
    "specimen_id": 396968721,
    "stimulus_absolute_amplitude": 90.0000005077395,
    "stimulus_description": "C2SQRHELNG150216[0]",
    "stimulus_duration": 1.999995,
    "stimulus_interval": 0.0,
    "stimulus_name": "Square - 2s Suprathreshold",
    "stimulus_relative_amplitude": 0.9,
    "stimulus_start_time": 0.92,
    "stimulus_units": "pA",
    "sweep_number": 59,
    "vm_delta_mv": 0.200920104980469
  },
  {
    "bridge_balance_mohm": 14.9572649002075,
    "id": 396975198,
    "leak_pa": 0.0,
    "num_spikes": 0,
    "peak_deflection": -95.0312576293945,
    "post_noise_rms_mv": 0.025383485481143,
    "post_vm_mv": -70.818000793457,
    "pre_noise_rms_mv": 0.0434722155332565,
    "pre_vm_mv": -71.4590072631836,
    "slow_noise_rms_mv": 0.234631255269051,
    "slow_vm_mv": -71.4590072631836,
    "specimen_id": 396968721,
    "stimulus_absolute_amplitude": -69.9999988529321,
    "stimulus_description": "C1LSCOARSE150216[2]",
    "stimulus_duration": 0.999995,
    "stimulus_interval": 0.0,
    "stimulus_name": "Long Square",
    "stimulus_relative_amplitude": 1.0,
    "stimulus_start_time": 0.92,
    "stimulus_units": "pA",
    "sweep_number": 24,
    "vm_delta_mv": 0.641006469726562
  },
  {
    "bridge_balance_mohm": 0.0,
    "id": 396975298,
    "leak_pa": 0.0,
    "num_spikes": 0,
    "peak_deflection": 0.0,
    "post_noise_rms_mv": 0.0,
    "post_vm_mv": 0.0,
    "pre_noise_rms_mv": 0.0,
    "pre_vm_mv": 0.0,
    "slow_noise_rms_mv": 0.0,
    "slow_vm_mv": 0.0,
    "specimen_id": 396968721,
    "stimulus_absolute_amplitude": 9.99999977648258,
    "stimulus_description": "EXTPEXPEND141203[0]",
    "stimulus_duration": 0.069995,
    "stimulus_interval": 0.05,
    "stimulus_name": "Test",
    "stimulus_relative_amplitude": 1.0,
    "stimulus_start_time": 0.03,
    "stimulus_units": "mV",
    "sweep_number": 68,
    "vm_delta_mv": 0.0
  },
  {
    "bridge_balance_mohm": 14.9572649002075,
    "id": 396975274,
    "leak_pa": 0.0,
    "num_spikes": 8,
    "peak_deflection": 0.0,
    "post_noise_rms_mv": 0.0393216200172901,
    "post_vm_mv": -71.8448333740234,
    "pre_noise_rms_mv": 0.0417932011187077,
    "pre_vm_mv": -72.264892578125,
    "slow_noise_rms_mv": 0.239064112305641,
    "slow_vm_mv": -72.264892578125,
    "specimen_id": 396968721,
    "stimulus_absolute_amplitude": 90.0000005077395,
    "stimulus_description": "C2SQRHELNG150216[0]",
    "stimulus_duration": 1.999995,
    "stimulus_interval": 0.0,
    "stimulus_name": "Square - 2s Suprathreshold",
    "stimulus_relative_amplitude": 0.9,
    "stimulus_start_time": 0.92,
    "stimulus_units": "pA",
    "sweep_number": 58,
    "vm_delta_mv": 0.420059204101562
  },
  {
    "bridge_balance_mohm": 14.9572649002075,
    "id": 396975174,
    "leak_pa": 0.0,
    "num_spikes": 1,
    "peak_deflection": 0.0,
    "post_noise_rms_mv": 0.034468948841095,
    "post_vm_mv": -72.3423614501953,
    "pre_noise_rms_mv": 0.0367244705557823,
    "pre_vm_mv": -72.280143737793,
    "slow_noise_rms_mv": 0.184342890977859,
    "slow_vm_mv": -72.280143737793,
    "specimen_id": 396968721,
    "stimulus_absolute_amplitude": 509.999986686438,
    "stimulus_description": "C1SSFINEST150112[0]",
    "stimulus_duration": 0.002995,
    "stimulus_interval": 0.0,
    "stimulus_name": "Short Square",
    "stimulus_relative_amplitude": 5.1,
    "stimulus_start_time": 0.92,
    "stimulus_units": "pA",
    "sweep_number": 13,
    "vm_delta_mv": 0.0622177124023438
  },
  {
    "bridge_balance_mohm": 14.9572649002075,
    "id": 396975288,
    "leak_pa": 0.0,
    "num_spikes": 102,
    "peak_deflection": 0.0,
    "post_noise_rms_mv": 0.0411220341920853,
    "post_vm_mv": -72.3311233520508,
    "pre_noise_rms_mv": 0.0382576435804367,
    "pre_vm_mv": -72.0488967895508,
    "slow_noise_rms_mv": 0.163382798433304,
    "slow_vm_mv": -72.0488967895508,
    "specimen_id": 396968721,
    "stimulus_absolute_amplitude": 129.99999687846,
    "stimulus_description": "C2SQRHELNG150216[0]",
    "stimulus_duration": 1.999995,
    "stimulus_interval": 0.0,
    "stimulus_name": "Square - 2s Suprathreshold",
    "stimulus_relative_amplitude": 1.3,
    "stimulus_start_time": 0.92,
    "stimulus_units": "pA",
    "sweep_number": 64,
    "vm_delta_mv": 0.2822265625
  },
  {
    "bridge_balance_mohm": 14.9572649002075,
    "id": 396975254,
    "leak_pa": 0.0,
    "num_spikes": 25,
    "peak_deflection": 0.0,
    "post_noise_rms_mv": 0.0,
    "post_vm_mv": 0.0,
    "pre_noise_rms_mv": 0.0396738722920418,
    "pre_vm_mv": -72.5363388061523,
    "slow_noise_rms_mv": 0.302180856466293,
    "slow_vm_mv": -72.5363388061523,
    "specimen_id": 396968721,
    "stimulus_absolute_amplitude": 800.000010681146,
    "stimulus_description": "C1RP25PR1S141203[0]",
    "stimulus_duration": 31.997495,
    "stimulus_interval": 0.0,
    "stimulus_name": "Ramp",
    "stimulus_relative_amplitude": 1.0,
    "stimulus_start_time": 0.9225,
    "stimulus_units": "pA",
    "sweep_number": 5,
    "vm_delta_mv": 0.0
  },
  {
    "bridge_balance_mohm": 0.0,
    "id": 396975300,
    "leak_pa": 0.0,
    "num_spikes": 0,
    "peak_deflection": 0.0,
    "post_noise_rms_mv": 0.0,
    "post_vm_mv": 0.0,
    "pre_noise_rms_mv": 0.0,
    "pre_vm_mv": 0.0,
    "slow_noise_rms_mv": 0.0,
    "slow_vm_mv": 0.0,
    "specimen_id": 396968721,
    "stimulus_absolute_amplitude": 9.99999977648258,
    "stimulus_description": "EXTPGGAEND141203[0]",
    "stimulus_duration": 0.069995,
    "stimulus_interval": 0.05,
    "stimulus_name": "Test",
    "stimulus_relative_amplitude": 1.0,
    "stimulus_start_time": 0.03,
    "stimulus_units": "mV",
    "sweep_number": 69,
    "vm_delta_mv": 0.0
  },
  {
    "bridge_balance_mohm": 14.9572649002075,
    "id": 396975240,
    "leak_pa": 0.0,
    "num_spikes": 33,
    "peak_deflection": 0.0,
    "post_noise_rms_mv": 0.0371764339506626,
    "post_vm_mv": -71.1639862060547,
    "pre_noise_rms_mv": 0.0383943170309067,
    "pre_vm_mv": -72.0471725463867,
    "slow_noise_rms_mv": 0.202715486288071,
    "slow_vm_mv": -72.0471725463867,
    "specimen_id": 396968721,
    "stimulus_absolute_amplitude": 117.875001426349,
    "stimulus_description": "C1NSSEED_2150216[0]",
    "stimulus_duration": 18.999995,
    "stimulus_interval": 5.0,
    "stimulus_name": "Noise 2",
    "stimulus_relative_amplitude": 0.5,
    "stimulus_start_time": 1.92,
    "stimulus_units": "pA",
    "sweep_number": 43,
    "vm_delta_mv": 0.883186340332031
  },
  {
    "bridge_balance_mohm": 14.9572649002075,
    "id": 396975278,
    "leak_pa": 0.0,
    "num_spikes": 68,
    "peak_deflection": 0.0,
    "post_noise_rms_mv": 0.0,
    "post_vm_mv": 0.0,
    "pre_noise_rms_mv": 0.0421609468758106,
    "pre_vm_mv": -72.4212265014648,
    "slow_noise_rms_mv": 0.48136568069458,
    "slow_vm_mv": -72.4212265014648,
    "specimen_id": 396968721,
    "stimulus_absolute_amplitude": 800.000010681146,
    "stimulus_description": "C1RP25PR1S141203[0]",
    "stimulus_duration": 31.997495,
    "stimulus_interval": 0.0,
    "stimulus_name": "Ramp",
    "stimulus_relative_amplitude": 1.0,
    "stimulus_start_time": 0.9225,
    "stimulus_units": "pA",
    "sweep_number": 6,
    "vm_delta_mv": 0.0
  },
  {
    "bridge_balance_mohm": 14.9572649002075,
    "id": 396975176,
    "leak_pa": 0.0,
    "num_spikes": 1,
    "peak_deflection": 0.0,
    "post_noise_rms_mv": 0.0373941920697689,
    "post_vm_mv": -72.8326034545898,
    "pre_noise_rms_mv": 0.0386516153812408,
    "pre_vm_mv": -72.6723937988281,
    "slow_noise_rms_mv": 0.14945076406002,
    "slow_vm_mv": -72.6723937988281,
    "specimen_id": 396968721,
    "stimulus_absolute_amplitude": 499.999985859034,
    "stimulus_description": "C1SSFINEST150112[0]",
    "stimulus_duration": 0.002995,
    "stimulus_interval": 0.0,
    "stimulus_name": "Short Square",
    "stimulus_relative_amplitude": 5.0,
    "stimulus_start_time": 0.92,
    "stimulus_units": "pA",
    "sweep_number": 14,
    "vm_delta_mv": 0.160209655761719
  },
  {
    "bridge_balance_mohm": 14.9572649002075,
    "id": 396975228,
    "leak_pa": 0.0,
    "num_spikes": 0,
    "peak_deflection": -45.53125,
    "post_noise_rms_mv": 0.0384445004165173,
    "post_vm_mv": -72.0662612915039,
    "pre_noise_rms_mv": 0.0378730408847332,
    "pre_vm_mv": -71.6424713134766,
    "slow_noise_rms_mv": 0.161782503128052,
    "slow_vm_mv": -71.6424713134766,
    "specimen_id": 396968721,
    "stimulus_absolute_amplitude": 39.9999998401679,
    "stimulus_description": "C1LSFINEST150112[0]",
    "stimulus_duration": 0.999995,
    "stimulus_interval": 0.0,
    "stimulus_name": "Long Square",
    "stimulus_relative_amplitude": 0.4,
    "stimulus_start_time": 0.92,
    "stimulus_units": "pA",
    "sweep_number": 38,
    "vm_delta_mv": 0.423789978027344
  },
  {
    "bridge_balance_mohm": 14.9572649002075,
    "id": 396975212,
    "leak_pa": 0.0,
    "num_spikes": 2,
    "peak_deflection": 0.0,
    "post_noise_rms_mv": 0.0372778214514256,
    "post_vm_mv": -70.0250473022461,
    "pre_noise_rms_mv": 0.0336052514612675,
    "pre_vm_mv": -70.3427734375,
    "slow_noise_rms_mv": 0.157834634184837,
    "slow_vm_mv": -70.3427734375,
    "specimen_id": 396968721,
    "stimulus_absolute_amplitude": 50.0000006675716,
    "stimulus_description": "C1LSCOARSE150216[8]",
    "stimulus_duration": 0.999995,
    "stimulus_interval": 0.0,
    "stimulus_name": "Long Square",
    "stimulus_relative_amplitude": 1.0,
    "stimulus_start_time": 0.92,
    "stimulus_units": "pA",
    "sweep_number": 30,
    "vm_delta_mv": 0.317726135253906
  },
  {
    "bridge_balance_mohm": 14.9572649002075,
    "id": 396975186,
    "leak_pa": 0.0,
    "num_spikes": 1,
    "peak_deflection": 0.0,
    "post_noise_rms_mv": 0.03278474137187,
    "post_vm_mv": -72.5288696289062,
    "pre_noise_rms_mv": 0.0340732149779797,
    "pre_vm_mv": -72.4660873413086,
    "slow_noise_rms_mv": 0.165199607610703,
    "slow_vm_mv": -72.4660873413086,
    "specimen_id": 396968721,
    "stimulus_absolute_amplitude": 479.999984204227,
    "stimulus_description": "C1SSFINEST150112[0]",
    "stimulus_duration": 0.002995,
    "stimulus_interval": 0.0,
    "stimulus_name": "Short Square",
    "stimulus_relative_amplitude": 4.8,
    "stimulus_start_time": 0.92,
    "stimulus_units": "pA",
    "sweep_number": 19,
    "vm_delta_mv": 0.0627822875976562
  },
  {
    "bridge_balance_mohm": 14.9572649002075,
    "id": 396975306,
    "leak_pa": 0.0,
    "num_spikes": 0,
    "peak_deflection": 0.0,
    "post_noise_rms_mv": 0.0443493872880936,
    "post_vm_mv": -72.9623870849609,
    "pre_noise_rms_mv": 0.0481016263365746,
    "pre_vm_mv": -73.1139678955078,
    "slow_noise_rms_mv": 0.167639657855034,
    "slow_vm_mv": -73.1139678955078,
    "specimen_id": 396968721,
    "stimulus_absolute_amplitude": 200.000002670286,
    "stimulus_description": "C1SSCOARSE150112[1]",
    "stimulus_duration": 0.002995,
    "stimulus_interval": 0.0,
    "stimulus_name": "Short Square",
    "stimulus_relative_amplitude": 1.0,
    "stimulus_start_time": 0.92,
    "stimulus_units": "pA",
    "sweep_number": 8,
    "vm_delta_mv": 0.151580810546875
  },
  {
    "bridge_balance_mohm": 0.0,
    "id": 396975304,
    "leak_pa": 0.0,
    "num_spikes": 0,
    "peak_deflection": 0.0,
    "post_noise_rms_mv": 0.0346540026366711,
    "post_vm_mv": -1.5673691034317,
    "pre_noise_rms_mv": 0.0358484610915184,
    "pre_vm_mv": -1.56265497207642,
    "slow_noise_rms_mv": 0.0394828394055367,
    "slow_vm_mv": -1.56265497207642,
    "specimen_id": 396968721,
    "stimulus_absolute_amplitude": 0.0,
    "stimulus_description": "EXTPBLWOUT141203[0]",
    "stimulus_duration": 0.0,
    "stimulus_interval": 0.0,
    "stimulus_name": "Test",
    "stimulus_relative_amplitude": 1.0,
    "stimulus_start_time": 0.0,
    "stimulus_units": "pA",
    "sweep_number": 70,
    "vm_delta_mv": 0.00471413135528564
  },
  {
    "bridge_balance_mohm": 14.9572649002075,
    "id": 396975184,
    "leak_pa": 0.0,
    "num_spikes": 1,
    "peak_deflection": 0.0,
    "post_noise_rms_mv": 0.0340959951281548,
    "post_vm_mv": -73.2844772338867,
    "pre_noise_rms_mv": 0.0338847599923611,
    "pre_vm_mv": -73.0961456298828,
    "slow_noise_rms_mv": 0.159905806183815,
    "slow_vm_mv": -73.0961456298828,
    "specimen_id": 396968721,
    "stimulus_absolute_amplitude": 479.999984204227,
    "stimulus_description": "C1SSFINEST150112[0]",
    "stimulus_duration": 0.002995,
    "stimulus_interval": 0.0,
    "stimulus_name": "Short Square",
    "stimulus_relative_amplitude": 4.8,
    "stimulus_start_time": 0.92,
    "stimulus_units": "pA",
    "sweep_number": 18,
    "vm_delta_mv": 0.188331604003906
  },
  {
    "bridge_balance_mohm": 14.9572649002075,
    "id": 396975258,
    "leak_pa": 0.0,
    "num_spikes": 0,
    "peak_deflection": 0.0,
    "post_noise_rms_mv": 0.0416507087647915,
    "post_vm_mv": -71.9111404418945,
    "pre_noise_rms_mv": 0.0377390868961811,
    "pre_vm_mv": -72.5595474243164,
    "slow_noise_rms_mv": 0.374243795871735,
    "slow_vm_mv": -72.5595474243164,
    "specimen_id": 396968721,
    "stimulus_absolute_amplitude": -200.000002670286,
    "stimulus_description": "C1SQCAPCHK141203[0]",
    "stimulus_duration": 7.819995,
    "stimulus_interval": 0.2,
    "stimulus_name": "Square - 0.5ms Subthreshold",
    "stimulus_relative_amplitude": 1.0,
    "stimulus_start_time": 0.12,
    "stimulus_units": "pA",
    "sweep_number": 51,
    "vm_delta_mv": 0.648406982421875
  },
  {
    "bridge_balance_mohm": 14.9572649002075,
    "id": 396975222,
    "leak_pa": 0.0,
    "num_spikes": 53,
    "peak_deflection": 0.0,
    "post_noise_rms_mv": 0.0409179106354713,
    "post_vm_mv": -71.9814376831055,
    "pre_noise_rms_mv": 0.0349505096673965,
    "pre_vm_mv": -72.4795150756836,
    "slow_noise_rms_mv": 0.155552625656128,
    "slow_vm_mv": -72.4795150756836,
    "specimen_id": 396968721,
    "stimulus_absolute_amplitude": 149.999998533268,
    "stimulus_description": "C1LSCOARSE150216[13]",
    "stimulus_duration": 0.999995,
    "stimulus_interval": 0.0,
    "stimulus_name": "Long Square",
    "stimulus_relative_amplitude": 1.0,
    "stimulus_start_time": 0.92,
    "stimulus_units": "pA",
    "sweep_number": 35,
    "vm_delta_mv": 0.498077392578125
  },
  {
    "bridge_balance_mohm": 14.9572649002075,
    "id": 396975178,
    "leak_pa": 0.0,
    "num_spikes": 1,
    "peak_deflection": 0.0,
    "post_noise_rms_mv": 0.041013527661562,
    "post_vm_mv": -74.1126174926758,
    "pre_noise_rms_mv": 0.0380253419280052,
    "pre_vm_mv": -73.5487518310547,
    "slow_noise_rms_mv": 0.217647522687912,
    "slow_vm_mv": -73.5487518310547,
    "specimen_id": 396968721,
    "stimulus_absolute_amplitude": 489.999985031631,
    "stimulus_description": "C1SSFINEST150112[0]",
    "stimulus_duration": 0.002995,
    "stimulus_interval": 0.0,
    "stimulus_name": "Short Square",
    "stimulus_relative_amplitude": 4.9,
    "stimulus_start_time": 0.92,
    "stimulus_units": "pA",
    "sweep_number": 15,
    "vm_delta_mv": 0.563865661621094
  },
  {
    "bridge_balance_mohm": 14.9572649002075,
    "id": 396975282,
    "leak_pa": 0.0,
    "num_spikes": 79,
    "peak_deflection": 0.0,
    "post_noise_rms_mv": 0.0344058349728584,
    "post_vm_mv": -71.9268417358398,
    "pre_noise_rms_mv": 0.0426172018051147,
    "pre_vm_mv": -71.6700057983398,
    "slow_noise_rms_mv": 0.241880655288696,
    "slow_vm_mv": -71.6700057983398,
    "specimen_id": 396968721,
    "stimulus_absolute_amplitude": 129.99999687846,
    "stimulus_description": "C2SQRHELNG150216[0]",
    "stimulus_duration": 1.999995,
    "stimulus_interval": 0.0,
    "stimulus_name": "Square - 2s Suprathreshold",
    "stimulus_relative_amplitude": 1.3,
    "stimulus_start_time": 0.92,
    "stimulus_units": "pA",
    "sweep_number": 61,
    "vm_delta_mv": 0.2568359375
  },
  {
    "bridge_balance_mohm": 14.9572649002075,
    "id": 396975280,
    "leak_pa": 0.0,
    "num_spikes": 8,
    "peak_deflection": 0.0,
    "post_noise_rms_mv": 0.0356798022985458,
    "post_vm_mv": -71.952507019043,
    "pre_noise_rms_mv": 0.0342335365712643,
    "pre_vm_mv": -71.9135131835938,
    "slow_noise_rms_mv": 0.222529128193855,
    "slow_vm_mv": -71.9135131835938,
    "specimen_id": 396968721,
    "stimulus_absolute_amplitude": 90.0000005077395,
    "stimulus_description": "C2SQRHELNG150216[0]",
    "stimulus_duration": 1.999995,
    "stimulus_interval": 0.0,
    "stimulus_name": "Square - 2s Suprathreshold",
    "stimulus_relative_amplitude": 0.9,
    "stimulus_start_time": 0.92,
    "stimulus_units": "pA",
    "sweep_number": 60,
    "vm_delta_mv": 0.0389938354492188
  },
  {
    "bridge_balance_mohm": 14.9572649002075,
    "id": 396975268,
    "leak_pa": 0.0,
    "num_spikes": 2,
    "peak_deflection": 0.0,
    "post_noise_rms_mv": 0.0397309064865112,
    "post_vm_mv": -72.3336791992188,
    "pre_noise_rms_mv": 0.0335659720003605,
    "pre_vm_mv": -72.711311340332,
    "slow_noise_rms_mv": 0.176459476351738,
    "slow_vm_mv": -72.711311340332,
    "specimen_id": 396968721,
    "stimulus_absolute_amplitude": 50.0000006675716,
    "stimulus_description": "C2SQRHELNG150216[0]",
    "stimulus_duration": 1.999995,
    "stimulus_interval": 0.0,
    "stimulus_name": "Square - 2s Suprathreshold",
    "stimulus_relative_amplitude": 0.5,
    "stimulus_start_time": 0.92,
    "stimulus_units": "pA",
    "sweep_number": 55,
    "vm_delta_mv": 0.377632141113281
  },
  {
    "bridge_balance_mohm": 0.0,
    "id": 396975210,
    "leak_pa": 0.0,
    "num_spikes": 0,
    "peak_deflection": 0.0,
    "post_noise_rms_mv": 0.0,
    "post_vm_mv": 0.0,
    "pre_noise_rms_mv": 0.0,
    "pre_vm_mv": 0.0,
    "slow_noise_rms_mv": 0.0,
    "slow_vm_mv": 0.0,
    "specimen_id": 396968721,
    "stimulus_absolute_amplitude": 9.99999977648258,
    "stimulus_description": "EXTPBREAKN141203[0]",
    "stimulus_duration": 0.069995,
    "stimulus_interval": 0.05,
    "stimulus_name": "Test",
    "stimulus_relative_amplitude": 1.0,
    "stimulus_start_time": 0.03,
    "stimulus_units": "mV",
    "sweep_number": 3,
    "vm_delta_mv": 0.0
  },
  {
    "bridge_balance_mohm": 14.9572649002075,
    "id": 396975226,
    "leak_pa": 0.0,
    "num_spikes": 75,
    "peak_deflection": 0.0,
    "post_noise_rms_mv": 0.0366622470319271,
    "post_vm_mv": -71.6594924926758,
    "pre_noise_rms_mv": 0.0351779162883759,
    "pre_vm_mv": -72.1980972290039,
    "slow_noise_rms_mv": 0.184913843870163,
    "slow_vm_mv": -72.1980972290039,
    "specimen_id": 396968721,
    "stimulus_absolute_amplitude": 190.000001842883,
    "stimulus_description": "C1LSCOARSE150216[15]",
    "stimulus_duration": 0.999995,
    "stimulus_interval": 0.0,
    "stimulus_name": "Long Square",
    "stimulus_relative_amplitude": 1.0,
    "stimulus_start_time": 0.92,
    "stimulus_units": "pA",
    "sweep_number": 37,
    "vm_delta_mv": 0.538604736328125
  },
  {
    "bridge_balance_mohm": 14.9572649002075,
    "id": 396975230,
    "leak_pa": 0.0,
    "num_spikes": 1,
    "peak_deflection": 0.0,
    "post_noise_rms_mv": 0.0381930842995644,
    "post_vm_mv": -71.5929794311523,
    "pre_noise_rms_mv": 0.0382290706038475,
    "pre_vm_mv": -72.3185424804688,
    "slow_noise_rms_mv": 0.175993517041206,
    "slow_vm_mv": -72.3185424804688,
    "specimen_id": 396968721,
    "stimulus_absolute_amplitude": 50.0000006675716,
    "stimulus_description": "C1LSFINEST150112[0]",
    "stimulus_duration": 0.999995,
    "stimulus_interval": 0.0,
    "stimulus_name": "Long Square",
    "stimulus_relative_amplitude": 0.5,
    "stimulus_start_time": 0.92,
    "stimulus_units": "pA",
    "sweep_number": 39,
    "vm_delta_mv": 0.725563049316406
  },
  {
    "bridge_balance_mohm": 0.0,
    "id": 396975188,
    "leak_pa": 0.0,
    "num_spikes": 0,
    "peak_deflection": 0.0,
    "post_noise_rms_mv": 0.0,
    "post_vm_mv": 0.0,
    "pre_noise_rms_mv": 0.0,
    "pre_vm_mv": 0.0,
    "slow_noise_rms_mv": 0.0,
    "slow_vm_mv": 0.0,
    "specimen_id": 396968721,
    "stimulus_absolute_amplitude": 9.99999977648258,
    "stimulus_description": "EXTPCllATT141203[0]",
    "stimulus_duration": 0.069995,
    "stimulus_interval": 0.05,
    "stimulus_name": "Test",
    "stimulus_relative_amplitude": 1.0,
    "stimulus_start_time": 0.03,
    "stimulus_units": "mV",
    "sweep_number": 2,
    "vm_delta_mv": 0.0
  },
  {
    "bridge_balance_mohm": 14.9572649002075,
    "id": 396975200,
    "leak_pa": 0.0,
    "num_spikes": 0,
    "peak_deflection": -88.9375,
    "post_noise_rms_mv": 0.0347311869263649,
    "post_vm_mv": -70.4468460083008,
    "pre_noise_rms_mv": 0.0381857119500637,
    "pre_vm_mv": -70.2351455688477,
    "slow_noise_rms_mv": 0.1292624771595,
    "slow_vm_mv": -70.2351455688477,
    "specimen_id": 396968721,
    "stimulus_absolute_amplitude": -50.0000006675716,
    "stimulus_description": "C1LSCOARSE150216[3]",
    "stimulus_duration": 0.999995,
    "stimulus_interval": 0.0,
    "stimulus_name": "Long Square",
    "stimulus_relative_amplitude": 1.0,
    "stimulus_start_time": 0.92,
    "stimulus_units": "pA",
    "sweep_number": 25,
    "vm_delta_mv": 0.211700439453125
  },
  {
    "bridge_balance_mohm": 14.9572649002075,
    "id": 396975182,
    "leak_pa": 0.0,
    "num_spikes": 1,
    "peak_deflection": 0.0,
    "post_noise_rms_mv": 0.0351232923567295,
    "post_vm_mv": -73.2986526489258,
    "pre_noise_rms_mv": 0.0358432829380035,
    "pre_vm_mv": -73.0759658813477,
    "slow_noise_rms_mv": 0.143266126513481,
    "slow_vm_mv": -73.0759658813477,
    "specimen_id": 396968721,
    "stimulus_absolute_amplitude": 479.999984204227,
    "stimulus_description": "C1SSFINEST150112[0]",
    "stimulus_duration": 0.002995,
    "stimulus_interval": 0.0,
    "stimulus_name": "Short Square",
    "stimulus_relative_amplitude": 4.8,
    "stimulus_start_time": 0.92,
    "stimulus_units": "pA",
    "sweep_number": 17,
    "vm_delta_mv": 0.222686767578125
  },
  {
    "bridge_balance_mohm": 14.9572649002075,
    "id": 396975270,
    "leak_pa": 0.0,
    "num_spikes": 1,
    "peak_deflection": 0.0,
    "post_noise_rms_mv": 0.039189238101244,
    "post_vm_mv": -72.3178329467773,
    "pre_noise_rms_mv": 0.0418655388057232,
    "pre_vm_mv": -72.62255859375,
    "slow_noise_rms_mv": 0.133010134100914,
    "slow_vm_mv": -72.62255859375,
    "specimen_id": 396968721,
    "stimulus_absolute_amplitude": 50.0000006675716,
    "stimulus_description": "C2SQRHELNG150216[0]",
    "stimulus_duration": 1.999995,
    "stimulus_interval": 0.0,
    "stimulus_name": "Square - 2s Suprathreshold",
    "stimulus_relative_amplitude": 0.5,
    "stimulus_start_time": 0.92,
    "stimulus_units": "pA",
    "sweep_number": 56,
    "vm_delta_mv": 0.304725646972656
  },
  {
    "bridge_balance_mohm": 14.9572649002075,
    "id": 396975208,
    "leak_pa": 0.0,
    "num_spikes": 0,
    "peak_deflection": -55.5,
    "post_noise_rms_mv": 0.0359463207423687,
    "post_vm_mv": -70.3339691162109,
    "pre_noise_rms_mv": 0.0377931222319603,
    "pre_vm_mv": -70.9312133789062,
    "slow_noise_rms_mv": 0.404313266277313,
    "slow_vm_mv": -70.9312133789062,
    "specimen_id": 396968721,
    "stimulus_absolute_amplitude": 29.9999990127642,
    "stimulus_description": "C1LSCOARSE150216[7]",
    "stimulus_duration": 0.999995,
    "stimulus_interval": 0.0,
    "stimulus_name": "Long Square",
    "stimulus_relative_amplitude": 1.0,
    "stimulus_start_time": 0.92,
    "stimulus_units": "pA",
    "sweep_number": 29,
    "vm_delta_mv": 0.597244262695312
  },
  {
    "bridge_balance_mohm": 14.9572649002075,
    "id": 396975206,
    "leak_pa": 0.0,
    "num_spikes": 0,
    "peak_deflection": -65.34375,
    "post_noise_rms_mv": 0.0386305041611195,
    "post_vm_mv": -70.9054718017578,
    "pre_noise_rms_mv": 0.036218672990799,
    "pre_vm_mv": -70.0720901489258,
    "slow_noise_rms_mv": 0.161742985248566,
    "slow_vm_mv": -70.0720901489258,
    "specimen_id": 396968721,
    "stimulus_absolute_amplitude": 9.99999996004197,
    "stimulus_description": "C1LSCOARSE150216[6]",
    "stimulus_duration": 0.999995,
    "stimulus_interval": 0.0,
    "stimulus_name": "Long Square",
    "stimulus_relative_amplitude": 1.0,
    "stimulus_start_time": 0.92,
    "stimulus_units": "pA",
    "sweep_number": 28,
    "vm_delta_mv": 0.833381652832031
  },
  {
    "bridge_balance_mohm": 14.9572649002075,
    "id": 396975236,
    "leak_pa": 0.0,
    "num_spikes": 1,
    "peak_deflection": 0.0,
    "post_noise_rms_mv": 0.0375923290848732,
    "post_vm_mv": -71.203498840332,
    "pre_noise_rms_mv": 0.04438666254282,
    "pre_vm_mv": -71.7923431396484,
    "slow_noise_rms_mv": 0.199809953570366,
    "slow_vm_mv": -71.7923431396484,
    "specimen_id": 396968721,
    "stimulus_absolute_amplitude": 50.0000006675716,
    "stimulus_description": "C1LSFINEST150112[0]",
    "stimulus_duration": 0.999995,
    "stimulus_interval": 0.0,
    "stimulus_name": "Long Square",
    "stimulus_relative_amplitude": 0.5,
    "stimulus_start_time": 0.92,
    "stimulus_units": "pA",
    "sweep_number": 41,
    "vm_delta_mv": 0.588844299316406
  },
  {
    "bridge_balance_mohm": 14.9572649002075,
    "id": 396975308,
    "leak_pa": 0.0,
    "num_spikes": 0,
    "peak_deflection": 0.0,
    "post_noise_rms_mv": 0.0401286855340004,
    "post_vm_mv": -72.410041809082,
    "pre_noise_rms_mv": 0.0382953807711601,
    "pre_vm_mv": -72.6701736450195,
    "slow_noise_rms_mv": 0.1833615899086,
    "slow_vm_mv": -72.6701736450195,
    "specimen_id": 396968721,
    "stimulus_absolute_amplitude": 299.999997066536,
    "stimulus_description": "C1SSCOARSE150112[2]",
    "stimulus_duration": 0.002995,
    "stimulus_interval": 0.0,
    "stimulus_name": "Short Square",
    "stimulus_relative_amplitude": 1.0,
    "stimulus_start_time": 0.92,
    "stimulus_units": "pA",
    "sweep_number": 9,
    "vm_delta_mv": 0.2601318359375
  },
  {
    "bridge_balance_mohm": 14.9572649002075,
    "id": 396975170,
    "leak_pa": 0.0,
    "num_spikes": 0,
    "peak_deflection": 0.0,
    "post_noise_rms_mv": 0.0333939753472805,
    "post_vm_mv": -75.5436859130859,
    "pre_noise_rms_mv": 0.0374894812703133,
    "pre_vm_mv": -75.51513671875,
    "slow_noise_rms_mv": 0.304753452539444,
    "slow_vm_mv": -75.51513671875,
    "specimen_id": 396968721,
    "stimulus_absolute_amplitude": 499.999985859034,
    "stimulus_description": "C1SSCOARSE150112[4]",
    "stimulus_duration": 0.002995,
    "stimulus_interval": 0.0,
    "stimulus_name": "Short Square",
    "stimulus_relative_amplitude": 1.0,
    "stimulus_start_time": 0.92,
    "stimulus_units": "pA",
    "sweep_number": 11,
    "vm_delta_mv": 0.0285491943359375
  },
  {
    "bridge_balance_mohm": 14.9572649002075,
    "id": 396975264,
    "leak_pa": 0.0,
    "num_spikes": 1,
    "peak_deflection": 0.0,
    "post_noise_rms_mv": 0.0381043627858162,
    "post_vm_mv": -72.3241119384766,
    "pre_noise_rms_mv": 0.0350365489721298,
    "pre_vm_mv": -72.6735687255859,
    "slow_noise_rms_mv": 0.190642550587654,
    "slow_vm_mv": -72.6735687255859,
    "specimen_id": 396968721,
    "stimulus_absolute_amplitude": 50.0000006675716,
    "stimulus_description": "C2SQRHELNG150216[0]",
    "stimulus_duration": 1.999995,
    "stimulus_interval": 0.0,
    "stimulus_name": "Square - 2s Suprathreshold",
    "stimulus_relative_amplitude": 0.5,
    "stimulus_start_time": 0.92,
    "stimulus_units": "pA",
    "sweep_number": 53,
    "vm_delta_mv": 0.349456787109375
  },
  {
    "bridge_balance_mohm": 0.0,
    "id": 396975166,
    "leak_pa": 0.0,
    "num_spikes": 0,
    "peak_deflection": 0.0,
    "post_noise_rms_mv": 0.0,
    "post_vm_mv": 0.0,
    "pre_noise_rms_mv": 0.0,
    "pre_vm_mv": 0.0,
    "slow_noise_rms_mv": 0.0,
    "slow_vm_mv": 0.0,
    "specimen_id": 396968721,
    "stimulus_absolute_amplitude": 9.99999977648258,
    "stimulus_description": "EXTPINBATH141203[0]",
    "stimulus_duration": 0.069995,
    "stimulus_interval": 0.05,
    "stimulus_name": "Test",
    "stimulus_relative_amplitude": 1.0,
    "stimulus_start_time": 0.03,
    "stimulus_units": "mV",
    "sweep_number": 1,
    "vm_delta_mv": 0.0
  },
  {
    "bridge_balance_mohm": 14.9572649002075,
    "id": 396975202,
    "leak_pa": 0.0,
    "num_spikes": 0,
    "peak_deflection": -81.4375,
    "post_noise_rms_mv": 0.0372639447450638,
    "post_vm_mv": -69.8655776977539,
    "pre_noise_rms_mv": 0.0353094451129436,
    "pre_vm_mv": -69.9178085327148,
    "slow_noise_rms_mv": 0.256985247135162,
    "slow_vm_mv": -69.9178085327148,
    "specimen_id": 396968721,
    "stimulus_absolute_amplitude": -29.9999990127642,
    "stimulus_description": "C1LSCOARSE150216[4]",
    "stimulus_duration": 0.999995,
    "stimulus_interval": 0.0,
    "stimulus_name": "Long Square",
    "stimulus_relative_amplitude": 1.0,
    "stimulus_start_time": 0.92,
    "stimulus_units": "pA",
    "sweep_number": 26,
    "vm_delta_mv": 0.0522308349609375
  },
  {
    "bridge_balance_mohm": 14.9572649002075,
    "id": 396975284,
    "leak_pa": 0.0,
    "num_spikes": 101,
    "peak_deflection": 0.0,
    "post_noise_rms_mv": 0.0343310125172138,
    "post_vm_mv": -71.5808715820312,
    "pre_noise_rms_mv": 0.0380326174199581,
    "pre_vm_mv": -71.676025390625,
    "slow_noise_rms_mv": 0.233651354908943,
    "slow_vm_mv": -71.676025390625,
    "specimen_id": 396968721,
    "stimulus_absolute_amplitude": 129.99999687846,
    "stimulus_description": "C2SQRHELNG150216[0]",
    "stimulus_duration": 1.999995,
    "stimulus_interval": 0.0,
    "stimulus_name": "Square - 2s Suprathreshold",
    "stimulus_relative_amplitude": 1.3,
    "stimulus_start_time": 0.92,
    "stimulus_units": "pA",
    "sweep_number": 62,
    "vm_delta_mv": 0.09515380859375
  },
  {
    "bridge_balance_mohm": 14.9572649002075,
    "id": 396975204,
    "leak_pa": 0.0,
    "num_spikes": 0,
    "peak_deflection": -74.8125,
    "post_noise_rms_mv": 0.0353888459503651,
    "post_vm_mv": -70.2618637084961,
    "pre_noise_rms_mv": 0.03828164935112,
    "pre_vm_mv": -69.6897506713867,
    "slow_noise_rms_mv": 0.150078028440475,
    "slow_vm_mv": -69.6897506713867,
    "specimen_id": 396968721,
    "stimulus_absolute_amplitude": -9.99999996004197,
    "stimulus_description": "C1LSCOARSE150216[5]",
    "stimulus_duration": 0.999995,
    "stimulus_interval": 0.0,
    "stimulus_name": "Long Square",
    "stimulus_relative_amplitude": 1.0,
    "stimulus_start_time": 0.92,
    "stimulus_units": "pA",
    "sweep_number": 27,
    "vm_delta_mv": 0.572113037109375
  },
  {
    "bridge_balance_mohm": 14.9572649002075,
    "id": 396975192,
    "leak_pa": 0.0,
    "num_spikes": 1,
    "peak_deflection": 0.0,
    "post_noise_rms_mv": 0.0377016998827457,
    "post_vm_mv": -73.0636520385742,
    "pre_noise_rms_mv": 0.0403832234442234,
    "pre_vm_mv": -73.128547668457,
    "slow_noise_rms_mv": 0.165427938103676,
    "slow_vm_mv": -73.128547668457,
    "specimen_id": 396968721,
    "stimulus_absolute_amplitude": 479.999984204227,
    "stimulus_description": "C1SSFINEST150112[0]",
    "stimulus_duration": 0.002995,
    "stimulus_interval": 0.0,
    "stimulus_name": "Short Square",
    "stimulus_relative_amplitude": 4.8,
    "stimulus_start_time": 0.92,
    "stimulus_units": "pA",
    "sweep_number": 21,
    "vm_delta_mv": 0.0648956298828125
  },
  {
    "bridge_balance_mohm": 14.9572649002075,
    "id": 396975190,
    "leak_pa": 0.0,
    "num_spikes": 1,
    "peak_deflection": 0.0,
    "post_noise_rms_mv": 0.0361204333603382,
    "post_vm_mv": -73.366081237793,
    "pre_noise_rms_mv": 0.0403838306665421,
    "pre_vm_mv": -73.5374755859375,
    "slow_noise_rms_mv": 0.245959833264351,
    "slow_vm_mv": -73.5374755859375,
    "specimen_id": 396968721,
    "stimulus_absolute_amplitude": 479.999984204227,
    "stimulus_description": "C1SSFINEST150112[0]",
    "stimulus_duration": 0.002995,
    "stimulus_interval": 0.0,
    "stimulus_name": "Short Square",
    "stimulus_relative_amplitude": 4.8,
    "stimulus_start_time": 0.92,
    "stimulus_units": "pA",
    "sweep_number": 20,
    "vm_delta_mv": 0.171394348144531
  },
  {
    "bridge_balance_mohm": 14.9572649002075,
    "id": 396975302,
    "leak_pa": 0.0,
    "num_spikes": 0,
    "peak_deflection": 0.0,
    "post_noise_rms_mv": 0.0363426730036736,
    "post_vm_mv": -72.4716949462891,
    "pre_noise_rms_mv": 0.034071184694767,
    "pre_vm_mv": -72.6239471435547,
    "slow_noise_rms_mv": 0.136653885245323,
    "slow_vm_mv": -72.6239471435547,
    "specimen_id": 396968721,
    "stimulus_absolute_amplitude": 100.000001335143,
    "stimulus_description": "C1SSCOARSE150112[0]",
    "stimulus_duration": 0.002995,
    "stimulus_interval": 0.0,
    "stimulus_name": "Short Square",
    "stimulus_relative_amplitude": 1.0,
    "stimulus_start_time": 0.92,
    "stimulus_units": "pA",
    "sweep_number": 7,
    "vm_delta_mv": 0.152252197265625
  },
  {
    "bridge_balance_mohm": 14.9572649002075,
    "id": 396975248,
    "leak_pa": 0.0,
    "num_spikes": 42,
    "peak_deflection": 0.0,
    "post_noise_rms_mv": 0.0331907868385315,
    "post_vm_mv": -72.114372253418,
    "pre_noise_rms_mv": 0.0391479730606079,
    "pre_vm_mv": -72.8070983886719,
    "slow_noise_rms_mv": 0.224666953086853,
    "slow_vm_mv": -72.8070983886719,
    "specimen_id": 396968721,
    "stimulus_absolute_amplitude": 117.875001426349,
    "stimulus_description": "C1NSSEED_2150216[0]",
    "stimulus_duration": 18.999995,
    "stimulus_interval": 5.0,
    "stimulus_name": "Noise 2",
    "stimulus_relative_amplitude": 0.5,
    "stimulus_start_time": 1.92,
    "stimulus_units": "pA",
    "sweep_number": 47,
    "vm_delta_mv": 0.692726135253906
  },
  {
    "bridge_balance_mohm": 14.9572649002075,
    "id": 396975180,
    "leak_pa": 0.0,
    "num_spikes": 0,
    "peak_deflection": 0.0,
    "post_noise_rms_mv": 0.0348327867686749,
    "post_vm_mv": -73.5325317382812,
    "pre_noise_rms_mv": 0.0364805683493614,
    "pre_vm_mv": -73.7343673706055,
    "slow_noise_rms_mv": 0.157217547297478,
    "slow_vm_mv": -73.7343673706055,
    "specimen_id": 396968721,
    "stimulus_absolute_amplitude": 469.999983376823,
    "stimulus_description": "C1SSFINEST150112[0]",
    "stimulus_duration": 0.002995,
    "stimulus_interval": 0.0,
    "stimulus_name": "Short Square",
    "stimulus_relative_amplitude": 4.7,
    "stimulus_start_time": 0.92,
    "stimulus_units": "pA",
    "sweep_number": 16,
    "vm_delta_mv": 0.201835632324219
  },
  {
    "bridge_balance_mohm": 14.9572649002075,
    "id": 396975272,
    "leak_pa": 0.0,
    "num_spikes": 10,
    "peak_deflection": 0.0,
    "post_noise_rms_mv": 0.0376262776553631,
    "post_vm_mv": -72.3803100585938,
    "pre_noise_rms_mv": 0.0378596596419811,
    "pre_vm_mv": -72.2194366455078,
    "slow_noise_rms_mv": 0.313783675432205,
    "slow_vm_mv": -72.2194366455078,
    "specimen_id": 396968721,
    "stimulus_absolute_amplitude": 90.0000005077395,
    "stimulus_description": "C2SQRHELNG150216[0]",
    "stimulus_duration": 1.999995,
    "stimulus_interval": 0.0,
    "stimulus_name": "Square - 2s Suprathreshold",
    "stimulus_relative_amplitude": 0.9,
    "stimulus_start_time": 0.92,
    "stimulus_units": "pA",
    "sweep_number": 57,
    "vm_delta_mv": 0.160873413085938
  },
  {
    "bridge_balance_mohm": 14.9572649002075,
    "id": 396975194,
    "leak_pa": 0.0,
    "num_spikes": 0,
    "peak_deflection": -106.531257629395,
    "post_noise_rms_mv": 0.0363646149635315,
    "post_vm_mv": -72.7045440673828,
    "pre_noise_rms_mv": 0.0407623387873173,
    "pre_vm_mv": -72.8538589477539,
    "slow_noise_rms_mv": 0.148011550307274,
    "slow_vm_mv": -72.8538589477539,
    "specimen_id": 396968721,
    "stimulus_absolute_amplitude": -110.000002162547,
    "stimulus_description": "C1LSCOARSE150216[0]",
    "stimulus_duration": 0.999995,
    "stimulus_interval": 0.0,
    "stimulus_name": "Long Square",
    "stimulus_relative_amplitude": 1.0,
    "stimulus_start_time": 0.92,
    "stimulus_units": "pA",
    "sweep_number": 22,
    "vm_delta_mv": 0.149314880371094
  },
  {
    "bridge_balance_mohm": 0.0,
    "id": 396975164,
    "leak_pa": 0.0,
    "num_spikes": 0,
    "peak_deflection": 0.0,
    "post_noise_rms_mv": 0.0,
    "post_vm_mv": 0.0,
    "pre_noise_rms_mv": 0.0,
    "pre_vm_mv": 0.0,
    "slow_noise_rms_mv": 0.0,
    "slow_vm_mv": 0.0,
    "specimen_id": 396968721,
    "stimulus_absolute_amplitude": 9.99999977648258,
    "stimulus_description": "EXTPSMOKET141203[0]",
    "stimulus_duration": 0.069995,
    "stimulus_interval": 0.05,
    "stimulus_name": "Test",
    "stimulus_relative_amplitude": 1.0,
    "stimulus_start_time": 0.03,
    "stimulus_units": "mV",
    "sweep_number": 0,
    "vm_delta_mv": 0.0
  },
  {
    "bridge_balance_mohm": 14.9572649002075,
    "id": 396975260,
    "leak_pa": 0.0,
    "num_spikes": 0,
    "peak_deflection": 0.0,
    "post_noise_rms_mv": 0.0360751748085022,
    "post_vm_mv": -72.2693862915039,
    "pre_noise_rms_mv": 0.0378892794251442,
    "pre_vm_mv": -72.0970077514648,
    "slow_noise_rms_mv": 0.421167731285095,
    "slow_vm_mv": -72.0970077514648,
    "specimen_id": 396968721,
    "stimulus_absolute_amplitude": -200.000002670286,
    "stimulus_description": "C1SQCAPCHK141203[0]",
    "stimulus_duration": 7.819995,
    "stimulus_interval": 0.2,
    "stimulus_name": "Square - 0.5ms Subthreshold",
    "stimulus_relative_amplitude": 1.0,
    "stimulus_start_time": 0.12,
    "stimulus_units": "pA",
    "sweep_number": 52,
    "vm_delta_mv": 0.172378540039062
  },
  {
    "bridge_balance_mohm": 14.9572649002075,
    "id": 396975234,
    "leak_pa": 0.0,
    "num_spikes": 2,
    "peak_deflection": 0.0,
    "post_noise_rms_mv": 0.0401241444051266,
    "post_vm_mv": -71.9825592041016,
    "pre_noise_rms_mv": 0.0348698310554028,
    "pre_vm_mv": -71.7907409667969,
    "slow_noise_rms_mv": 0.206813812255859,
    "slow_vm_mv": -71.7907409667969,
    "specimen_id": 396968721,
    "stimulus_absolute_amplitude": 50.0000006675716,
    "stimulus_description": "C1LSFINEST150112[0]",
    "stimulus_duration": 0.999995,
    "stimulus_interval": 0.0,
    "stimulus_name": "Long Square",
    "stimulus_relative_amplitude": 0.5,
    "stimulus_start_time": 0.92,
    "stimulus_units": "pA",
    "sweep_number": 40,
    "vm_delta_mv": 0.191818237304688
  },
  {
    "bridge_balance_mohm": 14.9572649002075,
    "id": 396975266,
    "leak_pa": 0.0,
    "num_spikes": 1,
    "peak_deflection": 0.0,
    "post_noise_rms_mv": 0.030726695433259,
    "post_vm_mv": -72.8156661987305,
    "pre_noise_rms_mv": 0.0342666693031788,
    "pre_vm_mv": -72.6852035522461,
    "slow_noise_rms_mv": 0.142362058162689,
    "slow_vm_mv": -72.6852035522461,
    "specimen_id": 396968721,
    "stimulus_absolute_amplitude": 50.0000006675716,
    "stimulus_description": "C2SQRHELNG150216[0]",
    "stimulus_duration": 1.999995,
    "stimulus_interval": 0.0,
    "stimulus_name": "Square - 2s Suprathreshold",
    "stimulus_relative_amplitude": 0.5,
    "stimulus_start_time": 0.92,
    "stimulus_units": "pA",
    "sweep_number": 54,
    "vm_delta_mv": 0.130462646484375
  },
  {
    "bridge_balance_mohm": 14.9572649002075,
    "id": 396975214,
    "leak_pa": 0.0,
    "num_spikes": 5,
    "peak_deflection": 0.0,
    "post_noise_rms_mv": 0.0402913615107536,
    "post_vm_mv": -70.8713989257812,
    "pre_noise_rms_mv": 0.040649525821209,
    "pre_vm_mv": -70.9150619506836,
    "slow_noise_rms_mv": 0.134185165166855,
    "slow_vm_mv": -70.9150619506836,
    "specimen_id": 396968721,
    "stimulus_absolute_amplitude": 69.9999988529321,
    "stimulus_description": "C1LSCOARSE150216[9]",
    "stimulus_duration": 0.999995,
    "stimulus_interval": 0.0,
    "stimulus_name": "Long Square",
    "stimulus_relative_amplitude": 1.0,
    "stimulus_start_time": 0.92,
    "stimulus_units": "pA",
    "sweep_number": 31,
    "vm_delta_mv": 0.0436630249023438
  }
]