[
  {
    "bridge_balance_mohm": 0.0,
    "id": 396344557,
    "leak_pa": 0.0,
    "num_spikes": 0,
    "peak_deflection": 0.0,
    "post_noise_rms_mv": 0.0,
    "post_vm_mv": 0.0,
    "pre_noise_rms_mv": 0.0,
    "pre_vm_mv": 0.0,
    "slow_noise_rms_mv": 0.0,
    "slow_vm_mv": 0.0,
    "specimen_id": 320668879,
    "stimulus_absolute_amplitude": 9.99999977648258,
    "stimulus_description": "EXTPEXPEND141203[0]",
    "stimulus_duration": 0.069995,
    "stimulus_interval": 0.05,
    "stimulus_name": "Test",
    "stimulus_relative_amplitude": 1.0,
    "stimulus_start_time": 0.03,
    "stimulus_units": "mV",
    "sweep_number": 88,
    "vm_delta_mv": 0.0
  },
  {
    "bridge_balance_mohm": 12.7594633102417,
    "id": 396344521,
    "leak_pa": 0.0,
    "num_spikes": 1,
    "peak_deflection": 0.0,
    "post_noise_rms_mv": 0.0354318432509899,
    "post_vm_mv": -74.5212097167969,
    "pre_noise_rms_mv": 0.0429405309259892,
    "pre_vm_mv": -74.2964782714844,
    "slow_noise_rms_mv": 0.126983597874641,
    "slow_vm_mv": -74.2964782714844,
    "specimen_id": 320668879,
    "stimulus_absolute_amplitude": 1039.99997502768,
    "stimulus_description": "C2SSTRIPLE141203[7]",
    "stimulus_duration": 0.072995,
    "stimulus_interval": 0.032,
    "stimulus_name": "Short Square - Triple",
    "stimulus_relative_amplitude": 10.4,
    "stimulus_start_time": 1.92,
    "stimulus_units": "pA",
    "sweep_number": 71,
    "vm_delta_mv": 0.2247314453125
  },
  {
    "bridge_balance_mohm": 12.7594633102417,
    "id": 396344427,
    "leak_pa": 0.0,
    "num_spikes": 0,
    "peak_deflection": -85.34375,
    "post_noise_rms_mv": 0.0342322550714016,
    "post_vm_mv": -72.6195373535156,
    "pre_noise_rms_mv": 0.0298741608858109,
    "pre_vm_mv": -73.3622512817383,
    "slow_noise_rms_mv": 0.115558162331581,
    "slow_vm_mv": -73.3622512817383,
    "specimen_id": 320668879,
    "stimulus_absolute_amplitude": -50.0000006675716,
    "stimulus_description": "C1LSCOARSE150112[3]",
    "stimulus_duration": 0.999995,
    "stimulus_interval": 0.0,
    "stimulus_name": "Long Square",
    "stimulus_relative_amplitude": 1.0,
    "stimulus_start_time": 0.92,
    "stimulus_units": "pA",
    "sweep_number": 29,
    "vm_delta_mv": 0.742713928222656
  },
  {
    "bridge_balance_mohm": 12.7594633102417,
    "id": 396344487,
    "leak_pa": 0.0,
    "num_spikes": 7,
    "peak_deflection": 0.0,
    "post_noise_rms_mv": 0.0393194109201431,
    "post_vm_mv": -75.703857421875,
    "pre_noise_rms_mv": 0.042835708707571,
    "pre_vm_mv": -75.3620986938477,
    "slow_noise_rms_mv": 0.127527683973312,
    "slow_vm_mv": -75.3620986938477,
    "specimen_id": 320668879,
    "stimulus_absolute_amplitude": 139.999997705864,
    "stimulus_description": "C2SQRHELNG150112[0]",
    "stimulus_duration": 1.999995,
    "stimulus_interval": 0.0,
    "stimulus_name": "Square - 2s Suprathreshold",
    "stimulus_relative_amplitude": 1.4,
    "stimulus_start_time": 0.92,
    "stimulus_units": "pA",
    "sweep_number": 56,
    "vm_delta_mv": 0.341758728027344
  },
  {
    "bridge_balance_mohm": 12.7594633102417,
    "id": 396344477,
    "leak_pa": 0.0,
    "num_spikes": 6,
    "peak_deflection": 0.0,
    "post_noise_rms_mv": 0.0374737232923508,
    "post_vm_mv": -73.1320037841797,
    "pre_noise_rms_mv": 0.0326099097728729,
    "pre_vm_mv": -72.8852996826172,
    "slow_noise_rms_mv": 0.229934543371201,
    "slow_vm_mv": -72.8852996826172,
    "specimen_id": 320668879,
    "stimulus_absolute_amplitude": 100.000001335143,
    "stimulus_description": "C2SQRHELNG150112[0]",
    "stimulus_duration": 1.999995,
    "stimulus_interval": 0.0,
    "stimulus_name": "Square - 2s Suprathreshold",
    "stimulus_relative_amplitude": 1.0,
    "stimulus_start_time": 0.92,
    "stimulus_units": "pA",
    "sweep_number": 51,
    "vm_delta_mv": 0.2467041015625
  },
  {
    "bridge_balance_mohm": 12.7594633102417,
    "id": 396344423,
    "leak_pa": 0.0,
    "num_spikes": 0,
    "peak_deflection": -92.15625,
    "post_noise_rms_mv": 0.0282376799732447,
    "post_vm_mv": -73.1617965698242,
    "pre_noise_rms_mv": 0.0302800852805376,
    "pre_vm_mv": -72.9135360717773,
    "slow_noise_rms_mv": 0.283139139413834,
    "slow_vm_mv": -72.9135360717773,
    "specimen_id": 320668879,
    "stimulus_absolute_amplitude": -90.0000005077395,
    "stimulus_description": "C1LSCOARSE150112[1]",
    "stimulus_duration": 0.999995,
    "stimulus_interval": 0.0,
    "stimulus_name": "Long Square",
    "stimulus_relative_amplitude": 1.0,
    "stimulus_start_time": 0.92,
    "stimulus_units": "pA",
    "sweep_number": 27,
    "vm_delta_mv": 0.248260498046875
  },
  {
    "bridge_balance_mohm": 12.7594633102417,
    "id": 396344485,
    "leak_pa": 0.0,
    "num_spikes": 8,
    "peak_deflection": 0.0,
    "post_noise_rms_mv": 0.0350458212196827,
    "post_vm_mv": -75.4028930664062,
    "pre_noise_rms_mv": 0.0389240980148315,
    "pre_vm_mv": -74.8159637451172,
    "slow_noise_rms_mv": 0.205786794424057,
    "slow_vm_mv": -74.8159637451172,
    "specimen_id": 320668879,
    "stimulus_absolute_amplitude": 139.999997705864,
    "stimulus_description": "C2SQRHELNG150112[0]",
    "stimulus_duration": 1.999995,
    "stimulus_interval": 0.0,
    "stimulus_name": "Square - 2s Suprathreshold",
    "stimulus_relative_amplitude": 1.4,
    "stimulus_start_time": 0.92,
    "stimulus_units": "pA",
    "sweep_number": 55,
    "vm_delta_mv": 0.586929321289062
  },
  {
    "bridge_balance_mohm": 12.7594633102417,
    "id": 396344399,
    "leak_pa": 0.0,
    "num_spikes": 0,
    "peak_deflection": 0.0,
    "post_noise_rms_mv": 0.046855553984642,
    "post_vm_mv": -75.5756454467773,
    "pre_noise_rms_mv": 0.034938208758831,
    "pre_vm_mv": -75.13720703125,
    "slow_noise_rms_mv": 0.4084492623806,
    "slow_vm_mv": -75.13720703125,
    "specimen_id": 320668879,
    "stimulus_absolute_amplitude": 999.999971718069,
    "stimulus_description": "C1SSCOARSE150112[9]",
    "stimulus_duration": 0.002995,
    "stimulus_interval": 0.0,
    "stimulus_name": "Short Square",
    "stimulus_relative_amplitude": 1.0,
    "stimulus_start_time": 0.92,
    "stimulus_units": "pA",
    "sweep_number": 16,
    "vm_delta_mv": 0.438438415527344
  },
  {
    "bridge_balance_mohm": 12.7594633102417,
    "id": 396344435,
    "leak_pa": 0.0,
    "num_spikes": 0,
    "peak_deflection": -69.15625,
    "post_noise_rms_mv": 0.0287708807736635,
    "post_vm_mv": -72.9780960083008,
    "pre_noise_rms_mv": 0.0396721214056015,
    "pre_vm_mv": -72.653923034668,
    "slow_noise_rms_mv": 0.283198893070221,
    "slow_vm_mv": -72.653923034668,
    "specimen_id": 320668879,
    "stimulus_absolute_amplitude": 9.99999996004197,
    "stimulus_description": "C1LSCOARSE150112[6]",
    "stimulus_duration": 0.999995,
    "stimulus_interval": 0.0,
    "stimulus_name": "Long Square",
    "stimulus_relative_amplitude": 1.0,
    "stimulus_start_time": 0.92,
    "stimulus_units": "pA",
    "sweep_number": 32,
    "vm_delta_mv": 0.324172973632812
  },
  {
    "bridge_balance_mohm": 12.7594633102417,
    "id": 396344493,
    "leak_pa": 0.0,
    "num_spikes": 8,
    "peak_deflection": 0.0,
    "post_noise_rms_mv": 0.0394854843616486,
    "post_vm_mv": -76.4479217529297,
    "pre_noise_rms_mv": 0.0400598458945751,
    "pre_vm_mv": -75.8808975219727,
    "slow_noise_rms_mv": 0.211369827389717,
    "slow_vm_mv": -75.8808975219727,
    "specimen_id": 320668879,
    "stimulus_absolute_amplitude": 180.000001015479,
    "stimulus_description": "C2SQRHELNG150112[0]",
    "stimulus_duration": 1.999995,
    "stimulus_interval": 0.0,
    "stimulus_name": "Square - 2s Suprathreshold",
    "stimulus_relative_amplitude": 1.8,
    "stimulus_start_time": 0.92,
    "stimulus_units": "pA",
    "sweep_number": 59,
    "vm_delta_mv": 0.567024230957031
  },
  {
    "bridge_balance_mohm": 12.7594633102417,
    "id": 396344545,
    "leak_pa": 0.0,
    "num_spikes": 1,
    "peak_deflection": 0.0,
    "post_noise_rms_mv": 0.0346545465290546,
    "post_vm_mv": -75.0287551879883,
    "pre_noise_rms_mv": 0.0311200451105833,
    "pre_vm_mv": -74.6589431762695,
    "slow_noise_rms_mv": 0.214138969779015,
    "slow_vm_mv": -74.6589431762695,
    "specimen_id": 320668879,
    "stimulus_absolute_amplitude": 1039.99997502768,
    "stimulus_description": "C2SSTRIPLE141203[2]",
    "stimulus_duration": 0.032995,
    "stimulus_interval": 0.012,
    "stimulus_name": "Short Square - Triple",
    "stimulus_relative_amplitude": 10.4,
    "stimulus_start_time": 1.92,
    "stimulus_units": "pA",
    "sweep_number": 82,
    "vm_delta_mv": 0.36981201171875
  },
  {
    "bridge_balance_mohm": 0.0,
    "id": 396344407,
    "leak_pa": 0.0,
    "num_spikes": 0,
    "peak_deflection": 0.0,
    "post_noise_rms_mv": 0.0,
    "post_vm_mv": 0.0,
    "pre_noise_rms_mv": 0.0,
    "pre_vm_mv": 0.0,
    "slow_noise_rms_mv": 0.0,
    "slow_vm_mv": 0.0,
    "specimen_id": 320668879,
    "stimulus_absolute_amplitude": 9.99999977648258,
    "stimulus_description": "EXTPCllATT141203[0]",
    "stimulus_duration": 0.069995,
    "stimulus_interval": 0.05,
    "stimulus_name": "Test",
    "stimulus_relative_amplitude": 1.0,
    "stimulus_start_time": 0.03,
    "stimulus_units": "mV",
    "sweep_number": 2,
    "vm_delta_mv": 0.0
  },
  {
    "bridge_balance_mohm": 12.7594633102417,
    "id": 396344539,
    "leak_pa": 0.0,
    "num_spikes": 0,
    "peak_deflection": 0.0,
    "post_noise_rms_mv": 0.0296235829591751,
    "post_vm_mv": -77.6104125976562,
    "pre_noise_rms_mv": 0.0424875244498253,
    "pre_vm_mv": -77.7488708496094,
    "slow_noise_rms_mv": 0.215221107006073,
    "slow_vm_mv": -77.7488708496094,
    "specimen_id": 320668879,
    "stimulus_absolute_amplitude": 200.000002670286,
    "stimulus_description": "C1SSCOARSE150112[1]",
    "stimulus_duration": 0.002995,
    "stimulus_interval": 0.0,
    "stimulus_name": "Short Square",
    "stimulus_relative_amplitude": 1.0,
    "stimulus_start_time": 0.92,
    "stimulus_units": "pA",
    "sweep_number": 8,
    "vm_delta_mv": 0.138458251953125
  },
  {
    "bridge_balance_mohm": 12.7594633102417,
    "id": 396344519,
    "leak_pa": 0.0,
    "num_spikes": 1,
    "peak_deflection": 0.0,
    "post_noise_rms_mv": 0.0334538295865059,
    "post_vm_mv": -74.5055236816406,
    "pre_noise_rms_mv": 0.0569647029042244,
    "pre_vm_mv": -74.1008377075195,
    "slow_noise_rms_mv": 0.263409823179245,
    "slow_vm_mv": -74.1008377075195,
    "specimen_id": 320668879,
    "stimulus_absolute_amplitude": 1039.99997502768,
    "stimulus_description": "C2SSTRIPLE141203[6]",
    "stimulus_duration": 0.064995,
    "stimulus_interval": 0.028,
    "stimulus_name": "Short Square - Triple",
    "stimulus_relative_amplitude": 10.4,
    "stimulus_start_time": 1.92,
    "stimulus_units": "pA",
    "sweep_number": 70,
    "vm_delta_mv": 0.404685974121094
  },
  {
    "bridge_balance_mohm": 12.7594633102417,
    "id": 396344441,
    "leak_pa": 0.0,
    "num_spikes": 4,
    "peak_deflection": 0.0,
    "post_noise_rms_mv": 0.0389055497944355,
    "post_vm_mv": -74.1460723876953,
    "pre_noise_rms_mv": 0.0442320816218853,
    "pre_vm_mv": -73.6028366088867,
    "slow_noise_rms_mv": 0.120185874402523,
    "slow_vm_mv": -73.6028366088867,
    "specimen_id": 320668879,
    "stimulus_absolute_amplitude": 69.9999988529321,
    "stimulus_description": "C1LSCOARSE150112[9]",
    "stimulus_duration": 0.999995,
    "stimulus_interval": 0.0,
    "stimulus_name": "Long Square",
    "stimulus_relative_amplitude": 1.0,
    "stimulus_start_time": 0.92,
    "stimulus_units": "pA",
    "sweep_number": 35,
    "vm_delta_mv": 0.543235778808594
  },
  {
    "bridge_balance_mohm": 12.7594633102417,
    "id": 396344513,
    "leak_pa": 0.0,
    "num_spikes": 1,
    "peak_deflection": 0.0,
    "post_noise_rms_mv": 0.0266933403909206,
    "post_vm_mv": -74.770622253418,
    "pre_noise_rms_mv": 0.044938113540411,
    "pre_vm_mv": -74.2864685058594,
    "slow_noise_rms_mv": 0.273429423570633,
    "slow_vm_mv": -74.2864685058594,
    "specimen_id": 320668879,
    "stimulus_absolute_amplitude": 1039.99997502768,
    "stimulus_description": "C2SSTRIPLE141203[4]",
    "stimulus_duration": 0.048995,
    "stimulus_interval": 0.02,
    "stimulus_name": "Short Square - Triple",
    "stimulus_relative_amplitude": 10.4,
    "stimulus_start_time": 1.92,
    "stimulus_units": "pA",
    "sweep_number": 68,
    "vm_delta_mv": 0.484153747558594
  },
  {
    "bridge_balance_mohm": 0.0,
    "id": 396344559,
    "leak_pa": 0.0,
    "num_spikes": 0,
    "peak_deflection": 0.0,
    "post_noise_rms_mv": 0.0,
    "post_vm_mv": 0.0,
    "pre_noise_rms_mv": 0.0,
    "pre_vm_mv": 0.0,
    "slow_noise_rms_mv": 0.0,
    "slow_vm_mv": 0.0,
    "specimen_id": 320668879,
    "stimulus_absolute_amplitude": 9.99999977648258,
    "stimulus_description": "EXTPGGAEND141203[0]",
    "stimulus_duration": 0.069995,
    "stimulus_interval": 0.05,
    "stimulus_name": "Test",
    "stimulus_relative_amplitude": 1.0,
    "stimulus_start_time": 0.03,
    "stimulus_units": "mV",
    "sweep_number": 89,
    "vm_delta_mv": 0.0
  },
  {
    "bridge_balance_mohm": 12.7594633102417,
    "id": 396344535,
    "leak_pa": 0.0,
    "num_spikes": 1,
    "peak_deflection": 0.0,
    "post_noise_rms_mv": 0.0391008034348488,
    "post_vm_mv": -74.9547424316406,
    "pre_noise_rms_mv": 0.0329241342842579,
    "pre_vm_mv": -74.4909515380859,
    "slow_noise_rms_mv": 0.174915134906769,
    "slow_vm_mv": -74.4909515380859,
    "specimen_id": 320668879,
    "stimulus_absolute_amplitude": 1039.99997502768,
    "stimulus_description": "C2SSTRIPLE141203[6]",
    "stimulus_duration": 0.064995,
    "stimulus_interval": 0.028,
    "stimulus_name": "Short Square - Triple",
    "stimulus_relative_amplitude": 10.4,
    "stimulus_start_time": 1.92,
    "stimulus_units": "pA",
    "sweep_number": 78,
    "vm_delta_mv": 0.463790893554688
  },
  {
    "bridge_balance_mohm": 12.7594633102417,
    "id": 396344389,
    "leak_pa": 0.0,
    "num_spikes": 0,
    "peak_deflection": 0.0,
    "post_noise_rms_mv": 0.0361664481461048,
    "post_vm_mv": -76.3815689086914,
    "pre_noise_rms_mv": 0.0388952530920506,
    "pre_vm_mv": -76.4010314941406,
    "slow_noise_rms_mv": 0.144496202468872,
    "slow_vm_mv": -76.4010314941406,
    "specimen_id": 320668879,
    "stimulus_absolute_amplitude": 499.999985859034,
    "stimulus_description": "C1SSCOARSE150112[4]",
    "stimulus_duration": 0.002995,
    "stimulus_interval": 0.0,
    "stimulus_name": "Short Square",
    "stimulus_relative_amplitude": 1.0,
    "stimulus_start_time": 0.92,
    "stimulus_units": "pA",
    "sweep_number": 11,
    "vm_delta_mv": 0.0194625854492188
  },
  {
    "bridge_balance_mohm": 12.7594633102417,
    "id": 396344523,
    "leak_pa": 0.0,
    "num_spikes": 1,
    "peak_deflection": 0.0,
    "post_noise_rms_mv": 0.041177861392498,
    "post_vm_mv": -74.159049987793,
    "pre_noise_rms_mv": 0.0456273704767227,
    "pre_vm_mv": -73.759391784668,
    "slow_noise_rms_mv": 0.208470642566681,
    "slow_vm_mv": -73.759391784668,
    "specimen_id": 320668879,
    "stimulus_absolute_amplitude": 1039.99997502768,
    "stimulus_description": "C2SSTRIPLE141203[0]",
    "stimulus_duration": 0.016995,
    "stimulus_interval": 0.004,
    "stimulus_name": "Short Square - Triple",
    "stimulus_relative_amplitude": 10.4,
    "stimulus_start_time": 1.92,
    "stimulus_units": "pA",
    "sweep_number": 72,
    "vm_delta_mv": 0.399658203125
  },
  {
    "bridge_balance_mohm": 12.7594633102417,
    "id": 396344511,
    "leak_pa": 0.0,
    "num_spikes": 1,
    "peak_deflection": 0.0,
    "post_noise_rms_mv": 0.0350120514631271,
    "post_vm_mv": -74.5446929931641,
    "pre_noise_rms_mv": 0.0364983193576336,
    "pre_vm_mv": -74.810432434082,
    "slow_noise_rms_mv": 0.187673136591911,
    "slow_vm_mv": -74.810432434082,
    "specimen_id": 320668879,
    "stimulus_absolute_amplitude": 1039.99997502768,
    "stimulus_description": "C2SSTRIPLE141203[3]",
    "stimulus_duration": 0.040995,
    "stimulus_interval": 0.016,
    "stimulus_name": "Short Square - Triple",
    "stimulus_relative_amplitude": 10.4,
    "stimulus_start_time": 1.92,
    "stimulus_units": "pA",
    "sweep_number": 67,
    "vm_delta_mv": 0.265739440917969
  },
  {
    "bridge_balance_mohm": 12.7594633102417,
    "id": 396344453,
    "leak_pa": 0.0,
    "num_spikes": 14,
    "peak_deflection": 0.0,
    "post_noise_rms_mv": 0.0416889116168022,
    "post_vm_mv": -75.8453674316406,
    "pre_noise_rms_mv": 0.0272294860333204,
    "pre_vm_mv": -75.0579299926758,
    "slow_noise_rms_mv": 0.194883927702904,
    "slow_vm_mv": -75.0579299926758,
    "specimen_id": 320668879,
    "stimulus_absolute_amplitude": 170.000000188075,
    "stimulus_description": "C1LSCOARSE150112[14]",
    "stimulus_duration": 0.999995,
    "stimulus_interval": 0.0,
    "stimulus_name": "Long Square",
    "stimulus_relative_amplitude": 1.0,
    "stimulus_start_time": 0.92,
    "stimulus_units": "pA",
    "sweep_number": 40,
    "vm_delta_mv": 0.787437438964844
  },
  {
    "bridge_balance_mohm": 12.7594633102417,
    "id": 396344455,
    "leak_pa": 0.0,
    "num_spikes": 15,
    "peak_deflection": 0.0,
    "post_noise_rms_mv": 0.0350205972790718,
    "post_vm_mv": -76.0525360107422,
    "pre_noise_rms_mv": 0.0320846065878868,
    "pre_vm_mv": -75.3724212646484,
    "slow_noise_rms_mv": 0.144100725650787,
    "slow_vm_mv": -75.3724212646484,
    "specimen_id": 320668879,
    "stimulus_absolute_amplitude": 190.000001842883,
    "stimulus_description": "C1LSCOARSE150112[15]",
    "stimulus_duration": 0.999995,
    "stimulus_interval": 0.0,
    "stimulus_name": "Long Square",
    "stimulus_relative_amplitude": 1.0,
    "stimulus_start_time": 0.92,
    "stimulus_units": "pA",
    "sweep_number": 41,
    "vm_delta_mv": 0.68011474609375
  },
  {
    "bridge_balance_mohm": 12.7594633102417,
    "id": 396344401,
    "leak_pa": 0.0,
    "num_spikes": 0,
    "peak_deflection": 0.0,
    "post_noise_rms_mv": 0.0431934520602226,
    "post_vm_mv": -74.9776077270508,
    "pre_noise_rms_mv": 0.0414446368813515,
    "pre_vm_mv": -74.8513870239258,
    "slow_noise_rms_mv": 0.117429666221142,
    "slow_vm_mv": -74.8513870239258,
    "specimen_id": 320668879,
    "stimulus_absolute_amplitude": 1099.99997999211,
    "stimulus_description": "C1SSCOARSE150112[10]",
    "stimulus_duration": 0.002995,
    "stimulus_interval": 0.0,
    "stimulus_name": "Short Square",
    "stimulus_relative_amplitude": 1.0,
    "stimulus_start_time": 0.92,
    "stimulus_units": "pA",
    "sweep_number": 17,
    "vm_delta_mv": 0.126220703125
  },
  {
    "bridge_balance_mohm": 12.7594633102417,
    "id": 396344437,
    "leak_pa": 0.0,
    "num_spikes": 0,
    "peak_deflection": -61.40625,
    "post_noise_rms_mv": 0.03794040158391,
    "post_vm_mv": -72.7960586547852,
    "pre_noise_rms_mv": 0.032384492456913,
    "pre_vm_mv": -73.10791015625,
    "slow_noise_rms_mv": 0.224203646183014,
    "slow_vm_mv": -73.10791015625,
    "specimen_id": 320668879,
    "stimulus_absolute_amplitude": 29.9999990127642,
    "stimulus_description": "C1LSCOARSE150112[7]",
    "stimulus_duration": 0.999995,
    "stimulus_interval": 0.0,
    "stimulus_name": "Long Square",
    "stimulus_relative_amplitude": 1.0,
    "stimulus_start_time": 0.92,
    "stimulus_units": "pA",
    "sweep_number": 33,
    "vm_delta_mv": 0.311851501464844
  },
  {
    "bridge_balance_mohm": 12.7594633102417,
    "id": 396344507,
    "leak_pa": 0.0,
    "num_spikes": 0,
    "peak_deflection": 0.0,
    "post_noise_rms_mv": 0.0345832146704197,
    "post_vm_mv": -74.945556640625,
    "pre_noise_rms_mv": 0.0375788956880569,
    "pre_vm_mv": -75.0511627197266,
    "slow_noise_rms_mv": 0.134104132652283,
    "slow_vm_mv": -75.0511627197266,
    "specimen_id": 320668879,
    "stimulus_absolute_amplitude": 1039.99997502768,
    "stimulus_description": "C2SSTRIPLE141203[1]",
    "stimulus_duration": 0.024995,
    "stimulus_interval": 0.008,
    "stimulus_name": "Short Square - Triple",
    "stimulus_relative_amplitude": 10.4,
    "stimulus_start_time": 1.92,
    "stimulus_units": "pA",
    "sweep_number": 65,
    "vm_delta_mv": 0.105606079101562
  },
  {
    "bridge_balance_mohm": 12.7594633102417,
    "id": 396344461,
    "leak_pa": 0.0,
    "num_spikes": 2,
    "peak_deflection": 0.0,
    "post_noise_rms_mv": 0.0395857915282249,
    "post_vm_mv": -75.3139572143555,
    "pre_noise_rms_mv": 0.0287498459219933,
    "pre_vm_mv": -74.9662017822266,
    "slow_noise_rms_mv": 0.173619091510773,
    "slow_vm_mv": -74.9662017822266,
    "specimen_id": 320668879,
    "stimulus_absolute_amplitude": 100.000001335143,
    "stimulus_description": "C1LSFINEST150112[0]",
    "stimulus_duration": 0.999995,
    "stimulus_interval": 0.0,
    "stimulus_name": "Long Square",
    "stimulus_relative_amplitude": 1.0,
    "stimulus_start_time": 0.92,
    "stimulus_units": "pA",
    "sweep_number": 44,
    "vm_delta_mv": 0.347755432128906
  },
  {
    "bridge_balance_mohm": 12.7594633102417,
    "id": 396344439,
    "leak_pa": 0.0,
    "num_spikes": 0,
    "peak_deflection": -52.53125,
    "post_noise_rms_mv": 0.041327491402626,
    "post_vm_mv": -73.234977722168,
    "pre_noise_rms_mv": 0.0430323258042336,
    "pre_vm_mv": -72.6592712402344,
    "slow_noise_rms_mv": 0.294079303741455,
    "slow_vm_mv": -72.6592712402344,
    "specimen_id": 320668879,
    "stimulus_absolute_amplitude": 50.0000006675716,
    "stimulus_description": "C1LSCOARSE150112[8]",
    "stimulus_duration": 0.999995,
    "stimulus_interval": 0.0,
    "stimulus_name": "Long Square",
    "stimulus_relative_amplitude": 1.0,
    "stimulus_start_time": 0.92,
    "stimulus_units": "pA",
    "sweep_number": 34,
    "vm_delta_mv": 0.575706481933594
  },
  {
    "bridge_balance_mohm": 0.0,
    "id": 396344429,
    "leak_pa": 0.0,
    "num_spikes": 0,
    "peak_deflection": 0.0,
    "post_noise_rms_mv": 0.0,
    "post_vm_mv": 0.0,
    "pre_noise_rms_mv": 0.0,
    "pre_vm_mv": 0.0,
    "slow_noise_rms_mv": 0.0,
    "slow_vm_mv": 0.0,
    "specimen_id": 320668879,
    "stimulus_absolute_amplitude": 9.99999977648258,
    "stimulus_description": "EXTPBREAKN141203[0]",
    "stimulus_duration": 0.069995,
    "stimulus_interval": 0.05,
    "stimulus_name": "Test",
    "stimulus_relative_amplitude": 1.0,
    "stimulus_start_time": 0.03,
    "stimulus_units": "mV",
    "sweep_number": 3,
    "vm_delta_mv": 0.0
  },
  {
    "bridge_balance_mohm": 12.7594633102417,
    "id": 396344403,
    "leak_pa": 0.0,
    "num_spikes": 1,
    "peak_deflection": 0.0,
    "post_noise_rms_mv": 0.0448018535971642,
    "post_vm_mv": -75.168098449707,
    "pre_noise_rms_mv": 0.0456673465669155,
    "pre_vm_mv": -75.2580261230469,
    "slow_noise_rms_mv": 0.246566146612167,
    "slow_vm_mv": -75.2580261230469,
    "specimen_id": 320668879,
    "stimulus_absolute_amplitude": 1029.99997420028,
    "stimulus_description": "C1SSFINEST150112[0]",
    "stimulus_duration": 0.002995,
    "stimulus_interval": 0.0,
    "stimulus_name": "Short Square",
    "stimulus_relative_amplitude": 10.3,
    "stimulus_start_time": 0.92,
    "stimulus_units": "pA",
    "sweep_number": 18,
    "vm_delta_mv": 0.0899276733398438
  },
  {
    "bridge_balance_mohm": 12.7594633102417,
    "id": 396344489,
    "leak_pa": 0.0,
    "num_spikes": 16,
    "peak_deflection": 0.0,
    "post_noise_rms_mv": 0.0396981276571751,
    "post_vm_mv": -75.8312225341797,
    "pre_noise_rms_mv": 0.0322568006813526,
    "pre_vm_mv": -75.2545013427734,
    "slow_noise_rms_mv": 0.183285295963287,
    "slow_vm_mv": -75.2545013427734,
    "specimen_id": 320668879,
    "stimulus_absolute_amplitude": 180.000001015479,
    "stimulus_description": "C2SQRHELNG150112[0]",
    "stimulus_duration": 1.999995,
    "stimulus_interval": 0.0,
    "stimulus_name": "Square - 2s Suprathreshold",
    "stimulus_relative_amplitude": 1.8,
    "stimulus_start_time": 0.92,
    "stimulus_units": "pA",
    "sweep_number": 57,
    "vm_delta_mv": 0.57672119140625
  },
  {
    "bridge_balance_mohm": 12.7594633102417,
    "id": 396344411,
    "leak_pa": 0.0,
    "num_spikes": 1,
    "peak_deflection": 0.0,
    "post_noise_rms_mv": 0.0388748683035374,
    "post_vm_mv": -73.9318695068359,
    "pre_noise_rms_mv": 0.0382532998919487,
    "pre_vm_mv": -74.1174240112305,
    "slow_noise_rms_mv": 0.306698739528656,
    "slow_vm_mv": -74.1174240112305,
    "specimen_id": 320668879,
    "stimulus_absolute_amplitude": 1039.99997502768,
    "stimulus_description": "C1SSFINEST150112[0]",
    "stimulus_duration": 0.002995,
    "stimulus_interval": 0.0,
    "stimulus_name": "Short Square",
    "stimulus_relative_amplitude": 10.4,
    "stimulus_start_time": 0.92,
    "stimulus_units": "pA",
    "sweep_number": 21,
    "vm_delta_mv": 0.185554504394531
  },
  {
    "bridge_balance_mohm": 12.7594633102417,
    "id": 396344451,
    "leak_pa": 0.0,
    "num_spikes": 11,
    "peak_deflection": 0.0,
    "post_noise_rms_mv": 0.0,
    "post_vm_mv": 0.0,
    "pre_noise_rms_mv": 0.0382202342152596,
    "pre_vm_mv": -74.3561019897461,
    "slow_noise_rms_mv": 0.172032371163368,
    "slow_vm_mv": -74.3561019897461,
    "specimen_id": 320668879,
    "stimulus_absolute_amplitude": 800.000010681146,
    "stimulus_description": "C1RP25PR1S141203[0]",
    "stimulus_duration": 31.997495,
    "stimulus_interval": 0.0,
    "stimulus_name": "Ramp",
    "stimulus_relative_amplitude": 1.0,
    "stimulus_start_time": 0.9225,
    "stimulus_units": "pA",
    "sweep_number": 4,
    "vm_delta_mv": 0.0
  },
  {
    "bridge_balance_mohm": 12.7594633102417,
    "id": 396344415,
    "leak_pa": 0.0,
    "num_spikes": 1,
    "peak_deflection": 0.0,
    "post_noise_rms_mv": 0.0400050468742847,
    "post_vm_mv": -74.4001617431641,
    "pre_noise_rms_mv": 0.0421950183808804,
    "pre_vm_mv": -74.1491928100586,
    "slow_noise_rms_mv": 0.193440616130829,
    "slow_vm_mv": -74.1491928100586,
    "specimen_id": 320668879,
    "stimulus_absolute_amplitude": 1039.99997502768,
    "stimulus_description": "C1SSFINEST150112[0]",
    "stimulus_duration": 0.002995,
    "stimulus_interval": 0.0,
    "stimulus_name": "Short Square",
    "stimulus_relative_amplitude": 10.4,
    "stimulus_start_time": 0.92,
    "stimulus_units": "pA",
    "sweep_number": 23,
    "vm_delta_mv": 0.250968933105469
  },
  {
    "bridge_balance_mohm": 12.7594633102417,
    "id": 396344449,
    "leak_pa": 0.0,
    "num_spikes": 14,
    "peak_deflection": 0.0,
    "post_noise_rms_mv": 0.0362794548273087,
    "post_vm_mv": -75.7015838623047,
    "pre_noise_rms_mv": 0.0377864837646484,
    "pre_vm_mv": -75.0877990722656,
    "slow_noise_rms_mv": 0.216776192188263,
    "slow_vm_mv": -75.0877990722656,
    "specimen_id": 320668879,
    "stimulus_absolute_amplitude": 149.999998533268,
    "stimulus_description": "C1LSCOARSE150112[13]",
    "stimulus_duration": 0.999995,
    "stimulus_interval": 0.0,
    "stimulus_name": "Long Square",
    "stimulus_relative_amplitude": 1.0,
    "stimulus_start_time": 0.92,
    "stimulus_units": "pA",
    "sweep_number": 39,
    "vm_delta_mv": 0.613784790039062
  },
  {
    "bridge_balance_mohm": 12.7594633102417,
    "id": 396344553,
    "leak_pa": 0.0,
    "num_spikes": 1,
    "peak_deflection": 0.0,
    "post_noise_rms_mv": 0.0419952943921089,
    "post_vm_mv": -74.4322509765625,
    "pre_noise_rms_mv": 0.0373403467237949,
    "pre_vm_mv": -74.4642715454102,
    "slow_noise_rms_mv": 0.201485857367516,
    "slow_vm_mv": -74.4642715454102,
    "specimen_id": 320668879,
    "stimulus_absolute_amplitude": 1039.99997502768,
    "stimulus_description": "C2SSTRIPLE141203[6]",
    "stimulus_duration": 0.064995,
    "stimulus_interval": 0.028,
    "stimulus_name": "Short Square - Triple",
    "stimulus_relative_amplitude": 10.4,
    "stimulus_start_time": 1.92,
    "stimulus_units": "pA",
    "sweep_number": 86,
    "vm_delta_mv": 0.0320205688476562
  },
  {
    "bridge_balance_mohm": 12.7594633102417,
    "id": 396344393,
    "leak_pa": 0.0,
    "num_spikes": 0,
    "peak_deflection": 0.0,
    "post_noise_rms_mv": 0.0426475182175636,
    "post_vm_mv": -76.0813369750977,
    "pre_noise_rms_mv": 0.0371815301477909,
    "pre_vm_mv": -76.1947326660156,
    "slow_noise_rms_mv": 0.192438691854477,
    "slow_vm_mv": -76.1947326660156,
    "specimen_id": 320668879,
    "stimulus_absolute_amplitude": 700.000002407108,
    "stimulus_description": "C1SSCOARSE150112[6]",
    "stimulus_duration": 0.002995,
    "stimulus_interval": 0.0,
    "stimulus_name": "Short Square",
    "stimulus_relative_amplitude": 1.0,
    "stimulus_start_time": 0.92,
    "stimulus_units": "pA",
    "sweep_number": 13,
    "vm_delta_mv": 0.113395690917969
  },
  {
    "bridge_balance_mohm": 12.7594633102417,
    "id": 396344447,
    "leak_pa": 0.0,
    "num_spikes": 12,
    "peak_deflection": 0.0,
    "post_noise_rms_mv": 0.0366500318050385,
    "post_vm_mv": -75.3705520629883,
    "pre_noise_rms_mv": 0.0356272831559181,
    "pre_vm_mv": -75.4130325317383,
    "slow_noise_rms_mv": 0.220423221588135,
    "slow_vm_mv": -75.4130325317383,
    "specimen_id": 320668879,
    "stimulus_absolute_amplitude": 129.99999687846,
    "stimulus_description": "C1LSCOARSE150112[12]",
    "stimulus_duration": 0.999995,
    "stimulus_interval": 0.0,
    "stimulus_name": "Long Square",
    "stimulus_relative_amplitude": 1.0,
    "stimulus_start_time": 0.92,
    "stimulus_units": "pA",
    "sweep_number": 38,
    "vm_delta_mv": 0.04248046875
  },
  {
    "bridge_balance_mohm": 12.7594633102417,
    "id": 396344395,
    "leak_pa": 0.0,
    "num_spikes": 0,
    "peak_deflection": 0.0,
    "post_noise_rms_mv": 0.0343841277062893,
    "post_vm_mv": -76.394172668457,
    "pre_noise_rms_mv": 0.0399623438715935,
    "pre_vm_mv": -76.5078582763672,
    "slow_noise_rms_mv": 0.225744560360909,
    "slow_vm_mv": -76.5078582763672,
    "specimen_id": 320668879,
    "stimulus_absolute_amplitude": 800.000010681146,
    "stimulus_description": "C1SSCOARSE150112[7]",
    "stimulus_duration": 0.002995,
    "stimulus_interval": 0.0,
    "stimulus_name": "Short Square",
    "stimulus_relative_amplitude": 1.0,
    "stimulus_start_time": 0.92,
    "stimulus_units": "pA",
    "sweep_number": 14,
    "vm_delta_mv": 0.113685607910156
  },
  {
    "bridge_balance_mohm": 12.7594633102417,
    "id": 396344551,
    "leak_pa": 0.0,
    "num_spikes": 1,
    "peak_deflection": 0.0,
    "post_noise_rms_mv": 0.0437849685549736,
    "post_vm_mv": -74.3173599243164,
    "pre_noise_rms_mv": 0.0433880276978016,
    "pre_vm_mv": -74.3360366821289,
    "slow_noise_rms_mv": 0.14350189268589,
    "slow_vm_mv": -74.3360366821289,
    "specimen_id": 320668879,
    "stimulus_absolute_amplitude": 1039.99997502768,
    "stimulus_description": "C2SSTRIPLE141203[5]",
    "stimulus_duration": 0.056995,
    "stimulus_interval": 0.024,
    "stimulus_name": "Short Square - Triple",
    "stimulus_relative_amplitude": 10.4,
    "stimulus_start_time": 1.92,
    "stimulus_units": "pA",
    "sweep_number": 85,
    "vm_delta_mv": 0.0186767578125
  },
  {
    "bridge_balance_mohm": 12.7594633102417,
    "id": 396344417,
    "leak_pa": 0.0,
    "num_spikes": 1,
    "peak_deflection": 0.0,
    "post_noise_rms_mv": 0.0296258218586445,
    "post_vm_mv": -74.3881454467773,
    "pre_noise_rms_mv": 0.0375884100794792,
    "pre_vm_mv": -74.0146331787109,
    "slow_noise_rms_mv": 0.187976524233818,
    "slow_vm_mv": -74.0146331787109,
    "specimen_id": 320668879,
    "stimulus_absolute_amplitude": 1039.99997502768,
    "stimulus_description": "C1SSFINEST150112[0]",
    "stimulus_duration": 0.002995,
    "stimulus_interval": 0.0,
    "stimulus_name": "Short Square",
    "stimulus_relative_amplitude": 10.4,
    "stimulus_start_time": 0.92,
    "stimulus_units": "pA",
    "sweep_number": 24,
    "vm_delta_mv": 0.373512268066406
  },
  {
    "bridge_balance_mohm": 12.7594633102417,
    "id": 396344529,
    "leak_pa": 0.0,
    "num_spikes": 1,
    "peak_deflection": 0.0,
    "post_noise_rms_mv": 0.0363072343170643,
    "post_vm_mv": -74.3635025024414,
    "pre_noise_rms_mv": 0.0441814698278904,
    "pre_vm_mv": -74.1255645751953,
    "slow_noise_rms_mv": 0.14527802169323,
    "slow_vm_mv": -74.1255645751953,
    "specimen_id": 320668879,
    "stimulus_absolute_amplitude": 1039.99997502768,
    "stimulus_description": "C2SSTRIPLE141203[3]",
    "stimulus_duration": 0.040995,
    "stimulus_interval": 0.016,
    "stimulus_name": "Short Square - Triple",
    "stimulus_relative_amplitude": 10.4,
    "stimulus_start_time": 1.92,
    "stimulus_units": "pA",
    "sweep_number": 75,
    "vm_delta_mv": 0.237937927246094
  },
  {
    "bridge_balance_mohm": 12.7594633102417,
    "id": 396344517,
    "leak_pa": 0.0,
    "num_spikes": 0,
    "peak_deflection": 0.0,
    "post_noise_rms_mv": 0.0462033152580261,
    "post_vm_mv": -77.2290573120117,
    "pre_noise_rms_mv": 0.0384770222008228,
    "pre_vm_mv": -77.7379837036133,
    "slow_noise_rms_mv": 0.21232545375824,
    "slow_vm_mv": -77.7379837036133,
    "specimen_id": 320668879,
    "stimulus_absolute_amplitude": 100.000001335143,
    "stimulus_description": "C1SSCOARSE150112[0]",
    "stimulus_duration": 0.002995,
    "stimulus_interval": 0.0,
    "stimulus_name": "Short Square",
    "stimulus_relative_amplitude": 1.0,
    "stimulus_start_time": 0.92,
    "stimulus_units": "pA",
    "sweep_number": 7,
    "vm_delta_mv": 0.508926391601562
  },
  {
    "bridge_balance_mohm": 12.7594633102417,
    "id": 396344509,
    "leak_pa": 0.0,
    "num_spikes": 0,
    "peak_deflection": 0.0,
    "post_noise_rms_mv": 0.0383039824664593,
    "post_vm_mv": -75.166633605957,
    "pre_noise_rms_mv": 0.03538503870368,
    "pre_vm_mv": -74.8264923095703,
    "slow_noise_rms_mv": 0.165915191173553,
    "slow_vm_mv": -74.8264923095703,
    "specimen_id": 320668879,
    "stimulus_absolute_amplitude": 1039.99997502768,
    "stimulus_description": "C2SSTRIPLE141203[2]",
    "stimulus_duration": 0.032995,
    "stimulus_interval": 0.012,
    "stimulus_name": "Short Square - Triple",
    "stimulus_relative_amplitude": 10.4,
    "stimulus_start_time": 1.92,
    "stimulus_units": "pA",
    "sweep_number": 66,
    "vm_delta_mv": 0.340141296386719
  },
  {
    "bridge_balance_mohm": 0.0,
    "id": 396344383,
    "leak_pa": 0.0,
    "num_spikes": 0,
    "peak_deflection": 0.0,
    "post_noise_rms_mv": 0.0,
    "post_vm_mv": 0.0,
    "pre_noise_rms_mv": 0.0,
    "pre_vm_mv": 0.0,
    "slow_noise_rms_mv": 0.0,
    "slow_vm_mv": 0.0,
    "specimen_id": 320668879,
    "stimulus_absolute_amplitude": 9.99999977648258,
    "stimulus_description": "EXTPSMOKET141203[0]",
    "stimulus_duration": 0.069995,
    "stimulus_interval": 0.05,
    "stimulus_name": "Test",
    "stimulus_relative_amplitude": 1.0,
    "stimulus_start_time": 0.03,
    "stimulus_units": "mV",
    "sweep_number": 0,
    "vm_delta_mv": 0.0
  },
  {
    "bridge_balance_mohm": 12.7594633102417,
    "id": 396344391,
    "leak_pa": 0.0,
    "num_spikes": 0,
    "peak_deflection": 0.0,
    "post_noise_rms_mv": 0.0402688197791576,
    "post_vm_mv": -76.7914047241211,
    "pre_noise_rms_mv": 0.037490788847208,
    "pre_vm_mv": -76.8778076171875,
    "slow_noise_rms_mv": 0.196217924356461,
    "slow_vm_mv": -76.8778076171875,
    "specimen_id": 320668879,
    "stimulus_absolute_amplitude": 599.999994133071,
    "stimulus_description": "C1SSCOARSE150112[5]",
    "stimulus_duration": 0.002995,
    "stimulus_interval": 0.0,
    "stimulus_name": "Short Square",
    "stimulus_relative_amplitude": 1.0,
    "stimulus_start_time": 0.92,
    "stimulus_units": "pA",
    "sweep_number": 12,
    "vm_delta_mv": 0.0864028930664062
  },
  {
    "bridge_balance_mohm": 12.7594633102417,
    "id": 396344481,
    "leak_pa": 0.0,
    "num_spikes": 2,
    "peak_deflection": 0.0,
    "post_noise_rms_mv": 0.0403115935623646,
    "post_vm_mv": -74.5041809082031,
    "pre_noise_rms_mv": 0.0416511110961437,
    "pre_vm_mv": -73.9691467285156,
    "slow_noise_rms_mv": 0.358138740062714,
    "slow_vm_mv": -73.9691467285156,
    "specimen_id": 320668879,
    "stimulus_absolute_amplitude": 100.000001335143,
    "stimulus_description": "C2SQRHELNG150112[0]",
    "stimulus_duration": 1.999995,
    "stimulus_interval": 0.0,
    "stimulus_name": "Square - 2s Suprathreshold",
    "stimulus_relative_amplitude": 1.0,
    "stimulus_start_time": 0.92,
    "stimulus_units": "pA",
    "sweep_number": 53,
    "vm_delta_mv": 0.5350341796875
  },
  {
    "bridge_balance_mohm": 12.7594633102417,
    "id": 396344497,
    "leak_pa": 0.0,
    "num_spikes": 2,
    "peak_deflection": 0.0,
    "post_noise_rms_mv": 0.0375980921089649,
    "post_vm_mv": -74.983268737793,
    "pre_noise_rms_mv": 0.0668631419539452,
    "pre_vm_mv": -74.719367980957,
    "slow_noise_rms_mv": 0.234976649284363,
    "slow_vm_mv": -74.719367980957,
    "specimen_id": 320668879,
    "stimulus_absolute_amplitude": 119.999996051057,
    "stimulus_description": "C1LSFINEST150112[0]",
    "stimulus_duration": 0.999995,
    "stimulus_interval": 0.0,
    "stimulus_name": "Long Square",
    "stimulus_relative_amplitude": 1.2,
    "stimulus_start_time": 0.92,
    "stimulus_units": "pA",
    "sweep_number": 60,
    "vm_delta_mv": 0.263900756835938
  },
  {
    "bridge_balance_mohm": 12.7594633102417,
    "id": 396344387,
    "leak_pa": 0.0,
    "num_spikes": 0,
    "peak_deflection": 0.0,
    "post_noise_rms_mv": 0.0311475750058889,
    "post_vm_mv": -76.7169876098633,
    "pre_noise_rms_mv": 0.0493554882705212,
    "pre_vm_mv": -76.9553756713867,
    "slow_noise_rms_mv": 0.137982934713364,
    "slow_vm_mv": -76.9553756713867,
    "specimen_id": 320668879,
    "stimulus_absolute_amplitude": 400.000005340573,
    "stimulus_description": "C1SSCOARSE150112[3]",
    "stimulus_duration": 0.002995,
    "stimulus_interval": 0.0,
    "stimulus_name": "Short Square",
    "stimulus_relative_amplitude": 1.0,
    "stimulus_start_time": 0.92,
    "stimulus_units": "pA",
    "sweep_number": 10,
    "vm_delta_mv": 0.238388061523438
  },
  {
    "bridge_balance_mohm": 12.7594633102417,
    "id": 396344515,
    "leak_pa": 0.0,
    "num_spikes": 1,
    "peak_deflection": 0.0,
    "post_noise_rms_mv": 0.0351787991821766,
    "post_vm_mv": -74.4412536621094,
    "pre_noise_rms_mv": 0.0382382571697235,
    "pre_vm_mv": -74.2933120727539,
    "slow_noise_rms_mv": 0.180572122335434,
    "slow_vm_mv": -74.2933120727539,
    "specimen_id": 320668879,
    "stimulus_absolute_amplitude": 1039.99997502768,
    "stimulus_description": "C2SSTRIPLE141203[5]",
    "stimulus_duration": 0.056995,
    "stimulus_interval": 0.024,
    "stimulus_name": "Short Square - Triple",
    "stimulus_relative_amplitude": 10.4,
    "stimulus_start_time": 1.92,
    "stimulus_units": "pA",
    "sweep_number": 69,
    "vm_delta_mv": 0.147941589355469
  },
  {
    "bridge_balance_mohm": 0.0,
    "id": 396344385,
    "leak_pa": 0.0,
    "num_spikes": 0,
    "peak_deflection": 0.0,
    "post_noise_rms_mv": 0.0,
    "post_vm_mv": 0.0,
    "pre_noise_rms_mv": 0.0,
    "pre_vm_mv": 0.0,
    "slow_noise_rms_mv": 0.0,
    "slow_vm_mv": 0.0,
    "specimen_id": 320668879,
    "stimulus_absolute_amplitude": 9.99999977648258,
    "stimulus_description": "EXTPINBATH141203[0]",
    "stimulus_duration": 0.069995,
    "stimulus_interval": 0.05,
    "stimulus_name": "Test",
    "stimulus_relative_amplitude": 1.0,
    "stimulus_start_time": 0.03,
    "stimulus_units": "mV",
    "sweep_number": 1,
    "vm_delta_mv": 0.0
  },
  {
    "bridge_balance_mohm": 12.7594633102417,
    "id": 396344549,
    "leak_pa": 0.0,
    "num_spikes": 1,
    "peak_deflection": 0.0,
    "post_noise_rms_mv": 0.0381609238684177,
    "post_vm_mv": -74.6364135742188,
    "pre_noise_rms_mv": 0.0337420888245106,
    "pre_vm_mv": -74.3584823608398,
    "slow_noise_rms_mv": 0.286645412445068,
    "slow_vm_mv": -74.3584823608398,
    "specimen_id": 320668879,
    "stimulus_absolute_amplitude": 1039.99997502768,
    "stimulus_description": "C2SSTRIPLE141203[4]",
    "stimulus_duration": 0.048995,
    "stimulus_interval": 0.02,
    "stimulus_name": "Short Square - Triple",
    "stimulus_relative_amplitude": 10.4,
    "stimulus_start_time": 1.92,
    "stimulus_units": "pA",
    "sweep_number": 84,
    "vm_delta_mv": 0.277931213378906
  },
  {
    "bridge_balance_mohm": 12.7594633102417,
    "id": 396344547,
    "leak_pa": 0.0,
    "num_spikes": 1,
    "peak_deflection": 0.0,
    "post_noise_rms_mv": 0.0383899323642254,
    "post_vm_mv": -74.5814819335938,
    "pre_noise_rms_mv": 0.0378429815173149,
    "pre_vm_mv": -74.6210098266602,
    "slow_noise_rms_mv": 0.208731919527054,
    "slow_vm_mv": -74.6210098266602,
    "specimen_id": 320668879,
    "stimulus_absolute_amplitude": 1039.99997502768,
    "stimulus_description": "C2SSTRIPLE141203[3]",
    "stimulus_duration": 0.040995,
    "stimulus_interval": 0.016,
    "stimulus_name": "Short Square - Triple",
    "stimulus_relative_amplitude": 10.4,
    "stimulus_start_time": 1.92,
    "stimulus_units": "pA",
    "sweep_number": 83,
    "vm_delta_mv": 0.0395278930664062
  },
  {
    "bridge_balance_mohm": 12.7594633102417,
    "id": 396344561,
    "leak_pa": 0.0,
    "num_spikes": 0,
    "peak_deflection": 0.0,
    "post_noise_rms_mv": 0.0326334983110428,
    "post_vm_mv": -77.6325912475586,
    "pre_noise_rms_mv": 0.0417313501238823,
    "pre_vm_mv": -77.7297210693359,
    "slow_noise_rms_mv": 0.206449925899506,
    "slow_vm_mv": -77.7297210693359,
    "specimen_id": 320668879,
    "stimulus_absolute_amplitude": 299.999997066536,
    "stimulus_description": "C1SSCOARSE150112[2]",
    "stimulus_duration": 0.002995,
    "stimulus_interval": 0.0,
    "stimulus_name": "Short Square",
    "stimulus_relative_amplitude": 1.0,
    "stimulus_start_time": 0.92,
    "stimulus_units": "pA",
    "sweep_number": 9,
    "vm_delta_mv": 0.0971298217773438
  },
  {
    "bridge_balance_mohm": 12.7594633102417,
    "id": 396344457,
    "leak_pa": 0.0,
    "num_spikes": 18,
    "peak_deflection": 0.0,
    "post_noise_rms_mv": 0.0508040264248848,
    "post_vm_mv": -75.8228073120117,
    "pre_noise_rms_mv": 0.035649836063385,
    "pre_vm_mv": -75.3839263916016,
    "slow_noise_rms_mv": 0.168399974703789,
    "slow_vm_mv": -75.3839263916016,
    "specimen_id": 320668879,
    "stimulus_absolute_amplitude": 210.00000349769,
    "stimulus_description": "C1LSCOARSE150112[16]",
    "stimulus_duration": 0.999995,
    "stimulus_interval": 0.0,
    "stimulus_name": "Long Square",
    "stimulus_relative_amplitude": 1.0,
    "stimulus_start_time": 0.92,
    "stimulus_units": "pA",
    "sweep_number": 42,
    "vm_delta_mv": 0.438880920410156
  },
  {
    "bridge_balance_mohm": 12.7594633102417,
    "id": 396344543,
    "leak_pa": 0.0,
    "num_spikes": 1,
    "peak_deflection": 0.0,
    "post_noise_rms_mv": 0.0331160947680473,
    "post_vm_mv": -75.3933868408203,
    "pre_noise_rms_mv": 0.0359023883938789,
    "pre_vm_mv": -75.2828750610352,
    "slow_noise_rms_mv": 0.153518989682198,
    "slow_vm_mv": -75.2828750610352,
    "specimen_id": 320668879,
    "stimulus_absolute_amplitude": 1039.99997502768,
    "stimulus_description": "C2SSTRIPLE141203[1]",
    "stimulus_duration": 0.024995,
    "stimulus_interval": 0.008,
    "stimulus_name": "Short Square - Triple",
    "stimulus_relative_amplitude": 10.4,
    "stimulus_start_time": 1.92,
    "stimulus_units": "pA",
    "sweep_number": 81,
    "vm_delta_mv": 0.110511779785156
  },
  {
    "bridge_balance_mohm": 12.7594633102417,
    "id": 396344413,
    "leak_pa": 0.0,
    "num_spikes": 1,
    "peak_deflection": 0.0,
    "post_noise_rms_mv": 0.0392657965421677,
    "post_vm_mv": -74.2088317871094,
    "pre_noise_rms_mv": 0.0406229570508003,
    "pre_vm_mv": -74.2836380004883,
    "slow_noise_rms_mv": 0.136092990636826,
    "slow_vm_mv": -74.2836380004883,
    "specimen_id": 320668879,
    "stimulus_absolute_amplitude": 1039.99997502768,
    "stimulus_description": "C1SSFINEST150112[0]",
    "stimulus_duration": 0.002995,
    "stimulus_interval": 0.0,
    "stimulus_name": "Short Square",
    "stimulus_relative_amplitude": 10.4,
    "stimulus_start_time": 0.92,
    "stimulus_units": "pA",
    "sweep_number": 22,
    "vm_delta_mv": 0.0748062133789062
  },
  {
    "bridge_balance_mohm": 12.7594633102417,
    "id": 396344421,
    "leak_pa": 0.0,
    "num_spikes": 0,
    "peak_deflection": -95.09375,
    "post_noise_rms_mv": 0.0344205759465694,
    "post_vm_mv": -72.7507553100586,
    "pre_noise_rms_mv": 0.0347468592226505,
    "pre_vm_mv": -73.0540390014648,
    "slow_noise_rms_mv": 0.397344410419464,
    "slow_vm_mv": -73.0540390014648,
    "specimen_id": 320668879,
    "stimulus_absolute_amplitude": -110.000002162547,
    "stimulus_description": "C1LSCOARSE150112[0]",
    "stimulus_duration": 0.999995,
    "stimulus_interval": 0.0,
    "stimulus_name": "Long Square",
    "stimulus_relative_amplitude": 1.0,
    "stimulus_start_time": 0.92,
    "stimulus_units": "pA",
    "sweep_number": 26,
    "vm_delta_mv": 0.30328369140625
  },
  {
    "bridge_balance_mohm": 12.7594633102417,
    "id": 396344555,
    "leak_pa": 0.0,
    "num_spikes": 1,
    "peak_deflection": 0.0,
    "post_noise_rms_mv": 0.0394955091178417,
    "post_vm_mv": -74.2581634521484,
    "pre_noise_rms_mv": 0.0381004847586155,
    "pre_vm_mv": -73.9668121337891,
    "slow_noise_rms_mv": 0.200508639216423,
    "slow_vm_mv": -73.9668121337891,
    "specimen_id": 320668879,
    "stimulus_absolute_amplitude": 1039.99997502768,
    "stimulus_description": "C2SSTRIPLE141203[7]",
    "stimulus_duration": 0.072995,
    "stimulus_interval": 0.032,
    "stimulus_name": "Short Square - Triple",
    "stimulus_relative_amplitude": 10.4,
    "stimulus_start_time": 1.92,
    "stimulus_units": "pA",
    "sweep_number": 87,
    "vm_delta_mv": 0.291351318359375
  },
  {
    "bridge_balance_mohm": 12.7594633102417,
    "id": 396344505,
    "leak_pa": 0.0,
    "num_spikes": 1,
    "peak_deflection": 0.0,
    "post_noise_rms_mv": 0.041668176651001,
    "post_vm_mv": -75.1067733764648,
    "pre_noise_rms_mv": 0.0345883406698704,
    "pre_vm_mv": -74.6380767822266,
    "slow_noise_rms_mv": 0.200548648834229,
    "slow_vm_mv": -74.6380767822266,
    "specimen_id": 320668879,
    "stimulus_absolute_amplitude": 1039.99997502768,
    "stimulus_description": "C2SSTRIPLE141203[0]",
    "stimulus_duration": 0.016995,
    "stimulus_interval": 0.004,
    "stimulus_name": "Short Square - Triple",
    "stimulus_relative_amplitude": 10.4,
    "stimulus_start_time": 1.92,
    "stimulus_units": "pA",
    "sweep_number": 64,
    "vm_delta_mv": 0.468696594238281
  },
  {
    "bridge_balance_mohm": 12.7594633102417,
    "id": 396344527,
    "leak_pa": 0.0,
    "num_spikes": 1,
    "peak_deflection": 0.0,
    "post_noise_rms_mv": 0.0339109152555466,
    "post_vm_mv": -74.3100128173828,
    "pre_noise_rms_mv": 0.0380160138010979,
    "pre_vm_mv": -73.8189315795898,
    "slow_noise_rms_mv": 0.188335821032524,
    "slow_vm_mv": -73.8189315795898,
    "specimen_id": 320668879,
    "stimulus_absolute_amplitude": 1039.99997502768,
    "stimulus_description": "C2SSTRIPLE141203[2]",
    "stimulus_duration": 0.032995,
    "stimulus_interval": 0.012,
    "stimulus_name": "Short Square - Triple",
    "stimulus_relative_amplitude": 10.4,
    "stimulus_start_time": 1.92,
    "stimulus_units": "pA",
    "sweep_number": 74,
    "vm_delta_mv": 0.491081237792969
  },
  {
    "bridge_balance_mohm": 12.7594633102417,
    "id": 396344431,
    "leak_pa": 0.0,
    "num_spikes": 0,
    "peak_deflection": -81.3125,
    "post_noise_rms_mv": 0.036205243319273,
    "post_vm_mv": -73.0654525756836,
    "pre_noise_rms_mv": 0.0399366691708565,
    "pre_vm_mv": -72.8109970092773,
    "slow_noise_rms_mv": 0.250550001859665,
    "slow_vm_mv": -72.8109970092773,
    "specimen_id": 320668879,
    "stimulus_absolute_amplitude": -29.9999990127642,
    "stimulus_description": "C1LSCOARSE150112[4]",
    "stimulus_duration": 0.999995,
    "stimulus_interval": 0.0,
    "stimulus_name": "Long Square",
    "stimulus_relative_amplitude": 1.0,
    "stimulus_start_time": 0.92,
    "stimulus_units": "pA",
    "sweep_number": 30,
    "vm_delta_mv": 0.25445556640625
  },
  {
    "bridge_balance_mohm": 12.7594633102417,
    "id": 396344433,
    "leak_pa": 0.0,
    "num_spikes": 0,
    "peak_deflection": -76.28125,
    "post_noise_rms_mv": 0.0399780012667179,
    "post_vm_mv": -72.9264831542969,
    "pre_noise_rms_mv": 0.0372756198048592,
    "pre_vm_mv": -73.1047821044922,
    "slow_noise_rms_mv": 0.181776538491249,
    "slow_vm_mv": -73.1047821044922,
    "specimen_id": 320668879,
    "stimulus_absolute_amplitude": -9.99999996004197,
    "stimulus_description": "C1LSCOARSE150112[5]",
    "stimulus_duration": 0.999995,
    "stimulus_interval": 0.0,
    "stimulus_name": "Long Square",
    "stimulus_relative_amplitude": 1.0,
    "stimulus_start_time": 0.92,
    "stimulus_units": "pA",
    "sweep_number": 31,
    "vm_delta_mv": 0.178298950195312
  },
  {
    "bridge_balance_mohm": 12.7594633102417,
    "id": 396344425,
    "leak_pa": 0.0,
    "num_spikes": 0,
    "peak_deflection": -89.28125,
    "post_noise_rms_mv": 0.0349938683211803,
    "post_vm_mv": -73.052360534668,
    "pre_noise_rms_mv": 0.0421888418495655,
    "pre_vm_mv": -73.3522567749023,
    "slow_noise_rms_mv": 0.194576367735863,
    "slow_vm_mv": -73.3522567749023,
    "specimen_id": 320668879,
    "stimulus_absolute_amplitude": -69.9999988529321,
    "stimulus_description": "C1LSCOARSE150112[2]",
    "stimulus_duration": 0.999995,
    "stimulus_interval": 0.0,
    "stimulus_name": "Long Square",
    "stimulus_relative_amplitude": 1.0,
    "stimulus_start_time": 0.92,
    "stimulus_units": "pA",
    "sweep_number": 28,
    "vm_delta_mv": 0.299896240234375
  },
  {
    "bridge_balance_mohm": 12.7594633102417,
    "id": 396344419,
    "leak_pa": 0.0,
    "num_spikes": 1,
    "peak_deflection": 0.0,
    "post_noise_rms_mv": 0.039305355399847,
    "post_vm_mv": -73.4416656494141,
    "pre_noise_rms_mv": 0.0346536487340927,
    "pre_vm_mv": -73.8152008056641,
    "slow_noise_rms_mv": 0.176550582051277,
    "slow_vm_mv": -73.8152008056641,
    "specimen_id": 320668879,
    "stimulus_absolute_amplitude": 1039.99997502768,
    "stimulus_description": "C1SSFINEST150112[0]",
    "stimulus_duration": 0.002995,
    "stimulus_interval": 0.0,
    "stimulus_name": "Short Square",
    "stimulus_relative_amplitude": 10.4,
    "stimulus_start_time": 0.92,
    "stimulus_units": "pA",
    "sweep_number": 25,
    "vm_delta_mv": 0.37353515625
  },
  {
    "bridge_balance_mohm": 12.7594633102417,
    "id": 396344459,
    "leak_pa": 0.0,
    "num_spikes": 0,
    "peak_deflection": -53.34375,
    "post_noise_rms_mv": 0.0431569628417492,
    "post_vm_mv": -75.7954025268555,
    "pre_noise_rms_mv": 0.0397084429860115,
    "pre_vm_mv": -75.7067184448242,
    "slow_noise_rms_mv": 0.187936514616013,
    "slow_vm_mv": -75.7067184448242,
    "specimen_id": 320668879,
    "stimulus_absolute_amplitude": 79.9999996803358,
    "stimulus_description": "C1LSFINEST150112[0]",
    "stimulus_duration": 0.999995,
    "stimulus_interval": 0.0,
    "stimulus_name": "Long Square",
    "stimulus_relative_amplitude": 0.8,
    "stimulus_start_time": 0.92,
    "stimulus_units": "pA",
    "sweep_number": 43,
    "vm_delta_mv": 0.08868408203125
  },
  {
    "bridge_balance_mohm": 12.7594633102417,
    "id": 396344501,
    "leak_pa": 0.0,
    "num_spikes": 31,
    "peak_deflection": 0.0,
    "post_noise_rms_mv": 0.0437841787934303,
    "post_vm_mv": -77.4610214233398,
    "pre_noise_rms_mv": 0.0349735096096992,
    "pre_vm_mv": -76.9848785400391,
    "slow_noise_rms_mv": 0.084975391626358,
    "slow_vm_mv": -76.9848785400391,
    "specimen_id": 320668879,
    "stimulus_absolute_amplitude": 306.874997635376,
    "stimulus_description": "C2NSRMPRHE150112[0]",
    "stimulus_duration": 29.999975,
    "stimulus_interval": 1.5e-05,
    "stimulus_name": "Ramp to Rheobase",
    "stimulus_relative_amplitude": 1.2,
    "stimulus_start_time": 1.92002,
    "stimulus_units": "pA",
    "sweep_number": 62,
    "vm_delta_mv": 0.476142883300781
  },
  {
    "bridge_balance_mohm": 12.7594633102417,
    "id": 396344537,
    "leak_pa": 0.0,
    "num_spikes": 1,
    "peak_deflection": 0.0,
    "post_noise_rms_mv": 0.0303177312016487,
    "post_vm_mv": -74.9760971069336,
    "pre_noise_rms_mv": 0.0416951961815357,
    "pre_vm_mv": -74.9745178222656,
    "slow_noise_rms_mv": 0.210619926452637,
    "slow_vm_mv": -74.9745178222656,
    "specimen_id": 320668879,
    "stimulus_absolute_amplitude": 1039.99997502768,
    "stimulus_description": "C2SSTRIPLE141203[7]",
    "stimulus_duration": 0.072995,
    "stimulus_interval": 0.032,
    "stimulus_name": "Short Square - Triple",
    "stimulus_relative_amplitude": 10.4,
    "stimulus_start_time": 1.92,
    "stimulus_units": "pA",
    "sweep_number": 79,
    "vm_delta_mv": 0.00157928466796875
  },
  {
    "bridge_balance_mohm": 12.7594633102417,
    "id": 396344533,
    "leak_pa": 0.0,
    "num_spikes": 1,
    "peak_deflection": 0.0,
    "post_noise_rms_mv": 0.0400467738509178,
    "post_vm_mv": -74.8030014038086,
    "pre_noise_rms_mv": 0.03529442101717,
    "pre_vm_mv": -74.3030776977539,
    "slow_noise_rms_mv": 0.258568555116653,
    "slow_vm_mv": -74.3030776977539,
    "specimen_id": 320668879,
    "stimulus_absolute_amplitude": 1039.99997502768,
    "stimulus_description": "C2SSTRIPLE141203[5]",
    "stimulus_duration": 0.056995,
    "stimulus_interval": 0.024,
    "stimulus_name": "Short Square - Triple",
    "stimulus_relative_amplitude": 10.4,
    "stimulus_start_time": 1.92,
    "stimulus_units": "pA",
    "sweep_number": 77,
    "vm_delta_mv": 0.499923706054688
  },
  {
    "bridge_balance_mohm": 12.7594633102417,
    "id": 396344405,
    "leak_pa": 0.0,
    "num_spikes": 0,
    "peak_deflection": 0.0,
    "post_noise_rms_mv": 0.0345068648457527,
    "post_vm_mv": -74.5712127685547,
    "pre_noise_rms_mv": 0.0394433438777924,
    "pre_vm_mv": -74.9930953979492,
    "slow_noise_rms_mv": 0.183829724788666,
    "slow_vm_mv": -74.9930953979492,
    "specimen_id": 320668879,
    "stimulus_absolute_amplitude": 999.999971718069,
    "stimulus_description": "C1SSFINEST150112[0]",
    "stimulus_duration": 0.002995,
    "stimulus_interval": 0.0,
    "stimulus_name": "Short Square",
    "stimulus_relative_amplitude": 10.0,
    "stimulus_start_time": 0.92,
    "stimulus_units": "pA",
    "sweep_number": 19,
    "vm_delta_mv": 0.421882629394531
  },
  {
    "bridge_balance_mohm": 12.7594633102417,
    "id": 396344397,
    "leak_pa": 0.0,
    "num_spikes": 0,
    "peak_deflection": 0.0,
    "post_noise_rms_mv": 0.0367052853107452,
    "post_vm_mv": -75.6142959594727,
    "pre_noise_rms_mv": 0.0377335697412491,
    "pre_vm_mv": -75.6047592163086,
    "slow_noise_rms_mv": 0.247583717107773,
    "slow_vm_mv": -75.6047592163086,
    "specimen_id": 320668879,
    "stimulus_absolute_amplitude": 900.000018955183,
    "stimulus_description": "C1SSCOARSE150112[8]",
    "stimulus_duration": 0.002995,
    "stimulus_interval": 0.0,
    "stimulus_name": "Short Square",
    "stimulus_relative_amplitude": 1.0,
    "stimulus_start_time": 0.92,
    "stimulus_units": "pA",
    "sweep_number": 15,
    "vm_delta_mv": 0.0095367431640625
  },
  {
    "bridge_balance_mohm": 12.7594633102417,
    "id": 396344495,
    "leak_pa": 0.0,
    "num_spikes": 51,
    "peak_deflection": 0.0,
    "post_noise_rms_mv": 0.0,
    "post_vm_mv": 0.0,
    "pre_noise_rms_mv": 0.0380016192793846,
    "pre_vm_mv": -77.7117385864258,
    "slow_noise_rms_mv": 0.134500339627266,
    "slow_vm_mv": -77.7117385864258,
    "specimen_id": 320668879,
    "stimulus_absolute_amplitude": 800.000010681146,
    "stimulus_description": "C1RP25PR1S141203[0]",
    "stimulus_duration": 31.997495,
    "stimulus_interval": 0.0,
    "stimulus_name": "Ramp",
    "stimulus_relative_amplitude": 1.0,
    "stimulus_start_time": 0.9225,
    "stimulus_units": "pA",
    "sweep_number": 6,
    "vm_delta_mv": 0.0
  },
  {
    "bridge_balance_mohm": 12.7594633102417,
    "id": 396344531,
    "leak_pa": 0.0,
    "num_spikes": 1,
    "peak_deflection": 0.0,
    "post_noise_rms_mv": 0.0419793017208576,
    "post_vm_mv": -74.3253555297852,
    "pre_noise_rms_mv": 0.0343595929443836,
    "pre_vm_mv": -74.2960968017578,
    "slow_noise_rms_mv": 0.144406631588936,
    "slow_vm_mv": -74.2960968017578,
    "specimen_id": 320668879,
    "stimulus_absolute_amplitude": 1039.99997502768,
    "stimulus_description": "C2SSTRIPLE141203[4]",
    "stimulus_duration": 0.048995,
    "stimulus_interval": 0.02,
    "stimulus_name": "Short Square - Triple",
    "stimulus_relative_amplitude": 10.4,
    "stimulus_start_time": 1.92,
    "stimulus_units": "pA",
    "sweep_number": 76,
    "vm_delta_mv": 0.0292587280273438
  },
  {
    "bridge_balance_mohm": 0.0,
    "id": 396344563,
    "leak_pa": 0.0,
    "num_spikes": 0,
    "peak_deflection": 0.0,
    "post_noise_rms_mv": 0.0,
    "post_vm_mv": 0.0,
    "pre_noise_rms_mv": 0.0378020294010639,
    "pre_vm_mv": -0.246492698788643,
    "slow_noise_rms_mv": 0.182688057422638,
    "slow_vm_mv": -0.246492698788643,
    "specimen_id": 320668879,
    "stimulus_absolute_amplitude": 0.0,
    "stimulus_description": "EXTPBLWOUT141203[0]",
    "stimulus_duration": 0.0,
    "stimulus_interval": 0.0,
    "stimulus_name": "Test",
    "stimulus_relative_amplitude": 1.0,
    "stimulus_start_time": 0.0,
    "stimulus_units": "pA",
    "sweep_number": 90,
    "vm_delta_mv": 0.0
  },
  {
    "bridge_balance_mohm": 12.7594633102417,
    "id": 396344491,
    "leak_pa": 0.0,
    "num_spikes": 12,
    "peak_deflection": 0.0,
    "post_noise_rms_mv": 0.047014482319355,
    "post_vm_mv": -75.9805221557617,
    "pre_noise_rms_mv": 0.0359561257064342,
    "pre_vm_mv": -75.8171081542969,
    "slow_noise_rms_mv": 0.133264109492302,
    "slow_vm_mv": -75.8171081542969,
    "specimen_id": 320668879,
    "stimulus_absolute_amplitude": 180.000001015479,
    "stimulus_description": "C2SQRHELNG150112[0]",
    "stimulus_duration": 1.999995,
    "stimulus_interval": 0.0,
    "stimulus_name": "Square - 2s Suprathreshold",
    "stimulus_relative_amplitude": 1.8,
    "stimulus_start_time": 0.92,
    "stimulus_units": "pA",
    "sweep_number": 58,
    "vm_delta_mv": 0.163414001464844
  },
  {
    "bridge_balance_mohm": 12.7594633102417,
    "id": 396344525,
    "leak_pa": 0.0,
    "num_spikes": 1,
    "peak_deflection": 0.0,
    "post_noise_rms_mv": 0.0401543043553829,
    "post_vm_mv": -74.3553771972656,
    "pre_noise_rms_mv": 0.0413692183792591,
    "pre_vm_mv": -74.109992980957,
    "slow_noise_rms_mv": 0.13019984960556,
    "slow_vm_mv": -74.109992980957,
    "specimen_id": 320668879,
    "stimulus_absolute_amplitude": 1039.99997502768,
    "stimulus_description": "C2SSTRIPLE141203[1]",
    "stimulus_duration": 0.024995,
    "stimulus_interval": 0.008,
    "stimulus_name": "Short Square - Triple",
    "stimulus_relative_amplitude": 10.4,
    "stimulus_start_time": 1.92,
    "stimulus_units": "pA",
    "sweep_number": 73,
    "vm_delta_mv": 0.245384216308594
  },
  {
    "bridge_balance_mohm": 12.7594633102417,
    "id": 396344473,
    "leak_pa": 0.0,
    "num_spikes": 24,
    "peak_deflection": 0.0,
    "post_noise_rms_mv": 0.0,
    "post_vm_mv": 0.0,
    "pre_noise_rms_mv": 0.0411337912082672,
    "pre_vm_mv": -76.2102508544922,
    "slow_noise_rms_mv": 0.207809776067734,
    "slow_vm_mv": -76.2102508544922,
    "specimen_id": 320668879,
    "stimulus_absolute_amplitude": 800.000010681146,
    "stimulus_description": "C1RP25PR1S141203[0]",
    "stimulus_duration": 31.997495,
    "stimulus_interval": 0.0,
    "stimulus_name": "Ramp",
    "stimulus_relative_amplitude": 1.0,
    "stimulus_start_time": 0.9225,
    "stimulus_units": "pA",
    "sweep_number": 5,
    "vm_delta_mv": 0.0
  }
]