[
  {
    "bridge_balance_mohm": 21.7948722839355,
    "id": 396426620,
    "leak_pa": 0.0,
    "num_spikes": 0,
    "peak_deflection": 0.0,
    "post_noise_rms_mv": 0.035489484667778,
    "post_vm_mv": -73.8063812255859,
    "pre_noise_rms_mv": 0.0483854934573174,
    "pre_vm_mv": -73.6614379882812,
    "slow_noise_rms_mv": 0.123408518731594,
    "slow_vm_mv": -73.6614379882812,
    "specimen_id": 348592897,
    "stimulus_absolute_amplitude": 1350.0000006772,
    "stimulus_description": "C1SSFINEST150112[0]",
    "stimulus_duration": 0.002995,
    "stimulus_interval": 0.0,
    "stimulus_name": "Short Square",
    "stimulus_relative_amplitude": 13.5,
    "stimulus_start_time": 0.92,
    "stimulus_units": "pA",
    "sweep_number": 28,
    "vm_delta_mv": 0.144943237304688
  },
  {
    "bridge_balance_mohm": 21.7948722839355,
    "id": 396426646,
    "leak_pa": 0.0,
    "num_spikes": 17,
    "peak_deflection": 0.0,
    "post_noise_rms_mv": 0.0,
    "post_vm_mv": 0.0,
    "pre_noise_rms_mv": 0.0413054190576077,
    "pre_vm_mv": -73.1559066772461,
    "slow_noise_rms_mv": 0.101436011493206,
    "slow_vm_mv": -73.1559066772461,
    "specimen_id": 348592897,
    "stimulus_absolute_amplitude": 800.000010681146,
    "stimulus_description": "C1RP25PR1S141203[0]",
    "stimulus_duration": 31.997495,
    "stimulus_interval": 0.0,
    "stimulus_name": "Ramp",
    "stimulus_relative_amplitude": 1.0,
    "stimulus_start_time": 0.9225,
    "stimulus_units": "pA",
    "sweep_number": 4,
    "vm_delta_mv": 0.0
  },
  {
    "bridge_balance_mohm": 21.7948722839355,
    "id": 396426712,
    "leak_pa": 0.0,
    "num_spikes": 0,
    "peak_deflection": 0.0,
    "post_noise_rms_mv": 0.0394020192325115,
    "post_vm_mv": -73.7862167358398,
    "pre_noise_rms_mv": 0.0373286418616772,
    "pre_vm_mv": -73.7631072998047,
    "slow_noise_rms_mv": 0.0761758610606194,
    "slow_vm_mv": -73.7631072998047,
    "specimen_id": 348592897,
    "stimulus_absolute_amplitude": 100.000001335143,
    "stimulus_description": "C1SSCOARSE150112[0]",
    "stimulus_duration": 0.002995,
    "stimulus_interval": 0.0,
    "stimulus_name": "Short Square",
    "stimulus_relative_amplitude": 1.0,
    "stimulus_start_time": 0.92,
    "stimulus_units": "pA",
    "sweep_number": 7,
    "vm_delta_mv": 0.0231094360351562
  },
  {
    "bridge_balance_mohm": 21.7948722839355,
    "id": 396426600,
    "leak_pa": 0.0,
    "num_spikes": 0,
    "peak_deflection": 0.0,
    "post_noise_rms_mv": 0.0356670394539833,
    "post_vm_mv": -73.5686492919922,
    "pre_noise_rms_mv": 0.0364429242908955,
    "pre_vm_mv": -73.4587707519531,
    "slow_noise_rms_mv": 0.142320156097412,
    "slow_vm_mv": -73.4587707519531,
    "specimen_id": 348592897,
    "stimulus_absolute_amplitude": 1299.99999654018,
    "stimulus_description": "C1SSCOARSE150112[12]",
    "stimulus_duration": 0.002995,
    "stimulus_interval": 0.0,
    "stimulus_name": "Short Square",
    "stimulus_relative_amplitude": 1.0,
    "stimulus_start_time": 0.92,
    "stimulus_units": "pA",
    "sweep_number": 19,
    "vm_delta_mv": 0.109878540039062
  },
  {
    "bridge_balance_mohm": 21.7948722839355,
    "id": 396426652,
    "leak_pa": 0.0,
    "num_spikes": 0,
    "peak_deflection": -79.96875,
    "post_noise_rms_mv": 0.0420889481902122,
    "post_vm_mv": -72.5927276611328,
    "pre_noise_rms_mv": 0.0407003872096539,
    "pre_vm_mv": -72.5989151000977,
    "slow_noise_rms_mv": 0.113089665770531,
    "slow_vm_mv": -72.5989151000977,
    "specimen_id": 348592897,
    "stimulus_absolute_amplitude": -50.0000006675716,
    "stimulus_description": "C1LSCOARSE150216[3]",
    "stimulus_duration": 0.999995,
    "stimulus_interval": 0.0,
    "stimulus_name": "Long Square",
    "stimulus_relative_amplitude": 1.0,
    "stimulus_start_time": 0.92,
    "stimulus_units": "pA",
    "sweep_number": 42,
    "vm_delta_mv": 0.00618743896484375
  },
  {
    "bridge_balance_mohm": 21.7948722839355,
    "id": 396426660,
    "leak_pa": 0.0,
    "num_spikes": 0,
    "peak_deflection": -67.34375,
    "post_noise_rms_mv": 0.0407041609287262,
    "post_vm_mv": -73.3867263793945,
    "pre_noise_rms_mv": 0.0325865633785725,
    "pre_vm_mv": -72.9989242553711,
    "slow_noise_rms_mv": 0.340231239795685,
    "slow_vm_mv": -72.9989242553711,
    "specimen_id": 348592897,
    "stimulus_absolute_amplitude": 29.9999990127642,
    "stimulus_description": "C1LSCOARSE150216[7]",
    "stimulus_duration": 0.999995,
    "stimulus_interval": 0.0,
    "stimulus_name": "Long Square",
    "stimulus_relative_amplitude": 1.0,
    "stimulus_start_time": 0.92,
    "stimulus_units": "pA",
    "sweep_number": 46,
    "vm_delta_mv": 0.387802124023438
  },
  {
    "bridge_balance_mohm": 21.7948722839355,
    "id": 396426626,
    "leak_pa": 0.0,
    "num_spikes": 0,
    "peak_deflection": 0.0,
    "post_noise_rms_mv": 0.0486464202404022,
    "post_vm_mv": -73.817138671875,
    "pre_noise_rms_mv": 0.0411082692444324,
    "pre_vm_mv": -73.7413024902344,
    "slow_noise_rms_mv": 0.0914504304528236,
    "slow_vm_mv": -73.7413024902344,
    "specimen_id": 348592897,
    "stimulus_absolute_amplitude": 1380.00000315941,
    "stimulus_description": "C1SSFINEST150112[0]",
    "stimulus_duration": 0.002995,
    "stimulus_interval": 0.0,
    "stimulus_name": "Short Square",
    "stimulus_relative_amplitude": 13.8,
    "stimulus_start_time": 0.92,
    "stimulus_units": "pA",
    "sweep_number": 30,
    "vm_delta_mv": 0.075836181640625
  },
  {
    "bridge_balance_mohm": 21.7948722839355,
    "id": 396426594,
    "leak_pa": 0.0,
    "num_spikes": 0,
    "peak_deflection": 0.0,
    "post_noise_rms_mv": 0.0358544364571571,
    "post_vm_mv": -73.0715942382812,
    "pre_noise_rms_mv": 0.040868803858757,
    "pre_vm_mv": -73.1324844360352,
    "slow_noise_rms_mv": 0.0809845775365829,
    "slow_vm_mv": -73.1324844360352,
    "specimen_id": 348592897,
    "stimulus_absolute_amplitude": 999.999971718069,
    "stimulus_description": "C1SSCOARSE150112[9]",
    "stimulus_duration": 0.002995,
    "stimulus_interval": 0.0,
    "stimulus_name": "Short Square",
    "stimulus_relative_amplitude": 1.0,
    "stimulus_start_time": 0.92,
    "stimulus_units": "pA",
    "sweep_number": 16,
    "vm_delta_mv": 0.0608901977539062
  },
  {
    "bridge_balance_mohm": 21.7948722839355,
    "id": 396426596,
    "leak_pa": 0.0,
    "num_spikes": 0,
    "peak_deflection": 0.0,
    "post_noise_rms_mv": 0.0386956259608269,
    "post_vm_mv": -73.5188980102539,
    "pre_noise_rms_mv": 0.0440820083022118,
    "pre_vm_mv": -73.6203384399414,
    "slow_noise_rms_mv": 0.10223776102066,
    "slow_vm_mv": -73.6203384399414,
    "specimen_id": 348592897,
    "stimulus_absolute_amplitude": 1099.99997999211,
    "stimulus_description": "C1SSCOARSE150112[10]",
    "stimulus_duration": 0.002995,
    "stimulus_interval": 0.0,
    "stimulus_name": "Short Square",
    "stimulus_relative_amplitude": 1.0,
    "stimulus_start_time": 0.92,
    "stimulus_units": "pA",
    "sweep_number": 17,
    "vm_delta_mv": 0.1014404296875
  },
  {
    "bridge_balance_mohm": 21.7948722839355,
    "id": 396426676,
    "leak_pa": 0.0,
    "num_spikes": 10,
    "peak_deflection": 0.0,
    "post_noise_rms_mv": 0.0355755500495434,
    "post_vm_mv": -74.0668716430664,
    "pre_noise_rms_mv": 0.0386268049478531,
    "pre_vm_mv": -73.7670745849609,
    "slow_noise_rms_mv": 0.24574875831604,
    "slow_vm_mv": -73.7670745849609,
    "specimen_id": 348592897,
    "stimulus_absolute_amplitude": 170.000000188075,
    "stimulus_description": "C1LSCOARSE150216[14]",
    "stimulus_duration": 0.999995,
    "stimulus_interval": 0.0,
    "stimulus_name": "Long Square",
    "stimulus_relative_amplitude": 1.0,
    "stimulus_start_time": 0.92,
    "stimulus_units": "pA",
    "sweep_number": 53,
    "vm_delta_mv": 0.299797058105469
  },
  {
    "bridge_balance_mohm": 0.0,
    "id": 396426580,
    "leak_pa": 0.0,
    "num_spikes": 0,
    "peak_deflection": 0.0,
    "post_noise_rms_mv": 0.0,
    "post_vm_mv": 0.0,
    "pre_noise_rms_mv": 0.0,
    "pre_vm_mv": 0.0,
    "slow_noise_rms_mv": 0.0,
    "slow_vm_mv": 0.0,
    "specimen_id": 348592897,
    "stimulus_absolute_amplitude": 9.99999977648258,
    "stimulus_description": "EXTPINBATH141203[0]",
    "stimulus_duration": 0.069995,
    "stimulus_interval": 0.05,
    "stimulus_name": "Test",
    "stimulus_relative_amplitude": 1.0,
    "stimulus_start_time": 0.03,
    "stimulus_units": "mV",
    "sweep_number": 1,
    "vm_delta_mv": 0.0
  },
  {
    "bridge_balance_mohm": 21.7948722839355,
    "id": 396426650,
    "leak_pa": 0.0,
    "num_spikes": 0,
    "peak_deflection": -82.125,
    "post_noise_rms_mv": 0.0417917408049107,
    "post_vm_mv": -72.5096588134766,
    "pre_noise_rms_mv": 0.0372331328690052,
    "pre_vm_mv": -72.8467102050781,
    "slow_noise_rms_mv": 0.125382646918297,
    "slow_vm_mv": -72.8467102050781,
    "specimen_id": 348592897,
    "stimulus_absolute_amplitude": -69.9999988529321,
    "stimulus_description": "C1LSCOARSE150216[2]",
    "stimulus_duration": 0.999995,
    "stimulus_interval": 0.0,
    "stimulus_name": "Long Square",
    "stimulus_relative_amplitude": 1.0,
    "stimulus_start_time": 0.92,
    "stimulus_units": "pA",
    "sweep_number": 41,
    "vm_delta_mv": 0.337051391601562
  },
  {
    "bridge_balance_mohm": 21.7948722839355,
    "id": 396426608,
    "leak_pa": 0.0,
    "num_spikes": 0,
    "peak_deflection": 0.0,
    "post_noise_rms_mv": 0.0368785932660103,
    "post_vm_mv": -74.2214965820312,
    "pre_noise_rms_mv": 0.0457839891314507,
    "pre_vm_mv": -73.7587585449219,
    "slow_noise_rms_mv": 0.138977617025375,
    "slow_vm_mv": -73.7587585449219,
    "specimen_id": 348592897,
    "stimulus_absolute_amplitude": 1269.99999405797,
    "stimulus_description": "C1SSFINEST150112[0]",
    "stimulus_duration": 0.002995,
    "stimulus_interval": 0.0,
    "stimulus_name": "Short Square",
    "stimulus_relative_amplitude": 12.7,
    "stimulus_start_time": 0.92,
    "stimulus_units": "pA",
    "sweep_number": 22,
    "vm_delta_mv": 0.462738037109375
  },
  {
    "bridge_balance_mohm": 21.7948722839355,
    "id": 396426640,
    "leak_pa": 0.0,
    "num_spikes": 1,
    "peak_deflection": 0.0,
    "post_noise_rms_mv": 0.0359482318162918,
    "post_vm_mv": -73.5868682861328,
    "pre_noise_rms_mv": 0.0332157500088215,
    "pre_vm_mv": -73.6532287597656,
    "slow_noise_rms_mv": 0.0932389050722122,
    "slow_vm_mv": -73.6532287597656,
    "specimen_id": 348592897,
    "stimulus_absolute_amplitude": 1420.00000646902,
    "stimulus_description": "C1SSFINEST150112[0]",
    "stimulus_duration": 0.002995,
    "stimulus_interval": 0.0,
    "stimulus_name": "Short Square",
    "stimulus_relative_amplitude": 14.2,
    "stimulus_start_time": 0.92,
    "stimulus_units": "pA",
    "sweep_number": 37,
    "vm_delta_mv": 0.0663604736328125
  },
  {
    "bridge_balance_mohm": 21.7948722839355,
    "id": 396426666,
    "leak_pa": 0.0,
    "num_spikes": 0,
    "peak_deflection": -55.15625,
    "post_noise_rms_mv": 0.0412502214312553,
    "post_vm_mv": -73.1081008911133,
    "pre_noise_rms_mv": 0.0394354239106178,
    "pre_vm_mv": -73.1233901977539,
    "slow_noise_rms_mv": 0.123689785599709,
    "slow_vm_mv": -73.1233901977539,
    "specimen_id": 348592897,
    "stimulus_absolute_amplitude": 90.0000005077395,
    "stimulus_description": "C1LSCOARSE150216[10]",
    "stimulus_duration": 0.999995,
    "stimulus_interval": 0.0,
    "stimulus_name": "Long Square",
    "stimulus_relative_amplitude": 1.0,
    "stimulus_start_time": 0.92,
    "stimulus_units": "pA",
    "sweep_number": 49,
    "vm_delta_mv": 0.015289306640625
  },
  {
    "bridge_balance_mohm": 21.7948722839355,
    "id": 396426672,
    "leak_pa": 0.0,
    "num_spikes": 5,
    "peak_deflection": 0.0,
    "post_noise_rms_mv": 0.046312864869833,
    "post_vm_mv": -74.3647384643555,
    "pre_noise_rms_mv": 0.037137296050787,
    "pre_vm_mv": -73.9227600097656,
    "slow_noise_rms_mv": 0.123023726046085,
    "slow_vm_mv": -73.9227600097656,
    "specimen_id": 348592897,
    "stimulus_absolute_amplitude": 129.99999687846,
    "stimulus_description": "C1LSCOARSE150216[12]",
    "stimulus_duration": 0.999995,
    "stimulus_interval": 0.0,
    "stimulus_name": "Long Square",
    "stimulus_relative_amplitude": 1.0,
    "stimulus_start_time": 0.92,
    "stimulus_units": "pA",
    "sweep_number": 51,
    "vm_delta_mv": 0.441978454589844
  },
  {
    "bridge_balance_mohm": 21.7948722839355,
    "id": 396426678,
    "leak_pa": 0.0,
    "num_spikes": 12,
    "peak_deflection": 0.0,
    "post_noise_rms_mv": 0.0425969138741493,
    "post_vm_mv": -73.6492233276367,
    "pre_noise_rms_mv": 0.0338613986968994,
    "pre_vm_mv": -73.3443298339844,
    "slow_noise_rms_mv": 0.114580005407333,
    "slow_vm_mv": -73.3443298339844,
    "specimen_id": 348592897,
    "stimulus_absolute_amplitude": 190.000001842883,
    "stimulus_description": "C1LSCOARSE150216[15]",
    "stimulus_duration": 0.999995,
    "stimulus_interval": 0.0,
    "stimulus_name": "Long Square",
    "stimulus_relative_amplitude": 1.0,
    "stimulus_start_time": 0.92,
    "stimulus_units": "pA",
    "sweep_number": 54,
    "vm_delta_mv": 0.304893493652344
  },
  {
    "bridge_balance_mohm": 21.7948722839355,
    "id": 396426654,
    "leak_pa": 0.0,
    "num_spikes": 0,
    "peak_deflection": -77.4375076293945,
    "post_noise_rms_mv": 0.0426082126796246,
    "post_vm_mv": -72.4717864990234,
    "pre_noise_rms_mv": 0.0485537648200989,
    "pre_vm_mv": -72.6884765625,
    "slow_noise_rms_mv": 0.0826620161533356,
    "slow_vm_mv": -72.6884765625,
    "specimen_id": 348592897,
    "stimulus_absolute_amplitude": -29.9999990127642,
    "stimulus_description": "C1LSCOARSE150216[4]",
    "stimulus_duration": 0.999995,
    "stimulus_interval": 0.0,
    "stimulus_name": "Long Square",
    "stimulus_relative_amplitude": 1.0,
    "stimulus_start_time": 0.92,
    "stimulus_units": "pA",
    "sweep_number": 43,
    "vm_delta_mv": 0.216690063476562
  },
  {
    "bridge_balance_mohm": 21.7948722839355,
    "id": 396426674,
    "leak_pa": 0.0,
    "num_spikes": 7,
    "peak_deflection": 0.0,
    "post_noise_rms_mv": 0.0390679687261581,
    "post_vm_mv": -74.4684524536133,
    "pre_noise_rms_mv": 0.0403832569718361,
    "pre_vm_mv": -74.2758178710938,
    "slow_noise_rms_mv": 0.122875384986401,
    "slow_vm_mv": -74.2758178710938,
    "specimen_id": 348592897,
    "stimulus_absolute_amplitude": 149.999998533268,
    "stimulus_description": "C1LSCOARSE150216[13]",
    "stimulus_duration": 0.999995,
    "stimulus_interval": 0.0,
    "stimulus_name": "Long Square",
    "stimulus_relative_amplitude": 1.0,
    "stimulus_start_time": 0.92,
    "stimulus_units": "pA",
    "sweep_number": 52,
    "vm_delta_mv": 0.192634582519531
  },
  {
    "bridge_balance_mohm": 21.7948722839355,
    "id": 396426586,
    "leak_pa": 0.0,
    "num_spikes": 0,
    "peak_deflection": 0.0,
    "post_noise_rms_mv": 0.0335106328129768,
    "post_vm_mv": -73.7481231689453,
    "pre_noise_rms_mv": 0.0343928895890713,
    "pre_vm_mv": -73.9403076171875,
    "slow_noise_rms_mv": 0.0906631126999855,
    "slow_vm_mv": -73.9403076171875,
    "specimen_id": 348592897,
    "stimulus_absolute_amplitude": 599.999994133071,
    "stimulus_description": "C1SSCOARSE150112[5]",
    "stimulus_duration": 0.002995,
    "stimulus_interval": 0.0,
    "stimulus_name": "Short Square",
    "stimulus_relative_amplitude": 1.0,
    "stimulus_start_time": 0.92,
    "stimulus_units": "pA",
    "sweep_number": 12,
    "vm_delta_mv": 0.192184448242188
  },
  {
    "bridge_balance_mohm": 21.7948722839355,
    "id": 396426614,
    "leak_pa": 0.0,
    "num_spikes": 0,
    "peak_deflection": 0.0,
    "post_noise_rms_mv": 0.0417557209730148,
    "post_vm_mv": -73.9070281982422,
    "pre_noise_rms_mv": 0.0403502508997917,
    "pre_vm_mv": -74.0714645385742,
    "slow_noise_rms_mv": 0.146380931138992,
    "slow_vm_mv": -74.0714645385742,
    "specimen_id": 348592897,
    "stimulus_absolute_amplitude": 1299.99999654018,
    "stimulus_description": "C1SSFINEST150112[0]",
    "stimulus_duration": 0.002995,
    "stimulus_interval": 0.0,
    "stimulus_name": "Short Square",
    "stimulus_relative_amplitude": 13.0,
    "stimulus_start_time": 0.92,
    "stimulus_units": "pA",
    "sweep_number": 25,
    "vm_delta_mv": 0.164436340332031
  },
  {
    "bridge_balance_mohm": 21.7948722839355,
    "id": 396426682,
    "leak_pa": 0.0,
    "num_spikes": 16,
    "peak_deflection": 0.0,
    "post_noise_rms_mv": 0.0406386703252792,
    "post_vm_mv": -73.089225769043,
    "pre_noise_rms_mv": 0.0479470752179623,
    "pre_vm_mv": -73.1826782226562,
    "slow_noise_rms_mv": 0.0840416699647903,
    "slow_vm_mv": -73.1826782226562,
    "specimen_id": 348592897,
    "stimulus_absolute_amplitude": 230.000005152498,
    "stimulus_description": "C1LSCOARSE150216[17]",
    "stimulus_duration": 0.999995,
    "stimulus_interval": 0.0,
    "stimulus_name": "Long Square",
    "stimulus_relative_amplitude": 1.0,
    "stimulus_start_time": 0.92,
    "stimulus_units": "pA",
    "sweep_number": 56,
    "vm_delta_mv": 0.0934524536132812
  },
  {
    "bridge_balance_mohm": 21.7948722839355,
    "id": 396426664,
    "leak_pa": 0.0,
    "num_spikes": 0,
    "peak_deflection": -60.5,
    "post_noise_rms_mv": 0.0335902832448483,
    "post_vm_mv": -73.1303176879883,
    "pre_noise_rms_mv": 0.0420126877725124,
    "pre_vm_mv": -73.2918167114258,
    "slow_noise_rms_mv": 0.107300154864788,
    "slow_vm_mv": -73.2918167114258,
    "specimen_id": 348592897,
    "stimulus_absolute_amplitude": 69.9999988529321,
    "stimulus_description": "C1LSCOARSE150216[9]",
    "stimulus_duration": 0.999995,
    "stimulus_interval": 0.0,
    "stimulus_name": "Long Square",
    "stimulus_relative_amplitude": 1.0,
    "stimulus_start_time": 0.92,
    "stimulus_units": "pA",
    "sweep_number": 48,
    "vm_delta_mv": 0.1614990234375
  },
  {
    "bridge_balance_mohm": 21.7948722839355,
    "id": 396426630,
    "leak_pa": 0.0,
    "num_spikes": 0,
    "peak_deflection": 0.0,
    "post_noise_rms_mv": 0.0427825637161732,
    "post_vm_mv": -73.836067199707,
    "pre_noise_rms_mv": 0.0424210242927074,
    "pre_vm_mv": -73.8273391723633,
    "slow_noise_rms_mv": 0.0847506374120712,
    "slow_vm_mv": -73.8273391723633,
    "specimen_id": 348592897,
    "stimulus_absolute_amplitude": 1400.00000481422,
    "stimulus_description": "C1SSFINEST150112[0]",
    "stimulus_duration": 0.002995,
    "stimulus_interval": 0.0,
    "stimulus_name": "Short Square",
    "stimulus_relative_amplitude": 14.0,
    "stimulus_start_time": 0.92,
    "stimulus_units": "pA",
    "sweep_number": 32,
    "vm_delta_mv": 0.00872802734375
  },
  {
    "bridge_balance_mohm": 21.7948722839355,
    "id": 396426582,
    "leak_pa": 0.0,
    "num_spikes": 0,
    "peak_deflection": 0.0,
    "post_noise_rms_mv": 0.0413666591048241,
    "post_vm_mv": -73.6500778198242,
    "pre_noise_rms_mv": 0.0435258261859417,
    "pre_vm_mv": -73.7398681640625,
    "slow_noise_rms_mv": 0.0808647871017456,
    "slow_vm_mv": -73.7398681640625,
    "specimen_id": 348592897,
    "stimulus_absolute_amplitude": 400.000005340573,
    "stimulus_description": "C1SSCOARSE150112[3]",
    "stimulus_duration": 0.002995,
    "stimulus_interval": 0.0,
    "stimulus_name": "Short Square",
    "stimulus_relative_amplitude": 1.0,
    "stimulus_start_time": 0.92,
    "stimulus_units": "pA",
    "sweep_number": 10,
    "vm_delta_mv": 0.0897903442382812
  },
  {
    "bridge_balance_mohm": 21.7948722839355,
    "id": 396426644,
    "leak_pa": 0.0,
    "num_spikes": 0,
    "peak_deflection": -86.96875,
    "post_noise_rms_mv": 0.034704927355051,
    "post_vm_mv": -72.9000930786133,
    "pre_noise_rms_mv": 0.0382742993533611,
    "pre_vm_mv": -73.3175659179688,
    "slow_noise_rms_mv": 0.137295469641685,
    "slow_vm_mv": -73.3175659179688,
    "specimen_id": 348592897,
    "stimulus_absolute_amplitude": -110.000002162547,
    "stimulus_description": "C1LSCOARSE150216[0]",
    "stimulus_duration": 0.999995,
    "stimulus_interval": 0.0,
    "stimulus_name": "Long Square",
    "stimulus_relative_amplitude": 1.0,
    "stimulus_start_time": 0.92,
    "stimulus_units": "pA",
    "sweep_number": 39,
    "vm_delta_mv": 0.417472839355469
  },
  {
    "bridge_balance_mohm": 21.7948722839355,
    "id": 396426598,
    "leak_pa": 0.0,
    "num_spikes": 0,
    "peak_deflection": 0.0,
    "post_noise_rms_mv": 0.0480919480323792,
    "post_vm_mv": -73.6905212402344,
    "pre_noise_rms_mv": 0.0378013886511326,
    "pre_vm_mv": -73.4873809814453,
    "slow_noise_rms_mv": 0.157871976494789,
    "slow_vm_mv": -73.4873809814453,
    "specimen_id": 348592897,
    "stimulus_absolute_amplitude": 1199.99998826614,
    "stimulus_description": "C1SSCOARSE150112[11]",
    "stimulus_duration": 0.002995,
    "stimulus_interval": 0.0,
    "stimulus_name": "Short Square",
    "stimulus_relative_amplitude": 1.0,
    "stimulus_start_time": 0.92,
    "stimulus_units": "pA",
    "sweep_number": 18,
    "vm_delta_mv": 0.203140258789062
  },
  {
    "bridge_balance_mohm": 21.7948722839355,
    "id": 396426648,
    "leak_pa": 0.0,
    "num_spikes": 0,
    "peak_deflection": -84.5,
    "post_noise_rms_mv": 0.0356762185692787,
    "post_vm_mv": -72.6011505126953,
    "pre_noise_rms_mv": 0.0397733934223652,
    "pre_vm_mv": -72.5520858764648,
    "slow_noise_rms_mv": 0.246074467897415,
    "slow_vm_mv": -72.5520858764648,
    "specimen_id": 348592897,
    "stimulus_absolute_amplitude": -90.0000005077395,
    "stimulus_description": "C1LSCOARSE150216[1]",
    "stimulus_duration": 0.999995,
    "stimulus_interval": 0.0,
    "stimulus_name": "Long Square",
    "stimulus_relative_amplitude": 1.0,
    "stimulus_start_time": 0.92,
    "stimulus_units": "pA",
    "sweep_number": 40,
    "vm_delta_mv": 0.0490646362304688
  },
  {
    "bridge_balance_mohm": 21.7948722839355,
    "id": 396426590,
    "leak_pa": 0.0,
    "num_spikes": 0,
    "peak_deflection": 0.0,
    "post_noise_rms_mv": 0.0493876747786999,
    "post_vm_mv": -73.0986175537109,
    "pre_noise_rms_mv": 0.0465865284204483,
    "pre_vm_mv": -73.2426986694336,
    "slow_noise_rms_mv": 0.100794553756714,
    "slow_vm_mv": -73.2426986694336,
    "specimen_id": 348592897,
    "stimulus_absolute_amplitude": 800.000010681146,
    "stimulus_description": "C1SSCOARSE150112[7]",
    "stimulus_duration": 0.002995,
    "stimulus_interval": 0.0,
    "stimulus_name": "Short Square",
    "stimulus_relative_amplitude": 1.0,
    "stimulus_start_time": 0.92,
    "stimulus_units": "pA",
    "sweep_number": 14,
    "vm_delta_mv": 0.144081115722656
  },
  {
    "bridge_balance_mohm": 21.7948722839355,
    "id": 396426618,
    "leak_pa": 0.0,
    "num_spikes": 0,
    "peak_deflection": 0.0,
    "post_noise_rms_mv": 0.0463393665850163,
    "post_vm_mv": -73.886848449707,
    "pre_noise_rms_mv": 0.0412596650421619,
    "pre_vm_mv": -74.0332183837891,
    "slow_noise_rms_mv": 0.104994364082813,
    "slow_vm_mv": -74.0332183837891,
    "specimen_id": 348592897,
    "stimulus_absolute_amplitude": 1319.99999819499,
    "stimulus_description": "C1SSFINEST150112[0]",
    "stimulus_duration": 0.002995,
    "stimulus_interval": 0.0,
    "stimulus_name": "Short Square",
    "stimulus_relative_amplitude": 13.2,
    "stimulus_start_time": 0.92,
    "stimulus_units": "pA",
    "sweep_number": 27,
    "vm_delta_mv": 0.146369934082031
  },
  {
    "bridge_balance_mohm": 21.7948722839355,
    "id": 396426622,
    "leak_pa": 0.0,
    "num_spikes": 0,
    "peak_deflection": 0.0,
    "post_noise_rms_mv": 0.0429008975625038,
    "post_vm_mv": -73.8988037109375,
    "pre_noise_rms_mv": 0.0472381263971329,
    "pre_vm_mv": -73.6371994018555,
    "slow_noise_rms_mv": 0.0904646590352058,
    "slow_vm_mv": -73.6371994018555,
    "specimen_id": 348592897,
    "stimulus_absolute_amplitude": 1370.00000233201,
    "stimulus_description": "C1SSFINEST150112[0]",
    "stimulus_duration": 0.002995,
    "stimulus_interval": 0.0,
    "stimulus_name": "Short Square",
    "stimulus_relative_amplitude": 13.7,
    "stimulus_start_time": 0.92,
    "stimulus_units": "pA",
    "sweep_number": 29,
    "vm_delta_mv": 0.261604309082031
  },
  {
    "bridge_balance_mohm": 21.7948722839355,
    "id": 396426690,
    "leak_pa": 0.0,
    "num_spikes": 11,
    "peak_deflection": 0.0,
    "post_noise_rms_mv": 0.0,
    "post_vm_mv": 0.0,
    "pre_noise_rms_mv": 0.0483932048082352,
    "pre_vm_mv": -74.3279190063477,
    "slow_noise_rms_mv": 0.0962703675031662,
    "slow_vm_mv": -74.3279190063477,
    "specimen_id": 348592897,
    "stimulus_absolute_amplitude": 800.000010681146,
    "stimulus_description": "C1RP25PR1S141203[0]",
    "stimulus_duration": 31.997495,
    "stimulus_interval": 0.0,
    "stimulus_name": "Ramp",
    "stimulus_relative_amplitude": 1.0,
    "stimulus_start_time": 0.9225,
    "stimulus_units": "pA",
    "sweep_number": 6,
    "vm_delta_mv": 0.0
  },
  {
    "bridge_balance_mohm": 21.7948722839355,
    "id": 396426610,
    "leak_pa": 0.0,
    "num_spikes": 0,
    "peak_deflection": 0.0,
    "post_noise_rms_mv": 0.0449218414723873,
    "post_vm_mv": -74.3641891479492,
    "pre_noise_rms_mv": 0.0452116318047047,
    "pre_vm_mv": -74.4191589355469,
    "slow_noise_rms_mv": 0.11449146270752,
    "slow_vm_mv": -74.4191589355469,
    "specimen_id": 348592897,
    "stimulus_absolute_amplitude": 1279.99999488537,
    "stimulus_description": "C1SSFINEST150112[0]",
    "stimulus_duration": 0.002995,
    "stimulus_interval": 0.0,
    "stimulus_name": "Short Square",
    "stimulus_relative_amplitude": 12.8,
    "stimulus_start_time": 0.92,
    "stimulus_units": "pA",
    "sweep_number": 23,
    "vm_delta_mv": 0.0549697875976562
  },
  {
    "bridge_balance_mohm": 21.7948722839355,
    "id": 396426730,
    "leak_pa": 0.0,
    "num_spikes": 0,
    "peak_deflection": 0.0,
    "post_noise_rms_mv": 0.0429978854954243,
    "post_vm_mv": -73.796272277832,
    "pre_noise_rms_mv": 0.0394594594836235,
    "pre_vm_mv": -73.7164764404297,
    "slow_noise_rms_mv": 0.103948123753071,
    "slow_vm_mv": -73.7164764404297,
    "specimen_id": 348592897,
    "stimulus_absolute_amplitude": 200.000002670286,
    "stimulus_description": "C1SSCOARSE150112[1]",
    "stimulus_duration": 0.002995,
    "stimulus_interval": 0.0,
    "stimulus_name": "Short Square",
    "stimulus_relative_amplitude": 1.0,
    "stimulus_start_time": 0.92,
    "stimulus_units": "pA",
    "sweep_number": 8,
    "vm_delta_mv": 0.0797958374023438
  },
  {
    "bridge_balance_mohm": 21.7948722839355,
    "id": 396426616,
    "leak_pa": 0.0,
    "num_spikes": 0,
    "peak_deflection": 0.0,
    "post_noise_rms_mv": 0.0395675152540207,
    "post_vm_mv": -73.9737701416016,
    "pre_noise_rms_mv": 0.0438841730356216,
    "pre_vm_mv": -74.0407180786133,
    "slow_noise_rms_mv": 0.0945250764489174,
    "slow_vm_mv": -74.0407180786133,
    "specimen_id": 348592897,
    "stimulus_absolute_amplitude": 1309.99999736758,
    "stimulus_description": "C1SSFINEST150112[0]",
    "stimulus_duration": 0.002995,
    "stimulus_interval": 0.0,
    "stimulus_name": "Short Square",
    "stimulus_relative_amplitude": 13.1,
    "stimulus_start_time": 0.92,
    "stimulus_units": "pA",
    "sweep_number": 26,
    "vm_delta_mv": 0.0669479370117188
  },
  {
    "bridge_balance_mohm": 21.7948722839355,
    "id": 396426612,
    "leak_pa": 0.0,
    "num_spikes": 0,
    "peak_deflection": 0.0,
    "post_noise_rms_mv": 0.0632484406232834,
    "post_vm_mv": -73.9578094482422,
    "pre_noise_rms_mv": 0.0368724428117275,
    "pre_vm_mv": -74.0083999633789,
    "slow_noise_rms_mv": 0.0937249809503555,
    "slow_vm_mv": -74.0083999633789,
    "specimen_id": 348592897,
    "stimulus_absolute_amplitude": 1289.99999571278,
    "stimulus_description": "C1SSFINEST150112[0]",
    "stimulus_duration": 0.002995,
    "stimulus_interval": 0.0,
    "stimulus_name": "Short Square",
    "stimulus_relative_amplitude": 12.9,
    "stimulus_start_time": 0.92,
    "stimulus_units": "pA",
    "sweep_number": 24,
    "vm_delta_mv": 0.0505905151367188
  },
  {
    "bridge_balance_mohm": 0.0,
    "id": 396426578,
    "leak_pa": 0.0,
    "num_spikes": 0,
    "peak_deflection": 0.0,
    "post_noise_rms_mv": 0.0,
    "post_vm_mv": 0.0,
    "pre_noise_rms_mv": 0.0,
    "pre_vm_mv": 0.0,
    "slow_noise_rms_mv": 0.0,
    "slow_vm_mv": 0.0,
    "specimen_id": 348592897,
    "stimulus_absolute_amplitude": 9.99999977648258,
    "stimulus_description": "EXTPSMOKET141203[0]",
    "stimulus_duration": 0.069995,
    "stimulus_interval": 0.05,
    "stimulus_name": "Test",
    "stimulus_relative_amplitude": 1.0,
    "stimulus_start_time": 0.03,
    "stimulus_units": "mV",
    "sweep_number": 0,
    "vm_delta_mv": 0.0
  },
  {
    "bridge_balance_mohm": 21.7948722839355,
    "id": 396426662,
    "leak_pa": 0.0,
    "num_spikes": 0,
    "peak_deflection": -64.15625,
    "post_noise_rms_mv": 0.0429137051105499,
    "post_vm_mv": -73.2254104614258,
    "pre_noise_rms_mv": 0.0410552807152271,
    "pre_vm_mv": -73.1594390869141,
    "slow_noise_rms_mv": 0.133535027503967,
    "slow_vm_mv": -73.1594390869141,
    "specimen_id": 348592897,
    "stimulus_absolute_amplitude": 50.0000006675716,
    "stimulus_description": "C1LSCOARSE150216[8]",
    "stimulus_duration": 0.999995,
    "stimulus_interval": 0.0,
    "stimulus_name": "Long Square",
    "stimulus_relative_amplitude": 1.0,
    "stimulus_start_time": 0.92,
    "stimulus_units": "pA",
    "sweep_number": 47,
    "vm_delta_mv": 0.0659713745117188
  },
  {
    "bridge_balance_mohm": 21.7948722839355,
    "id": 396426592,
    "leak_pa": 0.0,
    "num_spikes": 0,
    "peak_deflection": 0.0,
    "post_noise_rms_mv": 0.0414114072918892,
    "post_vm_mv": -73.2000427246094,
    "pre_noise_rms_mv": 0.0434559658169746,
    "pre_vm_mv": -73.1963348388672,
    "slow_noise_rms_mv": 0.091718964278698,
    "slow_vm_mv": -73.1963348388672,
    "specimen_id": 348592897,
    "stimulus_absolute_amplitude": 900.000018955183,
    "stimulus_description": "C1SSCOARSE150112[8]",
    "stimulus_duration": 0.002995,
    "stimulus_interval": 0.0,
    "stimulus_name": "Short Square",
    "stimulus_relative_amplitude": 1.0,
    "stimulus_start_time": 0.92,
    "stimulus_units": "pA",
    "sweep_number": 15,
    "vm_delta_mv": 0.0037078857421875
  },
  {
    "bridge_balance_mohm": 21.7948722839355,
    "id": 396426606,
    "leak_pa": 0.0,
    "num_spikes": 0,
    "peak_deflection": 0.0,
    "post_noise_rms_mv": 0.044593334197998,
    "post_vm_mv": -73.5564498901367,
    "pre_noise_rms_mv": 0.0487810634076595,
    "pre_vm_mv": -73.5780410766602,
    "slow_noise_rms_mv": 0.144874960184097,
    "slow_vm_mv": -73.5780410766602,
    "specimen_id": 348592897,
    "stimulus_absolute_amplitude": 1249.99999240316,
    "stimulus_description": "C1SSFINEST150112[0]",
    "stimulus_duration": 0.002995,
    "stimulus_interval": 0.0,
    "stimulus_name": "Short Square",
    "stimulus_relative_amplitude": 12.5,
    "stimulus_start_time": 0.92,
    "stimulus_units": "pA",
    "sweep_number": 21,
    "vm_delta_mv": 0.0215911865234375
  },
  {
    "bridge_balance_mohm": 21.7948722839355,
    "id": 396426680,
    "leak_pa": 0.0,
    "num_spikes": 15,
    "peak_deflection": 0.0,
    "post_noise_rms_mv": 0.037210077047348,
    "post_vm_mv": -73.7797927856445,
    "pre_noise_rms_mv": 0.039345346391201,
    "pre_vm_mv": -73.7025680541992,
    "slow_noise_rms_mv": 0.121180430054665,
    "slow_vm_mv": -73.7025680541992,
    "specimen_id": 348592897,
    "stimulus_absolute_amplitude": 210.00000349769,
    "stimulus_description": "C1LSCOARSE150216[16]",
    "stimulus_duration": 0.999995,
    "stimulus_interval": 0.0,
    "stimulus_name": "Long Square",
    "stimulus_relative_amplitude": 1.0,
    "stimulus_start_time": 0.92,
    "stimulus_units": "pA",
    "sweep_number": 55,
    "vm_delta_mv": 0.0772247314453125
  },
  {
    "bridge_balance_mohm": 21.7948722839355,
    "id": 396426604,
    "leak_pa": 0.0,
    "num_spikes": 1,
    "peak_deflection": 0.0,
    "post_noise_rms_mv": 0.0391135364770889,
    "post_vm_mv": -73.5154190063477,
    "pre_noise_rms_mv": 0.0388488583266735,
    "pre_vm_mv": -73.3986206054688,
    "slow_noise_rms_mv": 0.115148685872555,
    "slow_vm_mv": -73.3986206054688,
    "specimen_id": 348592897,
    "stimulus_absolute_amplitude": 1400.00000481422,
    "stimulus_description": "C1SSCOARSE150112[13]",
    "stimulus_duration": 0.002995,
    "stimulus_interval": 0.0,
    "stimulus_name": "Short Square",
    "stimulus_relative_amplitude": 1.0,
    "stimulus_start_time": 0.92,
    "stimulus_units": "pA",
    "sweep_number": 20,
    "vm_delta_mv": 0.116798400878906
  },
  {
    "bridge_balance_mohm": 21.7948722839355,
    "id": 396426628,
    "leak_pa": 0.0,
    "num_spikes": 0,
    "peak_deflection": 0.0,
    "post_noise_rms_mv": 0.0394416265189648,
    "post_vm_mv": -74.3357086181641,
    "pre_noise_rms_mv": 0.0415346100926399,
    "pre_vm_mv": -74.3380355834961,
    "slow_noise_rms_mv": 0.0907922238111496,
    "slow_vm_mv": -74.3380355834961,
    "specimen_id": 348592897,
    "stimulus_absolute_amplitude": 1390.00000398681,
    "stimulus_description": "C1SSFINEST150112[0]",
    "stimulus_duration": 0.002995,
    "stimulus_interval": 0.0,
    "stimulus_name": "Short Square",
    "stimulus_relative_amplitude": 13.9,
    "stimulus_start_time": 0.92,
    "stimulus_units": "pA",
    "sweep_number": 31,
    "vm_delta_mv": 0.00232696533203125
  },
  {
    "bridge_balance_mohm": 21.7948722839355,
    "id": 396426636,
    "leak_pa": 0.0,
    "num_spikes": 1,
    "peak_deflection": 0.0,
    "post_noise_rms_mv": 0.0392138287425041,
    "post_vm_mv": -72.9841766357422,
    "pre_noise_rms_mv": 0.0451963655650616,
    "pre_vm_mv": -73.6217956542969,
    "slow_noise_rms_mv": 0.113673433661461,
    "slow_vm_mv": -73.6217956542969,
    "specimen_id": 348592897,
    "stimulus_absolute_amplitude": 1420.00000646902,
    "stimulus_description": "C1SSFINEST150112[0]",
    "stimulus_duration": 0.002995,
    "stimulus_interval": 0.0,
    "stimulus_name": "Short Square",
    "stimulus_relative_amplitude": 14.2,
    "stimulus_start_time": 0.92,
    "stimulus_units": "pA",
    "sweep_number": 35,
    "vm_delta_mv": 0.637619018554688
  },
  {
    "bridge_balance_mohm": 0.0,
    "id": 396426624,
    "leak_pa": 0.0,
    "num_spikes": 0,
    "peak_deflection": 0.0,
    "post_noise_rms_mv": 0.0,
    "post_vm_mv": 0.0,
    "pre_noise_rms_mv": 0.0,
    "pre_vm_mv": 0.0,
    "slow_noise_rms_mv": 0.0,
    "slow_vm_mv": 0.0,
    "specimen_id": 348592897,
    "stimulus_absolute_amplitude": 9.99999977648258,
    "stimulus_description": "EXTPBREAKN141203[0]",
    "stimulus_duration": 0.069995,
    "stimulus_interval": 0.05,
    "stimulus_name": "Test",
    "stimulus_relative_amplitude": 1.0,
    "stimulus_start_time": 0.03,
    "stimulus_units": "mV",
    "sweep_number": 3,
    "vm_delta_mv": 0.0
  },
  {
    "bridge_balance_mohm": 0.0,
    "id": 396426602,
    "leak_pa": 0.0,
    "num_spikes": 0,
    "peak_deflection": 0.0,
    "post_noise_rms_mv": 0.0,
    "post_vm_mv": 0.0,
    "pre_noise_rms_mv": 0.0,
    "pre_vm_mv": 0.0,
    "slow_noise_rms_mv": 0.0,
    "slow_vm_mv": 0.0,
    "specimen_id": 348592897,
    "stimulus_absolute_amplitude": 9.99999977648258,
    "stimulus_description": "EXTPCllATT141203[0]",
    "stimulus_duration": 0.069995,
    "stimulus_interval": 0.05,
    "stimulus_name": "Test",
    "stimulus_relative_amplitude": 1.0,
    "stimulus_start_time": 0.03,
    "stimulus_units": "mV",
    "sweep_number": 2,
    "vm_delta_mv": 0.0
  },
  {
    "bridge_balance_mohm": 21.7948722839355,
    "id": 396426642,
    "leak_pa": 0.0,
    "num_spikes": 0,
    "peak_deflection": 0.0,
    "post_noise_rms_mv": 0.0462049730122089,
    "post_vm_mv": -73.5225448608398,
    "pre_noise_rms_mv": 0.0395757891237736,
    "pre_vm_mv": -73.7466735839844,
    "slow_noise_rms_mv": 0.139928549528122,
    "slow_vm_mv": -73.7466735839844,
    "specimen_id": 348592897,
    "stimulus_absolute_amplitude": 1420.00000646902,
    "stimulus_description": "C1SSFINEST150112[0]",
    "stimulus_duration": 0.002995,
    "stimulus_interval": 0.0,
    "stimulus_name": "Short Square",
    "stimulus_relative_amplitude": 14.2,
    "stimulus_start_time": 0.92,
    "stimulus_units": "pA",
    "sweep_number": 38,
    "vm_delta_mv": 0.224128723144531
  },
  {
    "bridge_balance_mohm": 21.7948722839355,
    "id": 396426638,
    "leak_pa": 0.0,
    "num_spikes": 1,
    "peak_deflection": 0.0,
    "post_noise_rms_mv": 0.0385980382561684,
    "post_vm_mv": -73.6337127685547,
    "pre_noise_rms_mv": 0.037394817918539,
    "pre_vm_mv": -73.3349380493164,
    "slow_noise_rms_mv": 0.121007569134235,
    "slow_vm_mv": -73.3349380493164,
    "specimen_id": 348592897,
    "stimulus_absolute_amplitude": 1420.00000646902,
    "stimulus_description": "C1SSFINEST150112[0]",
    "stimulus_duration": 0.002995,
    "stimulus_interval": 0.0,
    "stimulus_name": "Short Square",
    "stimulus_relative_amplitude": 14.2,
    "stimulus_start_time": 0.92,
    "stimulus_units": "pA",
    "sweep_number": 36,
    "vm_delta_mv": 0.298774719238281
  },
  {
    "bridge_balance_mohm": 21.7948722839355,
    "id": 396426632,
    "leak_pa": 0.0,
    "num_spikes": 0,
    "peak_deflection": 0.0,
    "post_noise_rms_mv": 0.0368432700634003,
    "post_vm_mv": -73.7270278930664,
    "pre_noise_rms_mv": 0.0452263355255127,
    "pre_vm_mv": -73.6252899169922,
    "slow_noise_rms_mv": 0.19184122979641,
    "slow_vm_mv": -73.6252899169922,
    "specimen_id": 348592897,
    "stimulus_absolute_amplitude": 1410.00000564162,
    "stimulus_description": "C1SSFINEST150112[0]",
    "stimulus_duration": 0.002995,
    "stimulus_interval": 0.0,
    "stimulus_name": "Short Square",
    "stimulus_relative_amplitude": 14.1,
    "stimulus_start_time": 0.92,
    "stimulus_units": "pA",
    "sweep_number": 33,
    "vm_delta_mv": 0.101737976074219
  },
  {
    "bridge_balance_mohm": 21.7948722839355,
    "id": 396426584,
    "leak_pa": 0.0,
    "num_spikes": 0,
    "peak_deflection": 0.0,
    "post_noise_rms_mv": 0.040420439094305,
    "post_vm_mv": -73.7681274414062,
    "pre_noise_rms_mv": 0.0402216464281082,
    "pre_vm_mv": -73.6640701293945,
    "slow_noise_rms_mv": 0.116588748991489,
    "slow_vm_mv": -73.6640701293945,
    "specimen_id": 348592897,
    "stimulus_absolute_amplitude": 499.999985859034,
    "stimulus_description": "C1SSCOARSE150112[4]",
    "stimulus_duration": 0.002995,
    "stimulus_interval": 0.0,
    "stimulus_name": "Short Square",
    "stimulus_relative_amplitude": 1.0,
    "stimulus_start_time": 0.92,
    "stimulus_units": "pA",
    "sweep_number": 11,
    "vm_delta_mv": 0.104057312011719
  },
  {
    "bridge_balance_mohm": 21.7948722839355,
    "id": 396426732,
    "leak_pa": 0.0,
    "num_spikes": 0,
    "peak_deflection": 0.0,
    "post_noise_rms_mv": 0.0369702838361263,
    "post_vm_mv": -73.3523559570312,
    "pre_noise_rms_mv": 0.0382283739745617,
    "pre_vm_mv": -73.4257888793945,
    "slow_noise_rms_mv": 0.101141363382339,
    "slow_vm_mv": -73.4257888793945,
    "specimen_id": 348592897,
    "stimulus_absolute_amplitude": 299.999997066536,
    "stimulus_description": "C1SSCOARSE150112[2]",
    "stimulus_duration": 0.002995,
    "stimulus_interval": 0.0,
    "stimulus_name": "Short Square",
    "stimulus_relative_amplitude": 1.0,
    "stimulus_start_time": 0.92,
    "stimulus_units": "pA",
    "sweep_number": 9,
    "vm_delta_mv": 0.0734329223632812
  },
  {
    "bridge_balance_mohm": 21.7948722839355,
    "id": 396426634,
    "leak_pa": 0.0,
    "num_spikes": 1,
    "peak_deflection": 0.0,
    "post_noise_rms_mv": 0.0418933741748333,
    "post_vm_mv": -73.6831283569336,
    "pre_noise_rms_mv": 0.0482990965247154,
    "pre_vm_mv": -73.5023574829102,
    "slow_noise_rms_mv": 0.363411664962769,
    "slow_vm_mv": -73.5023574829102,
    "specimen_id": 348592897,
    "stimulus_absolute_amplitude": 1420.00000646902,
    "stimulus_description": "C1SSFINEST150112[0]",
    "stimulus_duration": 0.002995,
    "stimulus_interval": 0.0,
    "stimulus_name": "Short Square",
    "stimulus_relative_amplitude": 14.2,
    "stimulus_start_time": 0.92,
    "stimulus_units": "pA",
    "sweep_number": 34,
    "vm_delta_mv": 0.180770874023438
  },
  {
    "bridge_balance_mohm": 21.7948722839355,
    "id": 396426588,
    "leak_pa": 0.0,
    "num_spikes": 0,
    "peak_deflection": 0.0,
    "post_noise_rms_mv": 0.0451861247420311,
    "post_vm_mv": -73.3774185180664,
    "pre_noise_rms_mv": 0.0415754318237305,
    "pre_vm_mv": -73.5769577026367,
    "slow_noise_rms_mv": 0.112465605139732,
    "slow_vm_mv": -73.5769577026367,
    "specimen_id": 348592897,
    "stimulus_absolute_amplitude": 700.000002407108,
    "stimulus_description": "C1SSCOARSE150112[6]",
    "stimulus_duration": 0.002995,
    "stimulus_interval": 0.0,
    "stimulus_name": "Short Square",
    "stimulus_relative_amplitude": 1.0,
    "stimulus_start_time": 0.92,
    "stimulus_units": "pA",
    "sweep_number": 13,
    "vm_delta_mv": 0.199539184570312
  },
  {
    "bridge_balance_mohm": 21.7948722839355,
    "id": 396426668,
    "leak_pa": 0.0,
    "num_spikes": 10,
    "peak_deflection": 0.0,
    "post_noise_rms_mv": 0.0,
    "post_vm_mv": 0.0,
    "pre_noise_rms_mv": 0.0368705652654171,
    "pre_vm_mv": -74.3061294555664,
    "slow_noise_rms_mv": 0.0812717601656914,
    "slow_vm_mv": -74.3061294555664,
    "specimen_id": 348592897,
    "stimulus_absolute_amplitude": 800.000010681146,
    "stimulus_description": "C1RP25PR1S141203[0]",
    "stimulus_duration": 31.997495,
    "stimulus_interval": 0.0,
    "stimulus_name": "Ramp",
    "stimulus_relative_amplitude": 1.0,
    "stimulus_start_time": 0.9225,
    "stimulus_units": "pA",
    "sweep_number": 5,
    "vm_delta_mv": 0.0
  },
  {
    "bridge_balance_mohm": 21.7948722839355,
    "id": 396426670,
    "leak_pa": 0.0,
    "num_spikes": 0,
    "peak_deflection": -42.5,
    "post_noise_rms_mv": 0.0387667492032051,
    "post_vm_mv": -74.034309387207,
    "pre_noise_rms_mv": 0.0402492620050907,
    "pre_vm_mv": -73.2841567993164,
    "slow_noise_rms_mv": 0.0933080837130547,
    "slow_vm_mv": -73.2841567993164,
    "specimen_id": 348592897,
    "stimulus_absolute_amplitude": 110.000002162547,
    "stimulus_description": "C1LSCOARSE150216[11]",
    "stimulus_duration": 0.999995,
    "stimulus_interval": 0.0,
    "stimulus_name": "Long Square",
    "stimulus_relative_amplitude": 1.0,
    "stimulus_start_time": 0.92,
    "stimulus_units": "pA",
    "sweep_number": 50,
    "vm_delta_mv": 0.750152587890625
  }
]