{
  "passive": [
    {
      "ra": 58.48, 
      "cm": [
        {
          "section": "soma", 
          "cm": 1.0
        }, 
        {
          "section": "axon", 
          "cm": 1.0
        }, 
        {
          "section": "apic", 
          "cm": 1.91
        }, 
        {
          "section": "dend", 
          "cm": 1.91
        }
      ], 
      "e_pas": -81.33479309082031
    }
  ], 
  "axon_morph": [
    {
      "delete_axon": [
        "forsec axonal{delete_section()}", 
        "  create axon[2]", 
        "  axon[0]{", 
        "    L= 30", 
        "    diam = 1", 
        "    nseg = 1+2*int(L/40)", 
        "    all.append()", 
        "    axonal.append()", 
        "  }", 
        "  axon[1]{", 
        "    L= 30", 
        "    diam = 1", 
        "    nseg = 1+2*int(L/40)", 
        "    all.append()", 
        "    axonal.append()", 
        "  }", 
        "", 
        "nSecAxonal = 2", 
        "connect axon(0), soma(0.5)", 
        "connect axon[1](0), axon[0](1) ", 
        "access soma"
      ], 
      "setup_line": "create soma[1], dend[1], apic[1], axon[1]"
    }
  ], 
  "fitting": [
    {
      "junction_potential": -14.0, 
      "sweeps": [
        41
      ]
    }
  ], 
  "conditions": [
    {
      "celsius": 34.0, 
      "erev": [
        {
          "ena": 53.0, 
          "section": "soma", 
          "ek": -107.0
        }
      ], 
      "v_init": -81.33479309082031
    }
  ], 
  "genome": [
    {
      "value": 0.0011779734246500002, 
      "section": "soma", 
      "name": "gbar_Im", 
      "mechanism": "Im"
    }, 
    {
      "value": 0.00055843909722100001, 
      "section": "soma", 
      "name": "gbar_Ih", 
      "mechanism": "Ih"
    }, 
    {
      "value": 0.48248198073700005, 
      "section": "soma", 
      "name": "gbar_NaTs", 
      "mechanism": "NaTs"
    }, 
    {
      "value": 0.00043322419087100001, 
      "section": "soma", 
      "name": "gbar_Nap", 
      "mechanism": "Nap"
    }, 
    {
      "value": 0.0073720024543199999, 
      "section": "soma", 
      "name": "gbar_K_P", 
      "mechanism": "K_P"
    }, 
    {
      "value": 0.00018783299591299999, 
      "section": "soma", 
      "name": "gbar_K_T", 
      "mechanism": "K_T"
    }, 
    {
      "value": 0.00025635025468400004, 
      "section": "soma", 
      "name": "gbar_SK", 
      "mechanism": "SK"
    }, 
    {
      "value": 0.138371096986, 
      "section": "soma", 
      "name": "gbar_Kv3_1", 
      "mechanism": "Kv3_1"
    }, 
    {
      "value": 0.00046307015435900002, 
      "section": "soma", 
      "name": "gbar_Ca_HVA", 
      "mechanism": "Ca_HVA"
    }, 
    {
      "value": 0.0089729662376800013, 
      "section": "soma", 
      "name": "gbar_Ca_LVA", 
      "mechanism": "Ca_LVA"
    }, 
    {
      "value": 0.00088473310948299999, 
      "section": "soma", 
      "name": "gamma_CaDynamics", 
      "mechanism": "CaDynamics"
    }, 
    {
      "value": 764.19446233500003, 
      "section": "soma", 
      "name": "decay_CaDynamics", 
      "mechanism": "CaDynamics"
    }, 
    {
      "value": 0.00012511378483899999, 
      "section": "soma", 
      "name": "g_pas", 
      "mechanism": ""
    }, 
    {
      "value": 0.00069726781551800003, 
      "section": "axon", 
      "name": "g_pas", 
      "mechanism": ""
    }, 
    {
      "value": 0.00017009291424899999, 
      "section": "dend", 
      "name": "g_pas", 
      "mechanism": ""
    }, 
    {
      "value": 0.00047008543233199998, 
      "section": "apic", 
      "name": "g_pas", 
      "mechanism": ""
    }
  ]
}