[
  {
    "bridge_balance_mohm": 13.3699626922607,
    "id": 396326213,
    "leak_pa": 0.0,
    "num_spikes": 0,
    "peak_deflection": -72.03125,
    "post_noise_rms_mv": 0.042103186249733,
    "post_vm_mv": -66.667366027832,
    "pre_noise_rms_mv": 0.0391541868448257,
    "pre_vm_mv": -66.4594879150391,
    "slow_noise_rms_mv": 0.255956202745438,
    "slow_vm_mv": -66.4594879150391,
    "specimen_id": 320207387,
    "stimulus_absolute_amplitude": -29.9999990127642,
    "stimulus_description": "C1LSCOARSE141203[4]",
    "stimulus_duration": 0.999995,
    "stimulus_interval": 0.0,
    "stimulus_name": "Long Square",
    "stimulus_relative_amplitude": 1.0,
    "stimulus_start_time": 0.92,
    "stimulus_units": "pA",
    "sweep_number": 27,
    "vm_delta_mv": 0.207878112792969
  },
  {
    "bridge_balance_mohm": 13.3699626922607,
    "id": 396326408,
    "leak_pa": 0.0,
    "num_spikes": 3,
    "peak_deflection": 0.0,
    "post_noise_rms_mv": 0.0366530120372772,
    "post_vm_mv": -67.9387893676758,
    "pre_noise_rms_mv": 0.0384453646838665,
    "pre_vm_mv": -67.792839050293,
    "slow_noise_rms_mv": 0.257829457521439,
    "slow_vm_mv": -67.792839050293,
    "specimen_id": 320207387,
    "stimulus_absolute_amplitude": 559.999990823457,
    "stimulus_description": "C2SSTRIPLE141203[5]",
    "stimulus_duration": 0.056995,
    "stimulus_interval": 0.024,
    "stimulus_name": "Short Square - Triple",
    "stimulus_relative_amplitude": 5.6,
    "stimulus_start_time": 1.92,
    "stimulus_units": "pA",
    "sweep_number": 84,
    "vm_delta_mv": 0.145950317382812
  },
  {
    "bridge_balance_mohm": 13.3699626922607,
    "id": 396326458,
    "leak_pa": 0.0,
    "num_spikes": 3,
    "peak_deflection": 0.0,
    "post_noise_rms_mv": 0.0390683561563492,
    "post_vm_mv": -67.2290420532227,
    "pre_noise_rms_mv": 0.0313231274485588,
    "pre_vm_mv": -67.2386779785156,
    "slow_noise_rms_mv": 0.356437236070633,
    "slow_vm_mv": -67.2386779785156,
    "specimen_id": 320207387,
    "stimulus_absolute_amplitude": 559.999990823457,
    "stimulus_description": "C2SSTRIPLE141203[4]",
    "stimulus_duration": 0.048995,
    "stimulus_interval": 0.02,
    "stimulus_name": "Short Square - Triple",
    "stimulus_relative_amplitude": 5.6,
    "stimulus_start_time": 1.92,
    "stimulus_units": "pA",
    "sweep_number": 91,
    "vm_delta_mv": 0.00963592529296875
  },
  {
    "bridge_balance_mohm": 13.3699626922607,
    "id": 396326396,
    "leak_pa": 0.0,
    "num_spikes": 3,
    "peak_deflection": 0.0,
    "post_noise_rms_mv": 0.032444529235363,
    "post_vm_mv": -68.60205078125,
    "pre_noise_rms_mv": 0.0421098917722702,
    "pre_vm_mv": -67.7750930786133,
    "slow_noise_rms_mv": 0.38838717341423,
    "slow_vm_mv": -67.7750930786133,
    "specimen_id": 320207387,
    "stimulus_absolute_amplitude": 559.999990823457,
    "stimulus_description": "C2SSTRIPLE141203[0]",
    "stimulus_duration": 0.016995,
    "stimulus_interval": 0.004,
    "stimulus_name": "Short Square - Triple",
    "stimulus_relative_amplitude": 5.6,
    "stimulus_start_time": 1.92,
    "stimulus_units": "pA",
    "sweep_number": 79,
    "vm_delta_mv": 0.826957702636719
  },
  {
    "bridge_balance_mohm": 13.3699626922607,
    "id": 396326355,
    "leak_pa": 0.0,
    "num_spikes": 3,
    "peak_deflection": 0.0,
    "post_noise_rms_mv": 0.0418874844908714,
    "post_vm_mv": -68.5215759277344,
    "pre_noise_rms_mv": 0.0464444868266582,
    "pre_vm_mv": -67.8524780273438,
    "slow_noise_rms_mv": 0.298699617385864,
    "slow_vm_mv": -67.8524780273438,
    "specimen_id": 320207387,
    "stimulus_absolute_amplitude": 249.999992929517,
    "stimulus_description": "C2SQRHELNG141203[0]",
    "stimulus_duration": 1.999995,
    "stimulus_interval": 0.0,
    "stimulus_name": "Square - 2s Suprathreshold",
    "stimulus_relative_amplitude": 2.5,
    "stimulus_start_time": 0.92,
    "stimulus_units": "pA",
    "sweep_number": 62,
    "vm_delta_mv": 0.669097900390625
  },
  {
    "bridge_balance_mohm": 13.3699626922607,
    "id": 396326341,
    "leak_pa": 0.0,
    "num_spikes": 1,
    "peak_deflection": 0.0,
    "post_noise_rms_mv": 0.0355910249054432,
    "post_vm_mv": -67.9607086181641,
    "pre_noise_rms_mv": 0.0407330207526684,
    "pre_vm_mv": -67.6261672973633,
    "slow_noise_rms_mv": 0.161504507064819,
    "slow_vm_mv": -67.6261672973633,
    "specimen_id": 320207387,
    "stimulus_absolute_amplitude": 210.00000349769,
    "stimulus_description": "C2SQRHELNG141203[0]",
    "stimulus_duration": 1.999995,
    "stimulus_interval": 0.0,
    "stimulus_name": "Square - 2s Suprathreshold",
    "stimulus_relative_amplitude": 2.1,
    "stimulus_start_time": 0.92,
    "stimulus_units": "pA",
    "sweep_number": 59,
    "vm_delta_mv": 0.334541320800781
  },
  {
    "bridge_balance_mohm": 13.3699626922607,
    "id": 396326293,
    "leak_pa": 0.0,
    "num_spikes": 70,
    "peak_deflection": 0.0,
    "post_noise_rms_mv": 0.0365162156522274,
    "post_vm_mv": -69.9603576660156,
    "pre_noise_rms_mv": 0.0467135719954967,
    "pre_vm_mv": -68.1677322387695,
    "slow_noise_rms_mv": 0.130735635757446,
    "slow_vm_mv": -68.1677322387695,
    "specimen_id": 320207387,
    "stimulus_absolute_amplitude": 486.749973660494,
    "stimulus_description": "C1NSSEED_1141203[0]",
    "stimulus_duration": 18.999995,
    "stimulus_interval": 5.0,
    "stimulus_name": "Noise 1",
    "stimulus_relative_amplitude": 2.1,
    "stimulus_start_time": 1.92,
    "stimulus_units": "pA",
    "sweep_number": 53,
    "vm_delta_mv": 1.79262542724609
  },
  {
    "bridge_balance_mohm": 13.3699626922607,
    "id": 396326435,
    "leak_pa": 0.0,
    "num_spikes": 3,
    "peak_deflection": 0.0,
    "post_noise_rms_mv": 0.0362394973635674,
    "post_vm_mv": -67.4784164428711,
    "pre_noise_rms_mv": 0.0390955209732056,
    "pre_vm_mv": -67.6804428100586,
    "slow_noise_rms_mv": 0.455527156591415,
    "slow_vm_mv": -67.6804428100586,
    "specimen_id": 320207387,
    "stimulus_absolute_amplitude": 559.999990823457,
    "stimulus_description": "C2SSTRIPLE141203[6]",
    "stimulus_duration": 0.064995,
    "stimulus_interval": 0.028,
    "stimulus_name": "Short Square - Triple",
    "stimulus_relative_amplitude": 5.6,
    "stimulus_start_time": 1.92,
    "stimulus_units": "pA",
    "sweep_number": 85,
    "vm_delta_mv": 0.2020263671875
  },
  {
    "bridge_balance_mohm": 13.3699626922607,
    "id": 396326357,
    "leak_pa": 0.0,
    "num_spikes": 3,
    "peak_deflection": 0.0,
    "post_noise_rms_mv": 0.0352746471762657,
    "post_vm_mv": -68.56494140625,
    "pre_noise_rms_mv": 0.0408475063741207,
    "pre_vm_mv": -67.9874877929688,
    "slow_noise_rms_mv": 0.287089377641678,
    "slow_vm_mv": -67.9874877929688,
    "specimen_id": 320207387,
    "stimulus_absolute_amplitude": 249.999992929517,
    "stimulus_description": "C2SQRHELNG141203[0]",
    "stimulus_duration": 1.999995,
    "stimulus_interval": 0.0,
    "stimulus_name": "Square - 2s Suprathreshold",
    "stimulus_relative_amplitude": 2.5,
    "stimulus_start_time": 0.92,
    "stimulus_units": "pA",
    "sweep_number": 63,
    "vm_delta_mv": 0.57745361328125
  },
  {
    "bridge_balance_mohm": 13.3699626922607,
    "id": 396326242,
    "leak_pa": 0.0,
    "num_spikes": 0,
    "peak_deflection": -42.96875,
    "post_noise_rms_mv": 0.0441706068813801,
    "post_vm_mv": -67.6979370117188,
    "pre_noise_rms_mv": 0.0399465598165989,
    "pre_vm_mv": -67.7538604736328,
    "slow_noise_rms_mv": 0.162946462631226,
    "slow_vm_mv": -67.7538604736328,
    "specimen_id": 320207387,
    "stimulus_absolute_amplitude": 149.999998533268,
    "stimulus_description": "C1LSCOARSE141203[13]",
    "stimulus_duration": 0.999995,
    "stimulus_interval": 0.0,
    "stimulus_name": "Long Square",
    "stimulus_relative_amplitude": 1.0,
    "stimulus_start_time": 0.92,
    "stimulus_units": "pA",
    "sweep_number": 36,
    "vm_delta_mv": 0.0559234619140625
  },
  {
    "bridge_balance_mohm": 13.3699626922607,
    "id": 396326333,
    "leak_pa": 0.0,
    "num_spikes": 0,
    "peak_deflection": 0.0,
    "post_noise_rms_mv": 0.0391719415783882,
    "post_vm_mv": -68.0919570922852,
    "pre_noise_rms_mv": 0.0348753407597542,
    "pre_vm_mv": -68.3236770629883,
    "slow_noise_rms_mv": 0.215316131711006,
    "slow_vm_mv": -68.3236770629883,
    "specimen_id": 320207387,
    "stimulus_absolute_amplitude": -200.000002670286,
    "stimulus_description": "C1SQCAPCHK141203[0]",
    "stimulus_duration": 7.819995,
    "stimulus_interval": 0.2,
    "stimulus_name": "Square - 0.5ms Subthreshold",
    "stimulus_relative_amplitude": 1.0,
    "stimulus_start_time": 0.12,
    "stimulus_units": "pA",
    "sweep_number": 57,
    "vm_delta_mv": 0.231719970703125
  },
  {
    "bridge_balance_mohm": 13.3699626922607,
    "id": 396326227,
    "leak_pa": 0.0,
    "num_spikes": 0,
    "peak_deflection": -61.625,
    "post_noise_rms_mv": 0.0384355895221233,
    "post_vm_mv": -66.9697113037109,
    "pre_noise_rms_mv": 0.0394212417304516,
    "pre_vm_mv": -66.8695297241211,
    "slow_noise_rms_mv": 0.17094124853611,
    "slow_vm_mv": -66.8695297241211,
    "specimen_id": 320207387,
    "stimulus_absolute_amplitude": 29.9999990127642,
    "stimulus_description": "C1LSCOARSE141203[7]",
    "stimulus_duration": 0.999995,
    "stimulus_interval": 0.0,
    "stimulus_name": "Long Square",
    "stimulus_relative_amplitude": 1.0,
    "stimulus_start_time": 0.92,
    "stimulus_units": "pA",
    "sweep_number": 30,
    "vm_delta_mv": 0.100181579589844
  },
  {
    "bridge_balance_mohm": 13.3699626922607,
    "id": 396326463,
    "leak_pa": 0.0,
    "num_spikes": 3,
    "peak_deflection": 0.0,
    "post_noise_rms_mv": 0.0393010266125202,
    "post_vm_mv": -67.6985626220703,
    "pre_noise_rms_mv": 0.0365386940538883,
    "pre_vm_mv": -67.4278335571289,
    "slow_noise_rms_mv": 0.239945843815804,
    "slow_vm_mv": -67.4278335571289,
    "specimen_id": 320207387,
    "stimulus_absolute_amplitude": 559.999990823457,
    "stimulus_description": "C2SSTRIPLE141203[5]",
    "stimulus_duration": 0.056995,
    "stimulus_interval": 0.024,
    "stimulus_name": "Short Square - Triple",
    "stimulus_relative_amplitude": 5.6,
    "stimulus_start_time": 1.92,
    "stimulus_units": "pA",
    "sweep_number": 92,
    "vm_delta_mv": 0.270729064941406
  },
  {
    "bridge_balance_mohm": 13.3699626922607,
    "id": 396326277,
    "leak_pa": 0.0,
    "num_spikes": 0,
    "peak_deflection": -40.8125,
    "post_noise_rms_mv": 0.0427164323627949,
    "post_vm_mv": -68.5002136230469,
    "pre_noise_rms_mv": 0.0447402708232403,
    "pre_vm_mv": -68.5067977905273,
    "slow_noise_rms_mv": 0.263177931308746,
    "slow_vm_mv": -68.5067977905273,
    "specimen_id": 320207387,
    "stimulus_absolute_amplitude": 200.000002670286,
    "stimulus_description": "C1LSFINEST141203[0]",
    "stimulus_duration": 0.999995,
    "stimulus_interval": 0.0,
    "stimulus_name": "Long Square",
    "stimulus_relative_amplitude": 2.0,
    "stimulus_start_time": 0.92,
    "stimulus_units": "pA",
    "sweep_number": 49,
    "vm_delta_mv": 0.00658416748046875
  },
  {
    "bridge_balance_mohm": 13.3699626922607,
    "id": 396326370,
    "leak_pa": 0.0,
    "num_spikes": 14,
    "peak_deflection": 0.0,
    "post_noise_rms_mv": 0.0389403700828552,
    "post_vm_mv": -69.2368774414062,
    "pre_noise_rms_mv": 0.0359132699668407,
    "pre_vm_mv": -68.4139938354492,
    "slow_noise_rms_mv": 0.146646693348885,
    "slow_vm_mv": -68.4139938354492,
    "specimen_id": 320207387,
    "stimulus_absolute_amplitude": 289.999996239132,
    "stimulus_description": "C2SQRHELNG141203[0]",
    "stimulus_duration": 1.999995,
    "stimulus_interval": 0.0,
    "stimulus_name": "Square - 2s Suprathreshold",
    "stimulus_relative_amplitude": 2.9,
    "stimulus_start_time": 0.92,
    "stimulus_units": "pA",
    "sweep_number": 67,
    "vm_delta_mv": 0.822883605957031
  },
  {
    "bridge_balance_mohm": 13.3699626922607,
    "id": 396326263,
    "leak_pa": 0.0,
    "num_spikes": 0,
    "peak_deflection": -47.03125,
    "post_noise_rms_mv": 0.0416796877980232,
    "post_vm_mv": -67.8947296142578,
    "pre_noise_rms_mv": 0.0392168276011944,
    "pre_vm_mv": -67.9907073974609,
    "slow_noise_rms_mv": 0.141524747014046,
    "slow_vm_mv": -67.9907073974609,
    "specimen_id": 320207387,
    "stimulus_absolute_amplitude": 159.999999360672,
    "stimulus_description": "C1LSFINEST141203[0]",
    "stimulus_duration": 0.999995,
    "stimulus_interval": 0.0,
    "stimulus_name": "Long Square",
    "stimulus_relative_amplitude": 1.6,
    "stimulus_start_time": 0.92,
    "stimulus_units": "pA",
    "sweep_number": 45,
    "vm_delta_mv": 0.095977783203125
  },
  {
    "bridge_balance_mohm": 13.3699626922607,
    "id": 396326398,
    "leak_pa": 0.0,
    "num_spikes": 0,
    "peak_deflection": 0.0,
    "post_noise_rms_mv": 0.0445535071194172,
    "post_vm_mv": -67.7288131713867,
    "pre_noise_rms_mv": 0.0429102331399918,
    "pre_vm_mv": -68.3617477416992,
    "slow_noise_rms_mv": 0.236164703965187,
    "slow_vm_mv": -68.3617477416992,
    "specimen_id": 320207387,
    "stimulus_absolute_amplitude": 200.000002670286,
    "stimulus_description": "C1SSCOARSE141203[1]",
    "stimulus_duration": 0.002995,
    "stimulus_interval": 0.0,
    "stimulus_name": "Short Square",
    "stimulus_relative_amplitude": 1.0,
    "stimulus_start_time": 0.92,
    "stimulus_units": "pA",
    "sweep_number": 8,
    "vm_delta_mv": 0.6329345703125
  },
  {
    "bridge_balance_mohm": 13.3699626922607,
    "id": 396326363,
    "leak_pa": 0.0,
    "num_spikes": 11,
    "peak_deflection": 0.0,
    "post_noise_rms_mv": 0.0403084605932236,
    "post_vm_mv": -68.8590621948242,
    "pre_noise_rms_mv": 0.036569356918335,
    "pre_vm_mv": -68.3537063598633,
    "slow_noise_rms_mv": 0.229876279830933,
    "slow_vm_mv": -68.3537063598633,
    "specimen_id": 320207387,
    "stimulus_absolute_amplitude": 289.999996239132,
    "stimulus_description": "C2SQRHELNG141203[0]",
    "stimulus_duration": 1.999995,
    "stimulus_interval": 0.0,
    "stimulus_name": "Square - 2s Suprathreshold",
    "stimulus_relative_amplitude": 2.9,
    "stimulus_start_time": 0.92,
    "stimulus_units": "pA",
    "sweep_number": 65,
    "vm_delta_mv": 0.505355834960938
  },
  {
    "bridge_balance_mohm": 13.3699626922607,
    "id": 396326283,
    "leak_pa": 0.0,
    "num_spikes": 2,
    "peak_deflection": 0.0,
    "post_noise_rms_mv": 0.0403902120888233,
    "post_vm_mv": -68.3325805664062,
    "pre_noise_rms_mv": 0.0400343351066113,
    "pre_vm_mv": -68.2281265258789,
    "slow_noise_rms_mv": 0.210871070623398,
    "slow_vm_mv": -68.2281265258789,
    "specimen_id": 320207387,
    "stimulus_absolute_amplitude": 210.00000349769,
    "stimulus_description": "C1LSFINEST141203[0]",
    "stimulus_duration": 0.999995,
    "stimulus_interval": 0.0,
    "stimulus_name": "Long Square",
    "stimulus_relative_amplitude": 2.1,
    "stimulus_start_time": 0.92,
    "stimulus_units": "pA",
    "sweep_number": 50,
    "vm_delta_mv": 0.104454040527344
  },
  {
    "bridge_balance_mohm": 13.3699626922607,
    "id": 396326234,
    "leak_pa": 0.0,
    "num_spikes": 0,
    "peak_deflection": -55.4375,
    "post_noise_rms_mv": 0.0388864018023014,
    "post_vm_mv": -67.4575347900391,
    "pre_noise_rms_mv": 0.0404617041349411,
    "pre_vm_mv": -67.7409820556641,
    "slow_noise_rms_mv": 0.153536796569824,
    "slow_vm_mv": -67.7409820556641,
    "specimen_id": 320207387,
    "stimulus_absolute_amplitude": 69.9999988529321,
    "stimulus_description": "C1LSCOARSE141203[9]",
    "stimulus_duration": 0.999995,
    "stimulus_interval": 0.0,
    "stimulus_name": "Long Square",
    "stimulus_relative_amplitude": 1.0,
    "stimulus_start_time": 0.92,
    "stimulus_units": "pA",
    "sweep_number": 32,
    "vm_delta_mv": 0.283447265625
  },
  {
    "bridge_balance_mohm": 13.3699626922607,
    "id": 396326374,
    "leak_pa": 0.0,
    "num_spikes": 144,
    "peak_deflection": 0.0,
    "post_noise_rms_mv": 0.0386504158377647,
    "post_vm_mv": -71.5783462524414,
    "pre_noise_rms_mv": 0.0359275154769421,
    "pre_vm_mv": -68.8482284545898,
    "slow_noise_rms_mv": 0.248439148068428,
    "slow_vm_mv": -68.8482284545898,
    "specimen_id": 320207387,
    "stimulus_absolute_amplitude": 537.125011135231,
    "stimulus_description": "C2NSRMPRHE141203[0]",
    "stimulus_duration": 29.999985,
    "stimulus_interval": 5.0e-06,
    "stimulus_name": "Ramp to Rheobase",
    "stimulus_relative_amplitude": 2.1,
    "stimulus_start_time": 1.92001,
    "stimulus_units": "pA",
    "sweep_number": 69,
    "vm_delta_mv": 2.73011779785156
  },
  {
    "bridge_balance_mohm": 13.3699626922607,
    "id": 396326129,
    "leak_pa": 0.0,
    "num_spikes": 0,
    "peak_deflection": 0.0,
    "post_noise_rms_mv": 0.0346585959196091,
    "post_vm_mv": -66.497314453125,
    "pre_noise_rms_mv": 0.0419604182243347,
    "pre_vm_mv": -67.1663513183594,
    "slow_noise_rms_mv": 0.173442259430885,
    "slow_vm_mv": -67.1663513183594,
    "specimen_id": 320207387,
    "stimulus_absolute_amplitude": 400.000005340573,
    "stimulus_description": "C1SSCOARSE141203[3]",
    "stimulus_duration": 0.002995,
    "stimulus_interval": 0.0,
    "stimulus_name": "Short Square",
    "stimulus_relative_amplitude": 1.0,
    "stimulus_start_time": 0.92,
    "stimulus_units": "pA",
    "sweep_number": 10,
    "vm_delta_mv": 0.669036865234375
  },
  {
    "bridge_balance_mohm": 13.3699626922607,
    "id": 396326439,
    "leak_pa": 0.0,
    "num_spikes": 3,
    "peak_deflection": 0.0,
    "post_noise_rms_mv": 0.0375822000205517,
    "post_vm_mv": -67.5796737670898,
    "pre_noise_rms_mv": 0.0422355644404888,
    "pre_vm_mv": -67.5404281616211,
    "slow_noise_rms_mv": 0.152993589639664,
    "slow_vm_mv": -67.5404281616211,
    "specimen_id": 320207387,
    "stimulus_absolute_amplitude": 559.999990823457,
    "stimulus_description": "C2SSTRIPLE141203[7]",
    "stimulus_duration": 0.072995,
    "stimulus_interval": 0.032,
    "stimulus_name": "Short Square - Triple",
    "stimulus_relative_amplitude": 5.6,
    "stimulus_start_time": 1.92,
    "stimulus_units": "pA",
    "sweep_number": 86,
    "vm_delta_mv": 0.03924560546875
  },
  {
    "bridge_balance_mohm": 13.3699626922607,
    "id": 396326465,
    "leak_pa": 0.0,
    "num_spikes": 3,
    "peak_deflection": 0.0,
    "post_noise_rms_mv": 0.038714561611414,
    "post_vm_mv": -67.2851028442383,
    "pre_noise_rms_mv": 0.0480298921465874,
    "pre_vm_mv": -67.1728668212891,
    "slow_noise_rms_mv": 0.285692274570465,
    "slow_vm_mv": -67.1728668212891,
    "specimen_id": 320207387,
    "stimulus_absolute_amplitude": 559.999990823457,
    "stimulus_description": "C2SSTRIPLE141203[6]",
    "stimulus_duration": 0.064995,
    "stimulus_interval": 0.028,
    "stimulus_name": "Short Square - Triple",
    "stimulus_relative_amplitude": 5.6,
    "stimulus_start_time": 1.92,
    "stimulus_units": "pA",
    "sweep_number": 93,
    "vm_delta_mv": 0.112236022949219
  },
  {
    "bridge_balance_mohm": 13.3699626922607,
    "id": 396326447,
    "leak_pa": 0.0,
    "num_spikes": 3,
    "peak_deflection": 0.0,
    "post_noise_rms_mv": 0.0443044230341911,
    "post_vm_mv": -67.8758316040039,
    "pre_noise_rms_mv": 0.0425765179097652,
    "pre_vm_mv": -67.7578430175781,
    "slow_noise_rms_mv": 0.315870940685272,
    "slow_vm_mv": -67.7578430175781,
    "specimen_id": 320207387,
    "stimulus_absolute_amplitude": 559.999990823457,
    "stimulus_description": "C2SSTRIPLE141203[1]",
    "stimulus_duration": 0.024995,
    "stimulus_interval": 0.008,
    "stimulus_name": "Short Square - Triple",
    "stimulus_relative_amplitude": 5.6,
    "stimulus_start_time": 1.92,
    "stimulus_units": "pA",
    "sweep_number": 88,
    "vm_delta_mv": 0.117988586425781
  },
  {
    "bridge_balance_mohm": 13.3699626922607,
    "id": 396326256,
    "leak_pa": 0.0,
    "num_spikes": 16,
    "peak_deflection": 0.0,
    "post_noise_rms_mv": 0.0411321595311165,
    "post_vm_mv": -68.9175796508789,
    "pre_noise_rms_mv": 0.0433101393282413,
    "pre_vm_mv": -68.371337890625,
    "slow_noise_rms_mv": 0.205327719449997,
    "slow_vm_mv": -68.371337890625,
    "specimen_id": 320207387,
    "stimulus_absolute_amplitude": 269.999994584325,
    "stimulus_description": "C1LSCOARSE141203[19]",
    "stimulus_duration": 0.999995,
    "stimulus_interval": 0.0,
    "stimulus_name": "Long Square",
    "stimulus_relative_amplitude": 1.0,
    "stimulus_start_time": 0.92,
    "stimulus_units": "pA",
    "sweep_number": 42,
    "vm_delta_mv": 0.546241760253906
  },
  {
    "bridge_balance_mohm": 13.3699626922607,
    "id": 396326349,
    "leak_pa": 0.0,
    "num_spikes": 0,
    "peak_deflection": 0.0,
    "post_noise_rms_mv": 0.0334306992590427,
    "post_vm_mv": -67.8717498779297,
    "pre_noise_rms_mv": 0.0414320081472397,
    "pre_vm_mv": -67.7401275634766,
    "slow_noise_rms_mv": 0.238853141665459,
    "slow_vm_mv": -67.7401275634766,
    "specimen_id": 320207387,
    "stimulus_absolute_amplitude": 210.00000349769,
    "stimulus_description": "C2SQRHELNG141203[0]",
    "stimulus_duration": 1.999995,
    "stimulus_interval": 0.0,
    "stimulus_name": "Square - 2s Suprathreshold",
    "stimulus_relative_amplitude": 2.1,
    "stimulus_start_time": 0.92,
    "stimulus_units": "pA",
    "sweep_number": 61,
    "vm_delta_mv": 0.131622314453125
  },
  {
    "bridge_balance_mohm": 13.3699626922607,
    "id": 396326143,
    "leak_pa": 0.0,
    "num_spikes": 1,
    "peak_deflection": 0.0,
    "post_noise_rms_mv": 0.0384493432939053,
    "post_vm_mv": -67.4385223388672,
    "pre_noise_rms_mv": 0.0397757552564144,
    "pre_vm_mv": -68.1219177246094,
    "slow_noise_rms_mv": 0.123615838587284,
    "slow_vm_mv": -68.1219177246094,
    "specimen_id": 320207387,
    "stimulus_absolute_amplitude": 569.99999165086,
    "stimulus_description": "C1SSFINEST141203[0]",
    "stimulus_duration": 0.002995,
    "stimulus_interval": 0.0,
    "stimulus_name": "Short Square",
    "stimulus_relative_amplitude": 5.7,
    "stimulus_start_time": 0.92,
    "stimulus_units": "pA",
    "sweep_number": 14,
    "vm_delta_mv": 0.683395385742188
  },
  {
    "bridge_balance_mohm": 13.3699626922607,
    "id": 396326384,
    "leak_pa": 0.0,
    "num_spikes": 3,
    "peak_deflection": 0.0,
    "post_noise_rms_mv": 0.0353816412389278,
    "post_vm_mv": -67.3706283569336,
    "pre_noise_rms_mv": 0.0429338105022907,
    "pre_vm_mv": -67.8037719726562,
    "slow_noise_rms_mv": 0.241327166557312,
    "slow_vm_mv": -67.8037719726562,
    "specimen_id": 320207387,
    "stimulus_absolute_amplitude": 559.999990823457,
    "stimulus_description": "C2SSTRIPLE141203[2]",
    "stimulus_duration": 0.032995,
    "stimulus_interval": 0.012,
    "stimulus_name": "Short Square - Triple",
    "stimulus_relative_amplitude": 5.6,
    "stimulus_start_time": 1.92,
    "stimulus_units": "pA",
    "sweep_number": 73,
    "vm_delta_mv": 0.433143615722656
  },
  {
    "bridge_balance_mohm": 13.3699626922607,
    "id": 396326229,
    "leak_pa": 0.0,
    "num_spikes": 0,
    "peak_deflection": -58.375,
    "post_noise_rms_mv": 0.0366052687168121,
    "post_vm_mv": -67.0208587646484,
    "pre_noise_rms_mv": 0.0319488234817982,
    "pre_vm_mv": -66.9422454833984,
    "slow_noise_rms_mv": 0.113085567951202,
    "slow_vm_mv": -66.9422454833984,
    "specimen_id": 320207387,
    "stimulus_absolute_amplitude": 50.0000006675716,
    "stimulus_description": "C1LSCOARSE141203[8]",
    "stimulus_duration": 0.999995,
    "stimulus_interval": 0.0,
    "stimulus_name": "Long Square",
    "stimulus_relative_amplitude": 1.0,
    "stimulus_start_time": 0.92,
    "stimulus_units": "pA",
    "sweep_number": 31,
    "vm_delta_mv": 0.07861328125
  },
  {
    "bridge_balance_mohm": 13.3699626922607,
    "id": 396326388,
    "leak_pa": 0.0,
    "num_spikes": 3,
    "peak_deflection": 0.0,
    "post_noise_rms_mv": 0.0399482883512974,
    "post_vm_mv": -68.3026885986328,
    "pre_noise_rms_mv": 0.0414958707988262,
    "pre_vm_mv": -67.8597183227539,
    "slow_noise_rms_mv": 0.253073215484619,
    "slow_vm_mv": -67.8597183227539,
    "specimen_id": 320207387,
    "stimulus_absolute_amplitude": 559.999990823457,
    "stimulus_description": "C2SSTRIPLE141203[4]",
    "stimulus_duration": 0.048995,
    "stimulus_interval": 0.02,
    "stimulus_name": "Short Square - Triple",
    "stimulus_relative_amplitude": 5.6,
    "stimulus_start_time": 1.92,
    "stimulus_units": "pA",
    "sweep_number": 75,
    "vm_delta_mv": 0.442970275878906
  },
  {
    "bridge_balance_mohm": 13.3699626922607,
    "id": 396326211,
    "leak_pa": 0.0,
    "num_spikes": 0,
    "peak_deflection": -75.5000076293945,
    "post_noise_rms_mv": 0.0421610847115517,
    "post_vm_mv": -66.7573013305664,
    "pre_noise_rms_mv": 0.0377994850277901,
    "pre_vm_mv": -67.0213394165039,
    "slow_noise_rms_mv": 0.152616575360298,
    "slow_vm_mv": -67.0213394165039,
    "specimen_id": 320207387,
    "stimulus_absolute_amplitude": -50.0000006675716,
    "stimulus_description": "C1LSCOARSE141203[3]",
    "stimulus_duration": 0.999995,
    "stimulus_interval": 0.0,
    "stimulus_name": "Long Square",
    "stimulus_relative_amplitude": 1.0,
    "stimulus_start_time": 0.92,
    "stimulus_units": "pA",
    "sweep_number": 26,
    "vm_delta_mv": 0.2640380859375
  },
  {
    "bridge_balance_mohm": 13.3699626922607,
    "id": 396326360,
    "leak_pa": 0.0,
    "num_spikes": 3,
    "peak_deflection": 0.0,
    "post_noise_rms_mv": 0.0369420386850834,
    "post_vm_mv": -68.723014831543,
    "pre_noise_rms_mv": 0.0414589196443558,
    "pre_vm_mv": -68.0092468261719,
    "slow_noise_rms_mv": 0.217579141259193,
    "slow_vm_mv": -68.0092468261719,
    "specimen_id": 320207387,
    "stimulus_absolute_amplitude": 249.999992929517,
    "stimulus_description": "C2SQRHELNG141203[0]",
    "stimulus_duration": 1.999995,
    "stimulus_interval": 0.0,
    "stimulus_name": "Square - 2s Suprathreshold",
    "stimulus_relative_amplitude": 2.5,
    "stimulus_start_time": 0.92,
    "stimulus_units": "pA",
    "sweep_number": 64,
    "vm_delta_mv": 0.713768005371094
  },
  {
    "bridge_balance_mohm": 13.3699626922607,
    "id": 396326365,
    "leak_pa": 0.0,
    "num_spikes": 14,
    "peak_deflection": 0.0,
    "post_noise_rms_mv": 0.0382602550089359,
    "post_vm_mv": -69.538459777832,
    "pre_noise_rms_mv": 0.040004588663578,
    "pre_vm_mv": -68.691047668457,
    "slow_noise_rms_mv": 0.182094410061836,
    "slow_vm_mv": -68.691047668457,
    "specimen_id": 320207387,
    "stimulus_absolute_amplitude": 289.999996239132,
    "stimulus_description": "C2SQRHELNG141203[0]",
    "stimulus_duration": 1.999995,
    "stimulus_interval": 0.0,
    "stimulus_name": "Square - 2s Suprathreshold",
    "stimulus_relative_amplitude": 2.9,
    "stimulus_start_time": 0.92,
    "stimulus_units": "pA",
    "sweep_number": 66,
    "vm_delta_mv": 0.847412109375
  },
  {
    "bridge_balance_mohm": 13.3699626922607,
    "id": 396326331,
    "leak_pa": 0.0,
    "num_spikes": 69,
    "peak_deflection": 0.0,
    "post_noise_rms_mv": 0.0458959154784679,
    "post_vm_mv": -69.5169448852539,
    "pre_noise_rms_mv": 0.0411513857543468,
    "pre_vm_mv": -67.8380661010742,
    "slow_noise_rms_mv": 0.19072525203228,
    "slow_vm_mv": -67.8380661010742,
    "specimen_id": 320207387,
    "stimulus_absolute_amplitude": 495.124996557905,
    "stimulus_description": "C1NSSEED_2141203[0]",
    "stimulus_duration": 18.999995,
    "stimulus_interval": 5.0,
    "stimulus_name": "Noise 2",
    "stimulus_relative_amplitude": 2.1,
    "stimulus_start_time": 1.92,
    "stimulus_units": "pA",
    "sweep_number": 56,
    "vm_delta_mv": 1.67887878417969
  },
  {
    "bridge_balance_mohm": 13.3699626922607,
    "id": 396326376,
    "leak_pa": 0.0,
    "num_spikes": 0,
    "peak_deflection": 0.0,
    "post_noise_rms_mv": 0.0432026945054531,
    "post_vm_mv": -68.0549621582031,
    "pre_noise_rms_mv": 0.0403269603848457,
    "pre_vm_mv": -68.243522644043,
    "slow_noise_rms_mv": 0.192966639995575,
    "slow_vm_mv": -68.243522644043,
    "specimen_id": 320207387,
    "stimulus_absolute_amplitude": 100.000001335143,
    "stimulus_description": "C1SSCOARSE141203[0]",
    "stimulus_duration": 0.002995,
    "stimulus_interval": 0.0,
    "stimulus_name": "Short Square",
    "stimulus_relative_amplitude": 1.0,
    "stimulus_start_time": 0.92,
    "stimulus_units": "pA",
    "sweep_number": 7,
    "vm_delta_mv": 0.188560485839844
  },
  {
    "bridge_balance_mohm": 13.3699626922607,
    "id": 396326145,
    "leak_pa": 0.0,
    "num_spikes": 1,
    "peak_deflection": 0.0,
    "post_noise_rms_mv": 0.0386026054620743,
    "post_vm_mv": -67.3295669555664,
    "pre_noise_rms_mv": 0.0427474193274975,
    "pre_vm_mv": -67.7784805297852,
    "slow_noise_rms_mv": 0.155432522296906,
    "slow_vm_mv": -67.7784805297852,
    "specimen_id": 320207387,
    "stimulus_absolute_amplitude": 559.999990823457,
    "stimulus_description": "C1SSFINEST141203[0]",
    "stimulus_duration": 0.002995,
    "stimulus_interval": 0.0,
    "stimulus_name": "Short Square",
    "stimulus_relative_amplitude": 5.6,
    "stimulus_start_time": 0.92,
    "stimulus_units": "pA",
    "sweep_number": 15,
    "vm_delta_mv": 0.44891357421875
  },
  {
    "bridge_balance_mohm": 13.3699626922607,
    "id": 396326201,
    "leak_pa": 0.0,
    "num_spikes": 0,
    "peak_deflection": -85.8750076293945,
    "post_noise_rms_mv": 0.04209815710783,
    "post_vm_mv": -67.3373870849609,
    "pre_noise_rms_mv": 0.036548875272274,
    "pre_vm_mv": -67.4039764404297,
    "slow_noise_rms_mv": 0.196523144841194,
    "slow_vm_mv": -67.4039764404297,
    "specimen_id": 320207387,
    "stimulus_absolute_amplitude": -110.000002162547,
    "stimulus_description": "C1LSCOARSE141203[0]",
    "stimulus_duration": 0.999995,
    "stimulus_interval": 0.0,
    "stimulus_name": "Long Square",
    "stimulus_relative_amplitude": 1.0,
    "stimulus_start_time": 0.92,
    "stimulus_units": "pA",
    "sweep_number": 23,
    "vm_delta_mv": 0.06658935546875
  },
  {
    "bridge_balance_mohm": 13.3699626922607,
    "id": 396326386,
    "leak_pa": 0.0,
    "num_spikes": 3,
    "peak_deflection": 0.0,
    "post_noise_rms_mv": 0.0429584868252277,
    "post_vm_mv": -67.7757797241211,
    "pre_noise_rms_mv": 0.0377025082707405,
    "pre_vm_mv": -67.8582534790039,
    "slow_noise_rms_mv": 0.256546497344971,
    "slow_vm_mv": -67.8582534790039,
    "specimen_id": 320207387,
    "stimulus_absolute_amplitude": 559.999990823457,
    "stimulus_description": "C2SSTRIPLE141203[3]",
    "stimulus_duration": 0.040995,
    "stimulus_interval": 0.016,
    "stimulus_name": "Short Square - Triple",
    "stimulus_relative_amplitude": 5.6,
    "stimulus_start_time": 1.92,
    "stimulus_units": "pA",
    "sweep_number": 74,
    "vm_delta_mv": 0.0824737548828125
  },
  {
    "bridge_balance_mohm": 13.3699626922607,
    "id": 396326406,
    "leak_pa": 0.0,
    "num_spikes": 3,
    "peak_deflection": 0.0,
    "post_noise_rms_mv": 0.0422351583838463,
    "post_vm_mv": -67.9482269287109,
    "pre_noise_rms_mv": 0.0393711254000664,
    "pre_vm_mv": -68.0442810058594,
    "slow_noise_rms_mv": 0.29542064666748,
    "slow_vm_mv": -68.0442810058594,
    "specimen_id": 320207387,
    "stimulus_absolute_amplitude": 559.999990823457,
    "stimulus_description": "C2SSTRIPLE141203[4]",
    "stimulus_duration": 0.048995,
    "stimulus_interval": 0.02,
    "stimulus_name": "Short Square - Triple",
    "stimulus_relative_amplitude": 5.6,
    "stimulus_start_time": 1.92,
    "stimulus_units": "pA",
    "sweep_number": 83,
    "vm_delta_mv": 0.0960540771484375
  },
  {
    "bridge_balance_mohm": 0.0,
    "id": 396326224,
    "leak_pa": 0.0,
    "num_spikes": 0,
    "peak_deflection": 0.0,
    "post_noise_rms_mv": 0.0,
    "post_vm_mv": 0.0,
    "pre_noise_rms_mv": 0.0,
    "pre_vm_mv": 0.0,
    "slow_noise_rms_mv": 0.0,
    "slow_vm_mv": 0.0,
    "specimen_id": 320207387,
    "stimulus_absolute_amplitude": 9.99999977648258,
    "stimulus_description": "EXTPBREAKN141203[0]",
    "stimulus_duration": 0.069995,
    "stimulus_interval": 0.05,
    "stimulus_name": "Test",
    "stimulus_relative_amplitude": 1.0,
    "stimulus_start_time": 0.03,
    "stimulus_units": "mV",
    "sweep_number": 3,
    "vm_delta_mv": 0.0
  },
  {
    "bridge_balance_mohm": 13.3699626922607,
    "id": 396326155,
    "leak_pa": 0.0,
    "num_spikes": 1,
    "peak_deflection": 0.0,
    "post_noise_rms_mv": 0.0410992428660393,
    "post_vm_mv": -66.7693176269531,
    "pre_noise_rms_mv": 0.0416499339044094,
    "pre_vm_mv": -66.9098815917969,
    "slow_noise_rms_mv": 0.113896444439888,
    "slow_vm_mv": -66.9098815917969,
    "specimen_id": 320207387,
    "stimulus_absolute_amplitude": 559.999990823457,
    "stimulus_description": "C1SSFINEST141203[0]",
    "stimulus_duration": 0.002995,
    "stimulus_interval": 0.0,
    "stimulus_name": "Short Square",
    "stimulus_relative_amplitude": 5.6,
    "stimulus_start_time": 0.92,
    "stimulus_units": "pA",
    "sweep_number": 18,
    "vm_delta_mv": 0.14056396484375
  },
  {
    "bridge_balance_mohm": 0.0,
    "id": 396326161,
    "leak_pa": 0.0,
    "num_spikes": 0,
    "peak_deflection": 0.0,
    "post_noise_rms_mv": 0.0,
    "post_vm_mv": 0.0,
    "pre_noise_rms_mv": 0.0,
    "pre_vm_mv": 0.0,
    "slow_noise_rms_mv": 0.0,
    "slow_vm_mv": 0.0,
    "specimen_id": 320207387,
    "stimulus_absolute_amplitude": 9.99999977648258,
    "stimulus_description": "EXTPCllATT141203[0]",
    "stimulus_duration": 0.069995,
    "stimulus_interval": 0.05,
    "stimulus_name": "Test",
    "stimulus_relative_amplitude": 1.0,
    "stimulus_start_time": 0.03,
    "stimulus_units": "mV",
    "sweep_number": 2,
    "vm_delta_mv": 0.0
  },
  {
    "bridge_balance_mohm": 13.3699626922607,
    "id": 396326271,
    "leak_pa": 0.0,
    "num_spikes": 0,
    "peak_deflection": -43.0625,
    "post_noise_rms_mv": 0.0364337265491486,
    "post_vm_mv": -68.5389938354492,
    "pre_noise_rms_mv": 0.042639959603548,
    "pre_vm_mv": -68.4481582641602,
    "slow_noise_rms_mv": 0.290938168764114,
    "slow_vm_mv": -68.4481582641602,
    "specimen_id": 320207387,
    "stimulus_absolute_amplitude": 190.000001842883,
    "stimulus_description": "C1LSFINEST141203[0]",
    "stimulus_duration": 0.999995,
    "stimulus_interval": 0.0,
    "stimulus_name": "Long Square",
    "stimulus_relative_amplitude": 1.9,
    "stimulus_start_time": 0.92,
    "stimulus_units": "pA",
    "sweep_number": 48,
    "vm_delta_mv": 0.0908355712890625
  },
  {
    "bridge_balance_mohm": 13.3699626922607,
    "id": 396326380,
    "leak_pa": 0.0,
    "num_spikes": 2,
    "peak_deflection": 0.0,
    "post_noise_rms_mv": 0.0382812805473804,
    "post_vm_mv": -67.5707168579102,
    "pre_noise_rms_mv": 0.0376829691231251,
    "pre_vm_mv": -67.6401519775391,
    "slow_noise_rms_mv": 0.216165125370026,
    "slow_vm_mv": -67.6401519775391,
    "specimen_id": 320207387,
    "stimulus_absolute_amplitude": 559.999990823457,
    "stimulus_description": "C2SSTRIPLE141203[0]",
    "stimulus_duration": 0.016995,
    "stimulus_interval": 0.004,
    "stimulus_name": "Short Square - Triple",
    "stimulus_relative_amplitude": 5.6,
    "stimulus_start_time": 1.92,
    "stimulus_units": "pA",
    "sweep_number": 71,
    "vm_delta_mv": 0.0694351196289062
  },
  {
    "bridge_balance_mohm": 13.3699626922607,
    "id": 396326394,
    "leak_pa": 0.0,
    "num_spikes": 3,
    "peak_deflection": 0.0,
    "post_noise_rms_mv": 0.0390551201999187,
    "post_vm_mv": -68.1436920166016,
    "pre_noise_rms_mv": 0.0360376164317131,
    "pre_vm_mv": -68.3513565063477,
    "slow_noise_rms_mv": 0.437066972255707,
    "slow_vm_mv": -68.3513565063477,
    "specimen_id": 320207387,
    "stimulus_absolute_amplitude": 559.999990823457,
    "stimulus_description": "C2SSTRIPLE141203[7]",
    "stimulus_duration": 0.072995,
    "stimulus_interval": 0.032,
    "stimulus_name": "Short Square - Triple",
    "stimulus_relative_amplitude": 5.6,
    "stimulus_start_time": 1.92,
    "stimulus_units": "pA",
    "sweep_number": 78,
    "vm_delta_mv": 0.207664489746094
  },
  {
    "bridge_balance_mohm": 0.0,
    "id": 396326127,
    "leak_pa": 0.0,
    "num_spikes": 0,
    "peak_deflection": 0.0,
    "post_noise_rms_mv": 0.0,
    "post_vm_mv": 0.0,
    "pre_noise_rms_mv": 0.0,
    "pre_vm_mv": 0.0,
    "slow_noise_rms_mv": 0.0,
    "slow_vm_mv": 0.0,
    "specimen_id": 320207387,
    "stimulus_absolute_amplitude": 9.99999977648258,
    "stimulus_description": "EXTPINBATH141203[0]",
    "stimulus_duration": 0.069995,
    "stimulus_interval": 0.05,
    "stimulus_name": "Test",
    "stimulus_relative_amplitude": 1.0,
    "stimulus_start_time": 0.03,
    "stimulus_units": "mV",
    "sweep_number": 1,
    "vm_delta_mv": 0.0
  },
  {
    "bridge_balance_mohm": 13.3699626922607,
    "id": 396326254,
    "leak_pa": 0.0,
    "num_spikes": 14,
    "peak_deflection": 0.0,
    "post_noise_rms_mv": 0.0400899313390255,
    "post_vm_mv": -67.7940368652344,
    "pre_noise_rms_mv": 0.0375999435782433,
    "pre_vm_mv": -67.4732284545898,
    "slow_noise_rms_mv": 0.227398574352264,
    "slow_vm_mv": -67.4732284545898,
    "specimen_id": 320207387,
    "stimulus_absolute_amplitude": 249.999992929517,
    "stimulus_description": "C1LSCOARSE141203[18]",
    "stimulus_duration": 0.999995,
    "stimulus_interval": 0.0,
    "stimulus_name": "Long Square",
    "stimulus_relative_amplitude": 1.0,
    "stimulus_start_time": 0.92,
    "stimulus_units": "pA",
    "sweep_number": 41,
    "vm_delta_mv": 0.320808410644531
  },
  {
    "bridge_balance_mohm": 13.3699626922607,
    "id": 396326287,
    "leak_pa": 0.0,
    "num_spikes": 77,
    "peak_deflection": 0.0,
    "post_noise_rms_mv": 0.0432760566473007,
    "post_vm_mv": -69.2340316772461,
    "pre_noise_rms_mv": 0.0392887108027935,
    "pre_vm_mv": -67.9582824707031,
    "slow_noise_rms_mv": 0.202845722436905,
    "slow_vm_mv": -67.9582824707031,
    "specimen_id": 320207387,
    "stimulus_absolute_amplitude": 495.124996557905,
    "stimulus_description": "C1NSSEED_2141203[0]",
    "stimulus_duration": 18.999995,
    "stimulus_interval": 5.0,
    "stimulus_name": "Noise 2",
    "stimulus_relative_amplitude": 2.1,
    "stimulus_start_time": 1.92,
    "stimulus_units": "pA",
    "sweep_number": 52,
    "vm_delta_mv": 1.27574920654297
  },
  {
    "bridge_balance_mohm": 13.3699626922607,
    "id": 396326382,
    "leak_pa": 0.0,
    "num_spikes": 3,
    "peak_deflection": 0.0,
    "post_noise_rms_mv": 0.0418998673558235,
    "post_vm_mv": -67.7694778442383,
    "pre_noise_rms_mv": 0.0468488745391369,
    "pre_vm_mv": -67.4060440063477,
    "slow_noise_rms_mv": 0.313273936510086,
    "slow_vm_mv": -67.4060440063477,
    "specimen_id": 320207387,
    "stimulus_absolute_amplitude": 559.999990823457,
    "stimulus_description": "C2SSTRIPLE141203[1]",
    "stimulus_duration": 0.024995,
    "stimulus_interval": 0.008,
    "stimulus_name": "Short Square - Triple",
    "stimulus_relative_amplitude": 5.6,
    "stimulus_start_time": 1.92,
    "stimulus_units": "pA",
    "sweep_number": 72,
    "vm_delta_mv": 0.363433837890625
  },
  {
    "bridge_balance_mohm": 13.3699626922607,
    "id": 396326404,
    "leak_pa": 0.0,
    "num_spikes": 3,
    "peak_deflection": 0.0,
    "post_noise_rms_mv": 0.0388759970664978,
    "post_vm_mv": -68.1350555419922,
    "pre_noise_rms_mv": 0.0406124368309975,
    "pre_vm_mv": -67.9014282226562,
    "slow_noise_rms_mv": 0.229721486568451,
    "slow_vm_mv": -67.9014282226562,
    "specimen_id": 320207387,
    "stimulus_absolute_amplitude": 559.999990823457,
    "stimulus_description": "C2SSTRIPLE141203[3]",
    "stimulus_duration": 0.040995,
    "stimulus_interval": 0.016,
    "stimulus_name": "Short Square - Triple",
    "stimulus_relative_amplitude": 5.6,
    "stimulus_start_time": 1.92,
    "stimulus_units": "pA",
    "sweep_number": 82,
    "vm_delta_mv": 0.233627319335938
  },
  {
    "bridge_balance_mohm": 13.3699626922607,
    "id": 396326258,
    "leak_pa": 0.0,
    "num_spikes": 17,
    "peak_deflection": 0.0,
    "post_noise_rms_mv": 0.0365080423653126,
    "post_vm_mv": -68.6274185180664,
    "pre_noise_rms_mv": 0.0383729375898838,
    "pre_vm_mv": -68.6066665649414,
    "slow_noise_rms_mv": 0.181617900729179,
    "slow_vm_mv": -68.6066665649414,
    "specimen_id": 320207387,
    "stimulus_absolute_amplitude": 289.999996239132,
    "stimulus_description": "C1LSCOARSE141203[20]",
    "stimulus_duration": 0.999995,
    "stimulus_interval": 0.0,
    "stimulus_name": "Long Square",
    "stimulus_relative_amplitude": 1.0,
    "stimulus_start_time": 0.92,
    "stimulus_units": "pA",
    "sweep_number": 43,
    "vm_delta_mv": 0.020751953125
  },
  {
    "bridge_balance_mohm": 13.3699626922607,
    "id": 396326238,
    "leak_pa": 0.0,
    "num_spikes": 0,
    "peak_deflection": -49.9375,
    "post_noise_rms_mv": 0.0424513183534145,
    "post_vm_mv": -67.533317565918,
    "pre_noise_rms_mv": 0.0370200835168362,
    "pre_vm_mv": -67.4170303344727,
    "slow_noise_rms_mv": 0.0796998664736748,
    "slow_vm_mv": -67.4170303344727,
    "specimen_id": 320207387,
    "stimulus_absolute_amplitude": 110.000002162547,
    "stimulus_description": "C1LSCOARSE141203[11]",
    "stimulus_duration": 0.999995,
    "stimulus_interval": 0.0,
    "stimulus_name": "Long Square",
    "stimulus_relative_amplitude": 1.0,
    "stimulus_start_time": 0.92,
    "stimulus_units": "pA",
    "sweep_number": 34,
    "vm_delta_mv": 0.116287231445312
  },
  {
    "bridge_balance_mohm": 13.3699626922607,
    "id": 396326164,
    "leak_pa": 0.0,
    "num_spikes": 1,
    "peak_deflection": 0.0,
    "post_noise_rms_mv": 0.0360682867467403,
    "post_vm_mv": -67.3011703491211,
    "pre_noise_rms_mv": 0.0368977338075638,
    "pre_vm_mv": -67.4918975830078,
    "slow_noise_rms_mv": 0.146882817149162,
    "slow_vm_mv": -67.4918975830078,
    "specimen_id": 320207387,
    "stimulus_absolute_amplitude": 559.999990823457,
    "stimulus_description": "C1SSFINEST141203[0]",
    "stimulus_duration": 0.002995,
    "stimulus_interval": 0.0,
    "stimulus_name": "Short Square",
    "stimulus_relative_amplitude": 5.6,
    "stimulus_start_time": 0.92,
    "stimulus_units": "pA",
    "sweep_number": 20,
    "vm_delta_mv": 0.190727233886719
  },
  {
    "bridge_balance_mohm": 13.3699626922607,
    "id": 396326344,
    "leak_pa": 0.0,
    "num_spikes": 11,
    "peak_deflection": 0.0,
    "post_noise_rms_mv": 0.0,
    "post_vm_mv": 0.0,
    "pre_noise_rms_mv": 0.0429088063538074,
    "pre_vm_mv": -68.0704803466797,
    "slow_noise_rms_mv": 0.177201628684998,
    "slow_vm_mv": -68.0704803466797,
    "specimen_id": 320207387,
    "stimulus_absolute_amplitude": 800.000010681146,
    "stimulus_description": "C1RP25PR1S141203[0]",
    "stimulus_duration": 31.997495,
    "stimulus_interval": 0.0,
    "stimulus_name": "Ramp",
    "stimulus_relative_amplitude": 1.0,
    "stimulus_start_time": 0.9225,
    "stimulus_units": "pA",
    "sweep_number": 6,
    "vm_delta_mv": 0.0
  },
  {
    "bridge_balance_mohm": 13.3699626922607,
    "id": 396326378,
    "leak_pa": 0.0,
    "num_spikes": 127,
    "peak_deflection": 0.0,
    "post_noise_rms_mv": 0.0418551228940487,
    "post_vm_mv": -71.8329162597656,
    "pre_noise_rms_mv": 0.0400696322321892,
    "pre_vm_mv": -69.7752227783203,
    "slow_noise_rms_mv": 0.478197693824768,
    "slow_vm_mv": -69.7752227783203,
    "specimen_id": 320207387,
    "stimulus_absolute_amplitude": 537.125011135231,
    "stimulus_description": "C2NSRMPRHE141203[0]",
    "stimulus_duration": 29.999985,
    "stimulus_interval": 5.0e-06,
    "stimulus_name": "Ramp to Rheobase",
    "stimulus_relative_amplitude": 2.1,
    "stimulus_start_time": 1.92001,
    "stimulus_units": "pA",
    "sweep_number": 70,
    "vm_delta_mv": 2.05769348144531
  },
  {
    "bridge_balance_mohm": 13.3699626922607,
    "id": 396326402,
    "leak_pa": 0.0,
    "num_spikes": 3,
    "peak_deflection": 0.0,
    "post_noise_rms_mv": 0.0368274301290512,
    "post_vm_mv": -67.9579696655273,
    "pre_noise_rms_mv": 0.0431101247668266,
    "pre_vm_mv": -68.0067825317383,
    "slow_noise_rms_mv": 0.259670436382294,
    "slow_vm_mv": -68.0067825317383,
    "specimen_id": 320207387,
    "stimulus_absolute_amplitude": 559.999990823457,
    "stimulus_description": "C2SSTRIPLE141203[2]",
    "stimulus_duration": 0.032995,
    "stimulus_interval": 0.012,
    "stimulus_name": "Short Square - Triple",
    "stimulus_relative_amplitude": 5.6,
    "stimulus_start_time": 1.92,
    "stimulus_units": "pA",
    "sweep_number": 81,
    "vm_delta_mv": 0.0488128662109375
  },
  {
    "bridge_balance_mohm": 13.3699626922607,
    "id": 396326400,
    "leak_pa": 0.0,
    "num_spikes": 3,
    "peak_deflection": 0.0,
    "post_noise_rms_mv": 0.0427239537239075,
    "post_vm_mv": -68.1742477416992,
    "pre_noise_rms_mv": 0.0396381132304668,
    "pre_vm_mv": -67.8054504394531,
    "slow_noise_rms_mv": 0.276857078075409,
    "slow_vm_mv": -67.8054504394531,
    "specimen_id": 320207387,
    "stimulus_absolute_amplitude": 559.999990823457,
    "stimulus_description": "C2SSTRIPLE141203[1]",
    "stimulus_duration": 0.024995,
    "stimulus_interval": 0.008,
    "stimulus_name": "Short Square - Triple",
    "stimulus_relative_amplitude": 5.6,
    "stimulus_start_time": 1.92,
    "stimulus_units": "pA",
    "sweep_number": 80,
    "vm_delta_mv": 0.368797302246094
  },
  {
    "bridge_balance_mohm": 13.3699626922607,
    "id": 396326390,
    "leak_pa": 0.0,
    "num_spikes": 3,
    "peak_deflection": 0.0,
    "post_noise_rms_mv": 0.0402188673615456,
    "post_vm_mv": -68.5410614013672,
    "pre_noise_rms_mv": 0.0441372096538544,
    "pre_vm_mv": -68.1535873413086,
    "slow_noise_rms_mv": 0.219314113259315,
    "slow_vm_mv": -68.1535873413086,
    "specimen_id": 320207387,
    "stimulus_absolute_amplitude": 559.999990823457,
    "stimulus_description": "C2SSTRIPLE141203[5]",
    "stimulus_duration": 0.056995,
    "stimulus_interval": 0.024,
    "stimulus_name": "Short Square - Triple",
    "stimulus_relative_amplitude": 5.6,
    "stimulus_start_time": 1.92,
    "stimulus_units": "pA",
    "sweep_number": 76,
    "vm_delta_mv": 0.387474060058594
  },
  {
    "bridge_balance_mohm": 13.3699626922607,
    "id": 396326453,
    "leak_pa": 0.0,
    "num_spikes": 0,
    "peak_deflection": 0.0,
    "post_noise_rms_mv": 0.038981456309557,
    "post_vm_mv": -67.1472473144531,
    "pre_noise_rms_mv": 0.0382235124707222,
    "pre_vm_mv": -67.588737487793,
    "slow_noise_rms_mv": 0.100249893963337,
    "slow_vm_mv": -67.588737487793,
    "specimen_id": 320207387,
    "stimulus_absolute_amplitude": 299.999997066536,
    "stimulus_description": "C1SSCOARSE141203[2]",
    "stimulus_duration": 0.002995,
    "stimulus_interval": 0.0,
    "stimulus_name": "Short Square",
    "stimulus_relative_amplitude": 1.0,
    "stimulus_start_time": 0.92,
    "stimulus_units": "pA",
    "sweep_number": 9,
    "vm_delta_mv": 0.441490173339844
  },
  {
    "bridge_balance_mohm": 13.3699626922607,
    "id": 396326139,
    "leak_pa": 0.0,
    "num_spikes": 0,
    "peak_deflection": 0.0,
    "post_noise_rms_mv": 0.0384857170283794,
    "post_vm_mv": -66.9192962646484,
    "pre_noise_rms_mv": 0.0399449467658997,
    "pre_vm_mv": -67.697868347168,
    "slow_noise_rms_mv": 0.190867960453033,
    "slow_vm_mv": -67.697868347168,
    "specimen_id": 320207387,
    "stimulus_absolute_amplitude": 549.999989996053,
    "stimulus_description": "C1SSFINEST141203[0]",
    "stimulus_duration": 0.002995,
    "stimulus_interval": 0.0,
    "stimulus_name": "Short Square",
    "stimulus_relative_amplitude": 5.5,
    "stimulus_start_time": 0.92,
    "stimulus_units": "pA",
    "sweep_number": 13,
    "vm_delta_mv": 0.778572082519531
  },
  {
    "bridge_balance_mohm": 13.3699626922607,
    "id": 396326197,
    "leak_pa": 0.0,
    "num_spikes": 1,
    "peak_deflection": 0.0,
    "post_noise_rms_mv": 0.0429828092455864,
    "post_vm_mv": -66.4559478759766,
    "pre_noise_rms_mv": 0.0396580249071121,
    "pre_vm_mv": -66.8789520263672,
    "slow_noise_rms_mv": 0.203831151127815,
    "slow_vm_mv": -66.8789520263672,
    "specimen_id": 320207387,
    "stimulus_absolute_amplitude": 559.999990823457,
    "stimulus_description": "C1SSFINEST141203[0]",
    "stimulus_duration": 0.002995,
    "stimulus_interval": 0.0,
    "stimulus_name": "Short Square",
    "stimulus_relative_amplitude": 5.6,
    "stimulus_start_time": 0.92,
    "stimulus_units": "pA",
    "sweep_number": 22,
    "vm_delta_mv": 0.423004150390625
  },
  {
    "bridge_balance_mohm": 13.3699626922607,
    "id": 396326266,
    "leak_pa": 0.0,
    "num_spikes": 0,
    "peak_deflection": -44.0625038146973,
    "post_noise_rms_mv": 0.0492005310952663,
    "post_vm_mv": -67.7938766479492,
    "pre_noise_rms_mv": 0.0318600870668888,
    "pre_vm_mv": -67.9085845947266,
    "slow_noise_rms_mv": 0.241299882531166,
    "slow_vm_mv": -67.9085845947266,
    "specimen_id": 320207387,
    "stimulus_absolute_amplitude": 170.000000188075,
    "stimulus_description": "C1LSFINEST141203[0]",
    "stimulus_duration": 0.999995,
    "stimulus_interval": 0.0,
    "stimulus_name": "Long Square",
    "stimulus_relative_amplitude": 1.7,
    "stimulus_start_time": 0.92,
    "stimulus_units": "pA",
    "sweep_number": 46,
    "vm_delta_mv": 0.114707946777344
  },
  {
    "bridge_balance_mohm": 13.3699626922607,
    "id": 396326392,
    "leak_pa": 0.0,
    "num_spikes": 3,
    "peak_deflection": 0.0,
    "post_noise_rms_mv": 0.0420705899596214,
    "post_vm_mv": -68.6711654663086,
    "pre_noise_rms_mv": 0.0289102606475353,
    "pre_vm_mv": -68.4503784179688,
    "slow_noise_rms_mv": 0.280694276094437,
    "slow_vm_mv": -68.4503784179688,
    "specimen_id": 320207387,
    "stimulus_absolute_amplitude": 559.999990823457,
    "stimulus_description": "C2SSTRIPLE141203[6]",
    "stimulus_duration": 0.064995,
    "stimulus_interval": 0.028,
    "stimulus_name": "Short Square - Triple",
    "stimulus_relative_amplitude": 5.6,
    "stimulus_start_time": 1.92,
    "stimulus_units": "pA",
    "sweep_number": 77,
    "vm_delta_mv": 0.220787048339844
  },
  {
    "bridge_balance_mohm": 13.3699626922607,
    "id": 396326347,
    "leak_pa": 0.0,
    "num_spikes": 1,
    "peak_deflection": 0.0,
    "post_noise_rms_mv": 0.037366721779108,
    "post_vm_mv": -67.8787460327148,
    "pre_noise_rms_mv": 0.0382986441254616,
    "pre_vm_mv": -67.7261123657227,
    "slow_noise_rms_mv": 0.164780408143997,
    "slow_vm_mv": -67.7261123657227,
    "specimen_id": 320207387,
    "stimulus_absolute_amplitude": 210.00000349769,
    "stimulus_description": "C2SQRHELNG141203[0]",
    "stimulus_duration": 1.999995,
    "stimulus_interval": 0.0,
    "stimulus_name": "Square - 2s Suprathreshold",
    "stimulus_relative_amplitude": 2.1,
    "stimulus_start_time": 0.92,
    "stimulus_units": "pA",
    "sweep_number": 60,
    "vm_delta_mv": 0.152633666992188
  },
  {
    "bridge_balance_mohm": 13.3699626922607,
    "id": 396326137,
    "leak_pa": 0.0,
    "num_spikes": 1,
    "peak_deflection": 0.0,
    "post_noise_rms_mv": 0.0393976792693138,
    "post_vm_mv": -66.5634002685547,
    "pre_noise_rms_mv": 0.0405290238559246,
    "pre_vm_mv": -66.6397399902344,
    "slow_noise_rms_mv": 0.210640549659729,
    "slow_vm_mv": -66.6397399902344,
    "specimen_id": 320207387,
    "stimulus_absolute_amplitude": 599.999994133071,
    "stimulus_description": "C1SSCOARSE141203[5]",
    "stimulus_duration": 0.002995,
    "stimulus_interval": 0.0,
    "stimulus_name": "Short Square",
    "stimulus_relative_amplitude": 1.0,
    "stimulus_start_time": 0.92,
    "stimulus_units": "pA",
    "sweep_number": 12,
    "vm_delta_mv": 0.0763397216796875
  },
  {
    "bridge_balance_mohm": 13.3699626922607,
    "id": 396326217,
    "leak_pa": 0.0,
    "num_spikes": 0,
    "peak_deflection": -68.53125,
    "post_noise_rms_mv": 0.0415752716362476,
    "post_vm_mv": -66.445426940918,
    "pre_noise_rms_mv": 0.0376280508935452,
    "pre_vm_mv": -66.4332275390625,
    "slow_noise_rms_mv": 0.185465082526207,
    "slow_vm_mv": -66.4332275390625,
    "specimen_id": 320207387,
    "stimulus_absolute_amplitude": -9.99999996004197,
    "stimulus_description": "C1LSCOARSE141203[5]",
    "stimulus_duration": 0.999995,
    "stimulus_interval": 0.0,
    "stimulus_name": "Long Square",
    "stimulus_relative_amplitude": 1.0,
    "stimulus_start_time": 0.92,
    "stimulus_units": "pA",
    "sweep_number": 28,
    "vm_delta_mv": 0.0121994018554688
  },
  {
    "bridge_balance_mohm": 13.3699626922607,
    "id": 396326221,
    "leak_pa": 0.0,
    "num_spikes": 0,
    "peak_deflection": -64.4375,
    "post_noise_rms_mv": 0.0341665484011173,
    "post_vm_mv": -66.62890625,
    "pre_noise_rms_mv": 0.0445945411920547,
    "pre_vm_mv": -66.5172500610352,
    "slow_noise_rms_mv": 0.112635850906372,
    "slow_vm_mv": -66.5172500610352,
    "specimen_id": 320207387,
    "stimulus_absolute_amplitude": 9.99999996004197,
    "stimulus_description": "C1LSCOARSE141203[6]",
    "stimulus_duration": 0.999995,
    "stimulus_interval": 0.0,
    "stimulus_name": "Long Square",
    "stimulus_relative_amplitude": 1.0,
    "stimulus_start_time": 0.92,
    "stimulus_units": "pA",
    "sweep_number": 29,
    "vm_delta_mv": 0.111656188964844
  },
  {
    "bridge_balance_mohm": 0.0,
    "id": 396326479,
    "leak_pa": 0.0,
    "num_spikes": 0,
    "peak_deflection": 0.0,
    "post_noise_rms_mv": 0.0392489768564701,
    "post_vm_mv": -2.87108373641968,
    "pre_noise_rms_mv": 0.0402493216097355,
    "pre_vm_mv": -2.90425157546997,
    "slow_noise_rms_mv": 0.0469486676156521,
    "slow_vm_mv": -2.90425157546997,
    "specimen_id": 320207387,
    "stimulus_absolute_amplitude": 0.0,
    "stimulus_description": "EXTPBLWOUT141203[0]",
    "stimulus_duration": 0.0,
    "stimulus_interval": 0.0,
    "stimulus_name": "Test",
    "stimulus_relative_amplitude": 1.0,
    "stimulus_start_time": 0.0,
    "stimulus_units": "pA",
    "sweep_number": 97,
    "vm_delta_mv": 0.033167839050293
  },
  {
    "bridge_balance_mohm": 13.3699626922607,
    "id": 396326148,
    "leak_pa": 0.0,
    "num_spikes": 1,
    "peak_deflection": 0.0,
    "post_noise_rms_mv": 0.0448132753372192,
    "post_vm_mv": -66.8956451416016,
    "pre_noise_rms_mv": 0.0360388457775116,
    "pre_vm_mv": -67.181022644043,
    "slow_noise_rms_mv": 0.184776335954666,
    "slow_vm_mv": -67.181022644043,
    "specimen_id": 320207387,
    "stimulus_absolute_amplitude": 549.999989996053,
    "stimulus_description": "C1SSFINEST141203[0]",
    "stimulus_duration": 0.002995,
    "stimulus_interval": 0.0,
    "stimulus_name": "Short Square",
    "stimulus_relative_amplitude": 5.5,
    "stimulus_start_time": 0.92,
    "stimulus_units": "pA",
    "sweep_number": 16,
    "vm_delta_mv": 0.285377502441406
  },
  {
    "bridge_balance_mohm": 13.3699626922607,
    "id": 396326269,
    "leak_pa": 0.0,
    "num_spikes": 0,
    "peak_deflection": -43.78125,
    "post_noise_rms_mv": 0.03933010622859,
    "post_vm_mv": -68.101921081543,
    "pre_noise_rms_mv": 0.0347133465111256,
    "pre_vm_mv": -68.2900009155273,
    "slow_noise_rms_mv": 0.257090330123901,
    "slow_vm_mv": -68.2900009155273,
    "specimen_id": 320207387,
    "stimulus_absolute_amplitude": 180.000001015479,
    "stimulus_description": "C1LSFINEST141203[0]",
    "stimulus_duration": 0.999995,
    "stimulus_interval": 0.0,
    "stimulus_name": "Long Square",
    "stimulus_relative_amplitude": 1.8,
    "stimulus_start_time": 0.92,
    "stimulus_units": "pA",
    "sweep_number": 47,
    "vm_delta_mv": 0.188079833984375
  },
  {
    "bridge_balance_mohm": 0.0,
    "id": 396326123,
    "leak_pa": 0.0,
    "num_spikes": 0,
    "peak_deflection": 0.0,
    "post_noise_rms_mv": 0.0,
    "post_vm_mv": 0.0,
    "pre_noise_rms_mv": 0.0,
    "pre_vm_mv": 0.0,
    "slow_noise_rms_mv": 0.0,
    "slow_vm_mv": 0.0,
    "specimen_id": 320207387,
    "stimulus_absolute_amplitude": 9.99999977648258,
    "stimulus_description": "EXTPSMOKET141203[0]",
    "stimulus_duration": 0.069995,
    "stimulus_interval": 0.05,
    "stimulus_name": "Test",
    "stimulus_relative_amplitude": 1.0,
    "stimulus_start_time": 0.03,
    "stimulus_units": "mV",
    "sweep_number": 0,
    "vm_delta_mv": 0.0
  },
  {
    "bridge_balance_mohm": 13.3699626922607,
    "id": 396326244,
    "leak_pa": 0.0,
    "num_spikes": 1,
    "peak_deflection": 0.0,
    "post_noise_rms_mv": 0.0380632430315018,
    "post_vm_mv": -67.9216537475586,
    "pre_noise_rms_mv": 0.0368050038814545,
    "pre_vm_mv": -67.7734069824219,
    "slow_noise_rms_mv": 0.195965126156807,
    "slow_vm_mv": -67.7734069824219,
    "specimen_id": 320207387,
    "stimulus_absolute_amplitude": 170.000000188075,
    "stimulus_description": "C1LSCOARSE141203[14]",
    "stimulus_duration": 0.999995,
    "stimulus_interval": 0.0,
    "stimulus_name": "Long Square",
    "stimulus_relative_amplitude": 1.0,
    "stimulus_start_time": 0.92,
    "stimulus_units": "pA",
    "sweep_number": 37,
    "vm_delta_mv": 0.148246765136719
  },
  {
    "bridge_balance_mohm": 13.3699626922607,
    "id": 396326248,
    "leak_pa": 0.0,
    "num_spikes": 8,
    "peak_deflection": 0.0,
    "post_noise_rms_mv": 0.0420581139624119,
    "post_vm_mv": -68.5031967163086,
    "pre_noise_rms_mv": 0.0342057757079601,
    "pre_vm_mv": -68.1488265991211,
    "slow_noise_rms_mv": 0.245570689439774,
    "slow_vm_mv": -68.1488265991211,
    "specimen_id": 320207387,
    "stimulus_absolute_amplitude": 210.00000349769,
    "stimulus_description": "C1LSCOARSE141203[16]",
    "stimulus_duration": 0.999995,
    "stimulus_interval": 0.0,
    "stimulus_name": "Long Square",
    "stimulus_relative_amplitude": 1.0,
    "stimulus_start_time": 0.92,
    "stimulus_units": "pA",
    "sweep_number": 39,
    "vm_delta_mv": 0.3543701171875
  },
  {
    "bridge_balance_mohm": 13.3699626922607,
    "id": 396326205,
    "leak_pa": 0.0,
    "num_spikes": 0,
    "peak_deflection": -82.3125,
    "post_noise_rms_mv": 0.0370956882834435,
    "post_vm_mv": -67.0727462768555,
    "pre_noise_rms_mv": 0.0395847409963608,
    "pre_vm_mv": -67.1722869873047,
    "slow_noise_rms_mv": 0.171157315373421,
    "slow_vm_mv": -67.1722869873047,
    "specimen_id": 320207387,
    "stimulus_absolute_amplitude": -90.0000005077395,
    "stimulus_description": "C1LSCOARSE141203[1]",
    "stimulus_duration": 0.999995,
    "stimulus_interval": 0.0,
    "stimulus_name": "Long Square",
    "stimulus_relative_amplitude": 1.0,
    "stimulus_start_time": 0.92,
    "stimulus_units": "pA",
    "sweep_number": 24,
    "vm_delta_mv": 0.0995407104492188
  },
  {
    "bridge_balance_mohm": 13.3699626922607,
    "id": 396326159,
    "leak_pa": 0.0,
    "num_spikes": 1,
    "peak_deflection": 0.0,
    "post_noise_rms_mv": 0.0368698909878731,
    "post_vm_mv": -66.9731369018555,
    "pre_noise_rms_mv": 0.0395266897976398,
    "pre_vm_mv": -67.6088256835938,
    "slow_noise_rms_mv": 0.141750484704971,
    "slow_vm_mv": -67.6088256835938,
    "specimen_id": 320207387,
    "stimulus_absolute_amplitude": 559.999990823457,
    "stimulus_description": "C1SSFINEST141203[0]",
    "stimulus_duration": 0.002995,
    "stimulus_interval": 0.0,
    "stimulus_name": "Short Square",
    "stimulus_relative_amplitude": 5.6,
    "stimulus_start_time": 0.92,
    "stimulus_units": "pA",
    "sweep_number": 19,
    "vm_delta_mv": 0.635688781738281
  },
  {
    "bridge_balance_mohm": 0.0,
    "id": 396326471,
    "leak_pa": 0.0,
    "num_spikes": 0,
    "peak_deflection": 0.0,
    "post_noise_rms_mv": 0.0,
    "post_vm_mv": 0.0,
    "pre_noise_rms_mv": 0.0,
    "pre_vm_mv": 0.0,
    "slow_noise_rms_mv": 0.0,
    "slow_vm_mv": 0.0,
    "specimen_id": 320207387,
    "stimulus_absolute_amplitude": 9.99999977648258,
    "stimulus_description": "EXTPEXPEND141203[0]",
    "stimulus_duration": 0.069995,
    "stimulus_interval": 0.05,
    "stimulus_name": "Test",
    "stimulus_relative_amplitude": 1.0,
    "stimulus_start_time": 0.03,
    "stimulus_units": "mV",
    "sweep_number": 95,
    "vm_delta_mv": 0.0
  },
  {
    "bridge_balance_mohm": 13.3699626922607,
    "id": 396326236,
    "leak_pa": 0.0,
    "num_spikes": 0,
    "peak_deflection": -52.6875,
    "post_noise_rms_mv": 0.0419433489441872,
    "post_vm_mv": -67.4707717895508,
    "pre_noise_rms_mv": 0.0438651889562607,
    "pre_vm_mv": -67.4511032104492,
    "slow_noise_rms_mv": 0.127699807286263,
    "slow_vm_mv": -67.4511032104492,
    "specimen_id": 320207387,
    "stimulus_absolute_amplitude": 90.0000005077395,
    "stimulus_description": "C1LSCOARSE141203[10]",
    "stimulus_duration": 0.999995,
    "stimulus_interval": 0.0,
    "stimulus_name": "Long Square",
    "stimulus_relative_amplitude": 1.0,
    "stimulus_start_time": 0.92,
    "stimulus_units": "pA",
    "sweep_number": 33,
    "vm_delta_mv": 0.0196685791015625
  },
  {
    "bridge_balance_mohm": 13.3699626922607,
    "id": 396326250,
    "leak_pa": 0.0,
    "num_spikes": 10,
    "peak_deflection": 0.0,
    "post_noise_rms_mv": 0.0,
    "post_vm_mv": 0.0,
    "pre_noise_rms_mv": 0.0376405976712704,
    "pre_vm_mv": -68.1423492431641,
    "slow_noise_rms_mv": 0.135935381054878,
    "slow_vm_mv": -68.1423492431641,
    "specimen_id": 320207387,
    "stimulus_absolute_amplitude": 800.000010681146,
    "stimulus_description": "C1RP25PR1S141203[0]",
    "stimulus_duration": 31.997495,
    "stimulus_interval": 0.0,
    "stimulus_name": "Ramp",
    "stimulus_relative_amplitude": 1.0,
    "stimulus_start_time": 0.9225,
    "stimulus_units": "pA",
    "sweep_number": 4,
    "vm_delta_mv": 0.0
  },
  {
    "bridge_balance_mohm": 13.3699626922607,
    "id": 396326260,
    "leak_pa": 0.0,
    "num_spikes": 21,
    "peak_deflection": 0.0,
    "post_noise_rms_mv": 0.0386509150266647,
    "post_vm_mv": -68.664421081543,
    "pre_noise_rms_mv": 0.0401899181306362,
    "pre_vm_mv": -68.2496566772461,
    "slow_noise_rms_mv": 0.395706176757812,
    "slow_vm_mv": -68.2496566772461,
    "specimen_id": 320207387,
    "stimulus_absolute_amplitude": 309.999997893939,
    "stimulus_description": "C1LSCOARSE141203[21]",
    "stimulus_duration": 0.999995,
    "stimulus_interval": 0.0,
    "stimulus_name": "Long Square",
    "stimulus_relative_amplitude": 1.0,
    "stimulus_start_time": 0.92,
    "stimulus_units": "pA",
    "sweep_number": 44,
    "vm_delta_mv": 0.414764404296875
  },
  {
    "bridge_balance_mohm": 13.3699626922607,
    "id": 396326325,
    "leak_pa": 0.0,
    "num_spikes": 73,
    "peak_deflection": 0.0,
    "post_noise_rms_mv": 0.0401907563209534,
    "post_vm_mv": -70.0138473510742,
    "pre_noise_rms_mv": 0.0388883799314499,
    "pre_vm_mv": -68.236572265625,
    "slow_noise_rms_mv": 0.286345958709717,
    "slow_vm_mv": -68.236572265625,
    "specimen_id": 320207387,
    "stimulus_absolute_amplitude": 495.124996557905,
    "stimulus_description": "C1NSSEED_2141203[0]",
    "stimulus_duration": 18.999995,
    "stimulus_interval": 5.0,
    "stimulus_name": "Noise 2",
    "stimulus_relative_amplitude": 2.1,
    "stimulus_start_time": 1.92,
    "stimulus_units": "pA",
    "sweep_number": 54,
    "vm_delta_mv": 1.77727508544922
  },
  {
    "bridge_balance_mohm": 13.3699626922607,
    "id": 396326132,
    "leak_pa": 0.0,
    "num_spikes": 0,
    "peak_deflection": 0.0,
    "post_noise_rms_mv": 0.0417364239692688,
    "post_vm_mv": -66.085693359375,
    "pre_noise_rms_mv": 0.0414716713130474,
    "pre_vm_mv": -67.0517883300781,
    "slow_noise_rms_mv": 0.191034153103828,
    "slow_vm_mv": -67.0517883300781,
    "specimen_id": 320207387,
    "stimulus_absolute_amplitude": 499.999985859034,
    "stimulus_description": "C1SSCOARSE141203[4]",
    "stimulus_duration": 0.002995,
    "stimulus_interval": 0.0,
    "stimulus_name": "Short Square",
    "stimulus_relative_amplitude": 1.0,
    "stimulus_start_time": 0.92,
    "stimulus_units": "pA",
    "sweep_number": 11,
    "vm_delta_mv": 0.966094970703125
  },
  {
    "bridge_balance_mohm": 13.3699626922607,
    "id": 396326279,
    "leak_pa": 0.0,
    "num_spikes": 7,
    "peak_deflection": 0.0,
    "post_noise_rms_mv": 0.0,
    "post_vm_mv": 0.0,
    "pre_noise_rms_mv": 0.039975967258215,
    "pre_vm_mv": -68.216911315918,
    "slow_noise_rms_mv": 0.15274503827095,
    "slow_vm_mv": -68.216911315918,
    "specimen_id": 320207387,
    "stimulus_absolute_amplitude": 800.000010681146,
    "stimulus_description": "C1RP25PR1S141203[0]",
    "stimulus_duration": 31.997495,
    "stimulus_interval": 0.0,
    "stimulus_name": "Ramp",
    "stimulus_relative_amplitude": 1.0,
    "stimulus_start_time": 0.9225,
    "stimulus_units": "pA",
    "sweep_number": 5,
    "vm_delta_mv": 0.0
  },
  {
    "bridge_balance_mohm": 13.3699626922607,
    "id": 396326169,
    "leak_pa": 0.0,
    "num_spikes": 1,
    "peak_deflection": 0.0,
    "post_noise_rms_mv": 0.0403503552079201,
    "post_vm_mv": -66.7172927856445,
    "pre_noise_rms_mv": 0.0405255183577538,
    "pre_vm_mv": -67.0148086547852,
    "slow_noise_rms_mv": 0.12411392480135,
    "slow_vm_mv": -67.0148086547852,
    "specimen_id": 320207387,
    "stimulus_absolute_amplitude": 559.999990823457,
    "stimulus_description": "C1SSFINEST141203[0]",
    "stimulus_duration": 0.002995,
    "stimulus_interval": 0.0,
    "stimulus_name": "Short Square",
    "stimulus_relative_amplitude": 5.6,
    "stimulus_start_time": 0.92,
    "stimulus_units": "pA",
    "sweep_number": 21,
    "vm_delta_mv": 0.297515869140625
  },
  {
    "bridge_balance_mohm": 13.3699626922607,
    "id": 396326252,
    "leak_pa": 0.0,
    "num_spikes": 11,
    "peak_deflection": 0.0,
    "post_noise_rms_mv": 0.0444949455559254,
    "post_vm_mv": -68.1015625,
    "pre_noise_rms_mv": 0.035414956510067,
    "pre_vm_mv": -67.9743728637695,
    "slow_noise_rms_mv": 0.139896586537361,
    "slow_vm_mv": -67.9743728637695,
    "specimen_id": 320207387,
    "stimulus_absolute_amplitude": 230.000005152498,
    "stimulus_description": "C1LSCOARSE141203[17]",
    "stimulus_duration": 0.999995,
    "stimulus_interval": 0.0,
    "stimulus_name": "Long Square",
    "stimulus_relative_amplitude": 1.0,
    "stimulus_start_time": 0.92,
    "stimulus_units": "pA",
    "sweep_number": 40,
    "vm_delta_mv": 0.127189636230469
  },
  {
    "bridge_balance_mohm": 13.3699626922607,
    "id": 396326469,
    "leak_pa": 0.0,
    "num_spikes": 3,
    "peak_deflection": 0.0,
    "post_noise_rms_mv": 0.0421422384679317,
    "post_vm_mv": -67.08984375,
    "pre_noise_rms_mv": 0.0377999879419804,
    "pre_vm_mv": -66.9960708618164,
    "slow_noise_rms_mv": 0.268271505832672,
    "slow_vm_mv": -66.9960708618164,
    "specimen_id": 320207387,
    "stimulus_absolute_amplitude": 559.999990823457,
    "stimulus_description": "C2SSTRIPLE141203[7]",
    "stimulus_duration": 0.072995,
    "stimulus_interval": 0.032,
    "stimulus_name": "Short Square - Triple",
    "stimulus_relative_amplitude": 5.6,
    "stimulus_start_time": 1.92,
    "stimulus_units": "pA",
    "sweep_number": 94,
    "vm_delta_mv": 0.0937728881835938
  },
  {
    "bridge_balance_mohm": 13.3699626922607,
    "id": 396326285,
    "leak_pa": 0.0,
    "num_spikes": 74,
    "peak_deflection": 0.0,
    "post_noise_rms_mv": 0.0417365953326225,
    "post_vm_mv": -69.9390335083008,
    "pre_noise_rms_mv": 0.0395269952714443,
    "pre_vm_mv": -68.2282638549805,
    "slow_noise_rms_mv": 0.215511217713356,
    "slow_vm_mv": -68.2282638549805,
    "specimen_id": 320207387,
    "stimulus_absolute_amplitude": 486.749973660494,
    "stimulus_description": "C1NSSEED_1141203[0]",
    "stimulus_duration": 18.999995,
    "stimulus_interval": 5.0,
    "stimulus_name": "Noise 1",
    "stimulus_relative_amplitude": 2.1,
    "stimulus_start_time": 1.92,
    "stimulus_units": "pA",
    "sweep_number": 51,
    "vm_delta_mv": 1.71076965332031
  },
  {
    "bridge_balance_mohm": 13.3699626922607,
    "id": 396326441,
    "leak_pa": 0.0,
    "num_spikes": 3,
    "peak_deflection": 0.0,
    "post_noise_rms_mv": 0.0413782745599747,
    "post_vm_mv": -68.2160186767578,
    "pre_noise_rms_mv": 0.0380606390535831,
    "pre_vm_mv": -67.6306533813477,
    "slow_noise_rms_mv": 0.307395040988922,
    "slow_vm_mv": -67.6306533813477,
    "specimen_id": 320207387,
    "stimulus_absolute_amplitude": 559.999990823457,
    "stimulus_description": "C2SSTRIPLE141203[0]",
    "stimulus_duration": 0.016995,
    "stimulus_interval": 0.004,
    "stimulus_name": "Short Square - Triple",
    "stimulus_relative_amplitude": 5.6,
    "stimulus_start_time": 1.92,
    "stimulus_units": "pA",
    "sweep_number": 87,
    "vm_delta_mv": 0.585365295410156
  },
  {
    "bridge_balance_mohm": 13.3699626922607,
    "id": 396326240,
    "leak_pa": 0.0,
    "num_spikes": 0,
    "peak_deflection": -46.3125,
    "post_noise_rms_mv": 0.0387536436319351,
    "post_vm_mv": -67.6713638305664,
    "pre_noise_rms_mv": 0.0397652499377728,
    "pre_vm_mv": -67.4685668945312,
    "slow_noise_rms_mv": 0.116527140140533,
    "slow_vm_mv": -67.4685668945312,
    "specimen_id": 320207387,
    "stimulus_absolute_amplitude": 129.99999687846,
    "stimulus_description": "C1LSCOARSE141203[12]",
    "stimulus_duration": 0.999995,
    "stimulus_interval": 0.0,
    "stimulus_name": "Long Square",
    "stimulus_relative_amplitude": 1.0,
    "stimulus_start_time": 0.92,
    "stimulus_units": "pA",
    "sweep_number": 35,
    "vm_delta_mv": 0.202796936035156
  },
  {
    "bridge_balance_mohm": 13.3699626922607,
    "id": 396326153,
    "leak_pa": 0.0,
    "num_spikes": 0,
    "peak_deflection": 0.0,
    "post_noise_rms_mv": 0.0359482765197754,
    "post_vm_mv": -67.0902328491211,
    "pre_noise_rms_mv": 0.042552325874567,
    "pre_vm_mv": -67.6731872558594,
    "slow_noise_rms_mv": 0.139775618910789,
    "slow_vm_mv": -67.6731872558594,
    "specimen_id": 320207387,
    "stimulus_absolute_amplitude": 549.999989996053,
    "stimulus_description": "C1SSFINEST141203[0]",
    "stimulus_duration": 0.002995,
    "stimulus_interval": 0.0,
    "stimulus_name": "Short Square",
    "stimulus_relative_amplitude": 5.5,
    "stimulus_start_time": 0.92,
    "stimulus_units": "pA",
    "sweep_number": 17,
    "vm_delta_mv": 0.582954406738281
  },
  {
    "bridge_balance_mohm": 13.3699626922607,
    "id": 396326372,
    "leak_pa": 0.0,
    "num_spikes": 175,
    "peak_deflection": 0.0,
    "post_noise_rms_mv": 0.0397463515400887,
    "post_vm_mv": -71.0087814331055,
    "pre_noise_rms_mv": 0.0414184406399727,
    "pre_vm_mv": -68.1460800170898,
    "slow_noise_rms_mv": 0.153545513749123,
    "slow_vm_mv": -68.1460800170898,
    "specimen_id": 320207387,
    "stimulus_absolute_amplitude": 537.125011135231,
    "stimulus_description": "C2NSRMPRHE141203[0]",
    "stimulus_duration": 29.999985,
    "stimulus_interval": 5.0e-06,
    "stimulus_name": "Ramp to Rheobase",
    "stimulus_relative_amplitude": 2.1,
    "stimulus_start_time": 1.92001,
    "stimulus_units": "pA",
    "sweep_number": 68,
    "vm_delta_mv": 2.86270141601562
  },
  {
    "bridge_balance_mohm": 13.3699626922607,
    "id": 396326328,
    "leak_pa": 0.0,
    "num_spikes": 68,
    "peak_deflection": 0.0,
    "post_noise_rms_mv": 0.0395158417522907,
    "post_vm_mv": -69.1158828735352,
    "pre_noise_rms_mv": 0.0389907695353031,
    "pre_vm_mv": -68.2598114013672,
    "slow_noise_rms_mv": 0.253588974475861,
    "slow_vm_mv": -68.2598114013672,
    "specimen_id": 320207387,
    "stimulus_absolute_amplitude": 486.749973660494,
    "stimulus_description": "C1NSSEED_1141203[0]",
    "stimulus_duration": 18.999995,
    "stimulus_interval": 5.0,
    "stimulus_name": "Noise 1",
    "stimulus_relative_amplitude": 2.1,
    "stimulus_start_time": 1.92,
    "stimulus_units": "pA",
    "sweep_number": 55,
    "vm_delta_mv": 0.856071472167969
  },
  {
    "bridge_balance_mohm": 13.3699626922607,
    "id": 396326455,
    "leak_pa": 0.0,
    "num_spikes": 3,
    "peak_deflection": 0.0,
    "post_noise_rms_mv": 0.0426581390202045,
    "post_vm_mv": -67.2942581176758,
    "pre_noise_rms_mv": 0.0376648679375648,
    "pre_vm_mv": -67.2225112915039,
    "slow_noise_rms_mv": 0.25402158498764,
    "slow_vm_mv": -67.2225112915039,
    "specimen_id": 320207387,
    "stimulus_absolute_amplitude": 559.999990823457,
    "stimulus_description": "C2SSTRIPLE141203[3]",
    "stimulus_duration": 0.040995,
    "stimulus_interval": 0.016,
    "stimulus_name": "Short Square - Triple",
    "stimulus_relative_amplitude": 5.6,
    "stimulus_start_time": 1.92,
    "stimulus_units": "pA",
    "sweep_number": 90,
    "vm_delta_mv": 0.071746826171875
  },
  {
    "bridge_balance_mohm": 13.3699626922607,
    "id": 396326449,
    "leak_pa": 0.0,
    "num_spikes": 3,
    "peak_deflection": 0.0,
    "post_noise_rms_mv": 0.0443742834031582,
    "post_vm_mv": -67.4884414672852,
    "pre_noise_rms_mv": 0.0421890765428543,
    "pre_vm_mv": -67.7030487060547,
    "slow_noise_rms_mv": 0.253452628850937,
    "slow_vm_mv": -67.7030487060547,
    "specimen_id": 320207387,
    "stimulus_absolute_amplitude": 559.999990823457,
    "stimulus_description": "C2SSTRIPLE141203[2]",
    "stimulus_duration": 0.032995,
    "stimulus_interval": 0.012,
    "stimulus_name": "Short Square - Triple",
    "stimulus_relative_amplitude": 5.6,
    "stimulus_start_time": 1.92,
    "stimulus_units": "pA",
    "sweep_number": 89,
    "vm_delta_mv": 0.214607238769531
  },
  {
    "bridge_balance_mohm": 0.0,
    "id": 396326474,
    "leak_pa": 0.0,
    "num_spikes": 0,
    "peak_deflection": 0.0,
    "post_noise_rms_mv": 0.0,
    "post_vm_mv": 0.0,
    "pre_noise_rms_mv": 0.0,
    "pre_vm_mv": 0.0,
    "slow_noise_rms_mv": 0.0,
    "slow_vm_mv": 0.0,
    "specimen_id": 320207387,
    "stimulus_absolute_amplitude": 9.99999977648258,
    "stimulus_description": "EXTPGGAEND141203[0]",
    "stimulus_duration": 0.069995,
    "stimulus_interval": 0.05,
    "stimulus_name": "Test",
    "stimulus_relative_amplitude": 1.0,
    "stimulus_start_time": 0.03,
    "stimulus_units": "mV",
    "sweep_number": 96,
    "vm_delta_mv": 0.0
  },
  {
    "bridge_balance_mohm": 13.3699626922607,
    "id": 396326339,
    "leak_pa": 0.0,
    "num_spikes": 0,
    "peak_deflection": 0.0,
    "post_noise_rms_mv": 0.0351226776838303,
    "post_vm_mv": -67.5419921875,
    "pre_noise_rms_mv": 0.0332386344671249,
    "pre_vm_mv": -67.8694534301758,
    "slow_noise_rms_mv": 0.325662046670914,
    "slow_vm_mv": -67.8694534301758,
    "specimen_id": 320207387,
    "stimulus_absolute_amplitude": -200.000002670286,
    "stimulus_description": "C1SQCAPCHK141203[0]",
    "stimulus_duration": 7.819995,
    "stimulus_interval": 0.2,
    "stimulus_name": "Square - 0.5ms Subthreshold",
    "stimulus_relative_amplitude": 1.0,
    "stimulus_start_time": 0.12,
    "stimulus_units": "pA",
    "sweep_number": 58,
    "vm_delta_mv": 0.327461242675781
  },
  {
    "bridge_balance_mohm": 13.3699626922607,
    "id": 396326246,
    "leak_pa": 0.0,
    "num_spikes": 4,
    "peak_deflection": 0.0,
    "post_noise_rms_mv": 0.0371884144842625,
    "post_vm_mv": -68.4779052734375,
    "pre_noise_rms_mv": 0.0422803610563278,
    "pre_vm_mv": -68.4548034667969,
    "slow_noise_rms_mv": 0.189739137887955,
    "slow_vm_mv": -68.4548034667969,
    "specimen_id": 320207387,
    "stimulus_absolute_amplitude": 190.000001842883,
    "stimulus_description": "C1LSCOARSE141203[15]",
    "stimulus_duration": 0.999995,
    "stimulus_interval": 0.0,
    "stimulus_name": "Long Square",
    "stimulus_relative_amplitude": 1.0,
    "stimulus_start_time": 0.92,
    "stimulus_units": "pA",
    "sweep_number": 38,
    "vm_delta_mv": 0.023101806640625
  },
  {
    "bridge_balance_mohm": 13.3699626922607,
    "id": 396326207,
    "leak_pa": 0.0,
    "num_spikes": 0,
    "peak_deflection": -78.7812576293945,
    "post_noise_rms_mv": 0.0363611914217472,
    "post_vm_mv": -66.9971313476562,
    "pre_noise_rms_mv": 0.036502193659544,
    "pre_vm_mv": -66.9767227172852,
    "slow_noise_rms_mv": 0.17333422601223,
    "slow_vm_mv": -66.9767227172852,
    "specimen_id": 320207387,
    "stimulus_absolute_amplitude": -69.9999988529321,
    "stimulus_description": "C1LSCOARSE141203[2]",
    "stimulus_duration": 0.999995,
    "stimulus_interval": 0.0,
    "stimulus_name": "Long Square",
    "stimulus_relative_amplitude": 1.0,
    "stimulus_start_time": 0.92,
    "stimulus_units": "pA",
    "sweep_number": 25,
    "vm_delta_mv": 0.0204086303710938
  }
]