[
  {
    "bridge_balance_mohm": 14.224663734436,
    "id": 396323362,
    "leak_pa": 0.0,
    "num_spikes": 0,
    "peak_deflection": 0.0,
    "post_noise_rms_mv": 0.0377989672124386,
    "post_vm_mv": -72.1195220947266,
    "pre_noise_rms_mv": 0.0402040779590607,
    "pre_vm_mv": -73.5760116577148,
    "slow_noise_rms_mv": 0.155263319611549,
    "slow_vm_mv": -73.5760116577148,
    "specimen_id": 318733871,
    "stimulus_absolute_amplitude": 569.99999165086,
    "stimulus_description": "C1SSFINEST141203[0]",
    "stimulus_duration": 0.002995,
    "stimulus_interval": 0.0,
    "stimulus_name": "Short Square",
    "stimulus_relative_amplitude": 5.7,
    "stimulus_start_time": 0.92,
    "stimulus_units": "pA",
    "sweep_number": 14,
    "vm_delta_mv": 1.45648956298828
  },
  {
    "bridge_balance_mohm": 14.224663734436,
    "id": 396323388,
    "leak_pa": 0.0,
    "num_spikes": 0,
    "peak_deflection": -96.9687576293945,
    "post_noise_rms_mv": 0.0375262275338173,
    "post_vm_mv": -73.6440963745117,
    "pre_noise_rms_mv": 0.0391277000308037,
    "pre_vm_mv": -73.8342666625977,
    "slow_noise_rms_mv": 0.149396568536758,
    "slow_vm_mv": -73.8342666625977,
    "specimen_id": 318733871,
    "stimulus_absolute_amplitude": -90.0000005077395,
    "stimulus_description": "C1LSCOARSE141203[1]",
    "stimulus_duration": 0.999995,
    "stimulus_interval": 0.0,
    "stimulus_name": "Long Square",
    "stimulus_relative_amplitude": 1.0,
    "stimulus_start_time": 0.92,
    "stimulus_units": "pA",
    "sweep_number": 23,
    "vm_delta_mv": 0.190170288085938
  },
  {
    "bridge_balance_mohm": 14.224663734436,
    "id": 396323510,
    "leak_pa": 0.0,
    "num_spikes": 16,
    "peak_deflection": 0.0,
    "post_noise_rms_mv": 0.0378606133162975,
    "post_vm_mv": -73.6508865356445,
    "pre_noise_rms_mv": 0.0414417758584023,
    "pre_vm_mv": -72.4496307373047,
    "slow_noise_rms_mv": 0.236516460776329,
    "slow_vm_mv": -72.4496307373047,
    "specimen_id": 318733871,
    "stimulus_absolute_amplitude": 180.000001015479,
    "stimulus_description": "C2SQRHELNG141203[0]",
    "stimulus_duration": 1.999995,
    "stimulus_interval": 0.0,
    "stimulus_name": "Square - 2s Suprathreshold",
    "stimulus_relative_amplitude": 1.8,
    "stimulus_start_time": 0.92,
    "stimulus_units": "pA",
    "sweep_number": 60,
    "vm_delta_mv": 1.20125579833984
  },
  {
    "bridge_balance_mohm": 14.224663734436,
    "id": 396323439,
    "leak_pa": 0.0,
    "num_spikes": 14,
    "peak_deflection": 0.0,
    "post_noise_rms_mv": 0.0305392686277628,
    "post_vm_mv": -72.4750366210938,
    "pre_noise_rms_mv": 0.04054119810462,
    "pre_vm_mv": -72.5203247070312,
    "slow_noise_rms_mv": 0.177269637584686,
    "slow_vm_mv": -72.5203247070312,
    "specimen_id": 318733871,
    "stimulus_absolute_amplitude": 129.99999687846,
    "stimulus_description": "C1LSCOARSE141203[12]",
    "stimulus_duration": 0.999995,
    "stimulus_interval": 0.0,
    "stimulus_name": "Long Square",
    "stimulus_relative_amplitude": 1.0,
    "stimulus_start_time": 0.92,
    "stimulus_units": "pA",
    "sweep_number": 34,
    "vm_delta_mv": 0.0452880859375
  },
  {
    "bridge_balance_mohm": 14.224663734436,
    "id": 396323573,
    "leak_pa": 0.0,
    "num_spikes": 3,
    "peak_deflection": 0.0,
    "post_noise_rms_mv": 0.0449937023222446,
    "post_vm_mv": -73.4591369628906,
    "pre_noise_rms_mv": 0.0359138548374176,
    "pre_vm_mv": -73.5854873657227,
    "slow_noise_rms_mv": 0.337626546621323,
    "slow_vm_mv": -73.5854873657227,
    "specimen_id": 318733871,
    "stimulus_absolute_amplitude": 599.999994133071,
    "stimulus_description": "C2SSTRIPLE141203[2]",
    "stimulus_duration": 0.032995,
    "stimulus_interval": 0.012,
    "stimulus_name": "Short Square - Triple",
    "stimulus_relative_amplitude": 6.0,
    "stimulus_start_time": 1.92,
    "stimulus_units": "pA",
    "sweep_number": 74,
    "vm_delta_mv": 0.126350402832031
  },
  {
    "bridge_balance_mohm": 14.224663734436,
    "id": 396323475,
    "leak_pa": 0.0,
    "num_spikes": 23,
    "peak_deflection": 0.0,
    "post_noise_rms_mv": 0.0371760651469231,
    "post_vm_mv": -74.3984222412109,
    "pre_noise_rms_mv": 0.0387932918965816,
    "pre_vm_mv": -73.5012130737305,
    "slow_noise_rms_mv": 0.178911685943604,
    "slow_vm_mv": -73.5012130737305,
    "specimen_id": 318733871,
    "stimulus_absolute_amplitude": 212.249995357183,
    "stimulus_description": "C1NSSEED_2141203[0]",
    "stimulus_duration": 18.999995,
    "stimulus_interval": 5.0,
    "stimulus_name": "Noise 2",
    "stimulus_relative_amplitude": 0.9,
    "stimulus_start_time": 1.92,
    "stimulus_units": "pA",
    "sweep_number": 48,
    "vm_delta_mv": 0.897209167480469
  },
  {
    "bridge_balance_mohm": 14.224663734436,
    "id": 396323332,
    "leak_pa": 0.0,
    "num_spikes": 0,
    "peak_deflection": 0.0,
    "post_noise_rms_mv": 0.0400514751672745,
    "post_vm_mv": -72.7073135375977,
    "pre_noise_rms_mv": 0.0399281866848469,
    "pre_vm_mv": -73.8104858398438,
    "slow_noise_rms_mv": 0.128612071275711,
    "slow_vm_mv": -73.8104858398438,
    "specimen_id": 318733871,
    "stimulus_absolute_amplitude": 400.000005340573,
    "stimulus_description": "C1SSCOARSE141203[3]",
    "stimulus_duration": 0.002995,
    "stimulus_interval": 0.0,
    "stimulus_name": "Short Square",
    "stimulus_relative_amplitude": 1.0,
    "stimulus_start_time": 0.92,
    "stimulus_units": "pA",
    "sweep_number": 10,
    "vm_delta_mv": 1.10317230224609
  },
  {
    "bridge_balance_mohm": 14.224663734436,
    "id": 396323437,
    "leak_pa": 0.0,
    "num_spikes": 10,
    "peak_deflection": 0.0,
    "post_noise_rms_mv": 0.0406806655228138,
    "post_vm_mv": -72.9968414306641,
    "pre_noise_rms_mv": 0.0379738472402096,
    "pre_vm_mv": -73.0722732543945,
    "slow_noise_rms_mv": 0.136501178145409,
    "slow_vm_mv": -73.0722732543945,
    "specimen_id": 318733871,
    "stimulus_absolute_amplitude": 110.000002162547,
    "stimulus_description": "C1LSCOARSE141203[11]",
    "stimulus_duration": 0.999995,
    "stimulus_interval": 0.0,
    "stimulus_name": "Long Square",
    "stimulus_relative_amplitude": 1.0,
    "stimulus_start_time": 0.92,
    "stimulus_units": "pA",
    "sweep_number": 33,
    "vm_delta_mv": 0.0754318237304688
  },
  {
    "bridge_balance_mohm": 14.224663734436,
    "id": 396323577,
    "leak_pa": 0.0,
    "num_spikes": 3,
    "peak_deflection": 0.0,
    "post_noise_rms_mv": 0.0413230322301388,
    "post_vm_mv": -73.5490493774414,
    "pre_noise_rms_mv": 0.0366058796644211,
    "pre_vm_mv": -73.0638885498047,
    "slow_noise_rms_mv": 0.171120792627335,
    "slow_vm_mv": -73.0638885498047,
    "specimen_id": 318733871,
    "stimulus_absolute_amplitude": 599.999994133071,
    "stimulus_description": "C2SSTRIPLE141203[3]",
    "stimulus_duration": 0.040995,
    "stimulus_interval": 0.016,
    "stimulus_name": "Short Square - Triple",
    "stimulus_relative_amplitude": 6.0,
    "stimulus_start_time": 1.92,
    "stimulus_units": "pA",
    "sweep_number": 75,
    "vm_delta_mv": 0.485160827636719
  },
  {
    "bridge_balance_mohm": 14.224663734436,
    "id": 396323433,
    "leak_pa": 0.0,
    "num_spikes": 2,
    "peak_deflection": 0.0,
    "post_noise_rms_mv": 0.03855986520648,
    "post_vm_mv": -71.3185043334961,
    "pre_noise_rms_mv": 0.039063710719347,
    "pre_vm_mv": -71.836311340332,
    "slow_noise_rms_mv": 0.288136333227158,
    "slow_vm_mv": -71.836311340332,
    "specimen_id": 318733871,
    "stimulus_absolute_amplitude": 69.9999988529321,
    "stimulus_description": "C1LSCOARSE141203[9]",
    "stimulus_duration": 0.999995,
    "stimulus_interval": 0.0,
    "stimulus_name": "Long Square",
    "stimulus_relative_amplitude": 1.0,
    "stimulus_start_time": 0.92,
    "stimulus_units": "pA",
    "sweep_number": 31,
    "vm_delta_mv": 0.517807006835938
  },
  {
    "bridge_balance_mohm": 14.224663734436,
    "id": 396323390,
    "leak_pa": 0.0,
    "num_spikes": 0,
    "peak_deflection": -93.40625,
    "post_noise_rms_mv": 0.0434576384723186,
    "post_vm_mv": -73.8148193359375,
    "pre_noise_rms_mv": 0.0394219271838665,
    "pre_vm_mv": -73.3753662109375,
    "slow_noise_rms_mv": 0.185792118310928,
    "slow_vm_mv": -73.3753662109375,
    "specimen_id": 318733871,
    "stimulus_absolute_amplitude": -69.9999988529321,
    "stimulus_description": "C1LSCOARSE141203[2]",
    "stimulus_duration": 0.999995,
    "stimulus_interval": 0.0,
    "stimulus_name": "Long Square",
    "stimulus_relative_amplitude": 1.0,
    "stimulus_start_time": 0.92,
    "stimulus_units": "pA",
    "sweep_number": 24,
    "vm_delta_mv": 0.439453125
  },
  {
    "bridge_balance_mohm": 14.224663734436,
    "id": 396323471,
    "leak_pa": 0.0,
    "num_spikes": 26,
    "peak_deflection": 0.0,
    "post_noise_rms_mv": 0.0359378717839718,
    "post_vm_mv": -73.3165969848633,
    "pre_noise_rms_mv": 0.0393880866467953,
    "pre_vm_mv": -72.8331680297852,
    "slow_noise_rms_mv": 0.148469358682632,
    "slow_vm_mv": -72.8331680297852,
    "specimen_id": 318733871,
    "stimulus_absolute_amplitude": 208.62500615948,
    "stimulus_description": "C1NSSEED_1141203[0]",
    "stimulus_duration": 18.999995,
    "stimulus_interval": 5.0,
    "stimulus_name": "Noise 1",
    "stimulus_relative_amplitude": 0.9,
    "stimulus_start_time": 1.92,
    "stimulus_units": "pA",
    "sweep_number": 47,
    "vm_delta_mv": 0.483428955078125
  },
  {
    "bridge_balance_mohm": 14.224663734436,
    "id": 396323566,
    "leak_pa": 0.0,
    "num_spikes": 3,
    "peak_deflection": 0.0,
    "post_noise_rms_mv": 0.044758714735508,
    "post_vm_mv": -73.5418701171875,
    "pre_noise_rms_mv": 0.0406083464622498,
    "pre_vm_mv": -73.3598327636719,
    "slow_noise_rms_mv": 0.273215651512146,
    "slow_vm_mv": -73.3598327636719,
    "specimen_id": 318733871,
    "stimulus_absolute_amplitude": 599.999994133071,
    "stimulus_description": "C2SSTRIPLE141203[7]",
    "stimulus_duration": 0.072995,
    "stimulus_interval": 0.032,
    "stimulus_name": "Short Square - Triple",
    "stimulus_relative_amplitude": 6.0,
    "stimulus_start_time": 1.92,
    "stimulus_units": "pA",
    "sweep_number": 71,
    "vm_delta_mv": 0.182037353515625
  },
  {
    "bridge_balance_mohm": 14.224663734436,
    "id": 396323484,
    "leak_pa": 0.0,
    "num_spikes": 0,
    "peak_deflection": 0.0,
    "post_noise_rms_mv": 0.0417750142514706,
    "post_vm_mv": -72.924560546875,
    "pre_noise_rms_mv": 0.0361919216811657,
    "pre_vm_mv": -73.2862548828125,
    "slow_noise_rms_mv": 0.257177621126175,
    "slow_vm_mv": -73.2862548828125,
    "specimen_id": 318733871,
    "stimulus_absolute_amplitude": 90.0000005077395,
    "stimulus_description": "C2SQRHELNG141203[0]",
    "stimulus_duration": 1.999995,
    "stimulus_interval": 0.0,
    "stimulus_name": "Square - 2s Suprathreshold",
    "stimulus_relative_amplitude": 0.9,
    "stimulus_start_time": 0.92,
    "stimulus_units": "pA",
    "sweep_number": 51,
    "vm_delta_mv": 0.3616943359375
  },
  {
    "bridge_balance_mohm": 0.0,
    "id": 396323352,
    "leak_pa": 0.0,
    "num_spikes": 0,
    "peak_deflection": 0.0,
    "post_noise_rms_mv": 0.040760412812233,
    "post_vm_mv": 3.67648601531982,
    "pre_noise_rms_mv": 0.0346001163125038,
    "pre_vm_mv": 3.61960768699646,
    "slow_noise_rms_mv": 0.0639408603310585,
    "slow_vm_mv": 3.61960768699646,
    "specimen_id": 318733871,
    "stimulus_absolute_amplitude": 0.0,
    "stimulus_description": "EXTPBLWOUT141203[0]",
    "stimulus_duration": 0.0,
    "stimulus_interval": 0.0,
    "stimulus_name": "Test",
    "stimulus_relative_amplitude": 1.0,
    "stimulus_start_time": 0.0,
    "stimulus_units": "pA",
    "sweep_number": 106,
    "vm_delta_mv": 0.0568783283233643
  },
  {
    "bridge_balance_mohm": 14.224663734436,
    "id": 396323614,
    "leak_pa": 0.0,
    "num_spikes": 0,
    "peak_deflection": 0.0,
    "post_noise_rms_mv": 0.0406179688870907,
    "post_vm_mv": -80.2863616943359,
    "pre_noise_rms_mv": 0.0393210723996162,
    "pre_vm_mv": -80.4844284057617,
    "slow_noise_rms_mv": 0.0890119299292564,
    "slow_vm_mv": -80.4844284057617,
    "specimen_id": 318733871,
    "stimulus_absolute_amplitude": 100.000001335143,
    "stimulus_description": "C2SSHM80CS141203[0]",
    "stimulus_duration": 0.002995,
    "stimulus_interval": 0.0,
    "stimulus_name": "Short Square - Hold -80mV",
    "stimulus_relative_amplitude": 1.0,
    "stimulus_start_time": 0.92,
    "stimulus_units": "pA",
    "sweep_number": 88,
    "vm_delta_mv": 0.198066711425781
  },
  {
    "bridge_balance_mohm": 14.224663734436,
    "id": 396323336,
    "leak_pa": 0.0,
    "num_spikes": 1,
    "peak_deflection": 0.0,
    "post_noise_rms_mv": 0.0391051098704338,
    "post_vm_mv": -79.1587142944336,
    "pre_noise_rms_mv": 0.0407516062259674,
    "pre_vm_mv": -80.5845718383789,
    "slow_noise_rms_mv": 0.0986397936940193,
    "slow_vm_mv": -80.5845718383789,
    "specimen_id": 318733871,
    "stimulus_absolute_amplitude": 659.999999097494,
    "stimulus_description": "C2SSHM80FN141203[0]",
    "stimulus_duration": 0.002995,
    "stimulus_interval": 0.0,
    "stimulus_name": "Short Square - Hold -80mV",
    "stimulus_relative_amplitude": 6.6,
    "stimulus_start_time": 0.92,
    "stimulus_units": "pA",
    "sweep_number": 100,
    "vm_delta_mv": 1.42585754394531
  },
  {
    "bridge_balance_mohm": 14.224663734436,
    "id": 396323488,
    "leak_pa": 0.0,
    "num_spikes": 1,
    "peak_deflection": 0.0,
    "post_noise_rms_mv": 0.0382746309041977,
    "post_vm_mv": -73.2594146728516,
    "pre_noise_rms_mv": 0.0388743877410889,
    "pre_vm_mv": -72.9849166870117,
    "slow_noise_rms_mv": 0.202888786792755,
    "slow_vm_mv": -72.9849166870117,
    "specimen_id": 318733871,
    "stimulus_absolute_amplitude": 100.000001335143,
    "stimulus_description": "C2SQRHELNG141203[0]",
    "stimulus_duration": 1.999995,
    "stimulus_interval": 0.0,
    "stimulus_name": "Square - 2s Suprathreshold",
    "stimulus_relative_amplitude": 1.0,
    "stimulus_start_time": 0.92,
    "stimulus_units": "pA",
    "sweep_number": 52,
    "vm_delta_mv": 0.274497985839844
  },
  {
    "bridge_balance_mohm": 0.0,
    "id": 396323378,
    "leak_pa": 0.0,
    "num_spikes": 0,
    "peak_deflection": 0.0,
    "post_noise_rms_mv": 0.0,
    "post_vm_mv": 0.0,
    "pre_noise_rms_mv": 0.0,
    "pre_vm_mv": 0.0,
    "slow_noise_rms_mv": 0.0,
    "slow_vm_mv": 0.0,
    "specimen_id": 318733871,
    "stimulus_absolute_amplitude": 9.99999977648258,
    "stimulus_description": "EXTPCllATT141203[0]",
    "stimulus_duration": 0.069995,
    "stimulus_interval": 0.05,
    "stimulus_name": "Test",
    "stimulus_relative_amplitude": 1.0,
    "stimulus_start_time": 0.03,
    "stimulus_units": "mV",
    "sweep_number": 2,
    "vm_delta_mv": 0.0
  },
  {
    "bridge_balance_mohm": 14.224663734436,
    "id": 396323608,
    "leak_pa": 0.0,
    "num_spikes": 3,
    "peak_deflection": 0.0,
    "post_noise_rms_mv": 0.0339968129992485,
    "post_vm_mv": -73.9566040039062,
    "pre_noise_rms_mv": 0.0396845452487469,
    "pre_vm_mv": -74.0519638061523,
    "slow_noise_rms_mv": 0.18243981897831,
    "slow_vm_mv": -74.0519638061523,
    "specimen_id": 318733871,
    "stimulus_absolute_amplitude": 599.999994133071,
    "stimulus_description": "C2SSTRIPLE141203[6]",
    "stimulus_duration": 0.064995,
    "stimulus_interval": 0.028,
    "stimulus_name": "Short Square - Triple",
    "stimulus_relative_amplitude": 6.0,
    "stimulus_start_time": 1.92,
    "stimulus_units": "pA",
    "sweep_number": 86,
    "vm_delta_mv": 0.0953598022460938
  },
  {
    "bridge_balance_mohm": 14.224663734436,
    "id": 396323371,
    "leak_pa": 0.0,
    "num_spikes": 0,
    "peak_deflection": 0.0,
    "post_noise_rms_mv": 0.0344997458159924,
    "post_vm_mv": -71.8195877075195,
    "pre_noise_rms_mv": 0.0410925038158894,
    "pre_vm_mv": -73.4055023193359,
    "slow_noise_rms_mv": 0.126336947083473,
    "slow_vm_mv": -73.4055023193359,
    "specimen_id": 318733871,
    "stimulus_absolute_amplitude": 599.999994133071,
    "stimulus_description": "C1SSFINEST141203[0]",
    "stimulus_duration": 0.002995,
    "stimulus_interval": 0.0,
    "stimulus_name": "Short Square",
    "stimulus_relative_amplitude": 6.0,
    "stimulus_start_time": 0.92,
    "stimulus_units": "pA",
    "sweep_number": 18,
    "vm_delta_mv": 1.58591461181641
  },
  {
    "bridge_balance_mohm": 14.224663734436,
    "id": 396323642,
    "leak_pa": 0.0,
    "num_spikes": 1,
    "peak_deflection": 0.0,
    "post_noise_rms_mv": 0.0411016009747982,
    "post_vm_mv": -78.6949615478516,
    "pre_noise_rms_mv": 0.0409116707742214,
    "pre_vm_mv": -79.6254272460938,
    "slow_noise_rms_mv": 0.874026298522949,
    "slow_vm_mv": -79.6254272460938,
    "specimen_id": 318733871,
    "stimulus_absolute_amplitude": 669.999999924897,
    "stimulus_description": "C2SSHM80FN141203[0]",
    "stimulus_duration": 0.002995,
    "stimulus_interval": 0.0,
    "stimulus_name": "Short Square - Hold -80mV",
    "stimulus_relative_amplitude": 6.7,
    "stimulus_start_time": 0.92,
    "stimulus_units": "pA",
    "sweep_number": 96,
    "vm_delta_mv": 0.930465698242188
  },
  {
    "bridge_balance_mohm": 14.224663734436,
    "id": 396323497,
    "leak_pa": 0.0,
    "num_spikes": 7,
    "peak_deflection": 0.0,
    "post_noise_rms_mv": 0.0402530431747437,
    "post_vm_mv": -74.1909713745117,
    "pre_noise_rms_mv": 0.0405836701393127,
    "pre_vm_mv": -73.9143676757812,
    "slow_noise_rms_mv": 0.143637120723724,
    "slow_vm_mv": -73.9143676757812,
    "specimen_id": 318733871,
    "stimulus_absolute_amplitude": 139.999997705864,
    "stimulus_description": "C2SQRHELNG141203[0]",
    "stimulus_duration": 1.999995,
    "stimulus_interval": 0.0,
    "stimulus_name": "Square - 2s Suprathreshold",
    "stimulus_relative_amplitude": 1.4,
    "stimulus_start_time": 0.92,
    "stimulus_units": "pA",
    "sweep_number": 56,
    "vm_delta_mv": 0.276603698730469
  },
  {
    "bridge_balance_mohm": 14.224663734436,
    "id": 396323354,
    "leak_pa": 0.0,
    "num_spikes": 0,
    "peak_deflection": 0.0,
    "post_noise_rms_mv": 0.0367670394480228,
    "post_vm_mv": -72.4498596191406,
    "pre_noise_rms_mv": 0.0378439091145992,
    "pre_vm_mv": -73.8205032348633,
    "slow_noise_rms_mv": 0.171630755066872,
    "slow_vm_mv": -73.8205032348633,
    "specimen_id": 318733871,
    "stimulus_absolute_amplitude": 499.999985859034,
    "stimulus_description": "C1SSCOARSE141203[4]",
    "stimulus_duration": 0.002995,
    "stimulus_interval": 0.0,
    "stimulus_name": "Short Square",
    "stimulus_relative_amplitude": 1.0,
    "stimulus_start_time": 0.92,
    "stimulus_units": "pA",
    "sweep_number": 11,
    "vm_delta_mv": 1.37064361572266
  },
  {
    "bridge_balance_mohm": 0.0,
    "id": 396323406,
    "leak_pa": 0.0,
    "num_spikes": 0,
    "peak_deflection": 0.0,
    "post_noise_rms_mv": 0.0,
    "post_vm_mv": 0.0,
    "pre_noise_rms_mv": 0.0,
    "pre_vm_mv": 0.0,
    "slow_noise_rms_mv": 0.0,
    "slow_vm_mv": 0.0,
    "specimen_id": 318733871,
    "stimulus_absolute_amplitude": 9.99999977648258,
    "stimulus_description": "EXTPBREAKN141203[0]",
    "stimulus_duration": 0.069995,
    "stimulus_interval": 0.05,
    "stimulus_name": "Test",
    "stimulus_relative_amplitude": 1.0,
    "stimulus_start_time": 0.03,
    "stimulus_units": "mV",
    "sweep_number": 3,
    "vm_delta_mv": 0.0
  },
  {
    "bridge_balance_mohm": 14.224663734436,
    "id": 396323584,
    "leak_pa": 0.0,
    "num_spikes": 3,
    "peak_deflection": 0.0,
    "post_noise_rms_mv": 0.0418948084115982,
    "post_vm_mv": -73.2127685546875,
    "pre_noise_rms_mv": 0.0361235067248344,
    "pre_vm_mv": -73.4286575317383,
    "slow_noise_rms_mv": 0.178375139832497,
    "slow_vm_mv": -73.4286575317383,
    "specimen_id": 318733871,
    "stimulus_absolute_amplitude": 599.999994133071,
    "stimulus_description": "C2SSTRIPLE141203[6]",
    "stimulus_duration": 0.064995,
    "stimulus_interval": 0.028,
    "stimulus_name": "Short Square - Triple",
    "stimulus_relative_amplitude": 6.0,
    "stimulus_start_time": 1.92,
    "stimulus_units": "pA",
    "sweep_number": 78,
    "vm_delta_mv": 0.215888977050781
  },
  {
    "bridge_balance_mohm": 14.224663734436,
    "id": 396323629,
    "leak_pa": 0.0,
    "num_spikes": 0,
    "peak_deflection": 0.0,
    "post_noise_rms_mv": 0.0429868698120117,
    "post_vm_mv": -79.0542221069336,
    "pre_noise_rms_mv": 0.0329440385103226,
    "pre_vm_mv": -80.0455932617188,
    "slow_noise_rms_mv": 0.122686624526978,
    "slow_vm_mv": -80.0455932617188,
    "specimen_id": 318733871,
    "stimulus_absolute_amplitude": 599.999994133071,
    "stimulus_description": "C2SSHM80CS141203[5]",
    "stimulus_duration": 0.002995,
    "stimulus_interval": 0.0,
    "stimulus_name": "Short Square - Hold -80mV",
    "stimulus_relative_amplitude": 1.0,
    "stimulus_start_time": 0.92,
    "stimulus_units": "pA",
    "sweep_number": 93,
    "vm_delta_mv": 0.991371154785156
  },
  {
    "bridge_balance_mohm": 14.224663734436,
    "id": 396323542,
    "leak_pa": 0.0,
    "num_spikes": 57,
    "peak_deflection": 0.0,
    "post_noise_rms_mv": 0.0380034819245338,
    "post_vm_mv": -75.0327987670898,
    "pre_noise_rms_mv": 0.0397848822176456,
    "pre_vm_mv": -73.5854339599609,
    "slow_noise_rms_mv": 0.180791780352592,
    "slow_vm_mv": -73.5854339599609,
    "specimen_id": 318733871,
    "stimulus_absolute_amplitude": 255.750004507505,
    "stimulus_description": "C2NSRMPRHE141203[0]",
    "stimulus_duration": 29.999975,
    "stimulus_interval": 1.5e-05,
    "stimulus_name": "Ramp to Rheobase",
    "stimulus_relative_amplitude": 1.0,
    "stimulus_start_time": 1.92002,
    "stimulus_units": "pA",
    "sweep_number": 63,
    "vm_delta_mv": 1.44736480712891
  },
  {
    "bridge_balance_mohm": 14.224663734436,
    "id": 396323449,
    "leak_pa": 0.0,
    "num_spikes": 0,
    "peak_deflection": -51.7187538146973,
    "post_noise_rms_mv": 0.0381619110703468,
    "post_vm_mv": -72.2404022216797,
    "pre_noise_rms_mv": 0.0412812754511833,
    "pre_vm_mv": -72.1742477416992,
    "slow_noise_rms_mv": 0.184022128582001,
    "slow_vm_mv": -72.1742477416992,
    "specimen_id": 318733871,
    "stimulus_absolute_amplitude": 59.9999980255284,
    "stimulus_description": "C1LSFINEST141203[0]",
    "stimulus_duration": 0.999995,
    "stimulus_interval": 0.0,
    "stimulus_name": "Long Square",
    "stimulus_relative_amplitude": 0.6,
    "stimulus_start_time": 0.92,
    "stimulus_units": "pA",
    "sweep_number": 39,
    "vm_delta_mv": 0.0661544799804688
  },
  {
    "bridge_balance_mohm": 14.224663734436,
    "id": 396323394,
    "leak_pa": 0.0,
    "num_spikes": 0,
    "peak_deflection": -83.34375,
    "post_noise_rms_mv": 0.0407599397003651,
    "post_vm_mv": -72.389518737793,
    "pre_noise_rms_mv": 0.0415650308132172,
    "pre_vm_mv": -72.2010955810547,
    "slow_noise_rms_mv": 0.131545454263687,
    "slow_vm_mv": -72.2010955810547,
    "specimen_id": 318733871,
    "stimulus_absolute_amplitude": -29.9999990127642,
    "stimulus_description": "C1LSCOARSE141203[4]",
    "stimulus_duration": 0.999995,
    "stimulus_interval": 0.0,
    "stimulus_name": "Long Square",
    "stimulus_relative_amplitude": 1.0,
    "stimulus_start_time": 0.92,
    "stimulus_units": "pA",
    "sweep_number": 26,
    "vm_delta_mv": 0.188423156738281
  },
  {
    "bridge_balance_mohm": 14.224663734436,
    "id": 396323445,
    "leak_pa": 0.0,
    "num_spikes": 22,
    "peak_deflection": 0.0,
    "post_noise_rms_mv": 0.0414021238684654,
    "post_vm_mv": -72.8272323608398,
    "pre_noise_rms_mv": 0.0437457673251629,
    "pre_vm_mv": -71.9559326171875,
    "slow_noise_rms_mv": 0.297846466302872,
    "slow_vm_mv": -71.9559326171875,
    "specimen_id": 318733871,
    "stimulus_absolute_amplitude": 190.000001842883,
    "stimulus_description": "C1LSCOARSE141203[15]",
    "stimulus_duration": 0.999995,
    "stimulus_interval": 0.0,
    "stimulus_name": "Long Square",
    "stimulus_relative_amplitude": 1.0,
    "stimulus_start_time": 0.92,
    "stimulus_units": "pA",
    "sweep_number": 37,
    "vm_delta_mv": 0.871299743652344
  },
  {
    "bridge_balance_mohm": 14.224663734436,
    "id": 396323647,
    "leak_pa": 0.0,
    "num_spikes": 0,
    "peak_deflection": 0.0,
    "post_noise_rms_mv": 0.0388189591467381,
    "post_vm_mv": -79.2109375,
    "pre_noise_rms_mv": 0.0425901263952255,
    "pre_vm_mv": -80.2001800537109,
    "slow_noise_rms_mv": 0.0826516449451447,
    "slow_vm_mv": -80.2001800537109,
    "specimen_id": 318733871,
    "stimulus_absolute_amplitude": 649.99999827009,
    "stimulus_description": "C2SSHM80FN141203[0]",
    "stimulus_duration": 0.002995,
    "stimulus_interval": 0.0,
    "stimulus_name": "Short Square - Hold -80mV",
    "stimulus_relative_amplitude": 6.5,
    "stimulus_start_time": 0.92,
    "stimulus_units": "pA",
    "sweep_number": 98,
    "vm_delta_mv": 0.989242553710938
  },
  {
    "bridge_balance_mohm": 14.224663734436,
    "id": 396323494,
    "leak_pa": 0.0,
    "num_spikes": 6,
    "peak_deflection": 0.0,
    "post_noise_rms_mv": 0.0448120087385178,
    "post_vm_mv": -74.1566619873047,
    "pre_noise_rms_mv": 0.0386499427258968,
    "pre_vm_mv": -73.4279251098633,
    "slow_noise_rms_mv": 0.285361737012863,
    "slow_vm_mv": -73.4279251098633,
    "specimen_id": 318733871,
    "stimulus_absolute_amplitude": 139.999997705864,
    "stimulus_description": "C2SQRHELNG141203[0]",
    "stimulus_duration": 1.999995,
    "stimulus_interval": 0.0,
    "stimulus_name": "Square - 2s Suprathreshold",
    "stimulus_relative_amplitude": 1.4,
    "stimulus_start_time": 0.92,
    "stimulus_units": "pA",
    "sweep_number": 55,
    "vm_delta_mv": 0.728736877441406
  },
  {
    "bridge_balance_mohm": 14.224663734436,
    "id": 396323644,
    "leak_pa": 0.0,
    "num_spikes": 1,
    "peak_deflection": 0.0,
    "post_noise_rms_mv": 0.0442266166210175,
    "post_vm_mv": -78.692512512207,
    "pre_noise_rms_mv": 0.041571956127882,
    "pre_vm_mv": -80.1463775634766,
    "slow_noise_rms_mv": 0.136154472827911,
    "slow_vm_mv": -80.1463775634766,
    "specimen_id": 318733871,
    "stimulus_absolute_amplitude": 659.999999097494,
    "stimulus_description": "C2SSHM80FN141203[0]",
    "stimulus_duration": 0.002995,
    "stimulus_interval": 0.0,
    "stimulus_name": "Short Square - Hold -80mV",
    "stimulus_relative_amplitude": 6.6,
    "stimulus_start_time": 0.92,
    "stimulus_units": "pA",
    "sweep_number": 97,
    "vm_delta_mv": 1.45386505126953
  },
  {
    "bridge_balance_mohm": 14.224663734436,
    "id": 396323618,
    "leak_pa": 0.0,
    "num_spikes": 0,
    "peak_deflection": 0.0,
    "post_noise_rms_mv": 0.040742602199316,
    "post_vm_mv": -73.0554733276367,
    "pre_noise_rms_mv": 0.0391559898853302,
    "pre_vm_mv": -74.0001449584961,
    "slow_noise_rms_mv": 0.120690539479256,
    "slow_vm_mv": -74.0001449584961,
    "specimen_id": 318733871,
    "stimulus_absolute_amplitude": 299.999997066536,
    "stimulus_description": "C1SSCOARSE141203[2]",
    "stimulus_duration": 0.002995,
    "stimulus_interval": 0.0,
    "stimulus_name": "Short Square",
    "stimulus_relative_amplitude": 1.0,
    "stimulus_start_time": 0.92,
    "stimulus_units": "pA",
    "sweep_number": 9,
    "vm_delta_mv": 0.944671630859375
  },
  {
    "bridge_balance_mohm": 14.224663734436,
    "id": 396323368,
    "leak_pa": 0.0,
    "num_spikes": 1,
    "peak_deflection": 0.0,
    "post_noise_rms_mv": 0.0358009524643421,
    "post_vm_mv": -71.6931076049805,
    "pre_noise_rms_mv": 0.0396796762943268,
    "pre_vm_mv": -73.5050048828125,
    "slow_noise_rms_mv": 0.135289296507835,
    "slow_vm_mv": -73.5050048828125,
    "specimen_id": 318733871,
    "stimulus_absolute_amplitude": 599.999994133071,
    "stimulus_description": "C1SSFINEST141203[0]",
    "stimulus_duration": 0.002995,
    "stimulus_interval": 0.0,
    "stimulus_name": "Short Square",
    "stimulus_relative_amplitude": 6.0,
    "stimulus_start_time": 0.92,
    "stimulus_units": "pA",
    "sweep_number": 17,
    "vm_delta_mv": 1.81189727783203
  },
  {
    "bridge_balance_mohm": 14.224663734436,
    "id": 396323564,
    "leak_pa": 0.0,
    "num_spikes": 3,
    "peak_deflection": 0.0,
    "post_noise_rms_mv": 0.0371313393115997,
    "post_vm_mv": -73.3389892578125,
    "pre_noise_rms_mv": 0.0398431569337845,
    "pre_vm_mv": -73.1990432739258,
    "slow_noise_rms_mv": 0.220605164766312,
    "slow_vm_mv": -73.1990432739258,
    "specimen_id": 318733871,
    "stimulus_absolute_amplitude": 599.999994133071,
    "stimulus_description": "C2SSTRIPLE141203[6]",
    "stimulus_duration": 0.064995,
    "stimulus_interval": 0.028,
    "stimulus_name": "Short Square - Triple",
    "stimulus_relative_amplitude": 6.0,
    "stimulus_start_time": 1.92,
    "stimulus_units": "pA",
    "sweep_number": 70,
    "vm_delta_mv": 0.139945983886719
  },
  {
    "bridge_balance_mohm": 14.224663734436,
    "id": 396323435,
    "leak_pa": 0.0,
    "num_spikes": 4,
    "peak_deflection": 0.0,
    "post_noise_rms_mv": 0.0393991321325302,
    "post_vm_mv": -72.8281707763672,
    "pre_noise_rms_mv": 0.0399150885641575,
    "pre_vm_mv": -72.929557800293,
    "slow_noise_rms_mv": 0.221334338188171,
    "slow_vm_mv": -72.929557800293,
    "specimen_id": 318733871,
    "stimulus_absolute_amplitude": 90.0000005077395,
    "stimulus_description": "C1LSCOARSE141203[10]",
    "stimulus_duration": 0.999995,
    "stimulus_interval": 0.0,
    "stimulus_name": "Long Square",
    "stimulus_relative_amplitude": 1.0,
    "stimulus_start_time": 0.92,
    "stimulus_units": "pA",
    "sweep_number": 32,
    "vm_delta_mv": 0.101387023925781
  },
  {
    "bridge_balance_mohm": 14.224663734436,
    "id": 396323640,
    "leak_pa": 0.0,
    "num_spikes": 0,
    "peak_deflection": 0.0,
    "post_noise_rms_mv": 0.0357530154287815,
    "post_vm_mv": -79.0954437255859,
    "pre_noise_rms_mv": 0.0444186888635159,
    "pre_vm_mv": -80.1246490478516,
    "slow_noise_rms_mv": 0.110739670693874,
    "slow_vm_mv": -80.1246490478516,
    "specimen_id": 318733871,
    "stimulus_absolute_amplitude": 649.99999827009,
    "stimulus_description": "C2SSHM80FN141203[0]",
    "stimulus_duration": 0.002995,
    "stimulus_interval": 0.0,
    "stimulus_name": "Short Square - Hold -80mV",
    "stimulus_relative_amplitude": 6.5,
    "stimulus_start_time": 0.92,
    "stimulus_units": "pA",
    "sweep_number": 95,
    "vm_delta_mv": 1.02920532226562
  },
  {
    "bridge_balance_mohm": 14.224663734436,
    "id": 396323397,
    "leak_pa": 0.0,
    "num_spikes": 0,
    "peak_deflection": -76.34375,
    "post_noise_rms_mv": 0.039329506456852,
    "post_vm_mv": -72.0367584228516,
    "pre_noise_rms_mv": 0.0414051413536072,
    "pre_vm_mv": -71.9976196289062,
    "slow_noise_rms_mv": 0.180227696895599,
    "slow_vm_mv": -71.9976196289062,
    "specimen_id": 318733871,
    "stimulus_absolute_amplitude": -9.99999996004197,
    "stimulus_description": "C1LSCOARSE141203[5]",
    "stimulus_duration": 0.999995,
    "stimulus_interval": 0.0,
    "stimulus_name": "Long Square",
    "stimulus_relative_amplitude": 1.0,
    "stimulus_start_time": 0.92,
    "stimulus_units": "pA",
    "sweep_number": 27,
    "vm_delta_mv": 0.0391387939453125
  },
  {
    "bridge_balance_mohm": 14.224663734436,
    "id": 396323568,
    "leak_pa": 0.0,
    "num_spikes": 3,
    "peak_deflection": 0.0,
    "post_noise_rms_mv": 0.0424848012626171,
    "post_vm_mv": -73.3690872192383,
    "pre_noise_rms_mv": 0.040862325578928,
    "pre_vm_mv": -73.4466323852539,
    "slow_noise_rms_mv": 0.147407010197639,
    "slow_vm_mv": -73.4466323852539,
    "specimen_id": 318733871,
    "stimulus_absolute_amplitude": 599.999994133071,
    "stimulus_description": "C2SSTRIPLE141203[0]",
    "stimulus_duration": 0.016995,
    "stimulus_interval": 0.004,
    "stimulus_name": "Short Square - Triple",
    "stimulus_relative_amplitude": 6.0,
    "stimulus_start_time": 1.92,
    "stimulus_units": "pA",
    "sweep_number": 72,
    "vm_delta_mv": 0.077545166015625
  },
  {
    "bridge_balance_mohm": 14.224663734436,
    "id": 396323597,
    "leak_pa": 0.0,
    "num_spikes": 3,
    "peak_deflection": 0.0,
    "post_noise_rms_mv": 0.0375605709850788,
    "post_vm_mv": -73.3284530639648,
    "pre_noise_rms_mv": 0.0366559848189354,
    "pre_vm_mv": -73.0539169311523,
    "slow_noise_rms_mv": 0.326934158802032,
    "slow_vm_mv": -73.0539169311523,
    "specimen_id": 318733871,
    "stimulus_absolute_amplitude": 599.999994133071,
    "stimulus_description": "C2SSTRIPLE141203[2]",
    "stimulus_duration": 0.032995,
    "stimulus_interval": 0.012,
    "stimulus_name": "Short Square - Triple",
    "stimulus_relative_amplitude": 6.0,
    "stimulus_start_time": 1.92,
    "stimulus_units": "pA",
    "sweep_number": 82,
    "vm_delta_mv": 0.2745361328125
  },
  {
    "bridge_balance_mohm": 14.224663734436,
    "id": 396323342,
    "leak_pa": 0.0,
    "num_spikes": 0,
    "peak_deflection": 0.0,
    "post_noise_rms_mv": 0.0422713197767735,
    "post_vm_mv": -79.9533233642578,
    "pre_noise_rms_mv": 0.0398413836956024,
    "pre_vm_mv": -81.1040573120117,
    "slow_noise_rms_mv": 0.0926332622766495,
    "slow_vm_mv": -81.1040573120117,
    "specimen_id": 318733871,
    "stimulus_absolute_amplitude": 659.999999097494,
    "stimulus_description": "C2SSHM80FN141203[0]",
    "stimulus_duration": 0.002995,
    "stimulus_interval": 0.0,
    "stimulus_name": "Short Square - Hold -80mV",
    "stimulus_relative_amplitude": 6.6,
    "stimulus_start_time": 0.92,
    "stimulus_units": "pA",
    "sweep_number": 103,
    "vm_delta_mv": 1.15073394775391
  },
  {
    "bridge_balance_mohm": 14.224663734436,
    "id": 396323638,
    "leak_pa": 0.0,
    "num_spikes": 1,
    "peak_deflection": 0.0,
    "post_noise_rms_mv": 0.0389880537986755,
    "post_vm_mv": -78.613037109375,
    "pre_noise_rms_mv": 0.0441122837364674,
    "pre_vm_mv": -80.0253067016602,
    "slow_noise_rms_mv": 0.094309464097023,
    "slow_vm_mv": -80.0253067016602,
    "specimen_id": 318733871,
    "stimulus_absolute_amplitude": 700.000002407108,
    "stimulus_description": "C2SSHM80CS141203[6]",
    "stimulus_duration": 0.002995,
    "stimulus_interval": 0.0,
    "stimulus_name": "Short Square - Hold -80mV",
    "stimulus_relative_amplitude": 1.0,
    "stimulus_start_time": 0.92,
    "stimulus_units": "pA",
    "sweep_number": 94,
    "vm_delta_mv": 1.41226959228516
  },
  {
    "bridge_balance_mohm": 14.224663734436,
    "id": 396323441,
    "leak_pa": 0.0,
    "num_spikes": 18,
    "peak_deflection": 0.0,
    "post_noise_rms_mv": 0.034181110560894,
    "post_vm_mv": -72.9227447509766,
    "pre_noise_rms_mv": 0.0359137654304504,
    "pre_vm_mv": -72.2949981689453,
    "slow_noise_rms_mv": 0.146864429116249,
    "slow_vm_mv": -72.2949981689453,
    "specimen_id": 318733871,
    "stimulus_absolute_amplitude": 149.999998533268,
    "stimulus_description": "C1LSCOARSE141203[13]",
    "stimulus_duration": 0.999995,
    "stimulus_interval": 0.0,
    "stimulus_name": "Long Square",
    "stimulus_relative_amplitude": 1.0,
    "stimulus_start_time": 0.92,
    "stimulus_units": "pA",
    "sweep_number": 35,
    "vm_delta_mv": 0.62774658203125
  },
  {
    "bridge_balance_mohm": 14.224663734436,
    "id": 396323359,
    "leak_pa": 0.0,
    "num_spikes": 0,
    "peak_deflection": 0.0,
    "post_noise_rms_mv": 0.0413095392286777,
    "post_vm_mv": -71.3996658325195,
    "pre_noise_rms_mv": 0.0415022782981396,
    "pre_vm_mv": -73.0148086547852,
    "slow_noise_rms_mv": 0.316595315933228,
    "slow_vm_mv": -73.0148086547852,
    "specimen_id": 318733871,
    "stimulus_absolute_amplitude": 549.999989996053,
    "stimulus_description": "C1SSFINEST141203[0]",
    "stimulus_duration": 0.002995,
    "stimulus_interval": 0.0,
    "stimulus_name": "Short Square",
    "stimulus_relative_amplitude": 5.5,
    "stimulus_start_time": 0.92,
    "stimulus_units": "pA",
    "sweep_number": 13,
    "vm_delta_mv": 1.61514282226562
  },
  {
    "bridge_balance_mohm": 14.224663734436,
    "id": 396323380,
    "leak_pa": 0.0,
    "num_spikes": 1,
    "peak_deflection": 0.0,
    "post_noise_rms_mv": 0.0418246500194073,
    "post_vm_mv": -70.9427642822266,
    "pre_noise_rms_mv": 0.0406226739287376,
    "pre_vm_mv": -72.5032501220703,
    "slow_noise_rms_mv": 0.300107926130295,
    "slow_vm_mv": -72.5032501220703,
    "specimen_id": 318733871,
    "stimulus_absolute_amplitude": 599.999994133071,
    "stimulus_description": "C1SSFINEST141203[0]",
    "stimulus_duration": 0.002995,
    "stimulus_interval": 0.0,
    "stimulus_name": "Short Square",
    "stimulus_relative_amplitude": 6.0,
    "stimulus_start_time": 0.92,
    "stimulus_units": "pA",
    "sweep_number": 20,
    "vm_delta_mv": 1.56048583984375
  },
  {
    "bridge_balance_mohm": 14.224663734436,
    "id": 396323548,
    "leak_pa": 0.0,
    "num_spikes": 3,
    "peak_deflection": 0.0,
    "post_noise_rms_mv": 0.0440057143568993,
    "post_vm_mv": -73.6457672119141,
    "pre_noise_rms_mv": 0.0434141494333744,
    "pre_vm_mv": -73.6492462158203,
    "slow_noise_rms_mv": 0.180153012275696,
    "slow_vm_mv": -73.6492462158203,
    "specimen_id": 318733871,
    "stimulus_absolute_amplitude": 599.999994133071,
    "stimulus_description": "C2SSTRIPLE141203[1]",
    "stimulus_duration": 0.024995,
    "stimulus_interval": 0.008,
    "stimulus_name": "Short Square - Triple",
    "stimulus_relative_amplitude": 6.0,
    "stimulus_start_time": 1.92,
    "stimulus_units": "pA",
    "sweep_number": 65,
    "vm_delta_mv": 0.00347900390625
  },
  {
    "bridge_balance_mohm": 14.224663734436,
    "id": 396323622,
    "leak_pa": 0.0,
    "num_spikes": 0,
    "peak_deflection": 0.0,
    "post_noise_rms_mv": 0.0391330868005753,
    "post_vm_mv": -79.5967483520508,
    "pre_noise_rms_mv": 0.0413624010980129,
    "pre_vm_mv": -80.125602722168,
    "slow_noise_rms_mv": 0.107317678630352,
    "slow_vm_mv": -80.125602722168,
    "specimen_id": 318733871,
    "stimulus_absolute_amplitude": 400.000005340573,
    "stimulus_description": "C2SSHM80CS141203[3]",
    "stimulus_duration": 0.002995,
    "stimulus_interval": 0.0,
    "stimulus_name": "Short Square - Hold -80mV",
    "stimulus_relative_amplitude": 1.0,
    "stimulus_start_time": 0.92,
    "stimulus_units": "pA",
    "sweep_number": 91,
    "vm_delta_mv": 0.528854370117188
  },
  {
    "bridge_balance_mohm": 14.224663734436,
    "id": 396323587,
    "leak_pa": 0.0,
    "num_spikes": 3,
    "peak_deflection": 0.0,
    "post_noise_rms_mv": 0.0353537537157536,
    "post_vm_mv": -73.169921875,
    "pre_noise_rms_mv": 0.0338610708713531,
    "pre_vm_mv": -73.5805969238281,
    "slow_noise_rms_mv": 0.198360458016396,
    "slow_vm_mv": -73.5805969238281,
    "specimen_id": 318733871,
    "stimulus_absolute_amplitude": 599.999994133071,
    "stimulus_description": "C2SSTRIPLE141203[7]",
    "stimulus_duration": 0.072995,
    "stimulus_interval": 0.032,
    "stimulus_name": "Short Square - Triple",
    "stimulus_relative_amplitude": 6.0,
    "stimulus_start_time": 1.92,
    "stimulus_units": "pA",
    "sweep_number": 79,
    "vm_delta_mv": 0.410675048828125
  },
  {
    "bridge_balance_mohm": 14.224663734436,
    "id": 396323626,
    "leak_pa": 0.0,
    "num_spikes": 0,
    "peak_deflection": 0.0,
    "post_noise_rms_mv": 0.0355790480971336,
    "post_vm_mv": -79.4000930786133,
    "pre_noise_rms_mv": 0.0402687676250935,
    "pre_vm_mv": -80.3027191162109,
    "slow_noise_rms_mv": 0.115302167832851,
    "slow_vm_mv": -80.3027191162109,
    "specimen_id": 318733871,
    "stimulus_absolute_amplitude": 499.999985859034,
    "stimulus_description": "C2SSHM80CS141203[4]",
    "stimulus_duration": 0.002995,
    "stimulus_interval": 0.0,
    "stimulus_name": "Short Square - Hold -80mV",
    "stimulus_relative_amplitude": 1.0,
    "stimulus_start_time": 0.92,
    "stimulus_units": "pA",
    "sweep_number": 92,
    "vm_delta_mv": 0.902626037597656
  },
  {
    "bridge_balance_mohm": 14.224663734436,
    "id": 396323454,
    "leak_pa": 0.0,
    "num_spikes": 0,
    "peak_deflection": -48.90625,
    "post_noise_rms_mv": 0.0443429723381996,
    "post_vm_mv": -73.1199569702148,
    "pre_noise_rms_mv": 0.0386229529976845,
    "pre_vm_mv": -72.9328842163086,
    "slow_noise_rms_mv": 0.16550201177597,
    "slow_vm_mv": -72.9328842163086,
    "specimen_id": 318733871,
    "stimulus_absolute_amplitude": 69.9999988529321,
    "stimulus_description": "C1LSFINEST141203[0]",
    "stimulus_duration": 0.999995,
    "stimulus_interval": 0.0,
    "stimulus_name": "Long Square",
    "stimulus_relative_amplitude": 0.7,
    "stimulus_start_time": 0.92,
    "stimulus_units": "pA",
    "sweep_number": 40,
    "vm_delta_mv": 0.18707275390625
  },
  {
    "bridge_balance_mohm": 14.224663734436,
    "id": 396323382,
    "leak_pa": 0.0,
    "num_spikes": 1,
    "peak_deflection": 0.0,
    "post_noise_rms_mv": 0.0374018289148808,
    "post_vm_mv": -70.8777465820312,
    "pre_noise_rms_mv": 0.0403490774333477,
    "pre_vm_mv": -72.5947113037109,
    "slow_noise_rms_mv": 0.153314620256424,
    "slow_vm_mv": -72.5947113037109,
    "specimen_id": 318733871,
    "stimulus_absolute_amplitude": 599.999994133071,
    "stimulus_description": "C1SSFINEST141203[0]",
    "stimulus_duration": 0.002995,
    "stimulus_interval": 0.0,
    "stimulus_name": "Short Square",
    "stimulus_relative_amplitude": 6.0,
    "stimulus_start_time": 0.92,
    "stimulus_units": "pA",
    "sweep_number": 21,
    "vm_delta_mv": 1.71696472167969
  },
  {
    "bridge_balance_mohm": 14.224663734436,
    "id": 396323366,
    "leak_pa": 0.0,
    "num_spikes": 1,
    "peak_deflection": 0.0,
    "post_noise_rms_mv": 0.0431102775037289,
    "post_vm_mv": -71.8772659301758,
    "pre_noise_rms_mv": 0.0401340462267399,
    "pre_vm_mv": -73.5547409057617,
    "slow_noise_rms_mv": 0.11938589066267,
    "slow_vm_mv": -73.5547409057617,
    "specimen_id": 318733871,
    "stimulus_absolute_amplitude": 599.999994133071,
    "stimulus_description": "C1SSFINEST141203[0]",
    "stimulus_duration": 0.002995,
    "stimulus_interval": 0.0,
    "stimulus_name": "Short Square",
    "stimulus_relative_amplitude": 6.0,
    "stimulus_start_time": 0.92,
    "stimulus_units": "pA",
    "sweep_number": 16,
    "vm_delta_mv": 1.67747497558594
  },
  {
    "bridge_balance_mohm": 14.224663734436,
    "id": 396323554,
    "leak_pa": 0.0,
    "num_spikes": 3,
    "peak_deflection": 0.0,
    "post_noise_rms_mv": 0.0420318059623241,
    "post_vm_mv": -73.6357650756836,
    "pre_noise_rms_mv": 0.0342406034469604,
    "pre_vm_mv": -73.4720077514648,
    "slow_noise_rms_mv": 0.228944271802902,
    "slow_vm_mv": -73.4720077514648,
    "specimen_id": 318733871,
    "stimulus_absolute_amplitude": 599.999994133071,
    "stimulus_description": "C2SSTRIPLE141203[3]",
    "stimulus_duration": 0.040995,
    "stimulus_interval": 0.016,
    "stimulus_name": "Short Square - Triple",
    "stimulus_relative_amplitude": 6.0,
    "stimulus_start_time": 1.92,
    "stimulus_units": "pA",
    "sweep_number": 67,
    "vm_delta_mv": 0.16375732421875
  },
  {
    "bridge_balance_mohm": 14.224663734436,
    "id": 396323466,
    "leak_pa": 0.0,
    "num_spikes": 23,
    "peak_deflection": 0.0,
    "post_noise_rms_mv": 0.0391243994235992,
    "post_vm_mv": -73.6055297851562,
    "pre_noise_rms_mv": 0.0382960624992847,
    "pre_vm_mv": -73.330451965332,
    "slow_noise_rms_mv": 0.197248265147209,
    "slow_vm_mv": -73.330451965332,
    "specimen_id": 318733871,
    "stimulus_absolute_amplitude": 208.62500615948,
    "stimulus_description": "C1NSSEED_1141203[0]",
    "stimulus_duration": 18.999995,
    "stimulus_interval": 5.0,
    "stimulus_name": "Noise 1",
    "stimulus_relative_amplitude": 0.9,
    "stimulus_start_time": 1.92,
    "stimulus_units": "pA",
    "sweep_number": 45,
    "vm_delta_mv": 0.275077819824219
  },
  {
    "bridge_balance_mohm": 14.224663734436,
    "id": 396323464,
    "leak_pa": 0.0,
    "num_spikes": 31,
    "peak_deflection": 0.0,
    "post_noise_rms_mv": 0.0462395772337914,
    "post_vm_mv": -72.9353485107422,
    "pre_noise_rms_mv": 0.036839384585619,
    "pre_vm_mv": -73.1283111572266,
    "slow_noise_rms_mv": 0.166697889566422,
    "slow_vm_mv": -73.1283111572266,
    "specimen_id": 318733871,
    "stimulus_absolute_amplitude": 212.249995357183,
    "stimulus_description": "C1NSSEED_2141203[0]",
    "stimulus_duration": 18.999995,
    "stimulus_interval": 5.0,
    "stimulus_name": "Noise 2",
    "stimulus_relative_amplitude": 0.9,
    "stimulus_start_time": 1.92,
    "stimulus_units": "pA",
    "sweep_number": 44,
    "vm_delta_mv": 0.192962646484375
  },
  {
    "bridge_balance_mohm": 14.224663734436,
    "id": 396323540,
    "leak_pa": 0.0,
    "num_spikes": 59,
    "peak_deflection": 0.0,
    "post_noise_rms_mv": 0.0457317978143692,
    "post_vm_mv": -74.824592590332,
    "pre_noise_rms_mv": 0.0413780510425568,
    "pre_vm_mv": -73.5059814453125,
    "slow_noise_rms_mv": 0.223160579800606,
    "slow_vm_mv": -73.5059814453125,
    "specimen_id": 318733871,
    "stimulus_absolute_amplitude": 255.750004507505,
    "stimulus_description": "C2NSRMPRHE141203[0]",
    "stimulus_duration": 29.999975,
    "stimulus_interval": 1.5e-05,
    "stimulus_name": "Ramp to Rheobase",
    "stimulus_relative_amplitude": 1.0,
    "stimulus_start_time": 1.92002,
    "stimulus_units": "pA",
    "sweep_number": 62,
    "vm_delta_mv": 1.31861114501953
  },
  {
    "bridge_balance_mohm": 14.224663734436,
    "id": 396323544,
    "leak_pa": 0.0,
    "num_spikes": 3,
    "peak_deflection": 0.0,
    "post_noise_rms_mv": 0.0374660715460777,
    "post_vm_mv": -73.523323059082,
    "pre_noise_rms_mv": 0.0444515310227871,
    "pre_vm_mv": -73.5065689086914,
    "slow_noise_rms_mv": 0.173128440976143,
    "slow_vm_mv": -73.5065689086914,
    "specimen_id": 318733871,
    "stimulus_absolute_amplitude": 599.999994133071,
    "stimulus_description": "C2SSTRIPLE141203[0]",
    "stimulus_duration": 0.016995,
    "stimulus_interval": 0.004,
    "stimulus_name": "Short Square - Triple",
    "stimulus_relative_amplitude": 6.0,
    "stimulus_start_time": 1.92,
    "stimulus_units": "pA",
    "sweep_number": 64,
    "vm_delta_mv": 0.016754150390625
  },
  {
    "bridge_balance_mohm": 14.224663734436,
    "id": 396323478,
    "leak_pa": 0.0,
    "num_spikes": 0,
    "peak_deflection": 0.0,
    "post_noise_rms_mv": 0.0389426089823246,
    "post_vm_mv": -72.0395431518555,
    "pre_noise_rms_mv": 0.0417257361114025,
    "pre_vm_mv": -72.4330215454102,
    "slow_noise_rms_mv": 0.372666418552399,
    "slow_vm_mv": -72.4330215454102,
    "specimen_id": 318733871,
    "stimulus_absolute_amplitude": -200.000002670286,
    "stimulus_description": "C1SQCAPCHK141203[0]",
    "stimulus_duration": 7.819995,
    "stimulus_interval": 0.2,
    "stimulus_name": "Square - 0.5ms Subthreshold",
    "stimulus_relative_amplitude": 1.0,
    "stimulus_start_time": 0.12,
    "stimulus_units": "pA",
    "sweep_number": 49,
    "vm_delta_mv": 0.393478393554688
  },
  {
    "bridge_balance_mohm": 14.224663734436,
    "id": 396323338,
    "leak_pa": 0.0,
    "num_spikes": 1,
    "peak_deflection": 0.0,
    "post_noise_rms_mv": 0.0443501882255077,
    "post_vm_mv": -79.0675201416016,
    "pre_noise_rms_mv": 0.0347333513200283,
    "pre_vm_mv": -80.5915985107422,
    "slow_noise_rms_mv": 0.0647063180804253,
    "slow_vm_mv": -80.5915985107422,
    "specimen_id": 318733871,
    "stimulus_absolute_amplitude": 659.999999097494,
    "stimulus_description": "C2SSHM80FN141203[0]",
    "stimulus_duration": 0.002995,
    "stimulus_interval": 0.0,
    "stimulus_name": "Short Square - Hold -80mV",
    "stimulus_relative_amplitude": 6.6,
    "stimulus_start_time": 0.92,
    "stimulus_units": "pA",
    "sweep_number": 101,
    "vm_delta_mv": 1.52407836914062
  },
  {
    "bridge_balance_mohm": 14.224663734436,
    "id": 396323561,
    "leak_pa": 0.0,
    "num_spikes": 0,
    "peak_deflection": 0.0,
    "post_noise_rms_mv": 0.0416924022138119,
    "post_vm_mv": -73.5245971679688,
    "pre_noise_rms_mv": 0.0370076186954975,
    "pre_vm_mv": -73.7009048461914,
    "slow_noise_rms_mv": 0.159169092774391,
    "slow_vm_mv": -73.7009048461914,
    "specimen_id": 318733871,
    "stimulus_absolute_amplitude": 100.000001335143,
    "stimulus_description": "C1SSCOARSE141203[0]",
    "stimulus_duration": 0.002995,
    "stimulus_interval": 0.0,
    "stimulus_name": "Short Square",
    "stimulus_relative_amplitude": 1.0,
    "stimulus_start_time": 0.92,
    "stimulus_units": "pA",
    "sweep_number": 7,
    "vm_delta_mv": 0.176307678222656
  },
  {
    "bridge_balance_mohm": 14.224663734436,
    "id": 396323462,
    "leak_pa": 0.0,
    "num_spikes": 32,
    "peak_deflection": 0.0,
    "post_noise_rms_mv": 0.0393713898956776,
    "post_vm_mv": -73.7409133911133,
    "pre_noise_rms_mv": 0.0401734113693237,
    "pre_vm_mv": -73.3647308349609,
    "slow_noise_rms_mv": 0.203217536211014,
    "slow_vm_mv": -73.3647308349609,
    "specimen_id": 318733871,
    "stimulus_absolute_amplitude": 208.62500615948,
    "stimulus_description": "C1NSSEED_1141203[0]",
    "stimulus_duration": 18.999995,
    "stimulus_interval": 5.0,
    "stimulus_name": "Noise 1",
    "stimulus_relative_amplitude": 0.9,
    "stimulus_start_time": 1.92,
    "stimulus_units": "pA",
    "sweep_number": 43,
    "vm_delta_mv": 0.376182556152344
  },
  {
    "bridge_balance_mohm": 0.0,
    "id": 396323330,
    "leak_pa": 0.0,
    "num_spikes": 0,
    "peak_deflection": 0.0,
    "post_noise_rms_mv": 0.0,
    "post_vm_mv": 0.0,
    "pre_noise_rms_mv": 0.0,
    "pre_vm_mv": 0.0,
    "slow_noise_rms_mv": 0.0,
    "slow_vm_mv": 0.0,
    "specimen_id": 318733871,
    "stimulus_absolute_amplitude": 9.99999977648258,
    "stimulus_description": "EXTPINBATH141203[0]",
    "stimulus_duration": 0.069995,
    "stimulus_interval": 0.05,
    "stimulus_name": "Test",
    "stimulus_relative_amplitude": 1.0,
    "stimulus_start_time": 0.03,
    "stimulus_units": "mV",
    "sweep_number": 1,
    "vm_delta_mv": 0.0
  },
  {
    "bridge_balance_mohm": 14.224663734436,
    "id": 396323594,
    "leak_pa": 0.0,
    "num_spikes": 3,
    "peak_deflection": 0.0,
    "post_noise_rms_mv": 0.0394271872937679,
    "post_vm_mv": -73.3210983276367,
    "pre_noise_rms_mv": 0.043050542473793,
    "pre_vm_mv": -73.5779342651367,
    "slow_noise_rms_mv": 0.205265551805496,
    "slow_vm_mv": -73.5779342651367,
    "specimen_id": 318733871,
    "stimulus_absolute_amplitude": 599.999994133071,
    "stimulus_description": "C2SSTRIPLE141203[1]",
    "stimulus_duration": 0.024995,
    "stimulus_interval": 0.008,
    "stimulus_name": "Short Square - Triple",
    "stimulus_relative_amplitude": 6.0,
    "stimulus_start_time": 1.92,
    "stimulus_units": "pA",
    "sweep_number": 81,
    "vm_delta_mv": 0.2568359375
  },
  {
    "bridge_balance_mohm": 14.224663734436,
    "id": 396323616,
    "leak_pa": 0.0,
    "num_spikes": 0,
    "peak_deflection": 0.0,
    "post_noise_rms_mv": 0.0410063490271568,
    "post_vm_mv": -80.1304473876953,
    "pre_noise_rms_mv": 0.0355650298297405,
    "pre_vm_mv": -80.3894729614258,
    "slow_noise_rms_mv": 0.11452279984951,
    "slow_vm_mv": -80.3894729614258,
    "specimen_id": 318733871,
    "stimulus_absolute_amplitude": 200.000002670286,
    "stimulus_description": "C2SSHM80CS141203[1]",
    "stimulus_duration": 0.002995,
    "stimulus_interval": 0.0,
    "stimulus_name": "Short Square - Hold -80mV",
    "stimulus_relative_amplitude": 1.0,
    "stimulus_start_time": 0.92,
    "stimulus_units": "pA",
    "sweep_number": 89,
    "vm_delta_mv": 0.259025573730469
  },
  {
    "bridge_balance_mohm": 14.224663734436,
    "id": 396323443,
    "leak_pa": 0.0,
    "num_spikes": 21,
    "peak_deflection": 0.0,
    "post_noise_rms_mv": 0.0393461585044861,
    "post_vm_mv": -72.5036468505859,
    "pre_noise_rms_mv": 0.0393037050962448,
    "pre_vm_mv": -72.1030654907227,
    "slow_noise_rms_mv": 0.281521439552307,
    "slow_vm_mv": -72.1030654907227,
    "specimen_id": 318733871,
    "stimulus_absolute_amplitude": 170.000000188075,
    "stimulus_description": "C1LSCOARSE141203[14]",
    "stimulus_duration": 0.999995,
    "stimulus_interval": 0.0,
    "stimulus_name": "Long Square",
    "stimulus_relative_amplitude": 1.0,
    "stimulus_start_time": 0.92,
    "stimulus_units": "pA",
    "sweep_number": 36,
    "vm_delta_mv": 0.400581359863281
  },
  {
    "bridge_balance_mohm": 14.224663734436,
    "id": 396323408,
    "leak_pa": 0.0,
    "num_spikes": 0,
    "peak_deflection": -48.09375,
    "post_noise_rms_mv": 0.0439206063747406,
    "post_vm_mv": -71.541748046875,
    "pre_noise_rms_mv": 0.0406602211296558,
    "pre_vm_mv": -71.6712112426758,
    "slow_noise_rms_mv": 0.288515567779541,
    "slow_vm_mv": -71.6712112426758,
    "specimen_id": 318733871,
    "stimulus_absolute_amplitude": 50.0000006675716,
    "stimulus_description": "C1LSCOARSE141203[8]",
    "stimulus_duration": 0.999995,
    "stimulus_interval": 0.0,
    "stimulus_name": "Long Square",
    "stimulus_relative_amplitude": 1.0,
    "stimulus_start_time": 0.92,
    "stimulus_units": "pA",
    "sweep_number": 30,
    "vm_delta_mv": 0.129463195800781
  },
  {
    "bridge_balance_mohm": 14.224663734436,
    "id": 396323480,
    "leak_pa": 0.0,
    "num_spikes": 8,
    "peak_deflection": 0.0,
    "post_noise_rms_mv": 0.0,
    "post_vm_mv": 0.0,
    "pre_noise_rms_mv": 0.0415542982518673,
    "pre_vm_mv": -73.3303985595703,
    "slow_noise_rms_mv": 0.0891085341572762,
    "slow_vm_mv": -73.3303985595703,
    "specimen_id": 318733871,
    "stimulus_absolute_amplitude": 800.000010681146,
    "stimulus_description": "C1RP25PR1S141203[0]",
    "stimulus_duration": 31.997495,
    "stimulus_interval": 0.0,
    "stimulus_name": "Ramp",
    "stimulus_relative_amplitude": 1.0,
    "stimulus_start_time": 0.9225,
    "stimulus_units": "pA",
    "sweep_number": 5,
    "vm_delta_mv": 0.0
  },
  {
    "bridge_balance_mohm": 14.224663734436,
    "id": 396323552,
    "leak_pa": 0.0,
    "num_spikes": 3,
    "peak_deflection": 0.0,
    "post_noise_rms_mv": 0.0393108725547791,
    "post_vm_mv": -73.7283935546875,
    "pre_noise_rms_mv": 0.0338524095714092,
    "pre_vm_mv": -73.6042861938477,
    "slow_noise_rms_mv": 0.159617558121681,
    "slow_vm_mv": -73.6042861938477,
    "specimen_id": 318733871,
    "stimulus_absolute_amplitude": 599.999994133071,
    "stimulus_description": "C2SSTRIPLE141203[2]",
    "stimulus_duration": 0.032995,
    "stimulus_interval": 0.012,
    "stimulus_name": "Short Square - Triple",
    "stimulus_relative_amplitude": 6.0,
    "stimulus_start_time": 1.92,
    "stimulus_units": "pA",
    "sweep_number": 66,
    "vm_delta_mv": 0.124107360839844
  },
  {
    "bridge_balance_mohm": 14.224663734436,
    "id": 396323620,
    "leak_pa": 0.0,
    "num_spikes": 0,
    "peak_deflection": 0.0,
    "post_noise_rms_mv": 0.0377324000000954,
    "post_vm_mv": -79.9118881225586,
    "pre_noise_rms_mv": 0.0349041931331158,
    "pre_vm_mv": -80.4060821533203,
    "slow_noise_rms_mv": 0.0945140942931175,
    "slow_vm_mv": -80.4060821533203,
    "specimen_id": 318733871,
    "stimulus_absolute_amplitude": 299.999997066536,
    "stimulus_description": "C2SSHM80CS141203[2]",
    "stimulus_duration": 0.002995,
    "stimulus_interval": 0.0,
    "stimulus_name": "Short Square - Hold -80mV",
    "stimulus_relative_amplitude": 1.0,
    "stimulus_start_time": 0.92,
    "stimulus_units": "pA",
    "sweep_number": 90,
    "vm_delta_mv": 0.494194030761719
  },
  {
    "bridge_balance_mohm": 14.224663734436,
    "id": 396323375,
    "leak_pa": 0.0,
    "num_spikes": 1,
    "peak_deflection": 0.0,
    "post_noise_rms_mv": 0.0424035936594009,
    "post_vm_mv": -70.9463348388672,
    "pre_noise_rms_mv": 0.0391221158206463,
    "pre_vm_mv": -72.9047927856445,
    "slow_noise_rms_mv": 0.138547375798225,
    "slow_vm_mv": -72.9047927856445,
    "specimen_id": 318733871,
    "stimulus_absolute_amplitude": 599.999994133071,
    "stimulus_description": "C1SSFINEST141203[0]",
    "stimulus_duration": 0.002995,
    "stimulus_interval": 0.0,
    "stimulus_name": "Short Square",
    "stimulus_relative_amplitude": 6.0,
    "stimulus_start_time": 0.92,
    "stimulus_units": "pA",
    "sweep_number": 19,
    "vm_delta_mv": 1.95845794677734
  },
  {
    "bridge_balance_mohm": 14.224663734436,
    "id": 396323580,
    "leak_pa": 0.0,
    "num_spikes": 3,
    "peak_deflection": 0.0,
    "post_noise_rms_mv": 0.0368894189596176,
    "post_vm_mv": -73.3423385620117,
    "pre_noise_rms_mv": 0.0410844683647156,
    "pre_vm_mv": -73.2242660522461,
    "slow_noise_rms_mv": 0.295760065317154,
    "slow_vm_mv": -73.2242660522461,
    "specimen_id": 318733871,
    "stimulus_absolute_amplitude": 599.999994133071,
    "stimulus_description": "C2SSTRIPLE141203[4]",
    "stimulus_duration": 0.048995,
    "stimulus_interval": 0.02,
    "stimulus_name": "Short Square - Triple",
    "stimulus_relative_amplitude": 6.0,
    "stimulus_start_time": 1.92,
    "stimulus_units": "pA",
    "sweep_number": 76,
    "vm_delta_mv": 0.118072509765625
  },
  {
    "bridge_balance_mohm": 14.224663734436,
    "id": 396323459,
    "leak_pa": 0.0,
    "num_spikes": 1,
    "peak_deflection": 0.0,
    "post_noise_rms_mv": 0.0324039794504642,
    "post_vm_mv": -72.5376968383789,
    "pre_noise_rms_mv": 0.0383681282401085,
    "pre_vm_mv": -72.81201171875,
    "slow_noise_rms_mv": 0.204954192042351,
    "slow_vm_mv": -72.81201171875,
    "specimen_id": 318733871,
    "stimulus_absolute_amplitude": 90.0000005077395,
    "stimulus_description": "C1LSFINEST141203[0]",
    "stimulus_duration": 0.999995,
    "stimulus_interval": 0.0,
    "stimulus_name": "Long Square",
    "stimulus_relative_amplitude": 0.9,
    "stimulus_start_time": 0.92,
    "stimulus_units": "pA",
    "sweep_number": 42,
    "vm_delta_mv": 0.274314880371094
  },
  {
    "bridge_balance_mohm": 14.224663734436,
    "id": 396323508,
    "leak_pa": 0.0,
    "num_spikes": 17,
    "peak_deflection": 0.0,
    "post_noise_rms_mv": 0.0,
    "post_vm_mv": 0.0,
    "pre_noise_rms_mv": 0.0400054045021534,
    "pre_vm_mv": -72.8523635864258,
    "slow_noise_rms_mv": 0.152621924877167,
    "slow_vm_mv": -72.8523635864258,
    "specimen_id": 318733871,
    "stimulus_absolute_amplitude": 800.000010681146,
    "stimulus_description": "C1RP25PR1S141203[0]",
    "stimulus_duration": 31.997495,
    "stimulus_interval": 0.0,
    "stimulus_name": "Ramp",
    "stimulus_relative_amplitude": 1.0,
    "stimulus_start_time": 0.9225,
    "stimulus_units": "pA",
    "sweep_number": 6,
    "vm_delta_mv": 0.0
  },
  {
    "bridge_balance_mohm": 14.224663734436,
    "id": 396323590,
    "leak_pa": 0.0,
    "num_spikes": 0,
    "peak_deflection": 0.0,
    "post_noise_rms_mv": 0.0383650623261929,
    "post_vm_mv": -73.1852722167969,
    "pre_noise_rms_mv": 0.0382653698325157,
    "pre_vm_mv": -73.8074264526367,
    "slow_noise_rms_mv": 0.151183858513832,
    "slow_vm_mv": -73.8074264526367,
    "specimen_id": 318733871,
    "stimulus_absolute_amplitude": 200.000002670286,
    "stimulus_description": "C1SSCOARSE141203[1]",
    "stimulus_duration": 0.002995,
    "stimulus_interval": 0.0,
    "stimulus_name": "Short Square",
    "stimulus_relative_amplitude": 1.0,
    "stimulus_start_time": 0.92,
    "stimulus_units": "pA",
    "sweep_number": 8,
    "vm_delta_mv": 0.622154235839844
  },
  {
    "bridge_balance_mohm": 14.224663734436,
    "id": 396323392,
    "leak_pa": 0.0,
    "num_spikes": 0,
    "peak_deflection": -89.53125,
    "post_noise_rms_mv": 0.0392301380634308,
    "post_vm_mv": -73.2279968261719,
    "pre_noise_rms_mv": 0.0365938991308212,
    "pre_vm_mv": -73.35302734375,
    "slow_noise_rms_mv": 0.156366005539894,
    "slow_vm_mv": -73.35302734375,
    "specimen_id": 318733871,
    "stimulus_absolute_amplitude": -50.0000006675716,
    "stimulus_description": "C1LSCOARSE141203[3]",
    "stimulus_duration": 0.999995,
    "stimulus_interval": 0.0,
    "stimulus_name": "Long Square",
    "stimulus_relative_amplitude": 1.0,
    "stimulus_start_time": 0.92,
    "stimulus_units": "pA",
    "sweep_number": 25,
    "vm_delta_mv": 0.125030517578125
  },
  {
    "bridge_balance_mohm": 14.224663734436,
    "id": 396323558,
    "leak_pa": 0.0,
    "num_spikes": 3,
    "peak_deflection": 0.0,
    "post_noise_rms_mv": 0.0424721539020538,
    "post_vm_mv": -73.4840774536133,
    "pre_noise_rms_mv": 0.0386396385729313,
    "pre_vm_mv": -73.3247375488281,
    "slow_noise_rms_mv": 0.158759966492653,
    "slow_vm_mv": -73.3247375488281,
    "specimen_id": 318733871,
    "stimulus_absolute_amplitude": 599.999994133071,
    "stimulus_description": "C2SSTRIPLE141203[5]",
    "stimulus_duration": 0.056995,
    "stimulus_interval": 0.024,
    "stimulus_name": "Short Square - Triple",
    "stimulus_relative_amplitude": 6.0,
    "stimulus_start_time": 1.92,
    "stimulus_units": "pA",
    "sweep_number": 69,
    "vm_delta_mv": 0.159339904785156
  },
  {
    "bridge_balance_mohm": 14.224663734436,
    "id": 396323556,
    "leak_pa": 0.0,
    "num_spikes": 3,
    "peak_deflection": 0.0,
    "post_noise_rms_mv": 0.034966979175806,
    "post_vm_mv": -73.8137969970703,
    "pre_noise_rms_mv": 0.0357643850147724,
    "pre_vm_mv": -73.6382293701172,
    "slow_noise_rms_mv": 0.243798926472664,
    "slow_vm_mv": -73.6382293701172,
    "specimen_id": 318733871,
    "stimulus_absolute_amplitude": 599.999994133071,
    "stimulus_description": "C2SSTRIPLE141203[4]",
    "stimulus_duration": 0.048995,
    "stimulus_interval": 0.02,
    "stimulus_name": "Short Square - Triple",
    "stimulus_relative_amplitude": 6.0,
    "stimulus_start_time": 1.92,
    "stimulus_units": "pA",
    "sweep_number": 68,
    "vm_delta_mv": 0.175567626953125
  },
  {
    "bridge_balance_mohm": 14.224663734436,
    "id": 396323610,
    "leak_pa": 0.0,
    "num_spikes": 3,
    "peak_deflection": 0.0,
    "post_noise_rms_mv": 0.0360096283257008,
    "post_vm_mv": -73.6906814575195,
    "pre_noise_rms_mv": 0.0380660705268383,
    "pre_vm_mv": -73.6825790405273,
    "slow_noise_rms_mv": 0.181937232613564,
    "slow_vm_mv": -73.6825790405273,
    "specimen_id": 318733871,
    "stimulus_absolute_amplitude": 599.999994133071,
    "stimulus_description": "C2SSTRIPLE141203[7]",
    "stimulus_duration": 0.072995,
    "stimulus_interval": 0.032,
    "stimulus_name": "Short Square - Triple",
    "stimulus_relative_amplitude": 6.0,
    "stimulus_start_time": 1.92,
    "stimulus_units": "pA",
    "sweep_number": 87,
    "vm_delta_mv": 0.0081024169921875
  },
  {
    "bridge_balance_mohm": 14.224663734436,
    "id": 396323340,
    "leak_pa": 0.0,
    "num_spikes": 0,
    "peak_deflection": 0.0,
    "post_noise_rms_mv": 0.041467972099781,
    "post_vm_mv": -79.8759765625,
    "pre_noise_rms_mv": 0.0380181893706322,
    "pre_vm_mv": -80.8639144897461,
    "slow_noise_rms_mv": 0.10466530174017,
    "slow_vm_mv": -80.8639144897461,
    "specimen_id": 318733871,
    "stimulus_absolute_amplitude": 659.999999097494,
    "stimulus_description": "C2SSHM80FN141203[0]",
    "stimulus_duration": 0.002995,
    "stimulus_interval": 0.0,
    "stimulus_name": "Short Square - Hold -80mV",
    "stimulus_relative_amplitude": 6.6,
    "stimulus_start_time": 0.92,
    "stimulus_units": "pA",
    "sweep_number": 102,
    "vm_delta_mv": 0.987937927246094
  },
  {
    "bridge_balance_mohm": 0.0,
    "id": 396323350,
    "leak_pa": 0.0,
    "num_spikes": 0,
    "peak_deflection": 0.0,
    "post_noise_rms_mv": 0.0,
    "post_vm_mv": 0.0,
    "pre_noise_rms_mv": 0.0,
    "pre_vm_mv": 0.0,
    "slow_noise_rms_mv": 0.0,
    "slow_vm_mv": 0.0,
    "specimen_id": 318733871,
    "stimulus_absolute_amplitude": 9.99999977648258,
    "stimulus_description": "EXTPGGAEND141203[0]",
    "stimulus_duration": 0.069995,
    "stimulus_interval": 0.05,
    "stimulus_name": "Test",
    "stimulus_relative_amplitude": 1.0,
    "stimulus_start_time": 0.03,
    "stimulus_units": "mV",
    "sweep_number": 105,
    "vm_delta_mv": 0.0
  },
  {
    "bridge_balance_mohm": 14.224663734436,
    "id": 396323513,
    "leak_pa": 0.0,
    "num_spikes": 80,
    "peak_deflection": 0.0,
    "post_noise_rms_mv": 0.0418354049324989,
    "post_vm_mv": -74.8126754760742,
    "pre_noise_rms_mv": 0.0385609716176987,
    "pre_vm_mv": -72.8345184326172,
    "slow_noise_rms_mv": 0.207559898495674,
    "slow_vm_mv": -72.8345184326172,
    "specimen_id": 318733871,
    "stimulus_absolute_amplitude": 255.750004507505,
    "stimulus_description": "C2NSRMPRHE141203[0]",
    "stimulus_duration": 29.999975,
    "stimulus_interval": 1.5e-05,
    "stimulus_name": "Ramp to Rheobase",
    "stimulus_relative_amplitude": 1.0,
    "stimulus_start_time": 1.92002,
    "stimulus_units": "pA",
    "sweep_number": 61,
    "vm_delta_mv": 1.97815704345703
  },
  {
    "bridge_balance_mohm": 14.224663734436,
    "id": 396323600,
    "leak_pa": 0.0,
    "num_spikes": 3,
    "peak_deflection": 0.0,
    "post_noise_rms_mv": 0.0350911505520344,
    "post_vm_mv": -73.2114715576172,
    "pre_noise_rms_mv": 0.0415959544479847,
    "pre_vm_mv": -73.2385482788086,
    "slow_noise_rms_mv": 0.187070429325104,
    "slow_vm_mv": -73.2385482788086,
    "specimen_id": 318733871,
    "stimulus_absolute_amplitude": 599.999994133071,
    "stimulus_description": "C2SSTRIPLE141203[3]",
    "stimulus_duration": 0.040995,
    "stimulus_interval": 0.016,
    "stimulus_name": "Short Square - Triple",
    "stimulus_relative_amplitude": 6.0,
    "stimulus_start_time": 1.92,
    "stimulus_units": "pA",
    "sweep_number": 83,
    "vm_delta_mv": 0.0270767211914062
  },
  {
    "bridge_balance_mohm": 14.224663734436,
    "id": 396323490,
    "leak_pa": 0.0,
    "num_spikes": 1,
    "peak_deflection": 0.0,
    "post_noise_rms_mv": 0.039005272090435,
    "post_vm_mv": -73.7748870849609,
    "pre_noise_rms_mv": 0.0346203036606312,
    "pre_vm_mv": -73.50634765625,
    "slow_noise_rms_mv": 0.164012134075165,
    "slow_vm_mv": -73.50634765625,
    "specimen_id": 318733871,
    "stimulus_absolute_amplitude": 100.000001335143,
    "stimulus_description": "C2SQRHELNG141203[0]",
    "stimulus_duration": 1.999995,
    "stimulus_interval": 0.0,
    "stimulus_name": "Square - 2s Suprathreshold",
    "stimulus_relative_amplitude": 1.0,
    "stimulus_start_time": 0.92,
    "stimulus_units": "pA",
    "sweep_number": 53,
    "vm_delta_mv": 0.268539428710938
  },
  {
    "bridge_balance_mohm": 14.224663734436,
    "id": 396323506,
    "leak_pa": 0.0,
    "num_spikes": 13,
    "peak_deflection": 0.0,
    "post_noise_rms_mv": 0.0391626358032227,
    "post_vm_mv": -73.9824295043945,
    "pre_noise_rms_mv": 0.0369674041867256,
    "pre_vm_mv": -73.267463684082,
    "slow_noise_rms_mv": 0.177908077836037,
    "slow_vm_mv": -73.267463684082,
    "specimen_id": 318733871,
    "stimulus_absolute_amplitude": 180.000001015479,
    "stimulus_description": "C2SQRHELNG141203[0]",
    "stimulus_duration": 1.999995,
    "stimulus_interval": 0.0,
    "stimulus_name": "Square - 2s Suprathreshold",
    "stimulus_relative_amplitude": 1.8,
    "stimulus_start_time": 0.92,
    "stimulus_units": "pA",
    "sweep_number": 59,
    "vm_delta_mv": 0.7149658203125
  },
  {
    "bridge_balance_mohm": 14.224663734436,
    "id": 396323570,
    "leak_pa": 0.0,
    "num_spikes": 3,
    "peak_deflection": 0.0,
    "post_noise_rms_mv": 0.0409859754145145,
    "post_vm_mv": -73.4430084228516,
    "pre_noise_rms_mv": 0.050120122730732,
    "pre_vm_mv": -73.2168655395508,
    "slow_noise_rms_mv": 0.144578456878662,
    "slow_vm_mv": -73.2168655395508,
    "specimen_id": 318733871,
    "stimulus_absolute_amplitude": 599.999994133071,
    "stimulus_description": "C2SSTRIPLE141203[1]",
    "stimulus_duration": 0.024995,
    "stimulus_interval": 0.008,
    "stimulus_name": "Short Square - Triple",
    "stimulus_relative_amplitude": 6.0,
    "stimulus_start_time": 1.92,
    "stimulus_units": "pA",
    "sweep_number": 73,
    "vm_delta_mv": 0.226142883300781
  },
  {
    "bridge_balance_mohm": 14.224663734436,
    "id": 396323447,
    "leak_pa": 0.0,
    "num_spikes": 28,
    "peak_deflection": 0.0,
    "post_noise_rms_mv": 0.0427969358861446,
    "post_vm_mv": -73.8689193725586,
    "pre_noise_rms_mv": 0.0446272566914558,
    "pre_vm_mv": -72.5650634765625,
    "slow_noise_rms_mv": 0.176345944404602,
    "slow_vm_mv": -72.5650634765625,
    "specimen_id": 318733871,
    "stimulus_absolute_amplitude": 210.00000349769,
    "stimulus_description": "C1LSCOARSE141203[16]",
    "stimulus_duration": 0.999995,
    "stimulus_interval": 0.0,
    "stimulus_name": "Long Square",
    "stimulus_relative_amplitude": 1.0,
    "stimulus_start_time": 0.92,
    "stimulus_units": "pA",
    "sweep_number": 38,
    "vm_delta_mv": 1.30385589599609
  },
  {
    "bridge_balance_mohm": 14.224663734436,
    "id": 396323501,
    "leak_pa": 0.0,
    "num_spikes": 7,
    "peak_deflection": 0.0,
    "post_noise_rms_mv": 0.038739025592804,
    "post_vm_mv": -74.2507934570312,
    "pre_noise_rms_mv": 0.0425904989242554,
    "pre_vm_mv": -73.5337600708008,
    "slow_noise_rms_mv": 0.274801641702652,
    "slow_vm_mv": -73.5337600708008,
    "specimen_id": 318733871,
    "stimulus_absolute_amplitude": 139.999997705864,
    "stimulus_description": "C2SQRHELNG141203[0]",
    "stimulus_duration": 1.999995,
    "stimulus_interval": 0.0,
    "stimulus_name": "Square - 2s Suprathreshold",
    "stimulus_relative_amplitude": 1.4,
    "stimulus_start_time": 0.92,
    "stimulus_units": "pA",
    "sweep_number": 57,
    "vm_delta_mv": 0.717033386230469
  },
  {
    "bridge_balance_mohm": 14.224663734436,
    "id": 396323364,
    "leak_pa": 0.0,
    "num_spikes": 0,
    "peak_deflection": 0.0,
    "post_noise_rms_mv": 0.0410391837358475,
    "post_vm_mv": -71.8184127807617,
    "pre_noise_rms_mv": 0.0411656834185123,
    "pre_vm_mv": -73.622314453125,
    "slow_noise_rms_mv": 0.156922787427902,
    "slow_vm_mv": -73.622314453125,
    "specimen_id": 318733871,
    "stimulus_absolute_amplitude": 589.999993305668,
    "stimulus_description": "C1SSFINEST141203[0]",
    "stimulus_duration": 0.002995,
    "stimulus_interval": 0.0,
    "stimulus_name": "Short Square",
    "stimulus_relative_amplitude": 5.9,
    "stimulus_start_time": 0.92,
    "stimulus_units": "pA",
    "sweep_number": 15,
    "vm_delta_mv": 1.80390167236328
  },
  {
    "bridge_balance_mohm": 14.224663734436,
    "id": 396323356,
    "leak_pa": 0.0,
    "num_spikes": 1,
    "peak_deflection": 0.0,
    "post_noise_rms_mv": 0.0374195724725723,
    "post_vm_mv": -71.2357482910156,
    "pre_noise_rms_mv": 0.0365947894752026,
    "pre_vm_mv": -72.5235977172852,
    "slow_noise_rms_mv": 0.45252200961113,
    "slow_vm_mv": -72.5235977172852,
    "specimen_id": 318733871,
    "stimulus_absolute_amplitude": 599.999994133071,
    "stimulus_description": "C1SSCOARSE141203[5]",
    "stimulus_duration": 0.002995,
    "stimulus_interval": 0.0,
    "stimulus_name": "Short Square",
    "stimulus_relative_amplitude": 1.0,
    "stimulus_start_time": 0.92,
    "stimulus_units": "pA",
    "sweep_number": 12,
    "vm_delta_mv": 1.28784942626953
  },
  {
    "bridge_balance_mohm": 14.224663734436,
    "id": 396323592,
    "leak_pa": 0.0,
    "num_spikes": 3,
    "peak_deflection": 0.0,
    "post_noise_rms_mv": 0.0361110791563988,
    "post_vm_mv": -73.369010925293,
    "pre_noise_rms_mv": 0.0389319099485874,
    "pre_vm_mv": -73.3859329223633,
    "slow_noise_rms_mv": 0.242742508649826,
    "slow_vm_mv": -73.3859329223633,
    "specimen_id": 318733871,
    "stimulus_absolute_amplitude": 599.999994133071,
    "stimulus_description": "C2SSTRIPLE141203[0]",
    "stimulus_duration": 0.016995,
    "stimulus_interval": 0.004,
    "stimulus_name": "Short Square - Triple",
    "stimulus_relative_amplitude": 6.0,
    "stimulus_start_time": 1.92,
    "stimulus_units": "pA",
    "sweep_number": 80,
    "vm_delta_mv": 0.0169219970703125
  },
  {
    "bridge_balance_mohm": 14.224663734436,
    "id": 396323452,
    "leak_pa": 0.0,
    "num_spikes": 9,
    "peak_deflection": 0.0,
    "post_noise_rms_mv": 0.0,
    "post_vm_mv": 0.0,
    "pre_noise_rms_mv": 0.0401654802262783,
    "pre_vm_mv": -73.7982177734375,
    "slow_noise_rms_mv": 0.220393180847168,
    "slow_vm_mv": -73.7982177734375,
    "specimen_id": 318733871,
    "stimulus_absolute_amplitude": 800.000010681146,
    "stimulus_description": "C1RP25PR1S141203[0]",
    "stimulus_duration": 31.997495,
    "stimulus_interval": 0.0,
    "stimulus_name": "Ramp",
    "stimulus_relative_amplitude": 1.0,
    "stimulus_start_time": 0.9225,
    "stimulus_units": "pA",
    "sweep_number": 4,
    "vm_delta_mv": 0.0
  },
  {
    "bridge_balance_mohm": 0.0,
    "id": 396323346,
    "leak_pa": 0.0,
    "num_spikes": 0,
    "peak_deflection": 0.0,
    "post_noise_rms_mv": 0.0,
    "post_vm_mv": 0.0,
    "pre_noise_rms_mv": 0.0,
    "pre_vm_mv": 0.0,
    "slow_noise_rms_mv": 0.0,
    "slow_vm_mv": 0.0,
    "specimen_id": 318733871,
    "stimulus_absolute_amplitude": 9.99999977648258,
    "stimulus_description": "EXTPEXPEND141203[0]",
    "stimulus_duration": 0.069995,
    "stimulus_interval": 0.05,
    "stimulus_name": "Test",
    "stimulus_relative_amplitude": 1.0,
    "stimulus_start_time": 0.03,
    "stimulus_units": "mV",
    "sweep_number": 104,
    "vm_delta_mv": 0.0
  },
  {
    "bridge_balance_mohm": 14.224663734436,
    "id": 396323604,
    "leak_pa": 0.0,
    "num_spikes": 3,
    "peak_deflection": 0.0,
    "post_noise_rms_mv": 0.0421630330383778,
    "post_vm_mv": -74.1104278564453,
    "pre_noise_rms_mv": 0.0353056378662586,
    "pre_vm_mv": -73.7717056274414,
    "slow_noise_rms_mv": 0.246308460831642,
    "slow_vm_mv": -73.7717056274414,
    "specimen_id": 318733871,
    "stimulus_absolute_amplitude": 599.999994133071,
    "stimulus_description": "C2SSTRIPLE141203[4]",
    "stimulus_duration": 0.048995,
    "stimulus_interval": 0.02,
    "stimulus_name": "Short Square - Triple",
    "stimulus_relative_amplitude": 6.0,
    "stimulus_start_time": 1.92,
    "stimulus_units": "pA",
    "sweep_number": 84,
    "vm_delta_mv": 0.338722229003906
  },
  {
    "bridge_balance_mohm": 14.224663734436,
    "id": 396323650,
    "leak_pa": 0.0,
    "num_spikes": 1,
    "peak_deflection": 0.0,
    "post_noise_rms_mv": 0.0321909077465534,
    "post_vm_mv": -78.8196716308594,
    "pre_noise_rms_mv": 0.0379347428679466,
    "pre_vm_mv": -80.441047668457,
    "slow_noise_rms_mv": 0.107122242450714,
    "slow_vm_mv": -80.441047668457,
    "specimen_id": 318733871,
    "stimulus_absolute_amplitude": 659.999999097494,
    "stimulus_description": "C2SSHM80FN141203[0]",
    "stimulus_duration": 0.002995,
    "stimulus_interval": 0.0,
    "stimulus_name": "Short Square - Hold -80mV",
    "stimulus_relative_amplitude": 6.6,
    "stimulus_start_time": 0.92,
    "stimulus_units": "pA",
    "sweep_number": 99,
    "vm_delta_mv": 1.62137603759766
  },
  {
    "bridge_balance_mohm": 0.0,
    "id": 396323328,
    "leak_pa": 0.0,
    "num_spikes": 0,
    "peak_deflection": 0.0,
    "post_noise_rms_mv": 0.0,
    "post_vm_mv": 0.0,
    "pre_noise_rms_mv": 0.0,
    "pre_vm_mv": 0.0,
    "slow_noise_rms_mv": 0.0,
    "slow_vm_mv": 0.0,
    "specimen_id": 318733871,
    "stimulus_absolute_amplitude": 9.99999977648258,
    "stimulus_description": "EXTPSMOKET141203[0]",
    "stimulus_duration": 0.069995,
    "stimulus_interval": 0.05,
    "stimulus_name": "Test",
    "stimulus_relative_amplitude": 1.0,
    "stimulus_start_time": 0.03,
    "stimulus_units": "mV",
    "sweep_number": 0,
    "vm_delta_mv": 0.0
  },
  {
    "bridge_balance_mohm": 14.224663734436,
    "id": 396323606,
    "leak_pa": 0.0,
    "num_spikes": 3,
    "peak_deflection": 0.0,
    "post_noise_rms_mv": 0.0376160033047199,
    "post_vm_mv": -73.8176422119141,
    "pre_noise_rms_mv": 0.0395662672817707,
    "pre_vm_mv": -73.6396636962891,
    "slow_noise_rms_mv": 0.279655814170837,
    "slow_vm_mv": -73.6396636962891,
    "specimen_id": 318733871,
    "stimulus_absolute_amplitude": 599.999994133071,
    "stimulus_description": "C2SSTRIPLE141203[5]",
    "stimulus_duration": 0.056995,
    "stimulus_interval": 0.024,
    "stimulus_name": "Short Square - Triple",
    "stimulus_relative_amplitude": 6.0,
    "stimulus_start_time": 1.92,
    "stimulus_units": "pA",
    "sweep_number": 85,
    "vm_delta_mv": 0.177978515625
  },
  {
    "bridge_balance_mohm": 14.224663734436,
    "id": 396323384,
    "leak_pa": 0.0,
    "num_spikes": 0,
    "peak_deflection": -100.156257629395,
    "post_noise_rms_mv": 0.0375592783093452,
    "post_vm_mv": -74.3082962036133,
    "pre_noise_rms_mv": 0.0403164774179459,
    "pre_vm_mv": -73.7102813720703,
    "slow_noise_rms_mv": 0.212610512971878,
    "slow_vm_mv": -73.7102813720703,
    "specimen_id": 318733871,
    "stimulus_absolute_amplitude": -110.000002162547,
    "stimulus_description": "C1LSCOARSE141203[0]",
    "stimulus_duration": 0.999995,
    "stimulus_interval": 0.0,
    "stimulus_name": "Long Square",
    "stimulus_relative_amplitude": 1.0,
    "stimulus_start_time": 0.92,
    "stimulus_units": "pA",
    "sweep_number": 22,
    "vm_delta_mv": 0.598014831542969
  },
  {
    "bridge_balance_mohm": 14.224663734436,
    "id": 396323456,
    "leak_pa": 0.0,
    "num_spikes": 0,
    "peak_deflection": -44.28125,
    "post_noise_rms_mv": 0.0414674617350101,
    "post_vm_mv": -72.9263229370117,
    "pre_noise_rms_mv": 0.0367179661989212,
    "pre_vm_mv": -73.3893051147461,
    "slow_noise_rms_mv": 0.140569120645523,
    "slow_vm_mv": -73.3893051147461,
    "specimen_id": 318733871,
    "stimulus_absolute_amplitude": 79.9999996803358,
    "stimulus_description": "C1LSFINEST141203[0]",
    "stimulus_duration": 0.999995,
    "stimulus_interval": 0.0,
    "stimulus_name": "Long Square",
    "stimulus_relative_amplitude": 0.8,
    "stimulus_start_time": 0.92,
    "stimulus_units": "pA",
    "sweep_number": 41,
    "vm_delta_mv": 0.462982177734375
  },
  {
    "bridge_balance_mohm": 14.224663734436,
    "id": 396323482,
    "leak_pa": 0.0,
    "num_spikes": 0,
    "peak_deflection": 0.0,
    "post_noise_rms_mv": 0.0412452630698681,
    "post_vm_mv": -72.7104568481445,
    "pre_noise_rms_mv": 0.0371528267860413,
    "pre_vm_mv": -72.659553527832,
    "slow_noise_rms_mv": 0.483349621295929,
    "slow_vm_mv": -72.659553527832,
    "specimen_id": 318733871,
    "stimulus_absolute_amplitude": -200.000002670286,
    "stimulus_description": "C1SQCAPCHK141203[0]",
    "stimulus_duration": 7.819995,
    "stimulus_interval": 0.2,
    "stimulus_name": "Square - 0.5ms Subthreshold",
    "stimulus_relative_amplitude": 1.0,
    "stimulus_start_time": 0.12,
    "stimulus_units": "pA",
    "sweep_number": 50,
    "vm_delta_mv": 0.0509033203125
  },
  {
    "bridge_balance_mohm": 14.224663734436,
    "id": 396323582,
    "leak_pa": 0.0,
    "num_spikes": 3,
    "peak_deflection": 0.0,
    "post_noise_rms_mv": 0.0382072292268276,
    "post_vm_mv": -73.6458282470703,
    "pre_noise_rms_mv": 0.0396089442074299,
    "pre_vm_mv": -73.4182739257812,
    "slow_noise_rms_mv": 0.228058248758316,
    "slow_vm_mv": -73.4182739257812,
    "specimen_id": 318733871,
    "stimulus_absolute_amplitude": 599.999994133071,
    "stimulus_description": "C2SSTRIPLE141203[5]",
    "stimulus_duration": 0.056995,
    "stimulus_interval": 0.024,
    "stimulus_name": "Short Square - Triple",
    "stimulus_relative_amplitude": 6.0,
    "stimulus_start_time": 1.92,
    "stimulus_units": "pA",
    "sweep_number": 77,
    "vm_delta_mv": 0.227554321289062
  }
]