[
  {
    "bridge_balance_mohm": 16.300365447998,
    "id": 396367518,
    "leak_pa": 0.0,
    "num_spikes": 10,
    "peak_deflection": 0.0,
    "post_noise_rms_mv": 0.0365766324102879,
    "post_vm_mv": -72.1317977905273,
    "pre_noise_rms_mv": 0.0419737510383129,
    "pre_vm_mv": -71.4918518066406,
    "slow_noise_rms_mv": 0.287601232528687,
    "slow_vm_mv": -71.4918518066406,
    "specimen_id": 324025371,
    "stimulus_absolute_amplitude": 212.249995357183,
    "stimulus_description": "C1NSSEED_2150112[0]",
    "stimulus_duration": 18.999995,
    "stimulus_interval": 5.0,
    "stimulus_name": "Noise 2",
    "stimulus_relative_amplitude": 0.9,
    "stimulus_start_time": 1.92,
    "stimulus_units": "pA",
    "sweep_number": 46,
    "vm_delta_mv": 0.639945983886719
  },
  {
    "bridge_balance_mohm": 16.300365447998,
    "id": 396367474,
    "leak_pa": 0.0,
    "num_spikes": 0,
    "peak_deflection": -92.5,
    "post_noise_rms_mv": 0.0377113372087479,
    "post_vm_mv": -72.9128952026367,
    "pre_noise_rms_mv": 0.0387309677898884,
    "pre_vm_mv": -72.4703674316406,
    "slow_noise_rms_mv": 0.132162645459175,
    "slow_vm_mv": -72.4703674316406,
    "specimen_id": 324025371,
    "stimulus_absolute_amplitude": -90.0000005077395,
    "stimulus_description": "C1LSCOARSE150112[1]",
    "stimulus_duration": 0.999995,
    "stimulus_interval": 0.0,
    "stimulus_name": "Long Square",
    "stimulus_relative_amplitude": 1.0,
    "stimulus_start_time": 0.92,
    "stimulus_units": "pA",
    "sweep_number": 26,
    "vm_delta_mv": 0.442527770996094
  },
  {
    "bridge_balance_mohm": 16.300365447998,
    "id": 396367466,
    "leak_pa": 0.0,
    "num_spikes": 1,
    "peak_deflection": 0.0,
    "post_noise_rms_mv": 0.0374970436096191,
    "post_vm_mv": -72.1377182006836,
    "pre_noise_rms_mv": 0.0304884649813175,
    "pre_vm_mv": -72.142822265625,
    "slow_noise_rms_mv": 0.14444962143898,
    "slow_vm_mv": -72.142822265625,
    "specimen_id": 324025371,
    "stimulus_absolute_amplitude": 730.00000488932,
    "stimulus_description": "C1SSFINEST150112[0]",
    "stimulus_duration": 0.002995,
    "stimulus_interval": 0.0,
    "stimulus_name": "Short Square",
    "stimulus_relative_amplitude": 7.3,
    "stimulus_start_time": 0.92,
    "stimulus_units": "pA",
    "sweep_number": 22,
    "vm_delta_mv": 0.00510406494140625
  },
  {
    "bridge_balance_mohm": 0.0,
    "id": 396367560,
    "leak_pa": 0.0,
    "num_spikes": 0,
    "peak_deflection": 0.0,
    "post_noise_rms_mv": 0.0381027907133102,
    "post_vm_mv": 0.575610935688019,
    "pre_noise_rms_mv": 0.0343712158501148,
    "pre_vm_mv": 0.529170036315918,
    "slow_noise_rms_mv": 0.0469244308769703,
    "slow_vm_mv": 0.529170036315918,
    "specimen_id": 324025371,
    "stimulus_absolute_amplitude": 0.0,
    "stimulus_description": "EXTPBLWOUT141203[0]",
    "stimulus_duration": 0.0,
    "stimulus_interval": 0.0,
    "stimulus_name": "Test",
    "stimulus_relative_amplitude": 1.0,
    "stimulus_start_time": 0.0,
    "stimulus_units": "pA",
    "sweep_number": 65,
    "vm_delta_mv": 0.0464408993721008
  },
  {
    "bridge_balance_mohm": 16.300365447998,
    "id": 396367448,
    "leak_pa": 0.0,
    "num_spikes": 1,
    "peak_deflection": 0.0,
    "post_noise_rms_mv": 0.0402841940522194,
    "post_vm_mv": -70.3205490112305,
    "pre_noise_rms_mv": 0.0397503115236759,
    "pre_vm_mv": -70.283447265625,
    "slow_noise_rms_mv": 0.132061377167702,
    "slow_vm_mv": -70.283447265625,
    "specimen_id": 324025371,
    "stimulus_absolute_amplitude": 800.000010681146,
    "stimulus_description": "C1SSCOARSE150112[7]",
    "stimulus_duration": 0.002995,
    "stimulus_interval": 0.0,
    "stimulus_name": "Short Square",
    "stimulus_relative_amplitude": 1.0,
    "stimulus_start_time": 0.92,
    "stimulus_units": "pA",
    "sweep_number": 14,
    "vm_delta_mv": 0.0371017456054688
  },
  {
    "bridge_balance_mohm": 16.300365447998,
    "id": 396367506,
    "leak_pa": 0.0,
    "num_spikes": 24,
    "peak_deflection": 0.0,
    "post_noise_rms_mv": 0.035931508988142,
    "post_vm_mv": -73.6442337036133,
    "pre_noise_rms_mv": 0.0395659804344177,
    "pre_vm_mv": -73.1149826049805,
    "slow_noise_rms_mv": 0.139328137040138,
    "slow_vm_mv": -73.1149826049805,
    "specimen_id": 324025371,
    "stimulus_absolute_amplitude": 190.000001842883,
    "stimulus_description": "C1LSCOARSE150112[15]",
    "stimulus_duration": 0.999995,
    "stimulus_interval": 0.0,
    "stimulus_name": "Long Square",
    "stimulus_relative_amplitude": 1.0,
    "stimulus_start_time": 0.92,
    "stimulus_units": "pA",
    "sweep_number": 40,
    "vm_delta_mv": 0.529251098632812
  },
  {
    "bridge_balance_mohm": 16.300365447998,
    "id": 396367492,
    "leak_pa": 0.0,
    "num_spikes": 0,
    "peak_deflection": -47.9687538146973,
    "post_noise_rms_mv": 0.0400105342268944,
    "post_vm_mv": -71.7282028198242,
    "pre_noise_rms_mv": 0.0417944602668285,
    "pre_vm_mv": -71.9230194091797,
    "slow_noise_rms_mv": 0.13687039911747,
    "slow_vm_mv": -71.9230194091797,
    "specimen_id": 324025371,
    "stimulus_absolute_amplitude": 69.9999988529321,
    "stimulus_description": "C1LSCOARSE150112[9]",
    "stimulus_duration": 0.999995,
    "stimulus_interval": 0.0,
    "stimulus_name": "Long Square",
    "stimulus_relative_amplitude": 1.0,
    "stimulus_start_time": 0.92,
    "stimulus_units": "pA",
    "sweep_number": 34,
    "vm_delta_mv": 0.194816589355469
  },
  {
    "bridge_balance_mohm": 0.0,
    "id": 396367460,
    "leak_pa": 0.0,
    "num_spikes": 0,
    "peak_deflection": 0.0,
    "post_noise_rms_mv": 0.0,
    "post_vm_mv": 0.0,
    "pre_noise_rms_mv": 0.0,
    "pre_vm_mv": 0.0,
    "slow_noise_rms_mv": 0.0,
    "slow_vm_mv": 0.0,
    "specimen_id": 324025371,
    "stimulus_absolute_amplitude": 9.99999977648258,
    "stimulus_description": "EXTPCllATT141203[0]",
    "stimulus_duration": 0.069995,
    "stimulus_interval": 0.05,
    "stimulus_name": "Test",
    "stimulus_relative_amplitude": 1.0,
    "stimulus_start_time": 0.03,
    "stimulus_units": "mV",
    "sweep_number": 2,
    "vm_delta_mv": 0.0
  },
  {
    "bridge_balance_mohm": 16.300365447998,
    "id": 396367486,
    "leak_pa": 0.0,
    "num_spikes": 0,
    "peak_deflection": -67.84375,
    "post_noise_rms_mv": 0.0375188924372196,
    "post_vm_mv": -71.1659622192383,
    "pre_noise_rms_mv": 0.0381388328969479,
    "pre_vm_mv": -71.4352188110352,
    "slow_noise_rms_mv": 0.13923953473568,
    "slow_vm_mv": -71.4352188110352,
    "specimen_id": 324025371,
    "stimulus_absolute_amplitude": 9.99999996004197,
    "stimulus_description": "C1LSCOARSE150112[6]",
    "stimulus_duration": 0.999995,
    "stimulus_interval": 0.0,
    "stimulus_name": "Long Square",
    "stimulus_relative_amplitude": 1.0,
    "stimulus_start_time": 0.92,
    "stimulus_units": "pA",
    "sweep_number": 31,
    "vm_delta_mv": 0.269256591796875
  },
  {
    "bridge_balance_mohm": 16.300365447998,
    "id": 396367476,
    "leak_pa": 0.0,
    "num_spikes": 0,
    "peak_deflection": -89.84375,
    "post_noise_rms_mv": 0.0398050136864185,
    "post_vm_mv": -73.4438934326172,
    "pre_noise_rms_mv": 0.0328374840319157,
    "pre_vm_mv": -73.0375366210938,
    "slow_noise_rms_mv": 0.131744384765625,
    "slow_vm_mv": -73.0375366210938,
    "specimen_id": 324025371,
    "stimulus_absolute_amplitude": -69.9999988529321,
    "stimulus_description": "C1LSCOARSE150112[2]",
    "stimulus_duration": 0.999995,
    "stimulus_interval": 0.0,
    "stimulus_name": "Long Square",
    "stimulus_relative_amplitude": 1.0,
    "stimulus_start_time": 0.92,
    "stimulus_units": "pA",
    "sweep_number": 27,
    "vm_delta_mv": 0.406356811523438
  },
  {
    "bridge_balance_mohm": 16.300365447998,
    "id": 396367520,
    "leak_pa": 0.0,
    "num_spikes": 6,
    "peak_deflection": 0.0,
    "post_noise_rms_mv": 0.0405915454030037,
    "post_vm_mv": -71.8256683349609,
    "pre_noise_rms_mv": 0.0363950170576572,
    "pre_vm_mv": -71.4181594848633,
    "slow_noise_rms_mv": 0.268610328435898,
    "slow_vm_mv": -71.4181594848633,
    "specimen_id": 324025371,
    "stimulus_absolute_amplitude": 208.62500615948,
    "stimulus_description": "C1NSSEED_1150112[0]",
    "stimulus_duration": 18.999995,
    "stimulus_interval": 5.0,
    "stimulus_name": "Noise 1",
    "stimulus_relative_amplitude": 0.9,
    "stimulus_start_time": 1.92,
    "stimulus_units": "pA",
    "sweep_number": 47,
    "vm_delta_mv": 0.407508850097656
  },
  {
    "bridge_balance_mohm": 16.300365447998,
    "id": 396367562,
    "leak_pa": 0.0,
    "num_spikes": 0,
    "peak_deflection": 0.0,
    "post_noise_rms_mv": 0.0404143556952477,
    "post_vm_mv": -72.0824966430664,
    "pre_noise_rms_mv": 0.0389835275709629,
    "pre_vm_mv": -72.3369216918945,
    "slow_noise_rms_mv": 0.239319249987602,
    "slow_vm_mv": -72.3369216918945,
    "specimen_id": 324025371,
    "stimulus_absolute_amplitude": 100.000001335143,
    "stimulus_description": "C1SSCOARSE150112[0]",
    "stimulus_duration": 0.002995,
    "stimulus_interval": 0.0,
    "stimulus_name": "Short Square",
    "stimulus_relative_amplitude": 1.0,
    "stimulus_start_time": 0.92,
    "stimulus_units": "pA",
    "sweep_number": 7,
    "vm_delta_mv": 0.254425048828125
  },
  {
    "bridge_balance_mohm": 16.300365447998,
    "id": 396367510,
    "leak_pa": 0.0,
    "num_spikes": 31,
    "peak_deflection": 0.0,
    "post_noise_rms_mv": 0.0391616150736809,
    "post_vm_mv": -72.597412109375,
    "pre_noise_rms_mv": 0.0390290878713131,
    "pre_vm_mv": -71.9825668334961,
    "slow_noise_rms_mv": 0.190977096557617,
    "slow_vm_mv": -71.9825668334961,
    "specimen_id": 324025371,
    "stimulus_absolute_amplitude": 230.000005152498,
    "stimulus_description": "C1LSCOARSE150112[17]",
    "stimulus_duration": 0.999995,
    "stimulus_interval": 0.0,
    "stimulus_name": "Long Square",
    "stimulus_relative_amplitude": 1.0,
    "stimulus_start_time": 0.92,
    "stimulus_units": "pA",
    "sweep_number": 42,
    "vm_delta_mv": 0.614845275878906
  },
  {
    "bridge_balance_mohm": 16.300365447998,
    "id": 396367548,
    "leak_pa": 0.0,
    "num_spikes": 34,
    "peak_deflection": 0.0,
    "post_noise_rms_mv": 0.0,
    "post_vm_mv": 0.0,
    "pre_noise_rms_mv": 0.0418169572949409,
    "pre_vm_mv": -71.6731414794922,
    "slow_noise_rms_mv": 0.105369687080383,
    "slow_vm_mv": -71.6731414794922,
    "specimen_id": 324025371,
    "stimulus_absolute_amplitude": 800.000010681146,
    "stimulus_description": "C1RP25PR1S141203[0]",
    "stimulus_duration": 31.997495,
    "stimulus_interval": 0.0,
    "stimulus_name": "Ramp",
    "stimulus_relative_amplitude": 1.0,
    "stimulus_start_time": 0.9225,
    "stimulus_units": "pA",
    "sweep_number": 6,
    "vm_delta_mv": 0.0
  },
  {
    "bridge_balance_mohm": 16.300365447998,
    "id": 396367442,
    "leak_pa": 0.0,
    "num_spikes": 0,
    "peak_deflection": 0.0,
    "post_noise_rms_mv": 0.0331183038651943,
    "post_vm_mv": -70.6323928833008,
    "pre_noise_rms_mv": 0.0405558459460735,
    "pre_vm_mv": -70.5935440063477,
    "slow_noise_rms_mv": 0.160828649997711,
    "slow_vm_mv": -70.5935440063477,
    "specimen_id": 324025371,
    "stimulus_absolute_amplitude": 499.999985859034,
    "stimulus_description": "C1SSCOARSE150112[4]",
    "stimulus_duration": 0.002995,
    "stimulus_interval": 0.0,
    "stimulus_name": "Short Square",
    "stimulus_relative_amplitude": 1.0,
    "stimulus_start_time": 0.92,
    "stimulus_units": "pA",
    "sweep_number": 11,
    "vm_delta_mv": 0.038848876953125
  },
  {
    "bridge_balance_mohm": 16.300365447998,
    "id": 396367564,
    "leak_pa": 0.0,
    "num_spikes": 0,
    "peak_deflection": 0.0,
    "post_noise_rms_mv": 0.040860865265131,
    "post_vm_mv": -71.5619049072266,
    "pre_noise_rms_mv": 0.0380083173513412,
    "pre_vm_mv": -71.3672180175781,
    "slow_noise_rms_mv": 0.154980689287186,
    "slow_vm_mv": -71.3672180175781,
    "specimen_id": 324025371,
    "stimulus_absolute_amplitude": 200.000002670286,
    "stimulus_description": "C1SSCOARSE150112[1]",
    "stimulus_duration": 0.002995,
    "stimulus_interval": 0.0,
    "stimulus_name": "Short Square",
    "stimulus_relative_amplitude": 1.0,
    "stimulus_start_time": 0.92,
    "stimulus_units": "pA",
    "sweep_number": 8,
    "vm_delta_mv": 0.194686889648438
  },
  {
    "bridge_balance_mohm": 0.0,
    "id": 396367436,
    "leak_pa": 0.0,
    "num_spikes": 0,
    "peak_deflection": 0.0,
    "post_noise_rms_mv": 0.0,
    "post_vm_mv": 0.0,
    "pre_noise_rms_mv": 0.0,
    "pre_vm_mv": 0.0,
    "slow_noise_rms_mv": 0.0,
    "slow_vm_mv": 0.0,
    "specimen_id": 324025371,
    "stimulus_absolute_amplitude": 9.99999977648258,
    "stimulus_description": "EXTPSMOKET141203[0]",
    "stimulus_duration": 0.069995,
    "stimulus_interval": 0.05,
    "stimulus_name": "Test",
    "stimulus_relative_amplitude": 1.0,
    "stimulus_start_time": 0.03,
    "stimulus_units": "mV",
    "sweep_number": 0,
    "vm_delta_mv": 0.0
  },
  {
    "bridge_balance_mohm": 0.0,
    "id": 396367438,
    "leak_pa": 0.0,
    "num_spikes": 0,
    "peak_deflection": 0.0,
    "post_noise_rms_mv": 0.0,
    "post_vm_mv": 0.0,
    "pre_noise_rms_mv": 0.0,
    "pre_vm_mv": 0.0,
    "slow_noise_rms_mv": 0.0,
    "slow_vm_mv": 0.0,
    "specimen_id": 324025371,
    "stimulus_absolute_amplitude": 9.99999977648258,
    "stimulus_description": "EXTPINBATH141203[0]",
    "stimulus_duration": 0.069995,
    "stimulus_interval": 0.05,
    "stimulus_name": "Test",
    "stimulus_relative_amplitude": 1.0,
    "stimulus_start_time": 0.03,
    "stimulus_units": "mV",
    "sweep_number": 1,
    "vm_delta_mv": 0.0
  },
  {
    "bridge_balance_mohm": 16.300365447998,
    "id": 396367526,
    "leak_pa": 0.0,
    "num_spikes": 25,
    "peak_deflection": 0.0,
    "post_noise_rms_mv": 0.0,
    "post_vm_mv": 0.0,
    "pre_noise_rms_mv": 0.0377237200737,
    "pre_vm_mv": -72.9091186523438,
    "slow_noise_rms_mv": 0.144744828343391,
    "slow_vm_mv": -72.9091186523438,
    "specimen_id": 324025371,
    "stimulus_absolute_amplitude": 800.000010681146,
    "stimulus_description": "C1RP25PR1S141203[0]",
    "stimulus_duration": 31.997495,
    "stimulus_interval": 0.0,
    "stimulus_name": "Ramp",
    "stimulus_relative_amplitude": 1.0,
    "stimulus_start_time": 0.9225,
    "stimulus_units": "pA",
    "sweep_number": 5,
    "vm_delta_mv": 0.0
  },
  {
    "bridge_balance_mohm": 16.300365447998,
    "id": 396367444,
    "leak_pa": 0.0,
    "num_spikes": 0,
    "peak_deflection": 0.0,
    "post_noise_rms_mv": 0.0340894162654877,
    "post_vm_mv": -70.9280776977539,
    "pre_noise_rms_mv": 0.0362841412425041,
    "pre_vm_mv": -70.863899230957,
    "slow_noise_rms_mv": 0.160441637039185,
    "slow_vm_mv": -70.863899230957,
    "specimen_id": 324025371,
    "stimulus_absolute_amplitude": 599.999994133071,
    "stimulus_description": "C1SSCOARSE150112[5]",
    "stimulus_duration": 0.002995,
    "stimulus_interval": 0.0,
    "stimulus_name": "Short Square",
    "stimulus_relative_amplitude": 1.0,
    "stimulus_start_time": 0.92,
    "stimulus_units": "pA",
    "sweep_number": 12,
    "vm_delta_mv": 0.064178466796875
  },
  {
    "bridge_balance_mohm": 16.300365447998,
    "id": 396367480,
    "leak_pa": 0.0,
    "num_spikes": 0,
    "peak_deflection": -79.96875,
    "post_noise_rms_mv": 0.0381779335439205,
    "post_vm_mv": -71.9739379882812,
    "pre_noise_rms_mv": 0.0325051285326481,
    "pre_vm_mv": -71.9887466430664,
    "slow_noise_rms_mv": 0.101535439491272,
    "slow_vm_mv": -71.9887466430664,
    "specimen_id": 324025371,
    "stimulus_absolute_amplitude": -29.9999990127642,
    "stimulus_description": "C1LSCOARSE150112[4]",
    "stimulus_duration": 0.999995,
    "stimulus_interval": 0.0,
    "stimulus_name": "Long Square",
    "stimulus_relative_amplitude": 1.0,
    "stimulus_start_time": 0.92,
    "stimulus_units": "pA",
    "sweep_number": 29,
    "vm_delta_mv": 0.0148086547851562
  },
  {
    "bridge_balance_mohm": 16.300365447998,
    "id": 396367470,
    "leak_pa": 0.0,
    "num_spikes": 1,
    "peak_deflection": 0.0,
    "post_noise_rms_mv": 0.0455396249890327,
    "post_vm_mv": -72.5333099365234,
    "pre_noise_rms_mv": 0.0360752195119858,
    "pre_vm_mv": -72.5938262939453,
    "slow_noise_rms_mv": 0.188111782073975,
    "slow_vm_mv": -72.5938262939453,
    "specimen_id": 324025371,
    "stimulus_absolute_amplitude": 730.00000488932,
    "stimulus_description": "C1SSFINEST150112[0]",
    "stimulus_duration": 0.002995,
    "stimulus_interval": 0.0,
    "stimulus_name": "Short Square",
    "stimulus_relative_amplitude": 7.3,
    "stimulus_start_time": 0.92,
    "stimulus_units": "pA",
    "sweep_number": 24,
    "vm_delta_mv": 0.060516357421875
  },
  {
    "bridge_balance_mohm": 16.300365447998,
    "id": 396367478,
    "leak_pa": 0.0,
    "num_spikes": 0,
    "peak_deflection": -85.21875,
    "post_noise_rms_mv": 0.0390733033418655,
    "post_vm_mv": -73.0226669311523,
    "pre_noise_rms_mv": 0.0363614074885845,
    "pre_vm_mv": -72.6945114135742,
    "slow_noise_rms_mv": 0.157003358006477,
    "slow_vm_mv": -72.6945114135742,
    "specimen_id": 324025371,
    "stimulus_absolute_amplitude": -50.0000006675716,
    "stimulus_description": "C1LSCOARSE150112[3]",
    "stimulus_duration": 0.999995,
    "stimulus_interval": 0.0,
    "stimulus_name": "Long Square",
    "stimulus_relative_amplitude": 1.0,
    "stimulus_start_time": 0.92,
    "stimulus_units": "pA",
    "sweep_number": 28,
    "vm_delta_mv": 0.328155517578125
  },
  {
    "bridge_balance_mohm": 16.300365447998,
    "id": 396367446,
    "leak_pa": 0.0,
    "num_spikes": 1,
    "peak_deflection": 0.0,
    "post_noise_rms_mv": 0.040454063564539,
    "post_vm_mv": -70.2244033813477,
    "pre_noise_rms_mv": 0.0424680933356285,
    "pre_vm_mv": -70.1709213256836,
    "slow_noise_rms_mv": 0.157847359776497,
    "slow_vm_mv": -70.1709213256836,
    "specimen_id": 324025371,
    "stimulus_absolute_amplitude": 700.000002407108,
    "stimulus_description": "C1SSCOARSE150112[6]",
    "stimulus_duration": 0.002995,
    "stimulus_interval": 0.0,
    "stimulus_name": "Short Square",
    "stimulus_relative_amplitude": 1.0,
    "stimulus_start_time": 0.92,
    "stimulus_units": "pA",
    "sweep_number": 13,
    "vm_delta_mv": 0.0534820556640625
  },
  {
    "bridge_balance_mohm": 16.300365447998,
    "id": 396367468,
    "leak_pa": 0.0,
    "num_spikes": 1,
    "peak_deflection": 0.0,
    "post_noise_rms_mv": 0.0335543230175972,
    "post_vm_mv": -72.4440307617188,
    "pre_noise_rms_mv": 0.0311960596591234,
    "pre_vm_mv": -72.3442230224609,
    "slow_noise_rms_mv": 0.140817180275917,
    "slow_vm_mv": -72.3442230224609,
    "specimen_id": 324025371,
    "stimulus_absolute_amplitude": 730.00000488932,
    "stimulus_description": "C1SSFINEST150112[0]",
    "stimulus_duration": 0.002995,
    "stimulus_interval": 0.0,
    "stimulus_name": "Short Square",
    "stimulus_relative_amplitude": 7.3,
    "stimulus_start_time": 0.92,
    "stimulus_units": "pA",
    "sweep_number": 23,
    "vm_delta_mv": 0.0998077392578125
  },
  {
    "bridge_balance_mohm": 16.300365447998,
    "id": 396367462,
    "leak_pa": 0.0,
    "num_spikes": 1,
    "peak_deflection": 0.0,
    "post_noise_rms_mv": 0.0368401743471622,
    "post_vm_mv": -72.6225967407227,
    "pre_noise_rms_mv": 0.0297777615487576,
    "pre_vm_mv": -72.9460830688477,
    "slow_noise_rms_mv": 0.109306357800961,
    "slow_vm_mv": -72.9460830688477,
    "specimen_id": 324025371,
    "stimulus_absolute_amplitude": 730.00000488932,
    "stimulus_description": "C1SSFINEST150112[0]",
    "stimulus_duration": 0.002995,
    "stimulus_interval": 0.0,
    "stimulus_name": "Short Square",
    "stimulus_relative_amplitude": 7.3,
    "stimulus_start_time": 0.92,
    "stimulus_units": "pA",
    "sweep_number": 20,
    "vm_delta_mv": 0.323486328125
  },
  {
    "bridge_balance_mohm": 16.300365447998,
    "id": 396367502,
    "leak_pa": 0.0,
    "num_spikes": 22,
    "peak_deflection": 0.0,
    "post_noise_rms_mv": 0.0423383750021458,
    "post_vm_mv": -72.3478622436523,
    "pre_noise_rms_mv": 0.0497524589300156,
    "pre_vm_mv": -71.7759780883789,
    "slow_noise_rms_mv": 0.134701922535896,
    "slow_vm_mv": -71.7759780883789,
    "specimen_id": 324025371,
    "stimulus_absolute_amplitude": 170.000000188075,
    "stimulus_description": "C1LSCOARSE150112[14]",
    "stimulus_duration": 0.999995,
    "stimulus_interval": 0.0,
    "stimulus_name": "Long Square",
    "stimulus_relative_amplitude": 1.0,
    "stimulus_start_time": 0.92,
    "stimulus_units": "pA",
    "sweep_number": 39,
    "vm_delta_mv": 0.571884155273438
  },
  {
    "bridge_balance_mohm": 16.300365447998,
    "id": 396367440,
    "leak_pa": 0.0,
    "num_spikes": 0,
    "peak_deflection": 0.0,
    "post_noise_rms_mv": 0.0303956512361765,
    "post_vm_mv": -71.165153503418,
    "pre_noise_rms_mv": 0.0354317873716354,
    "pre_vm_mv": -71.0307922363281,
    "slow_noise_rms_mv": 0.132694661617279,
    "slow_vm_mv": -71.0307922363281,
    "specimen_id": 324025371,
    "stimulus_absolute_amplitude": 400.000005340573,
    "stimulus_description": "C1SSCOARSE150112[3]",
    "stimulus_duration": 0.002995,
    "stimulus_interval": 0.0,
    "stimulus_name": "Short Square",
    "stimulus_relative_amplitude": 1.0,
    "stimulus_start_time": 0.92,
    "stimulus_units": "pA",
    "sweep_number": 10,
    "vm_delta_mv": 0.134361267089844
  },
  {
    "bridge_balance_mohm": 16.300365447998,
    "id": 396367452,
    "leak_pa": 0.0,
    "num_spikes": 0,
    "peak_deflection": 0.0,
    "post_noise_rms_mv": 0.0395675525069237,
    "post_vm_mv": -72.3033676147461,
    "pre_noise_rms_mv": 0.0361144207417965,
    "pre_vm_mv": -72.2851943969727,
    "slow_noise_rms_mv": 0.230562388896942,
    "slow_vm_mv": -72.2851943969727,
    "specimen_id": 324025371,
    "stimulus_absolute_amplitude": 669.999999924897,
    "stimulus_description": "C1SSFINEST150112[0]",
    "stimulus_duration": 0.002995,
    "stimulus_interval": 0.0,
    "stimulus_name": "Short Square",
    "stimulus_relative_amplitude": 6.7,
    "stimulus_start_time": 0.92,
    "stimulus_units": "pA",
    "sweep_number": 16,
    "vm_delta_mv": 0.0181732177734375
  },
  {
    "bridge_balance_mohm": 13.4310131072998,
    "id": 396367534,
    "leak_pa": 0.0,
    "num_spikes": 1,
    "peak_deflection": 0.0,
    "post_noise_rms_mv": 0.0388576090335846,
    "post_vm_mv": -71.5241394042969,
    "pre_noise_rms_mv": 0.03683702647686,
    "pre_vm_mv": -71.7455825805664,
    "slow_noise_rms_mv": 0.305874645709991,
    "slow_vm_mv": -71.7455825805664,
    "specimen_id": 324025371,
    "stimulus_absolute_amplitude": 149.999998533268,
    "stimulus_description": "C1LSFINEST150112[0]",
    "stimulus_duration": 0.999995,
    "stimulus_interval": 0.0,
    "stimulus_name": "Long Square",
    "stimulus_relative_amplitude": 1.5,
    "stimulus_start_time": 0.92,
    "stimulus_units": "pA",
    "sweep_number": 53,
    "vm_delta_mv": 0.221443176269531
  },
  {
    "bridge_balance_mohm": 0.0,
    "id": 396367482,
    "leak_pa": 0.0,
    "num_spikes": 0,
    "peak_deflection": 0.0,
    "post_noise_rms_mv": 0.0,
    "post_vm_mv": 0.0,
    "pre_noise_rms_mv": 0.0,
    "pre_vm_mv": 0.0,
    "slow_noise_rms_mv": 0.0,
    "slow_vm_mv": 0.0,
    "specimen_id": 324025371,
    "stimulus_absolute_amplitude": 9.99999977648258,
    "stimulus_description": "EXTPBREAKN141203[0]",
    "stimulus_duration": 0.069995,
    "stimulus_interval": 0.05,
    "stimulus_name": "Test",
    "stimulus_relative_amplitude": 1.0,
    "stimulus_start_time": 0.03,
    "stimulus_units": "mV",
    "sweep_number": 3,
    "vm_delta_mv": 0.0
  },
  {
    "bridge_balance_mohm": 16.300365447998,
    "id": 396367484,
    "leak_pa": 0.0,
    "num_spikes": 0,
    "peak_deflection": -75.09375,
    "post_noise_rms_mv": 0.0374938920140266,
    "post_vm_mv": -72.5136413574219,
    "pre_noise_rms_mv": 0.0363160744309425,
    "pre_vm_mv": -72.0724716186523,
    "slow_noise_rms_mv": 0.155318439006805,
    "slow_vm_mv": -72.0724716186523,
    "specimen_id": 324025371,
    "stimulus_absolute_amplitude": -9.99999996004197,
    "stimulus_description": "C1LSCOARSE150112[5]",
    "stimulus_duration": 0.999995,
    "stimulus_interval": 0.0,
    "stimulus_name": "Long Square",
    "stimulus_relative_amplitude": 1.0,
    "stimulus_start_time": 0.92,
    "stimulus_units": "pA",
    "sweep_number": 30,
    "vm_delta_mv": 0.441169738769531
  },
  {
    "bridge_balance_mohm": 13.4310131072998,
    "id": 396367546,
    "leak_pa": 0.0,
    "num_spikes": 34,
    "peak_deflection": 0.0,
    "post_noise_rms_mv": 0.0386550202965736,
    "post_vm_mv": -71.1578903198242,
    "pre_noise_rms_mv": 0.0370757058262825,
    "pre_vm_mv": -70.5024948120117,
    "slow_noise_rms_mv": 0.270824491977692,
    "slow_vm_mv": -70.5024948120117,
    "specimen_id": 324025371,
    "stimulus_absolute_amplitude": 353.624990401258,
    "stimulus_description": "C1NSSEED_2150112[0]",
    "stimulus_duration": 18.999995,
    "stimulus_interval": 5.0,
    "stimulus_name": "Noise 2",
    "stimulus_relative_amplitude": 1.5,
    "stimulus_start_time": 1.92,
    "stimulus_units": "pA",
    "sweep_number": 59,
    "vm_delta_mv": 0.6553955078125
  },
  {
    "bridge_balance_mohm": 16.300365447998,
    "id": 396367488,
    "leak_pa": 0.0,
    "num_spikes": 0,
    "peak_deflection": -62.0000038146973,
    "post_noise_rms_mv": 0.0429479144513607,
    "post_vm_mv": -71.599250793457,
    "pre_noise_rms_mv": 0.0408721379935741,
    "pre_vm_mv": -71.5326995849609,
    "slow_noise_rms_mv": 0.198189795017242,
    "slow_vm_mv": -71.5326995849609,
    "specimen_id": 324025371,
    "stimulus_absolute_amplitude": 29.9999990127642,
    "stimulus_description": "C1LSCOARSE150112[7]",
    "stimulus_duration": 0.999995,
    "stimulus_interval": 0.0,
    "stimulus_name": "Long Square",
    "stimulus_relative_amplitude": 1.0,
    "stimulus_start_time": 0.92,
    "stimulus_units": "pA",
    "sweep_number": 32,
    "vm_delta_mv": 0.0665512084960938
  },
  {
    "bridge_balance_mohm": 16.300365447998,
    "id": 396367458,
    "leak_pa": 0.0,
    "num_spikes": 0,
    "peak_deflection": 0.0,
    "post_noise_rms_mv": 0.0366631075739861,
    "post_vm_mv": -72.7949752807617,
    "pre_noise_rms_mv": 0.0361586697399616,
    "pre_vm_mv": -72.7535095214844,
    "slow_noise_rms_mv": 0.10545539110899,
    "slow_vm_mv": -72.7535095214844,
    "specimen_id": 324025371,
    "stimulus_absolute_amplitude": 710.000003234512,
    "stimulus_description": "C1SSFINEST150112[0]",
    "stimulus_duration": 0.002995,
    "stimulus_interval": 0.0,
    "stimulus_name": "Short Square",
    "stimulus_relative_amplitude": 7.1,
    "stimulus_start_time": 0.92,
    "stimulus_units": "pA",
    "sweep_number": 19,
    "vm_delta_mv": 0.0414657592773438
  },
  {
    "bridge_balance_mohm": 13.4310131072998,
    "id": 396367544,
    "leak_pa": 0.0,
    "num_spikes": 30,
    "peak_deflection": 0.0,
    "post_noise_rms_mv": 0.034513596445322,
    "post_vm_mv": -71.8142471313477,
    "pre_noise_rms_mv": 0.0406302325427532,
    "pre_vm_mv": -71.4619064331055,
    "slow_noise_rms_mv": 0.339423209428787,
    "slow_vm_mv": -71.4619064331055,
    "specimen_id": 324025371,
    "stimulus_absolute_amplitude": 347.625012109276,
    "stimulus_description": "C1NSSEED_1150112[0]",
    "stimulus_duration": 18.999995,
    "stimulus_interval": 5.0,
    "stimulus_name": "Noise 1",
    "stimulus_relative_amplitude": 1.5,
    "stimulus_start_time": 1.92,
    "stimulus_units": "pA",
    "sweep_number": 58,
    "vm_delta_mv": 0.352340698242188
  },
  {
    "bridge_balance_mohm": 16.300365447998,
    "id": 396367522,
    "leak_pa": 0.0,
    "num_spikes": 8,
    "peak_deflection": 0.0,
    "post_noise_rms_mv": 0.035614687949419,
    "post_vm_mv": -72.3702392578125,
    "pre_noise_rms_mv": 0.0344347059726715,
    "pre_vm_mv": -71.4017639160156,
    "slow_noise_rms_mv": 0.441141724586487,
    "slow_vm_mv": -71.4017639160156,
    "specimen_id": 324025371,
    "stimulus_absolute_amplitude": 212.249995357183,
    "stimulus_description": "C1NSSEED_2150112[0]",
    "stimulus_duration": 18.999995,
    "stimulus_interval": 5.0,
    "stimulus_name": "Noise 2",
    "stimulus_relative_amplitude": 0.9,
    "stimulus_start_time": 1.92,
    "stimulus_units": "pA",
    "sweep_number": 48,
    "vm_delta_mv": 0.968475341796875
  },
  {
    "bridge_balance_mohm": 16.300365447998,
    "id": 396367566,
    "leak_pa": 0.0,
    "num_spikes": 0,
    "peak_deflection": 0.0,
    "post_noise_rms_mv": 0.0339300446212292,
    "post_vm_mv": -71.3671417236328,
    "pre_noise_rms_mv": 0.0408688895404339,
    "pre_vm_mv": -71.1766891479492,
    "slow_noise_rms_mv": 0.163290292024612,
    "slow_vm_mv": -71.1766891479492,
    "specimen_id": 324025371,
    "stimulus_absolute_amplitude": 299.999997066536,
    "stimulus_description": "C1SSCOARSE150112[2]",
    "stimulus_duration": 0.002995,
    "stimulus_interval": 0.0,
    "stimulus_name": "Short Square",
    "stimulus_relative_amplitude": 1.0,
    "stimulus_start_time": 0.92,
    "stimulus_units": "pA",
    "sweep_number": 9,
    "vm_delta_mv": 0.190452575683594
  },
  {
    "bridge_balance_mohm": 16.300365447998,
    "id": 396367490,
    "leak_pa": 0.0,
    "num_spikes": 0,
    "peak_deflection": -53.0,
    "post_noise_rms_mv": 0.0383569411933422,
    "post_vm_mv": -71.8268890380859,
    "pre_noise_rms_mv": 0.0375300087034702,
    "pre_vm_mv": -71.8204574584961,
    "slow_noise_rms_mv": 0.344751417636871,
    "slow_vm_mv": -71.8204574584961,
    "specimen_id": 324025371,
    "stimulus_absolute_amplitude": 50.0000006675716,
    "stimulus_description": "C1LSCOARSE150112[8]",
    "stimulus_duration": 0.999995,
    "stimulus_interval": 0.0,
    "stimulus_name": "Long Square",
    "stimulus_relative_amplitude": 1.0,
    "stimulus_start_time": 0.92,
    "stimulus_units": "pA",
    "sweep_number": 33,
    "vm_delta_mv": 0.00643157958984375
  },
  {
    "bridge_balance_mohm": 16.300365447998,
    "id": 396367456,
    "leak_pa": 0.0,
    "num_spikes": 0,
    "peak_deflection": 0.0,
    "post_noise_rms_mv": 0.0350159779191017,
    "post_vm_mv": -72.3525238037109,
    "pre_noise_rms_mv": 0.0376276522874832,
    "pre_vm_mv": -72.3317031860352,
    "slow_noise_rms_mv": 0.116093777120113,
    "slow_vm_mv": -72.3317031860352,
    "specimen_id": 324025371,
    "stimulus_absolute_amplitude": 700.000002407108,
    "stimulus_description": "C1SSFINEST150112[0]",
    "stimulus_duration": 0.002995,
    "stimulus_interval": 0.0,
    "stimulus_name": "Short Square",
    "stimulus_relative_amplitude": 7.0,
    "stimulus_start_time": 0.92,
    "stimulus_units": "pA",
    "sweep_number": 18,
    "vm_delta_mv": 0.0208206176757812
  },
  {
    "bridge_balance_mohm": 16.300365447998,
    "id": 396367494,
    "leak_pa": 0.0,
    "num_spikes": 2,
    "peak_deflection": 0.0,
    "post_noise_rms_mv": 0.0392472706735134,
    "post_vm_mv": -72.0089721679688,
    "pre_noise_rms_mv": 0.039596613496542,
    "pre_vm_mv": -71.4072036743164,
    "slow_noise_rms_mv": 0.23809777200222,
    "slow_vm_mv": -71.4072036743164,
    "specimen_id": 324025371,
    "stimulus_absolute_amplitude": 90.0000005077395,
    "stimulus_description": "C1LSCOARSE150112[10]",
    "stimulus_duration": 0.999995,
    "stimulus_interval": 0.0,
    "stimulus_name": "Long Square",
    "stimulus_relative_amplitude": 1.0,
    "stimulus_start_time": 0.92,
    "stimulus_units": "pA",
    "sweep_number": 35,
    "vm_delta_mv": 0.601768493652344
  },
  {
    "bridge_balance_mohm": 16.300365447998,
    "id": 396367454,
    "leak_pa": 0.0,
    "num_spikes": 0,
    "peak_deflection": 0.0,
    "post_noise_rms_mv": 0.0465187504887581,
    "post_vm_mv": -72.4652633666992,
    "pre_noise_rms_mv": 0.0381314530968666,
    "pre_vm_mv": -72.7516555786133,
    "slow_noise_rms_mv": 0.137296438217163,
    "slow_vm_mv": -72.7516555786133,
    "specimen_id": 324025371,
    "stimulus_absolute_amplitude": 690.000001579705,
    "stimulus_description": "C1SSFINEST150112[0]",
    "stimulus_duration": 0.002995,
    "stimulus_interval": 0.0,
    "stimulus_name": "Short Square",
    "stimulus_relative_amplitude": 6.9,
    "stimulus_start_time": 0.92,
    "stimulus_units": "pA",
    "sweep_number": 17,
    "vm_delta_mv": 0.286392211914062
  },
  {
    "bridge_balance_mohm": 16.300365447998,
    "id": 396367496,
    "leak_pa": 0.0,
    "num_spikes": 10,
    "peak_deflection": 0.0,
    "post_noise_rms_mv": 0.0320626497268677,
    "post_vm_mv": -72.6279296875,
    "pre_noise_rms_mv": 0.0385268926620483,
    "pre_vm_mv": -71.9738388061523,
    "slow_noise_rms_mv": 0.184478834271431,
    "slow_vm_mv": -71.9738388061523,
    "specimen_id": 324025371,
    "stimulus_absolute_amplitude": 110.000002162547,
    "stimulus_description": "C1LSCOARSE150112[11]",
    "stimulus_duration": 0.999995,
    "stimulus_interval": 0.0,
    "stimulus_name": "Long Square",
    "stimulus_relative_amplitude": 1.0,
    "stimulus_start_time": 0.92,
    "stimulus_units": "pA",
    "sweep_number": 36,
    "vm_delta_mv": 0.654090881347656
  },
  {
    "bridge_balance_mohm": 16.300365447998,
    "id": 396367464,
    "leak_pa": 0.0,
    "num_spikes": 1,
    "peak_deflection": 0.0,
    "post_noise_rms_mv": 0.0389794297516346,
    "post_vm_mv": -72.1872329711914,
    "pre_noise_rms_mv": 0.036452230066061,
    "pre_vm_mv": -72.3919296264648,
    "slow_noise_rms_mv": 0.17297887802124,
    "slow_vm_mv": -72.3919296264648,
    "specimen_id": 324025371,
    "stimulus_absolute_amplitude": 730.00000488932,
    "stimulus_description": "C1SSFINEST150112[0]",
    "stimulus_duration": 0.002995,
    "stimulus_interval": 0.0,
    "stimulus_name": "Short Square",
    "stimulus_relative_amplitude": 7.3,
    "stimulus_start_time": 0.92,
    "stimulus_units": "pA",
    "sweep_number": 21,
    "vm_delta_mv": 0.204696655273438
  },
  {
    "bridge_balance_mohm": 0.0,
    "id": 396367558,
    "leak_pa": 0.0,
    "num_spikes": 0,
    "peak_deflection": 0.0,
    "post_noise_rms_mv": 0.0,
    "post_vm_mv": 0.0,
    "pre_noise_rms_mv": 0.0,
    "pre_vm_mv": 0.0,
    "slow_noise_rms_mv": 0.0,
    "slow_vm_mv": 0.0,
    "specimen_id": 324025371,
    "stimulus_absolute_amplitude": 9.99999977648258,
    "stimulus_description": "EXTPGGAEND141203[0]",
    "stimulus_duration": 0.069995,
    "stimulus_interval": 0.05,
    "stimulus_name": "Test",
    "stimulus_relative_amplitude": 1.0,
    "stimulus_start_time": 0.03,
    "stimulus_units": "mV",
    "sweep_number": 64,
    "vm_delta_mv": 0.0
  },
  {
    "bridge_balance_mohm": 16.300365447998,
    "id": 396367504,
    "leak_pa": 0.0,
    "num_spikes": 23,
    "peak_deflection": 0.0,
    "post_noise_rms_mv": 0.0,
    "post_vm_mv": 0.0,
    "pre_noise_rms_mv": 0.0457605347037315,
    "pre_vm_mv": -72.2477416992188,
    "slow_noise_rms_mv": 0.126210287213326,
    "slow_vm_mv": -72.2477416992188,
    "specimen_id": 324025371,
    "stimulus_absolute_amplitude": 800.000010681146,
    "stimulus_description": "C1RP25PR1S141203[0]",
    "stimulus_duration": 31.997495,
    "stimulus_interval": 0.0,
    "stimulus_name": "Ramp",
    "stimulus_relative_amplitude": 1.0,
    "stimulus_start_time": 0.9225,
    "stimulus_units": "pA",
    "sweep_number": 4,
    "vm_delta_mv": 0.0
  },
  {
    "bridge_balance_mohm": 13.4310131072998,
    "id": 396367550,
    "leak_pa": 0.0,
    "num_spikes": 27,
    "peak_deflection": 0.0,
    "post_noise_rms_mv": 0.0355025567114353,
    "post_vm_mv": -71.3504867553711,
    "pre_noise_rms_mv": 0.047923531383276,
    "pre_vm_mv": -70.7332534790039,
    "slow_noise_rms_mv": 0.182683974504471,
    "slow_vm_mv": -70.7332534790039,
    "specimen_id": 324025371,
    "stimulus_absolute_amplitude": 347.625012109276,
    "stimulus_description": "C1NSSEED_1150112[0]",
    "stimulus_duration": 18.999995,
    "stimulus_interval": 5.0,
    "stimulus_name": "Noise 1",
    "stimulus_relative_amplitude": 1.5,
    "stimulus_start_time": 1.92,
    "stimulus_units": "pA",
    "sweep_number": 60,
    "vm_delta_mv": 0.617233276367188
  },
  {
    "bridge_balance_mohm": 16.300365447998,
    "id": 396367498,
    "leak_pa": 0.0,
    "num_spikes": 13,
    "peak_deflection": 0.0,
    "post_noise_rms_mv": 0.0384428165853024,
    "post_vm_mv": -73.5149307250977,
    "pre_noise_rms_mv": 0.0254473183304071,
    "pre_vm_mv": -72.9804611206055,
    "slow_noise_rms_mv": 0.1210558116436,
    "slow_vm_mv": -72.9804611206055,
    "specimen_id": 324025371,
    "stimulus_absolute_amplitude": 129.99999687846,
    "stimulus_description": "C1LSCOARSE150112[12]",
    "stimulus_duration": 0.999995,
    "stimulus_interval": 0.0,
    "stimulus_name": "Long Square",
    "stimulus_relative_amplitude": 1.0,
    "stimulus_start_time": 0.92,
    "stimulus_units": "pA",
    "sweep_number": 37,
    "vm_delta_mv": 0.534469604492188
  },
  {
    "bridge_balance_mohm": 13.4310131072998,
    "id": 396367554,
    "leak_pa": 0.0,
    "num_spikes": 0,
    "peak_deflection": 0.0,
    "post_noise_rms_mv": 0.0391153283417225,
    "post_vm_mv": -70.9088363647461,
    "pre_noise_rms_mv": 0.0437607616186142,
    "pre_vm_mv": -71.5133895874023,
    "slow_noise_rms_mv": 0.40754958987236,
    "slow_vm_mv": -71.5133895874023,
    "specimen_id": 324025371,
    "stimulus_absolute_amplitude": -200.000002670286,
    "stimulus_description": "C1SQCAPCHK141203[0]",
    "stimulus_duration": 7.819995,
    "stimulus_interval": 0.2,
    "stimulus_name": "Square - 0.5ms Subthreshold",
    "stimulus_relative_amplitude": 1.0,
    "stimulus_start_time": 0.12,
    "stimulus_units": "pA",
    "sweep_number": 62,
    "vm_delta_mv": 0.60455322265625
  },
  {
    "bridge_balance_mohm": 0.0,
    "id": 396367556,
    "leak_pa": 0.0,
    "num_spikes": 0,
    "peak_deflection": 0.0,
    "post_noise_rms_mv": 0.0,
    "post_vm_mv": 0.0,
    "pre_noise_rms_mv": 0.0,
    "pre_vm_mv": 0.0,
    "slow_noise_rms_mv": 0.0,
    "slow_vm_mv": 0.0,
    "specimen_id": 324025371,
    "stimulus_absolute_amplitude": 9.99999977648258,
    "stimulus_description": "EXTPEXPEND141203[0]",
    "stimulus_duration": 0.069995,
    "stimulus_interval": 0.05,
    "stimulus_name": "Test",
    "stimulus_relative_amplitude": 1.0,
    "stimulus_start_time": 0.03,
    "stimulus_units": "mV",
    "sweep_number": 63,
    "vm_delta_mv": 0.0
  },
  {
    "bridge_balance_mohm": 16.300365447998,
    "id": 396367500,
    "leak_pa": 0.0,
    "num_spikes": 17,
    "peak_deflection": 0.0,
    "post_noise_rms_mv": 0.0343630015850067,
    "post_vm_mv": -73.0092315673828,
    "pre_noise_rms_mv": 0.0342181771993637,
    "pre_vm_mv": -72.4094848632812,
    "slow_noise_rms_mv": 0.12971593439579,
    "slow_vm_mv": -72.4094848632812,
    "specimen_id": 324025371,
    "stimulus_absolute_amplitude": 149.999998533268,
    "stimulus_description": "C1LSCOARSE150112[13]",
    "stimulus_duration": 0.999995,
    "stimulus_interval": 0.0,
    "stimulus_name": "Long Square",
    "stimulus_relative_amplitude": 1.0,
    "stimulus_start_time": 0.92,
    "stimulus_units": "pA",
    "sweep_number": 38,
    "vm_delta_mv": 0.599746704101562
  },
  {
    "bridge_balance_mohm": 16.300365447998,
    "id": 396367472,
    "leak_pa": 0.0,
    "num_spikes": 0,
    "peak_deflection": -95.65625,
    "post_noise_rms_mv": 0.0392394252121449,
    "post_vm_mv": -72.6814727783203,
    "pre_noise_rms_mv": 0.0386802740395069,
    "pre_vm_mv": -72.7610473632812,
    "slow_noise_rms_mv": 0.165127098560333,
    "slow_vm_mv": -72.7610473632812,
    "specimen_id": 324025371,
    "stimulus_absolute_amplitude": -110.000002162547,
    "stimulus_description": "C1LSCOARSE150112[0]",
    "stimulus_duration": 0.999995,
    "stimulus_interval": 0.0,
    "stimulus_name": "Long Square",
    "stimulus_relative_amplitude": 1.0,
    "stimulus_start_time": 0.92,
    "stimulus_units": "pA",
    "sweep_number": 25,
    "vm_delta_mv": 0.0795745849609375
  },
  {
    "bridge_balance_mohm": 13.4310131072998,
    "id": 396367542,
    "leak_pa": 0.0,
    "num_spikes": 35,
    "peak_deflection": 0.0,
    "post_noise_rms_mv": 0.0354164727032185,
    "post_vm_mv": -72.5148773193359,
    "pre_noise_rms_mv": 0.0384529270231724,
    "pre_vm_mv": -71.7218017578125,
    "slow_noise_rms_mv": 0.254154205322266,
    "slow_vm_mv": -71.7218017578125,
    "specimen_id": 324025371,
    "stimulus_absolute_amplitude": 353.624990401258,
    "stimulus_description": "C1NSSEED_2150112[0]",
    "stimulus_duration": 18.999995,
    "stimulus_interval": 5.0,
    "stimulus_name": "Noise 2",
    "stimulus_relative_amplitude": 1.5,
    "stimulus_start_time": 1.92,
    "stimulus_units": "pA",
    "sweep_number": 57,
    "vm_delta_mv": 0.793075561523438
  },
  {
    "bridge_balance_mohm": 16.300365447998,
    "id": 396367508,
    "leak_pa": 0.0,
    "num_spikes": 29,
    "peak_deflection": 0.0,
    "post_noise_rms_mv": 0.0401109270751476,
    "post_vm_mv": -72.5070343017578,
    "pre_noise_rms_mv": 0.0385838747024536,
    "pre_vm_mv": -71.8482513427734,
    "slow_noise_rms_mv": 0.241686582565308,
    "slow_vm_mv": -71.8482513427734,
    "specimen_id": 324025371,
    "stimulus_absolute_amplitude": 210.00000349769,
    "stimulus_description": "C1LSCOARSE150112[16]",
    "stimulus_duration": 0.999995,
    "stimulus_interval": 0.0,
    "stimulus_name": "Long Square",
    "stimulus_relative_amplitude": 1.0,
    "stimulus_start_time": 0.92,
    "stimulus_units": "pA",
    "sweep_number": 41,
    "vm_delta_mv": 0.658782958984375
  }
]