[
  {
    "bridge_balance_mohm": 15.9951162338257,
    "id": 396306155,
    "leak_pa": 0.0,
    "num_spikes": 1,
    "peak_deflection": 0.0,
    "post_noise_rms_mv": 0.0353134125471115,
    "post_vm_mv": -59.587230682373,
    "pre_noise_rms_mv": 0.041118398308754,
    "pre_vm_mv": -59.2345848083496,
    "slow_noise_rms_mv": 0.350131213665009,
    "slow_vm_mv": -59.2345848083496,
    "specimen_id": 314642645,
    "stimulus_absolute_amplitude": 190.000001842883,
    "stimulus_description": "C2SSHM60FN141203[0]",
    "stimulus_duration": 0.002995,
    "stimulus_interval": 0.0,
    "stimulus_name": "Short Square - Hold -60mV",
    "stimulus_relative_amplitude": 1.9,
    "stimulus_start_time": 0.92,
    "stimulus_units": "pA",
    "sweep_number": 117,
    "vm_delta_mv": 0.352645874023438
  },
  {
    "bridge_balance_mohm": 15.9951162338257,
    "id": 396306121,
    "leak_pa": 0.0,
    "num_spikes": 0,
    "peak_deflection": 0.0,
    "post_noise_rms_mv": 0.0410497225821018,
    "post_vm_mv": -78.9585266113281,
    "pre_noise_rms_mv": 0.0349749438464642,
    "pre_vm_mv": -79.4718475341797,
    "slow_noise_rms_mv": 0.143021821975708,
    "slow_vm_mv": -79.4718475341797,
    "specimen_id": 314642645,
    "stimulus_absolute_amplitude": 400.000005340573,
    "stimulus_description": "C2SSHM80CS141203[3]",
    "stimulus_duration": 0.002995,
    "stimulus_interval": 0.0,
    "stimulus_name": "Short Square - Hold -80mV",
    "stimulus_relative_amplitude": 1.0,
    "stimulus_start_time": 0.92,
    "stimulus_units": "pA",
    "sweep_number": 101,
    "vm_delta_mv": 0.513320922851562
  },
  {
    "bridge_balance_mohm": 15.9951162338257,
    "id": 396306250,
    "leak_pa": 0.0,
    "num_spikes": 0,
    "peak_deflection": -59.75,
    "post_noise_rms_mv": 0.0440155491232872,
    "post_vm_mv": -75.6355285644531,
    "pre_noise_rms_mv": 0.04306660592556,
    "pre_vm_mv": -75.4576263427734,
    "slow_noise_rms_mv": 0.303060710430145,
    "slow_vm_mv": -75.4576263427734,
    "specimen_id": 314642645,
    "stimulus_absolute_amplitude": 50.0000006675716,
    "stimulus_description": "C1LSFINEST141203[0]",
    "stimulus_duration": 0.999995,
    "stimulus_interval": 0.0,
    "stimulus_name": "Long Square",
    "stimulus_relative_amplitude": 0.5,
    "stimulus_start_time": 0.92,
    "stimulus_units": "pA",
    "sweep_number": 38,
    "vm_delta_mv": 0.177902221679688
  },
  {
    "bridge_balance_mohm": 15.9951162338257,
    "id": 396306157,
    "leak_pa": 0.0,
    "num_spikes": 1,
    "peak_deflection": 0.0,
    "post_noise_rms_mv": 0.0348765477538109,
    "post_vm_mv": -59.5422096252441,
    "pre_noise_rms_mv": 0.0365765020251274,
    "pre_vm_mv": -59.8031692504883,
    "slow_noise_rms_mv": 0.330518245697021,
    "slow_vm_mv": -59.8031692504883,
    "specimen_id": 314642645,
    "stimulus_absolute_amplitude": 180.000001015479,
    "stimulus_description": "C2SSHM60FN141203[0]",
    "stimulus_duration": 0.002995,
    "stimulus_interval": 0.0,
    "stimulus_name": "Short Square - Hold -60mV",
    "stimulus_relative_amplitude": 1.8,
    "stimulus_start_time": 0.92,
    "stimulus_units": "pA",
    "sweep_number": 118,
    "vm_delta_mv": 0.260959625244141
  },
  {
    "bridge_balance_mohm": 15.9951162338257,
    "id": 396306212,
    "leak_pa": 0.0,
    "num_spikes": 1,
    "peak_deflection": 0.0,
    "post_noise_rms_mv": 0.0354558937251568,
    "post_vm_mv": -74.0838012695312,
    "pre_noise_rms_mv": 0.0413760803639889,
    "pre_vm_mv": -75.8703460693359,
    "slow_noise_rms_mv": 0.185239106416702,
    "slow_vm_mv": -75.8703460693359,
    "specimen_id": 314642645,
    "stimulus_absolute_amplitude": 489.999985031631,
    "stimulus_description": "C1SSFINEST141203[0]",
    "stimulus_duration": 0.002995,
    "stimulus_interval": 0.0,
    "stimulus_name": "Short Square",
    "stimulus_relative_amplitude": 4.9,
    "stimulus_start_time": 0.92,
    "stimulus_units": "pA",
    "sweep_number": 20,
    "vm_delta_mv": 1.78654479980469
  },
  {
    "bridge_balance_mohm": 0.0,
    "id": 396306232,
    "leak_pa": 0.0,
    "num_spikes": 0,
    "peak_deflection": 0.0,
    "post_noise_rms_mv": 0.0,
    "post_vm_mv": 0.0,
    "pre_noise_rms_mv": 0.0,
    "pre_vm_mv": 0.0,
    "slow_noise_rms_mv": 0.0,
    "slow_vm_mv": 0.0,
    "specimen_id": 314642645,
    "stimulus_absolute_amplitude": 9.99999977648258,
    "stimulus_description": "EXTPBREAKN141203[0]",
    "stimulus_duration": 0.069995,
    "stimulus_interval": 0.05,
    "stimulus_name": "Test",
    "stimulus_relative_amplitude": 1.0,
    "stimulus_start_time": 0.03,
    "stimulus_units": "mV",
    "sweep_number": 3,
    "vm_delta_mv": 0.0
  },
  {
    "bridge_balance_mohm": 15.9951162338257,
    "id": 396306123,
    "leak_pa": 0.0,
    "num_spikes": 1,
    "peak_deflection": 0.0,
    "post_noise_rms_mv": 0.0344509407877922,
    "post_vm_mv": -78.2773208618164,
    "pre_noise_rms_mv": 0.0337229147553444,
    "pre_vm_mv": -79.0985107421875,
    "slow_noise_rms_mv": 0.175224289298058,
    "slow_vm_mv": -79.0985107421875,
    "specimen_id": 314642645,
    "stimulus_absolute_amplitude": 499.999985859034,
    "stimulus_description": "C2SSHM80CS141203[4]",
    "stimulus_duration": 0.002995,
    "stimulus_interval": 0.0,
    "stimulus_name": "Short Square - Hold -80mV",
    "stimulus_relative_amplitude": 1.0,
    "stimulus_start_time": 0.92,
    "stimulus_units": "pA",
    "sweep_number": 102,
    "vm_delta_mv": 0.821189880371094
  },
  {
    "bridge_balance_mohm": 15.9951162338257,
    "id": 396306288,
    "leak_pa": 0.0,
    "num_spikes": 9,
    "peak_deflection": 0.0,
    "post_noise_rms_mv": 0.0465948209166527,
    "post_vm_mv": -76.0574417114258,
    "pre_noise_rms_mv": 0.0296951457858086,
    "pre_vm_mv": -75.3261642456055,
    "slow_noise_rms_mv": 0.264109522104263,
    "slow_vm_mv": -75.3261642456055,
    "specimen_id": 314642645,
    "stimulus_absolute_amplitude": 139.999997705864,
    "stimulus_description": "C2SQRHELNG141203[0]",
    "stimulus_duration": 1.999995,
    "stimulus_interval": 0.0,
    "stimulus_name": "Square - 2s Suprathreshold",
    "stimulus_relative_amplitude": 1.4,
    "stimulus_start_time": 0.92,
    "stimulus_units": "pA",
    "sweep_number": 55,
    "vm_delta_mv": 0.731277465820312
  },
  {
    "bridge_balance_mohm": 15.9951162338257,
    "id": 396306133,
    "leak_pa": 0.0,
    "num_spikes": 1,
    "peak_deflection": 0.0,
    "post_noise_rms_mv": 0.0432087369263172,
    "post_vm_mv": -79.2495346069336,
    "pre_noise_rms_mv": 0.0345693565905094,
    "pre_vm_mv": -79.9722061157227,
    "slow_noise_rms_mv": 0.137086406350136,
    "slow_vm_mv": -79.9722061157227,
    "specimen_id": 314642645,
    "stimulus_absolute_amplitude": 509.999986686438,
    "stimulus_description": "C2SSHM80FN141203[0]",
    "stimulus_duration": 0.002995,
    "stimulus_interval": 0.0,
    "stimulus_name": "Short Square - Hold -80mV",
    "stimulus_relative_amplitude": 5.1,
    "stimulus_start_time": 0.92,
    "stimulus_units": "pA",
    "sweep_number": 107,
    "vm_delta_mv": 0.722671508789062
  },
  {
    "bridge_balance_mohm": 15.9951162338257,
    "id": 396306173,
    "leak_pa": 0.0,
    "num_spikes": 0,
    "peak_deflection": 0.0,
    "post_noise_rms_mv": 0.0376753099262714,
    "post_vm_mv": -58.8650550842285,
    "pre_noise_rms_mv": 0.0516337417066097,
    "pre_vm_mv": -58.7297744750977,
    "slow_noise_rms_mv": 0.487861543893814,
    "slow_vm_mv": -58.7297744750977,
    "specimen_id": 314642645,
    "stimulus_absolute_amplitude": 180.000001015479,
    "stimulus_description": "C2SSHM60FN141203[0]",
    "stimulus_duration": 0.002995,
    "stimulus_interval": 0.0,
    "stimulus_name": "Short Square - Hold -60mV",
    "stimulus_relative_amplitude": 1.8,
    "stimulus_start_time": 0.92,
    "stimulus_units": "pA",
    "sweep_number": 125,
    "vm_delta_mv": 0.135280609130859
  },
  {
    "bridge_balance_mohm": 15.9951162338257,
    "id": 396306314,
    "leak_pa": 0.0,
    "num_spikes": 0,
    "peak_deflection": 0.0,
    "post_noise_rms_mv": 0.0396509245038033,
    "post_vm_mv": -74.9198455810547,
    "pre_noise_rms_mv": 0.0392616987228394,
    "pre_vm_mv": -75.4139785766602,
    "slow_noise_rms_mv": 0.164454847574234,
    "slow_vm_mv": -75.4139785766602,
    "specimen_id": 314642645,
    "stimulus_absolute_amplitude": 400.000005340573,
    "stimulus_description": "C1SSFINEST141203[0]",
    "stimulus_duration": 0.002995,
    "stimulus_interval": 0.0,
    "stimulus_name": "Short Square",
    "stimulus_relative_amplitude": 4.0,
    "stimulus_start_time": 0.92,
    "stimulus_units": "pA",
    "sweep_number": 67,
    "vm_delta_mv": 0.494132995605469
  },
  {
    "bridge_balance_mohm": 15.9951162338257,
    "id": 396306374,
    "leak_pa": 0.0,
    "num_spikes": 3,
    "peak_deflection": 0.0,
    "post_noise_rms_mv": 0.0388082228600979,
    "post_vm_mv": -75.6043090820312,
    "pre_noise_rms_mv": 0.0405187755823135,
    "pre_vm_mv": -75.2431869506836,
    "slow_noise_rms_mv": 0.166252061724663,
    "slow_vm_mv": -75.2431869506836,
    "specimen_id": 314642645,
    "stimulus_absolute_amplitude": 430.000007822784,
    "stimulus_description": "C2SSTRIPLE141203[4]",
    "stimulus_duration": 0.048995,
    "stimulus_interval": 0.02,
    "stimulus_name": "Short Square - Triple",
    "stimulus_relative_amplitude": 4.3,
    "stimulus_start_time": 1.92,
    "stimulus_units": "pA",
    "sweep_number": 94,
    "vm_delta_mv": 0.361122131347656
  },
  {
    "bridge_balance_mohm": 15.9951162338257,
    "id": 396306200,
    "leak_pa": 0.0,
    "num_spikes": 0,
    "peak_deflection": 0.0,
    "post_noise_rms_mv": 0.0348818898200989,
    "post_vm_mv": -74.5191955566406,
    "pre_noise_rms_mv": 0.0490755289793015,
    "pre_vm_mv": -75.8013381958008,
    "slow_noise_rms_mv": 0.221311062574387,
    "slow_vm_mv": -75.8013381958008,
    "specimen_id": 314642645,
    "stimulus_absolute_amplitude": 479.999984204227,
    "stimulus_description": "C1SSFINEST141203[0]",
    "stimulus_duration": 0.002995,
    "stimulus_interval": 0.0,
    "stimulus_name": "Short Square",
    "stimulus_relative_amplitude": 4.8,
    "stimulus_start_time": 0.92,
    "stimulus_units": "pA",
    "sweep_number": 15,
    "vm_delta_mv": 1.28214263916016
  },
  {
    "bridge_balance_mohm": 15.9951162338257,
    "id": 396306352,
    "leak_pa": 0.0,
    "num_spikes": 3,
    "peak_deflection": 0.0,
    "post_noise_rms_mv": 0.0374902188777924,
    "post_vm_mv": -75.100471496582,
    "pre_noise_rms_mv": 0.0371833145618439,
    "pre_vm_mv": -74.9726943969727,
    "slow_noise_rms_mv": 0.269273906946182,
    "slow_vm_mv": -74.9726943969727,
    "specimen_id": 314642645,
    "stimulus_absolute_amplitude": 430.000007822784,
    "stimulus_description": "C2SSTRIPLE141203[2]",
    "stimulus_duration": 0.032995,
    "stimulus_interval": 0.012,
    "stimulus_name": "Short Square - Triple",
    "stimulus_relative_amplitude": 4.3,
    "stimulus_start_time": 1.92,
    "stimulus_units": "pA",
    "sweep_number": 84,
    "vm_delta_mv": 0.127777099609375
  },
  {
    "bridge_balance_mohm": 15.9951162338257,
    "id": 396306220,
    "leak_pa": 0.0,
    "num_spikes": 0,
    "peak_deflection": -91.5312576293945,
    "post_noise_rms_mv": 0.0425801537930965,
    "post_vm_mv": -76.159538269043,
    "pre_noise_rms_mv": 0.0446235276758671,
    "pre_vm_mv": -75.8116683959961,
    "slow_noise_rms_mv": 0.184058427810669,
    "slow_vm_mv": -75.8116683959961,
    "specimen_id": 314642645,
    "stimulus_absolute_amplitude": -50.0000006675716,
    "stimulus_description": "C1LSCOARSE141203[3]",
    "stimulus_duration": 0.999995,
    "stimulus_interval": 0.0,
    "stimulus_name": "Long Square",
    "stimulus_relative_amplitude": 1.0,
    "stimulus_start_time": 0.92,
    "stimulus_units": "pA",
    "sweep_number": 24,
    "vm_delta_mv": 0.347869873046875
  },
  {
    "bridge_balance_mohm": 15.9951162338257,
    "id": 396306284,
    "leak_pa": 0.0,
    "num_spikes": 2,
    "peak_deflection": 0.0,
    "post_noise_rms_mv": 0.0407422967255116,
    "post_vm_mv": -75.8436508178711,
    "pre_noise_rms_mv": 0.0363069474697113,
    "pre_vm_mv": -75.5082397460938,
    "slow_noise_rms_mv": 0.219877108931541,
    "slow_vm_mv": -75.5082397460938,
    "specimen_id": 314642645,
    "stimulus_absolute_amplitude": 100.000001335143,
    "stimulus_description": "C2SQRHELNG141203[0]",
    "stimulus_duration": 1.999995,
    "stimulus_interval": 0.0,
    "stimulus_name": "Square - 2s Suprathreshold",
    "stimulus_relative_amplitude": 1.0,
    "stimulus_start_time": 0.92,
    "stimulus_units": "pA",
    "sweep_number": 53,
    "vm_delta_mv": 0.335411071777344
  },
  {
    "bridge_balance_mohm": 15.9951162338257,
    "id": 396306336,
    "leak_pa": 0.0,
    "num_spikes": 3,
    "peak_deflection": 0.0,
    "post_noise_rms_mv": 0.0416907221078873,
    "post_vm_mv": -76.5687942504883,
    "pre_noise_rms_mv": 0.0361742936074734,
    "pre_vm_mv": -76.655632019043,
    "slow_noise_rms_mv": 0.242911219596863,
    "slow_vm_mv": -76.655632019043,
    "specimen_id": 314642645,
    "stimulus_absolute_amplitude": 430.000007822784,
    "stimulus_description": "C2SSTRIPLE141203[3]",
    "stimulus_duration": 0.040995,
    "stimulus_interval": 0.016,
    "stimulus_name": "Short Square - Triple",
    "stimulus_relative_amplitude": 4.3,
    "stimulus_start_time": 1.92,
    "stimulus_units": "pA",
    "sweep_number": 77,
    "vm_delta_mv": 0.0868377685546875
  },
  {
    "bridge_balance_mohm": 15.9951162338257,
    "id": 396306185,
    "leak_pa": 0.0,
    "num_spikes": 1,
    "peak_deflection": 0.0,
    "post_noise_rms_mv": 0.040993832051754,
    "post_vm_mv": -60.1655616760254,
    "pre_noise_rms_mv": 0.0570169873535633,
    "pre_vm_mv": -59.8715667724609,
    "slow_noise_rms_mv": 0.389157980680466,
    "slow_vm_mv": -59.8715667724609,
    "specimen_id": 314642645,
    "stimulus_absolute_amplitude": 200.000002670286,
    "stimulus_description": "C2SSHM60FN141203[0]",
    "stimulus_duration": 0.002995,
    "stimulus_interval": 0.0,
    "stimulus_name": "Short Square - Hold -60mV",
    "stimulus_relative_amplitude": 2.0,
    "stimulus_start_time": 0.92,
    "stimulus_units": "pA",
    "sweep_number": 130,
    "vm_delta_mv": 0.293994903564453
  },
  {
    "bridge_balance_mohm": 15.9951162338257,
    "id": 396306181,
    "leak_pa": 0.0,
    "num_spikes": 1,
    "peak_deflection": 0.0,
    "post_noise_rms_mv": 0.0420172438025475,
    "post_vm_mv": -60.6493682861328,
    "pre_noise_rms_mv": 0.0449982956051826,
    "pre_vm_mv": -60.7476234436035,
    "slow_noise_rms_mv": 0.34317085146904,
    "slow_vm_mv": -60.7476234436035,
    "specimen_id": 314642645,
    "stimulus_absolute_amplitude": 200.000002670286,
    "stimulus_description": "C2SSHM60FN141203[0]",
    "stimulus_duration": 0.002995,
    "stimulus_interval": 0.0,
    "stimulus_name": "Short Square - Hold -60mV",
    "stimulus_relative_amplitude": 2.0,
    "stimulus_start_time": 0.92,
    "stimulus_units": "pA",
    "sweep_number": 129,
    "vm_delta_mv": 0.0982551574707031
  },
  {
    "bridge_balance_mohm": 15.9951162338257,
    "id": 396306131,
    "leak_pa": 0.0,
    "num_spikes": 0,
    "peak_deflection": 0.0,
    "post_noise_rms_mv": 0.0416211448609829,
    "post_vm_mv": -79.6911010742188,
    "pre_noise_rms_mv": 0.03465511277318,
    "pre_vm_mv": -80.0962524414062,
    "slow_noise_rms_mv": 0.106531277298927,
    "slow_vm_mv": -80.0962524414062,
    "specimen_id": 314642645,
    "stimulus_absolute_amplitude": 499.999985859034,
    "stimulus_description": "C2SSHM80FN141203[0]",
    "stimulus_duration": 0.002995,
    "stimulus_interval": 0.0,
    "stimulus_name": "Short Square - Hold -80mV",
    "stimulus_relative_amplitude": 5.0,
    "stimulus_start_time": 0.92,
    "stimulus_units": "pA",
    "sweep_number": 106,
    "vm_delta_mv": 0.4051513671875
  },
  {
    "bridge_balance_mohm": 15.9951162338257,
    "id": 396306356,
    "leak_pa": 0.0,
    "num_spikes": 3,
    "peak_deflection": 0.0,
    "post_noise_rms_mv": 0.0344943478703499,
    "post_vm_mv": -75.0375518798828,
    "pre_noise_rms_mv": 0.041333943605423,
    "pre_vm_mv": -74.8138580322266,
    "slow_noise_rms_mv": 0.178215846419334,
    "slow_vm_mv": -74.8138580322266,
    "specimen_id": 314642645,
    "stimulus_absolute_amplitude": 430.000007822784,
    "stimulus_description": "C2SSTRIPLE141203[4]",
    "stimulus_duration": 0.048995,
    "stimulus_interval": 0.02,
    "stimulus_name": "Short Square - Triple",
    "stimulus_relative_amplitude": 4.3,
    "stimulus_start_time": 1.92,
    "stimulus_units": "pA",
    "sweep_number": 86,
    "vm_delta_mv": 0.22369384765625
  },
  {
    "bridge_balance_mohm": 15.9951162338257,
    "id": 396306290,
    "leak_pa": 0.0,
    "num_spikes": 8,
    "peak_deflection": 0.0,
    "post_noise_rms_mv": 0.039122249931097,
    "post_vm_mv": -76.0939712524414,
    "pre_noise_rms_mv": 0.0378746837377548,
    "pre_vm_mv": -76.2599487304688,
    "slow_noise_rms_mv": 0.258861213922501,
    "slow_vm_mv": -76.2599487304688,
    "specimen_id": 314642645,
    "stimulus_absolute_amplitude": 139.999997705864,
    "stimulus_description": "C2SQRHELNG141203[0]",
    "stimulus_duration": 1.999995,
    "stimulus_interval": 0.0,
    "stimulus_name": "Square - 2s Suprathreshold",
    "stimulus_relative_amplitude": 1.4,
    "stimulus_start_time": 0.92,
    "stimulus_units": "pA",
    "sweep_number": 56,
    "vm_delta_mv": 0.165977478027344
  },
  {
    "bridge_balance_mohm": 15.9951162338257,
    "id": 396306177,
    "leak_pa": 0.0,
    "num_spikes": 0,
    "peak_deflection": 0.0,
    "post_noise_rms_mv": 0.0400433912873268,
    "post_vm_mv": -60.6276817321777,
    "pre_noise_rms_mv": 0.0592282898724079,
    "pre_vm_mv": -60.353328704834,
    "slow_noise_rms_mv": 0.424280107021332,
    "slow_vm_mv": -60.353328704834,
    "specimen_id": 314642645,
    "stimulus_absolute_amplitude": 190.000001842883,
    "stimulus_description": "C2SSHM60FN141203[0]",
    "stimulus_duration": 0.002995,
    "stimulus_interval": 0.0,
    "stimulus_name": "Short Square - Hold -60mV",
    "stimulus_relative_amplitude": 1.9,
    "stimulus_start_time": 0.92,
    "stimulus_units": "pA",
    "sweep_number": 127,
    "vm_delta_mv": 0.27435302734375
  },
  {
    "bridge_balance_mohm": 15.9951162338257,
    "id": 396306169,
    "leak_pa": 0.0,
    "num_spikes": 1,
    "peak_deflection": 0.0,
    "post_noise_rms_mv": 0.0429591499269009,
    "post_vm_mv": -59.0566215515137,
    "pre_noise_rms_mv": 0.0379773117601871,
    "pre_vm_mv": -59.0111885070801,
    "slow_noise_rms_mv": 0.497379511594772,
    "slow_vm_mv": -59.0111885070801,
    "specimen_id": 314642645,
    "stimulus_absolute_amplitude": 180.000001015479,
    "stimulus_description": "C2SSHM60FN141203[0]",
    "stimulus_duration": 0.002995,
    "stimulus_interval": 0.0,
    "stimulus_name": "Short Square - Hold -60mV",
    "stimulus_relative_amplitude": 1.8,
    "stimulus_start_time": 0.92,
    "stimulus_units": "pA",
    "sweep_number": 123,
    "vm_delta_mv": 0.0454330444335938
  },
  {
    "bridge_balance_mohm": 15.9951162338257,
    "id": 396306202,
    "leak_pa": 0.0,
    "num_spikes": 1,
    "peak_deflection": 0.0,
    "post_noise_rms_mv": 0.0387470722198486,
    "post_vm_mv": -73.8313369750977,
    "pre_noise_rms_mv": 0.0406005457043648,
    "pre_vm_mv": -75.6495513916016,
    "slow_noise_rms_mv": 0.203043863177299,
    "slow_vm_mv": -75.6495513916016,
    "specimen_id": 314642645,
    "stimulus_absolute_amplitude": 489.999985031631,
    "stimulus_description": "C1SSFINEST141203[0]",
    "stimulus_duration": 0.002995,
    "stimulus_interval": 0.0,
    "stimulus_name": "Short Square",
    "stimulus_relative_amplitude": 4.9,
    "stimulus_start_time": 0.92,
    "stimulus_units": "pA",
    "sweep_number": 16,
    "vm_delta_mv": 1.81821441650391
  },
  {
    "bridge_balance_mohm": 15.9951162338257,
    "id": 396306145,
    "leak_pa": 0.0,
    "num_spikes": 0,
    "peak_deflection": 0.0,
    "post_noise_rms_mv": 0.0528449937701225,
    "post_vm_mv": -79.7574310302734,
    "pre_noise_rms_mv": 0.0427081622183323,
    "pre_vm_mv": -80.2426528930664,
    "slow_noise_rms_mv": 0.103340767323971,
    "slow_vm_mv": -80.2426528930664,
    "specimen_id": 314642645,
    "stimulus_absolute_amplitude": 509.999986686438,
    "stimulus_description": "C2SSHM80FN141203[0]",
    "stimulus_duration": 0.002995,
    "stimulus_interval": 0.0,
    "stimulus_name": "Short Square - Hold -80mV",
    "stimulus_relative_amplitude": 5.1,
    "stimulus_start_time": 0.92,
    "stimulus_units": "pA",
    "sweep_number": 112,
    "vm_delta_mv": 0.485221862792969
  },
  {
    "bridge_balance_mohm": 15.9951162338257,
    "id": 396306141,
    "leak_pa": 0.0,
    "num_spikes": 0,
    "peak_deflection": 0.0,
    "post_noise_rms_mv": 0.0446031354367733,
    "post_vm_mv": -79.4703903198242,
    "pre_noise_rms_mv": 0.0356427133083344,
    "pre_vm_mv": -80.022102355957,
    "slow_noise_rms_mv": 0.208939015865326,
    "slow_vm_mv": -80.022102355957,
    "specimen_id": 314642645,
    "stimulus_absolute_amplitude": 509.999986686438,
    "stimulus_description": "C2SSHM80FN141203[0]",
    "stimulus_duration": 0.002995,
    "stimulus_interval": 0.0,
    "stimulus_name": "Short Square - Hold -80mV",
    "stimulus_relative_amplitude": 5.1,
    "stimulus_start_time": 0.92,
    "stimulus_units": "pA",
    "sweep_number": 110,
    "vm_delta_mv": 0.551712036132812
  },
  {
    "bridge_balance_mohm": 15.9951162338257,
    "id": 396306362,
    "leak_pa": 0.0,
    "num_spikes": 3,
    "peak_deflection": 0.0,
    "post_noise_rms_mv": 0.0390140227973461,
    "post_vm_mv": -75.6561813354492,
    "pre_noise_rms_mv": 0.0372131280601025,
    "pre_vm_mv": -75.6234817504883,
    "slow_noise_rms_mv": 0.298812448978424,
    "slow_vm_mv": -75.6234817504883,
    "specimen_id": 314642645,
    "stimulus_absolute_amplitude": 430.000007822784,
    "stimulus_description": "C2SSTRIPLE141203[7]",
    "stimulus_duration": 0.072995,
    "stimulus_interval": 0.032,
    "stimulus_name": "Short Square - Triple",
    "stimulus_relative_amplitude": 4.3,
    "stimulus_start_time": 1.92,
    "stimulus_units": "pA",
    "sweep_number": 89,
    "vm_delta_mv": 0.0326995849609375
  },
  {
    "bridge_balance_mohm": 0.0,
    "id": 396306194,
    "leak_pa": 0.0,
    "num_spikes": 0,
    "peak_deflection": 0.0,
    "post_noise_rms_mv": 0.0,
    "post_vm_mv": 0.0,
    "pre_noise_rms_mv": 0.0,
    "pre_vm_mv": 0.0,
    "slow_noise_rms_mv": 0.0,
    "slow_vm_mv": 0.0,
    "specimen_id": 314642645,
    "stimulus_absolute_amplitude": 9.99999977648258,
    "stimulus_description": "EXTPGGAEND141203[0]",
    "stimulus_duration": 0.069995,
    "stimulus_interval": 0.05,
    "stimulus_name": "Test",
    "stimulus_relative_amplitude": 1.0,
    "stimulus_start_time": 0.03,
    "stimulus_units": "mV",
    "sweep_number": 134,
    "vm_delta_mv": 0.0
  },
  {
    "bridge_balance_mohm": 15.9951162338257,
    "id": 396306254,
    "leak_pa": 0.0,
    "num_spikes": 8,
    "peak_deflection": 0.0,
    "post_noise_rms_mv": 0.0,
    "post_vm_mv": 0.0,
    "pre_noise_rms_mv": 0.0388051643967628,
    "pre_vm_mv": -75.815559387207,
    "slow_noise_rms_mv": 0.150439396500587,
    "slow_vm_mv": -75.815559387207,
    "specimen_id": 314642645,
    "stimulus_absolute_amplitude": 800.000010681146,
    "stimulus_description": "C1RP25PR1S141203[0]",
    "stimulus_duration": 31.997495,
    "stimulus_interval": 0.0,
    "stimulus_name": "Ramp",
    "stimulus_relative_amplitude": 1.0,
    "stimulus_start_time": 0.9225,
    "stimulus_units": "pA",
    "sweep_number": 4,
    "vm_delta_mv": 0.0
  },
  {
    "bridge_balance_mohm": 15.9951162338257,
    "id": 396306161,
    "leak_pa": 0.0,
    "num_spikes": 0,
    "peak_deflection": 0.0,
    "post_noise_rms_mv": 0.0384839549660683,
    "post_vm_mv": -74.0998229980469,
    "pre_noise_rms_mv": 0.0384165197610855,
    "pre_vm_mv": -75.714111328125,
    "slow_noise_rms_mv": 0.295478045940399,
    "slow_vm_mv": -75.714111328125,
    "specimen_id": 314642645,
    "stimulus_absolute_amplitude": 450.000009477591,
    "stimulus_description": "C1SSFINEST141203[0]",
    "stimulus_duration": 0.002995,
    "stimulus_interval": 0.0,
    "stimulus_name": "Short Square",
    "stimulus_relative_amplitude": 4.5,
    "stimulus_start_time": 0.92,
    "stimulus_units": "pA",
    "sweep_number": 12,
    "vm_delta_mv": 1.61428833007812
  },
  {
    "bridge_balance_mohm": 15.9951162338257,
    "id": 396306216,
    "leak_pa": 0.0,
    "num_spikes": 0,
    "peak_deflection": -98.125,
    "post_noise_rms_mv": 0.0405864305794239,
    "post_vm_mv": -76.0410385131836,
    "pre_noise_rms_mv": 0.0412576794624329,
    "pre_vm_mv": -76.1399841308594,
    "slow_noise_rms_mv": 0.232880175113678,
    "slow_vm_mv": -76.1399841308594,
    "specimen_id": 314642645,
    "stimulus_absolute_amplitude": -90.0000005077395,
    "stimulus_description": "C1LSCOARSE141203[1]",
    "stimulus_duration": 0.999995,
    "stimulus_interval": 0.0,
    "stimulus_name": "Long Square",
    "stimulus_relative_amplitude": 1.0,
    "stimulus_start_time": 0.92,
    "stimulus_units": "pA",
    "sweep_number": 22,
    "vm_delta_mv": 0.0989456176757812
  },
  {
    "bridge_balance_mohm": 15.9951162338257,
    "id": 396306344,
    "leak_pa": 0.0,
    "num_spikes": 3,
    "peak_deflection": 0.0,
    "post_noise_rms_mv": 0.0414092838764191,
    "post_vm_mv": -75.7104873657227,
    "pre_noise_rms_mv": 0.0343140624463558,
    "pre_vm_mv": -75.7073822021484,
    "slow_noise_rms_mv": 0.30097097158432,
    "slow_vm_mv": -75.7073822021484,
    "specimen_id": 314642645,
    "stimulus_absolute_amplitude": 430.000007822784,
    "stimulus_description": "C2SSTRIPLE141203[6]",
    "stimulus_duration": 0.064995,
    "stimulus_interval": 0.028,
    "stimulus_name": "Short Square - Triple",
    "stimulus_relative_amplitude": 4.3,
    "stimulus_start_time": 1.92,
    "stimulus_units": "pA",
    "sweep_number": 80,
    "vm_delta_mv": 0.00310516357421875
  },
  {
    "bridge_balance_mohm": 15.9951162338257,
    "id": 396306135,
    "leak_pa": 0.0,
    "num_spikes": 1,
    "peak_deflection": 0.0,
    "post_noise_rms_mv": 0.0410281270742416,
    "post_vm_mv": -79.3823623657227,
    "pre_noise_rms_mv": 0.0378714799880981,
    "pre_vm_mv": -80.2151336669922,
    "slow_noise_rms_mv": 0.113123521208763,
    "slow_vm_mv": -80.2151336669922,
    "specimen_id": 314642645,
    "stimulus_absolute_amplitude": 509.999986686438,
    "stimulus_description": "C2SSHM80FN141203[0]",
    "stimulus_duration": 0.002995,
    "stimulus_interval": 0.0,
    "stimulus_name": "Short Square - Hold -80mV",
    "stimulus_relative_amplitude": 5.1,
    "stimulus_start_time": 0.92,
    "stimulus_units": "pA",
    "sweep_number": 108,
    "vm_delta_mv": 0.832771301269531
  },
  {
    "bridge_balance_mohm": 15.9951162338257,
    "id": 396306348,
    "leak_pa": 0.0,
    "num_spikes": 3,
    "peak_deflection": 0.0,
    "post_noise_rms_mv": 0.0366065204143524,
    "post_vm_mv": -75.2702331542969,
    "pre_noise_rms_mv": 0.0408609583973885,
    "pre_vm_mv": -74.8856964111328,
    "slow_noise_rms_mv": 0.209105953574181,
    "slow_vm_mv": -74.8856964111328,
    "specimen_id": 314642645,
    "stimulus_absolute_amplitude": 430.000007822784,
    "stimulus_description": "C2SSTRIPLE141203[0]",
    "stimulus_duration": 0.016995,
    "stimulus_interval": 0.004,
    "stimulus_name": "Short Square - Triple",
    "stimulus_relative_amplitude": 4.3,
    "stimulus_start_time": 1.92,
    "stimulus_units": "pA",
    "sweep_number": 82,
    "vm_delta_mv": 0.384536743164062
  },
  {
    "bridge_balance_mohm": 15.9951162338257,
    "id": 396306282,
    "leak_pa": 0.0,
    "num_spikes": 2,
    "peak_deflection": 0.0,
    "post_noise_rms_mv": 0.040218960493803,
    "post_vm_mv": -75.5688018798828,
    "pre_noise_rms_mv": 0.0361866354942322,
    "pre_vm_mv": -75.3522720336914,
    "slow_noise_rms_mv": 0.239210709929466,
    "slow_vm_mv": -75.3522720336914,
    "specimen_id": 314642645,
    "stimulus_absolute_amplitude": 100.000001335143,
    "stimulus_description": "C2SQRHELNG141203[0]",
    "stimulus_duration": 1.999995,
    "stimulus_interval": 0.0,
    "stimulus_name": "Square - 2s Suprathreshold",
    "stimulus_relative_amplitude": 1.0,
    "stimulus_start_time": 0.92,
    "stimulus_units": "pA",
    "sweep_number": 52,
    "vm_delta_mv": 0.216529846191406
  },
  {
    "bridge_balance_mohm": 15.9951162338257,
    "id": 396306312,
    "leak_pa": 0.0,
    "num_spikes": 1,
    "peak_deflection": 0.0,
    "post_noise_rms_mv": 0.0354920066893101,
    "post_vm_mv": -75.0264053344727,
    "pre_noise_rms_mv": 0.0412391796708107,
    "pre_vm_mv": -75.4039688110352,
    "slow_noise_rms_mv": 0.347258239984512,
    "slow_vm_mv": -75.4039688110352,
    "specimen_id": 314642645,
    "stimulus_absolute_amplitude": 450.000009477591,
    "stimulus_description": "C1SSFINEST141203[0]",
    "stimulus_duration": 0.002995,
    "stimulus_interval": 0.0,
    "stimulus_name": "Short Square",
    "stimulus_relative_amplitude": 4.5,
    "stimulus_start_time": 0.92,
    "stimulus_units": "pA",
    "sweep_number": 66,
    "vm_delta_mv": 0.3775634765625
  },
  {
    "bridge_balance_mohm": 0.0,
    "id": 396306210,
    "leak_pa": 0.0,
    "num_spikes": 0,
    "peak_deflection": 0.0,
    "post_noise_rms_mv": 0.0,
    "post_vm_mv": 0.0,
    "pre_noise_rms_mv": 0.0,
    "pre_vm_mv": 0.0,
    "slow_noise_rms_mv": 0.0,
    "slow_vm_mv": 0.0,
    "specimen_id": 314642645,
    "stimulus_absolute_amplitude": 9.99999977648258,
    "stimulus_description": "EXTPCllATT141203[0]",
    "stimulus_duration": 0.069995,
    "stimulus_interval": 0.05,
    "stimulus_name": "Test",
    "stimulus_relative_amplitude": 1.0,
    "stimulus_start_time": 0.03,
    "stimulus_units": "mV",
    "sweep_number": 2,
    "vm_delta_mv": 0.0
  },
  {
    "bridge_balance_mohm": 15.9951162338257,
    "id": 396306294,
    "leak_pa": 0.0,
    "num_spikes": 24,
    "peak_deflection": 0.0,
    "post_noise_rms_mv": 0.0350676104426384,
    "post_vm_mv": -76.472053527832,
    "pre_noise_rms_mv": 0.0419507250189781,
    "pre_vm_mv": -75.8586654663086,
    "slow_noise_rms_mv": 0.15689118206501,
    "slow_vm_mv": -75.8586654663086,
    "specimen_id": 314642645,
    "stimulus_absolute_amplitude": 180.000001015479,
    "stimulus_description": "C2SQRHELNG141203[0]",
    "stimulus_duration": 1.999995,
    "stimulus_interval": 0.0,
    "stimulus_name": "Square - 2s Suprathreshold",
    "stimulus_relative_amplitude": 1.8,
    "stimulus_start_time": 0.92,
    "stimulus_units": "pA",
    "sweep_number": 58,
    "vm_delta_mv": 0.613388061523438
  },
  {
    "bridge_balance_mohm": 15.9951162338257,
    "id": 396306266,
    "leak_pa": 0.0,
    "num_spikes": 32,
    "peak_deflection": 0.0,
    "post_noise_rms_mv": 0.0418407879769802,
    "post_vm_mv": -75.330322265625,
    "pre_noise_rms_mv": 0.0391258597373962,
    "pre_vm_mv": -74.8972702026367,
    "slow_noise_rms_mv": 0.254960089921951,
    "slow_vm_mv": -74.8972702026367,
    "specimen_id": 314642645,
    "stimulus_absolute_amplitude": 188.625004504672,
    "stimulus_description": "C1NSSEED_2141203[0]",
    "stimulus_duration": 18.999995,
    "stimulus_interval": 5.0,
    "stimulus_name": "Noise 2",
    "stimulus_relative_amplitude": 0.8,
    "stimulus_start_time": 1.92,
    "stimulus_units": "pA",
    "sweep_number": 45,
    "vm_delta_mv": 0.433052062988281
  },
  {
    "bridge_balance_mohm": 15.9951162338257,
    "id": 396306246,
    "leak_pa": 0.0,
    "num_spikes": 35,
    "peak_deflection": 0.0,
    "post_noise_rms_mv": 0.0400113500654697,
    "post_vm_mv": -76.848876953125,
    "pre_noise_rms_mv": 0.03652298822999,
    "pre_vm_mv": -76.6709365844727,
    "slow_noise_rms_mv": 0.26454558968544,
    "slow_vm_mv": -76.6709365844727,
    "specimen_id": 314642645,
    "stimulus_absolute_amplitude": 190.000001842883,
    "stimulus_description": "C1LSCOARSE141203[15]",
    "stimulus_duration": 0.999995,
    "stimulus_interval": 0.0,
    "stimulus_name": "Long Square",
    "stimulus_relative_amplitude": 1.0,
    "stimulus_start_time": 0.92,
    "stimulus_units": "pA",
    "sweep_number": 36,
    "vm_delta_mv": 0.177940368652344
  },
  {
    "bridge_balance_mohm": 15.9951162338257,
    "id": 396306159,
    "leak_pa": 0.0,
    "num_spikes": 1,
    "peak_deflection": 0.0,
    "post_noise_rms_mv": 0.0695391818881035,
    "post_vm_mv": -59.4716186523438,
    "pre_noise_rms_mv": 0.0430618971586227,
    "pre_vm_mv": -59.1835098266602,
    "slow_noise_rms_mv": 0.442394345998764,
    "slow_vm_mv": -59.1835098266602,
    "specimen_id": 314642645,
    "stimulus_absolute_amplitude": 170.000000188075,
    "stimulus_description": "C2SSHM60FN141203[0]",
    "stimulus_duration": 0.002995,
    "stimulus_interval": 0.0,
    "stimulus_name": "Short Square - Hold -60mV",
    "stimulus_relative_amplitude": 1.7,
    "stimulus_start_time": 0.92,
    "stimulus_units": "pA",
    "sweep_number": 119,
    "vm_delta_mv": 0.288108825683594
  },
  {
    "bridge_balance_mohm": 15.9951162338257,
    "id": 396306310,
    "leak_pa": 0.0,
    "num_spikes": 1,
    "peak_deflection": 0.0,
    "post_noise_rms_mv": 0.0409903265535831,
    "post_vm_mv": -75.0523529052734,
    "pre_noise_rms_mv": 0.0431186035275459,
    "pre_vm_mv": -75.5271301269531,
    "slow_noise_rms_mv": 0.186584800481796,
    "slow_vm_mv": -75.5271301269531,
    "specimen_id": 314642645,
    "stimulus_absolute_amplitude": 479.999984204227,
    "stimulus_description": "C1SSFINEST141203[0]",
    "stimulus_duration": 0.002995,
    "stimulus_interval": 0.0,
    "stimulus_name": "Short Square",
    "stimulus_relative_amplitude": 4.8,
    "stimulus_start_time": 0.92,
    "stimulus_units": "pA",
    "sweep_number": 65,
    "vm_delta_mv": 0.474777221679688
  },
  {
    "bridge_balance_mohm": 15.9951162338257,
    "id": 396306368,
    "leak_pa": 0.0,
    "num_spikes": 3,
    "peak_deflection": 0.0,
    "post_noise_rms_mv": 0.0445471853017807,
    "post_vm_mv": -75.8666534423828,
    "pre_noise_rms_mv": 0.0382255390286446,
    "pre_vm_mv": -75.8635864257812,
    "slow_noise_rms_mv": 0.23538164794445,
    "slow_vm_mv": -75.8635864257812,
    "specimen_id": 314642645,
    "stimulus_absolute_amplitude": 430.000007822784,
    "stimulus_description": "C2SSTRIPLE141203[1]",
    "stimulus_duration": 0.024995,
    "stimulus_interval": 0.008,
    "stimulus_name": "Short Square - Triple",
    "stimulus_relative_amplitude": 4.3,
    "stimulus_start_time": 1.92,
    "stimulus_units": "pA",
    "sweep_number": 91,
    "vm_delta_mv": 0.0030670166015625
  },
  {
    "bridge_balance_mohm": 15.9951162338257,
    "id": 396306218,
    "leak_pa": 0.0,
    "num_spikes": 0,
    "peak_deflection": -95.09375,
    "post_noise_rms_mv": 0.0438673980534077,
    "post_vm_mv": -76.1134948730469,
    "pre_noise_rms_mv": 0.0394318401813507,
    "pre_vm_mv": -75.443717956543,
    "slow_noise_rms_mv": 0.299793720245361,
    "slow_vm_mv": -75.443717956543,
    "specimen_id": 314642645,
    "stimulus_absolute_amplitude": -69.9999988529321,
    "stimulus_description": "C1LSCOARSE141203[2]",
    "stimulus_duration": 0.999995,
    "stimulus_interval": 0.0,
    "stimulus_name": "Long Square",
    "stimulus_relative_amplitude": 1.0,
    "stimulus_start_time": 0.92,
    "stimulus_units": "pA",
    "sweep_number": 23,
    "vm_delta_mv": 0.669776916503906
  },
  {
    "bridge_balance_mohm": 15.9951162338257,
    "id": 396306330,
    "leak_pa": 0.0,
    "num_spikes": 3,
    "peak_deflection": 0.0,
    "post_noise_rms_mv": 0.036958247423172,
    "post_vm_mv": -76.0485458374023,
    "pre_noise_rms_mv": 0.0397048816084862,
    "pre_vm_mv": -75.9232025146484,
    "slow_noise_rms_mv": 0.251151949167252,
    "slow_vm_mv": -75.9232025146484,
    "specimen_id": 314642645,
    "stimulus_absolute_amplitude": 430.000007822784,
    "stimulus_description": "C2SSTRIPLE141203[0]",
    "stimulus_duration": 0.016995,
    "stimulus_interval": 0.004,
    "stimulus_name": "Short Square - Triple",
    "stimulus_relative_amplitude": 4.3,
    "stimulus_start_time": 1.92,
    "stimulus_units": "pA",
    "sweep_number": 74,
    "vm_delta_mv": 0.125343322753906
  },
  {
    "bridge_balance_mohm": 15.9951162338257,
    "id": 396306342,
    "leak_pa": 0.0,
    "num_spikes": 0,
    "peak_deflection": 0.0,
    "post_noise_rms_mv": 0.0378849506378174,
    "post_vm_mv": -75.6273727416992,
    "pre_noise_rms_mv": 0.0349297858774662,
    "pre_vm_mv": -76.4070205688477,
    "slow_noise_rms_mv": 0.143048882484436,
    "slow_vm_mv": -76.4070205688477,
    "specimen_id": 314642645,
    "stimulus_absolute_amplitude": 200.000002670286,
    "stimulus_description": "C1SSCOARSE141203[1]",
    "stimulus_duration": 0.002995,
    "stimulus_interval": 0.0,
    "stimulus_name": "Short Square",
    "stimulus_relative_amplitude": 1.0,
    "stimulus_start_time": 0.92,
    "stimulus_units": "pA",
    "sweep_number": 8,
    "vm_delta_mv": 0.779647827148438
  },
  {
    "bridge_balance_mohm": 15.9951162338257,
    "id": 396306187,
    "leak_pa": 0.0,
    "num_spikes": 1,
    "peak_deflection": 0.0,
    "post_noise_rms_mv": 0.0513385273516178,
    "post_vm_mv": -59.6918983459473,
    "pre_noise_rms_mv": 0.040394838899374,
    "pre_vm_mv": -59.5189514160156,
    "slow_noise_rms_mv": 0.492073327302933,
    "slow_vm_mv": -59.5189514160156,
    "specimen_id": 314642645,
    "stimulus_absolute_amplitude": 200.000002670286,
    "stimulus_description": "C2SSHM60FN141203[0]",
    "stimulus_duration": 0.002995,
    "stimulus_interval": 0.0,
    "stimulus_name": "Short Square - Hold -60mV",
    "stimulus_relative_amplitude": 2.0,
    "stimulus_start_time": 0.92,
    "stimulus_units": "pA",
    "sweep_number": 131,
    "vm_delta_mv": 0.172946929931641
  },
  {
    "bridge_balance_mohm": 15.9951162338257,
    "id": 396306179,
    "leak_pa": 0.0,
    "num_spikes": 1,
    "peak_deflection": 0.0,
    "post_noise_rms_mv": 0.0485264994204044,
    "post_vm_mv": -60.0378646850586,
    "pre_noise_rms_mv": 0.0559725798666477,
    "pre_vm_mv": -60.3159561157227,
    "slow_noise_rms_mv": 0.411587685346603,
    "slow_vm_mv": -60.3159561157227,
    "specimen_id": 314642645,
    "stimulus_absolute_amplitude": 200.000002670286,
    "stimulus_description": "C2SSHM60FN141203[0]",
    "stimulus_duration": 0.002995,
    "stimulus_interval": 0.0,
    "stimulus_name": "Short Square - Hold -60mV",
    "stimulus_relative_amplitude": 2.0,
    "stimulus_start_time": 0.92,
    "stimulus_units": "pA",
    "sweep_number": 128,
    "vm_delta_mv": 0.278091430664062
  },
  {
    "bridge_balance_mohm": 15.9951162338257,
    "id": 396306252,
    "leak_pa": 0.0,
    "num_spikes": 0,
    "peak_deflection": -55.84375,
    "post_noise_rms_mv": 0.0398442000150681,
    "post_vm_mv": -75.3262786865234,
    "pre_noise_rms_mv": 0.0395917892456055,
    "pre_vm_mv": -75.4452667236328,
    "slow_noise_rms_mv": 0.312560498714447,
    "slow_vm_mv": -75.4452667236328,
    "specimen_id": 314642645,
    "stimulus_absolute_amplitude": 59.9999980255284,
    "stimulus_description": "C1LSFINEST141203[0]",
    "stimulus_duration": 0.999995,
    "stimulus_interval": 0.0,
    "stimulus_name": "Long Square",
    "stimulus_relative_amplitude": 0.6,
    "stimulus_start_time": 0.92,
    "stimulus_units": "pA",
    "sweep_number": 39,
    "vm_delta_mv": 0.118988037109375
  },
  {
    "bridge_balance_mohm": 15.9951162338257,
    "id": 396306308,
    "leak_pa": 0.0,
    "num_spikes": 1,
    "peak_deflection": 0.0,
    "post_noise_rms_mv": 0.037733968347311,
    "post_vm_mv": -74.7724990844727,
    "pre_noise_rms_mv": 0.0423411652445793,
    "pre_vm_mv": -75.3876190185547,
    "slow_noise_rms_mv": 0.13740336894989,
    "slow_vm_mv": -75.3876190185547,
    "specimen_id": 314642645,
    "stimulus_absolute_amplitude": 479.999984204227,
    "stimulus_description": "C1SSFINEST141203[0]",
    "stimulus_duration": 0.002995,
    "stimulus_interval": 0.0,
    "stimulus_name": "Short Square",
    "stimulus_relative_amplitude": 4.8,
    "stimulus_start_time": 0.92,
    "stimulus_units": "pA",
    "sweep_number": 64,
    "vm_delta_mv": 0.615119934082031
  },
  {
    "bridge_balance_mohm": 15.9951162338257,
    "id": 396306129,
    "leak_pa": 0.0,
    "num_spikes": 0,
    "peak_deflection": 0.0,
    "post_noise_rms_mv": 0.0436355248093605,
    "post_vm_mv": -79.1882095336914,
    "pre_noise_rms_mv": 0.0405355468392372,
    "pre_vm_mv": -79.5611343383789,
    "slow_noise_rms_mv": 0.125646486878395,
    "slow_vm_mv": -79.5611343383789,
    "specimen_id": 314642645,
    "stimulus_absolute_amplitude": 489.999985031631,
    "stimulus_description": "C2SSHM80FN141203[0]",
    "stimulus_duration": 0.002995,
    "stimulus_interval": 0.0,
    "stimulus_name": "Short Square - Hold -80mV",
    "stimulus_relative_amplitude": 4.9,
    "stimulus_start_time": 0.92,
    "stimulus_units": "pA",
    "sweep_number": 105,
    "vm_delta_mv": 0.3729248046875
  },
  {
    "bridge_balance_mohm": 15.9951162338257,
    "id": 396306326,
    "leak_pa": 0.0,
    "num_spikes": 1,
    "peak_deflection": 0.0,
    "post_noise_rms_mv": 0.0448945835232735,
    "post_vm_mv": -75.99169921875,
    "pre_noise_rms_mv": 0.0378487445414066,
    "pre_vm_mv": -76.7845916748047,
    "slow_noise_rms_mv": 0.159949272871017,
    "slow_vm_mv": -76.7845916748047,
    "specimen_id": 314642645,
    "stimulus_absolute_amplitude": 430.000007822784,
    "stimulus_description": "C1SSFINEST141203[0]",
    "stimulus_duration": 0.002995,
    "stimulus_interval": 0.0,
    "stimulus_name": "Short Square",
    "stimulus_relative_amplitude": 4.3,
    "stimulus_start_time": 0.92,
    "stimulus_units": "pA",
    "sweep_number": 72,
    "vm_delta_mv": 0.792892456054688
  },
  {
    "bridge_balance_mohm": 15.9951162338257,
    "id": 396306143,
    "leak_pa": 0.0,
    "num_spikes": 1,
    "peak_deflection": 0.0,
    "post_noise_rms_mv": 0.0461360141634941,
    "post_vm_mv": -79.2807083129883,
    "pre_noise_rms_mv": 0.0401714406907558,
    "pre_vm_mv": -80.0696563720703,
    "slow_noise_rms_mv": 0.107896491885185,
    "slow_vm_mv": -80.0696563720703,
    "specimen_id": 314642645,
    "stimulus_absolute_amplitude": 509.999986686438,
    "stimulus_description": "C2SSHM80FN141203[0]",
    "stimulus_duration": 0.002995,
    "stimulus_interval": 0.0,
    "stimulus_name": "Short Square - Hold -80mV",
    "stimulus_relative_amplitude": 5.1,
    "stimulus_start_time": 0.92,
    "stimulus_units": "pA",
    "sweep_number": 111,
    "vm_delta_mv": 0.788948059082031
  },
  {
    "bridge_balance_mohm": 15.9951162338257,
    "id": 396306340,
    "leak_pa": 0.0,
    "num_spikes": 3,
    "peak_deflection": 0.0,
    "post_noise_rms_mv": 0.0470562539994717,
    "post_vm_mv": -76.2811508178711,
    "pre_noise_rms_mv": 0.0383938625454903,
    "pre_vm_mv": -76.0909194946289,
    "slow_noise_rms_mv": 0.247151449322701,
    "slow_vm_mv": -76.0909194946289,
    "specimen_id": 314642645,
    "stimulus_absolute_amplitude": 430.000007822784,
    "stimulus_description": "C2SSTRIPLE141203[5]",
    "stimulus_duration": 0.056995,
    "stimulus_interval": 0.024,
    "stimulus_name": "Short Square - Triple",
    "stimulus_relative_amplitude": 4.3,
    "stimulus_start_time": 1.92,
    "stimulus_units": "pA",
    "sweep_number": 79,
    "vm_delta_mv": 0.190231323242188
  },
  {
    "bridge_balance_mohm": 15.9951162338257,
    "id": 396306324,
    "leak_pa": 0.0,
    "num_spikes": 0,
    "peak_deflection": 0.0,
    "post_noise_rms_mv": 0.0338209792971611,
    "post_vm_mv": -76.252067565918,
    "pre_noise_rms_mv": 0.040880810469389,
    "pre_vm_mv": -76.8825912475586,
    "slow_noise_rms_mv": 0.227782770991325,
    "slow_vm_mv": -76.8825912475586,
    "specimen_id": 314642645,
    "stimulus_absolute_amplitude": 420.00000699538,
    "stimulus_description": "C1SSFINEST141203[0]",
    "stimulus_duration": 0.002995,
    "stimulus_interval": 0.0,
    "stimulus_name": "Short Square",
    "stimulus_relative_amplitude": 4.2,
    "stimulus_start_time": 0.92,
    "stimulus_units": "pA",
    "sweep_number": 71,
    "vm_delta_mv": 0.630523681640625
  },
  {
    "bridge_balance_mohm": 15.9951162338257,
    "id": 396306248,
    "leak_pa": 0.0,
    "num_spikes": 0,
    "peak_deflection": -62.8437538146973,
    "post_noise_rms_mv": 0.0333114676177502,
    "post_vm_mv": -75.8319702148438,
    "pre_noise_rms_mv": 0.0370795726776123,
    "pre_vm_mv": -75.8418655395508,
    "slow_noise_rms_mv": 0.175820797681808,
    "slow_vm_mv": -75.8418655395508,
    "specimen_id": 314642645,
    "stimulus_absolute_amplitude": 39.9999998401679,
    "stimulus_description": "C1LSFINEST141203[0]",
    "stimulus_duration": 0.999995,
    "stimulus_interval": 0.0,
    "stimulus_name": "Long Square",
    "stimulus_relative_amplitude": 0.4,
    "stimulus_start_time": 0.92,
    "stimulus_units": "pA",
    "sweep_number": 37,
    "vm_delta_mv": 0.00989532470703125
  },
  {
    "bridge_balance_mohm": 0.0,
    "id": 396306196,
    "leak_pa": 0.0,
    "num_spikes": 0,
    "peak_deflection": 0.0,
    "post_noise_rms_mv": 0.0438811294734478,
    "post_vm_mv": 0.405759692192078,
    "pre_noise_rms_mv": 0.0446407347917557,
    "pre_vm_mv": 0.253594875335693,
    "slow_noise_rms_mv": 0.101468354463577,
    "slow_vm_mv": 0.253594875335693,
    "specimen_id": 314642645,
    "stimulus_absolute_amplitude": 0.0,
    "stimulus_description": "EXTPBLWOUT141203[0]",
    "stimulus_duration": 0.0,
    "stimulus_interval": 0.0,
    "stimulus_name": "Test",
    "stimulus_relative_amplitude": 1.0,
    "stimulus_start_time": 0.0,
    "stimulus_units": "pA",
    "sweep_number": 135,
    "vm_delta_mv": 0.152164816856384
  },
  {
    "bridge_balance_mohm": 15.9951162338257,
    "id": 396306139,
    "leak_pa": 0.0,
    "num_spikes": 1,
    "peak_deflection": 0.0,
    "post_noise_rms_mv": 0.0413723513484001,
    "post_vm_mv": -73.7056274414062,
    "pre_noise_rms_mv": 0.0330796763300896,
    "pre_vm_mv": -75.6282577514648,
    "slow_noise_rms_mv": 0.293154686689377,
    "slow_vm_mv": -75.6282577514648,
    "specimen_id": 314642645,
    "stimulus_absolute_amplitude": 499.999985859034,
    "stimulus_description": "C1SSCOARSE141203[4]",
    "stimulus_duration": 0.002995,
    "stimulus_interval": 0.0,
    "stimulus_name": "Short Square",
    "stimulus_relative_amplitude": 1.0,
    "stimulus_start_time": 0.92,
    "stimulus_units": "pA",
    "sweep_number": 11,
    "vm_delta_mv": 1.92263031005859
  },
  {
    "bridge_balance_mohm": 15.9951162338257,
    "id": 396306171,
    "leak_pa": 0.0,
    "num_spikes": 0,
    "peak_deflection": 0.0,
    "post_noise_rms_mv": 0.0455211699008942,
    "post_vm_mv": -59.2534103393555,
    "pre_noise_rms_mv": 0.0684635415673256,
    "pre_vm_mv": -59.4220542907715,
    "slow_noise_rms_mv": 0.355977237224579,
    "slow_vm_mv": -59.4220542907715,
    "specimen_id": 314642645,
    "stimulus_absolute_amplitude": 180.000001015479,
    "stimulus_description": "C2SSHM60FN141203[0]",
    "stimulus_duration": 0.002995,
    "stimulus_interval": 0.0,
    "stimulus_name": "Short Square - Hold -60mV",
    "stimulus_relative_amplitude": 1.8,
    "stimulus_start_time": 0.92,
    "stimulus_units": "pA",
    "sweep_number": 124,
    "vm_delta_mv": 0.168643951416016
  },
  {
    "bridge_balance_mohm": 0.0,
    "id": 396306191,
    "leak_pa": 0.0,
    "num_spikes": 0,
    "peak_deflection": 0.0,
    "post_noise_rms_mv": 0.0,
    "post_vm_mv": 0.0,
    "pre_noise_rms_mv": 0.0,
    "pre_vm_mv": 0.0,
    "slow_noise_rms_mv": 0.0,
    "slow_vm_mv": 0.0,
    "specimen_id": 314642645,
    "stimulus_absolute_amplitude": 9.99999977648258,
    "stimulus_description": "EXTPEXPEND141203[0]",
    "stimulus_duration": 0.069995,
    "stimulus_interval": 0.05,
    "stimulus_name": "Test",
    "stimulus_relative_amplitude": 1.0,
    "stimulus_start_time": 0.03,
    "stimulus_units": "mV",
    "sweep_number": 133,
    "vm_delta_mv": 0.0
  },
  {
    "bridge_balance_mohm": 15.9951162338257,
    "id": 396306167,
    "leak_pa": 0.0,
    "num_spikes": 0,
    "peak_deflection": 0.0,
    "post_noise_rms_mv": 0.0379211902618408,
    "post_vm_mv": -58.53955078125,
    "pre_noise_rms_mv": 0.045510359108448,
    "pre_vm_mv": -58.6867218017578,
    "slow_noise_rms_mv": 0.264730244874954,
    "slow_vm_mv": -58.6867218017578,
    "specimen_id": 314642645,
    "stimulus_absolute_amplitude": 170.000000188075,
    "stimulus_description": "C2SSHM60FN141203[0]",
    "stimulus_duration": 0.002995,
    "stimulus_interval": 0.0,
    "stimulus_name": "Short Square - Hold -60mV",
    "stimulus_relative_amplitude": 1.7,
    "stimulus_start_time": 0.92,
    "stimulus_units": "pA",
    "sweep_number": 122,
    "vm_delta_mv": 0.147171020507812
  },
  {
    "bridge_balance_mohm": 15.9951162338257,
    "id": 396306364,
    "leak_pa": 0.0,
    "num_spikes": 0,
    "peak_deflection": 0.0,
    "post_noise_rms_mv": 0.0417306832969189,
    "post_vm_mv": -75.5686187744141,
    "pre_noise_rms_mv": 0.0375406444072723,
    "pre_vm_mv": -76.3288116455078,
    "slow_noise_rms_mv": 0.128337919712067,
    "slow_vm_mv": -76.3288116455078,
    "specimen_id": 314642645,
    "stimulus_absolute_amplitude": 299.999997066536,
    "stimulus_description": "C1SSCOARSE141203[2]",
    "stimulus_duration": 0.002995,
    "stimulus_interval": 0.0,
    "stimulus_name": "Short Square",
    "stimulus_relative_amplitude": 1.0,
    "stimulus_start_time": 0.92,
    "stimulus_units": "pA",
    "sweep_number": 9,
    "vm_delta_mv": 0.76019287109375
  },
  {
    "bridge_balance_mohm": 15.9951162338257,
    "id": 396306376,
    "leak_pa": 0.0,
    "num_spikes": 3,
    "peak_deflection": 0.0,
    "post_noise_rms_mv": 0.0377692766487598,
    "post_vm_mv": -75.0126419067383,
    "pre_noise_rms_mv": 0.040008720010519,
    "pre_vm_mv": -74.9137878417969,
    "slow_noise_rms_mv": 0.23655167222023,
    "slow_vm_mv": -74.9137878417969,
    "specimen_id": 314642645,
    "stimulus_absolute_amplitude": 430.000007822784,
    "stimulus_description": "C2SSTRIPLE141203[5]",
    "stimulus_duration": 0.056995,
    "stimulus_interval": 0.024,
    "stimulus_name": "Short Square - Triple",
    "stimulus_relative_amplitude": 4.3,
    "stimulus_start_time": 1.92,
    "stimulus_units": "pA",
    "sweep_number": 95,
    "vm_delta_mv": 0.0988540649414062
  },
  {
    "bridge_balance_mohm": 15.9951162338257,
    "id": 396306119,
    "leak_pa": 0.0,
    "num_spikes": 0,
    "peak_deflection": 0.0,
    "post_noise_rms_mv": 0.04316670820117,
    "post_vm_mv": -79.3127670288086,
    "pre_noise_rms_mv": 0.0382275208830833,
    "pre_vm_mv": -79.5277252197266,
    "slow_noise_rms_mv": 0.159157246351242,
    "slow_vm_mv": -79.5277252197266,
    "specimen_id": 314642645,
    "stimulus_absolute_amplitude": 299.999997066536,
    "stimulus_description": "C2SSHM80CS141203[2]",
    "stimulus_duration": 0.002995,
    "stimulus_interval": 0.0,
    "stimulus_name": "Short Square - Hold -80mV",
    "stimulus_relative_amplitude": 1.0,
    "stimulus_start_time": 0.92,
    "stimulus_units": "pA",
    "sweep_number": 100,
    "vm_delta_mv": 0.214958190917969
  },
  {
    "bridge_balance_mohm": 15.9951162338257,
    "id": 396306149,
    "leak_pa": 0.0,
    "num_spikes": 1,
    "peak_deflection": 0.0,
    "post_noise_rms_mv": 0.0472624264657497,
    "post_vm_mv": -59.9023284912109,
    "pre_noise_rms_mv": 0.0382651165127754,
    "pre_vm_mv": -59.9753646850586,
    "slow_noise_rms_mv": 0.397406578063965,
    "slow_vm_mv": -59.9753646850586,
    "specimen_id": 314642645,
    "stimulus_absolute_amplitude": 200.000002670286,
    "stimulus_description": "C2SSHM60CS141203[1]",
    "stimulus_duration": 0.002995,
    "stimulus_interval": 0.0,
    "stimulus_name": "Short Square - Hold -60mV",
    "stimulus_relative_amplitude": 1.0,
    "stimulus_start_time": 0.92,
    "stimulus_units": "pA",
    "sweep_number": 114,
    "vm_delta_mv": 0.0730361938476562
  },
  {
    "bridge_balance_mohm": 15.9951162338257,
    "id": 396306183,
    "leak_pa": 0.0,
    "num_spikes": 0,
    "peak_deflection": 0.0,
    "post_noise_rms_mv": 0.0452383868396282,
    "post_vm_mv": -75.048713684082,
    "pre_noise_rms_mv": 0.0401378199458122,
    "pre_vm_mv": -76.2159652709961,
    "slow_noise_rms_mv": 0.124976739287376,
    "slow_vm_mv": -76.2159652709961,
    "specimen_id": 314642645,
    "stimulus_absolute_amplitude": 469.999983376823,
    "stimulus_description": "C1SSFINEST141203[0]",
    "stimulus_duration": 0.002995,
    "stimulus_interval": 0.0,
    "stimulus_name": "Short Square",
    "stimulus_relative_amplitude": 4.7,
    "stimulus_start_time": 0.92,
    "stimulus_units": "pA",
    "sweep_number": 13,
    "vm_delta_mv": 1.16725158691406
  },
  {
    "bridge_balance_mohm": 15.9951162338257,
    "id": 396306328,
    "leak_pa": 0.0,
    "num_spikes": 1,
    "peak_deflection": 0.0,
    "post_noise_rms_mv": 0.0437834523618221,
    "post_vm_mv": -75.4160537719727,
    "pre_noise_rms_mv": 0.0394758321344852,
    "pre_vm_mv": -75.8292922973633,
    "slow_noise_rms_mv": 0.208875969052315,
    "slow_vm_mv": -75.8292922973633,
    "specimen_id": 314642645,
    "stimulus_absolute_amplitude": 430.000007822784,
    "stimulus_description": "C1SSFINEST141203[0]",
    "stimulus_duration": 0.002995,
    "stimulus_interval": 0.0,
    "stimulus_name": "Short Square",
    "stimulus_relative_amplitude": 4.3,
    "stimulus_start_time": 0.92,
    "stimulus_units": "pA",
    "sweep_number": 73,
    "vm_delta_mv": 0.413238525390625
  },
  {
    "bridge_balance_mohm": 15.9951162338257,
    "id": 396306302,
    "leak_pa": 0.0,
    "num_spikes": 92,
    "peak_deflection": 0.0,
    "post_noise_rms_mv": 0.0428927354514599,
    "post_vm_mv": -76.0271148681641,
    "pre_noise_rms_mv": 0.0373746417462826,
    "pre_vm_mv": -75.6162414550781,
    "slow_noise_rms_mv": 0.152056977152824,
    "slow_vm_mv": -75.6162414550781,
    "specimen_id": 314642645,
    "stimulus_absolute_amplitude": 255.750004507505,
    "stimulus_description": "C2NSRMPRHE141203[0]",
    "stimulus_duration": 29.999975,
    "stimulus_interval": 1.5e-05,
    "stimulus_name": "Ramp to Rheobase",
    "stimulus_relative_amplitude": 1.0,
    "stimulus_start_time": 1.92002,
    "stimulus_units": "pA",
    "sweep_number": 61,
    "vm_delta_mv": 0.410873413085938
  },
  {
    "bridge_balance_mohm": 15.9951162338257,
    "id": 396306234,
    "leak_pa": 0.0,
    "num_spikes": 10,
    "peak_deflection": 0.0,
    "post_noise_rms_mv": 0.034356664866209,
    "post_vm_mv": -76.6718978881836,
    "pre_noise_rms_mv": 0.0400359220802784,
    "pre_vm_mv": -76.839958190918,
    "slow_noise_rms_mv": 0.217861667275429,
    "slow_vm_mv": -76.839958190918,
    "specimen_id": 314642645,
    "stimulus_absolute_amplitude": 69.9999988529321,
    "stimulus_description": "C1LSCOARSE141203[9]",
    "stimulus_duration": 0.999995,
    "stimulus_interval": 0.0,
    "stimulus_name": "Long Square",
    "stimulus_relative_amplitude": 1.0,
    "stimulus_start_time": 0.92,
    "stimulus_units": "pA",
    "sweep_number": 30,
    "vm_delta_mv": 0.168060302734375
  },
  {
    "bridge_balance_mohm": 15.9951162338257,
    "id": 396306214,
    "leak_pa": 0.0,
    "num_spikes": 0,
    "peak_deflection": -100.75,
    "post_noise_rms_mv": 0.0422471240162849,
    "post_vm_mv": -75.822021484375,
    "pre_noise_rms_mv": 0.035945937037468,
    "pre_vm_mv": -75.4896621704102,
    "slow_noise_rms_mv": 0.353088021278381,
    "slow_vm_mv": -75.4896621704102,
    "specimen_id": 314642645,
    "stimulus_absolute_amplitude": -110.000002162547,
    "stimulus_description": "C1LSCOARSE141203[0]",
    "stimulus_duration": 0.999995,
    "stimulus_interval": 0.0,
    "stimulus_name": "Long Square",
    "stimulus_relative_amplitude": 1.0,
    "stimulus_start_time": 0.92,
    "stimulus_units": "pA",
    "sweep_number": 21,
    "vm_delta_mv": 0.332359313964844
  },
  {
    "bridge_balance_mohm": 15.9951162338257,
    "id": 396306204,
    "leak_pa": 0.0,
    "num_spikes": 1,
    "peak_deflection": 0.0,
    "post_noise_rms_mv": 0.0402197167277336,
    "post_vm_mv": -73.7880401611328,
    "pre_noise_rms_mv": 0.0424063950777054,
    "pre_vm_mv": -75.2947998046875,
    "slow_noise_rms_mv": 0.195088282227516,
    "slow_vm_mv": -75.2947998046875,
    "specimen_id": 314642645,
    "stimulus_absolute_amplitude": 489.999985031631,
    "stimulus_description": "C1SSFINEST141203[0]",
    "stimulus_duration": 0.002995,
    "stimulus_interval": 0.0,
    "stimulus_name": "Short Square",
    "stimulus_relative_amplitude": 4.9,
    "stimulus_start_time": 0.92,
    "stimulus_units": "pA",
    "sweep_number": 17,
    "vm_delta_mv": 1.50675964355469
  },
  {
    "bridge_balance_mohm": 15.9951162338257,
    "id": 396306334,
    "leak_pa": 0.0,
    "num_spikes": 3,
    "peak_deflection": 0.0,
    "post_noise_rms_mv": 0.0419435389339924,
    "post_vm_mv": -76.4585876464844,
    "pre_noise_rms_mv": 0.0387820862233639,
    "pre_vm_mv": -76.3327865600586,
    "slow_noise_rms_mv": 0.312669515609741,
    "slow_vm_mv": -76.3327865600586,
    "specimen_id": 314642645,
    "stimulus_absolute_amplitude": 430.000007822784,
    "stimulus_description": "C2SSTRIPLE141203[2]",
    "stimulus_duration": 0.032995,
    "stimulus_interval": 0.012,
    "stimulus_name": "Short Square - Triple",
    "stimulus_relative_amplitude": 4.3,
    "stimulus_start_time": 1.92,
    "stimulus_units": "pA",
    "sweep_number": 76,
    "vm_delta_mv": 0.125801086425781
  },
  {
    "bridge_balance_mohm": 15.9951162338257,
    "id": 396306222,
    "leak_pa": 0.0,
    "num_spikes": 0,
    "peak_deflection": -86.1875076293945,
    "post_noise_rms_mv": 0.0430913604795933,
    "post_vm_mv": -75.2761840820312,
    "pre_noise_rms_mv": 0.0409185476601124,
    "pre_vm_mv": -75.7702026367188,
    "slow_noise_rms_mv": 0.235048815608025,
    "slow_vm_mv": -75.7702026367188,
    "specimen_id": 314642645,
    "stimulus_absolute_amplitude": -29.9999990127642,
    "stimulus_description": "C1LSCOARSE141203[4]",
    "stimulus_duration": 0.999995,
    "stimulus_interval": 0.0,
    "stimulus_name": "Long Square",
    "stimulus_relative_amplitude": 1.0,
    "stimulus_start_time": 0.92,
    "stimulus_units": "pA",
    "sweep_number": 25,
    "vm_delta_mv": 0.4940185546875
  },
  {
    "bridge_balance_mohm": 15.9951162338257,
    "id": 396306264,
    "leak_pa": 0.0,
    "num_spikes": 32,
    "peak_deflection": 0.0,
    "post_noise_rms_mv": 0.0425959080457687,
    "post_vm_mv": -74.7720413208008,
    "pre_noise_rms_mv": 0.036767665296793,
    "pre_vm_mv": -74.838981628418,
    "slow_noise_rms_mv": 0.196198016405106,
    "slow_vm_mv": -74.838981628418,
    "specimen_id": 314642645,
    "stimulus_absolute_amplitude": 185.374993133536,
    "stimulus_description": "C1NSSEED_1141203[0]",
    "stimulus_duration": 18.999995,
    "stimulus_interval": 5.0,
    "stimulus_name": "Noise 1",
    "stimulus_relative_amplitude": 0.8,
    "stimulus_start_time": 1.92,
    "stimulus_units": "pA",
    "sweep_number": 44,
    "vm_delta_mv": 0.0669403076171875
  },
  {
    "bridge_balance_mohm": 15.9951162338257,
    "id": 396306226,
    "leak_pa": 0.0,
    "num_spikes": 0,
    "peak_deflection": -69.375,
    "post_noise_rms_mv": 0.0337844304740429,
    "post_vm_mv": -75.5268936157227,
    "pre_noise_rms_mv": 0.0383396483957767,
    "pre_vm_mv": -75.7564163208008,
    "slow_noise_rms_mv": 0.283083707094193,
    "slow_vm_mv": -75.7564163208008,
    "specimen_id": 314642645,
    "stimulus_absolute_amplitude": 9.99999996004197,
    "stimulus_description": "C1LSCOARSE141203[6]",
    "stimulus_duration": 0.999995,
    "stimulus_interval": 0.0,
    "stimulus_name": "Long Square",
    "stimulus_relative_amplitude": 1.0,
    "stimulus_start_time": 0.92,
    "stimulus_units": "pA",
    "sweep_number": 27,
    "vm_delta_mv": 0.229522705078125
  },
  {
    "bridge_balance_mohm": 15.9951162338257,
    "id": 396306350,
    "leak_pa": 0.0,
    "num_spikes": 3,
    "peak_deflection": 0.0,
    "post_noise_rms_mv": 0.0371526181697845,
    "post_vm_mv": -75.2976837158203,
    "pre_noise_rms_mv": 0.0418637990951538,
    "pre_vm_mv": -74.9856796264648,
    "slow_noise_rms_mv": 0.218087270855904,
    "slow_vm_mv": -74.9856796264648,
    "specimen_id": 314642645,
    "stimulus_absolute_amplitude": 430.000007822784,
    "stimulus_description": "C2SSTRIPLE141203[1]",
    "stimulus_duration": 0.024995,
    "stimulus_interval": 0.008,
    "stimulus_name": "Short Square - Triple",
    "stimulus_relative_amplitude": 4.3,
    "stimulus_start_time": 1.92,
    "stimulus_units": "pA",
    "sweep_number": 83,
    "vm_delta_mv": 0.312004089355469
  },
  {
    "bridge_balance_mohm": 15.9951162338257,
    "id": 396306280,
    "leak_pa": 0.0,
    "num_spikes": 0,
    "peak_deflection": 0.0,
    "post_noise_rms_mv": 0.0342151112854481,
    "post_vm_mv": -75.1910171508789,
    "pre_noise_rms_mv": 0.0327244773507118,
    "pre_vm_mv": -75.0686645507812,
    "slow_noise_rms_mv": 0.250710159540176,
    "slow_vm_mv": -75.0686645507812,
    "specimen_id": 314642645,
    "stimulus_absolute_amplitude": 90.0000005077395,
    "stimulus_description": "C2SQRHELNG141203[0]",
    "stimulus_duration": 1.999995,
    "stimulus_interval": 0.0,
    "stimulus_name": "Square - 2s Suprathreshold",
    "stimulus_relative_amplitude": 0.9,
    "stimulus_start_time": 0.92,
    "stimulus_units": "pA",
    "sweep_number": 51,
    "vm_delta_mv": 0.122352600097656
  },
  {
    "bridge_balance_mohm": 15.9951162338257,
    "id": 396306206,
    "leak_pa": 0.0,
    "num_spikes": 1,
    "peak_deflection": 0.0,
    "post_noise_rms_mv": 0.0435725040733814,
    "post_vm_mv": -74.0014266967773,
    "pre_noise_rms_mv": 0.0424363613128662,
    "pre_vm_mv": -75.7106781005859,
    "slow_noise_rms_mv": 0.180245280265808,
    "slow_vm_mv": -75.7106781005859,
    "specimen_id": 314642645,
    "stimulus_absolute_amplitude": 489.999985031631,
    "stimulus_description": "C1SSFINEST141203[0]",
    "stimulus_duration": 0.002995,
    "stimulus_interval": 0.0,
    "stimulus_name": "Short Square",
    "stimulus_relative_amplitude": 4.9,
    "stimulus_start_time": 0.92,
    "stimulus_units": "pA",
    "sweep_number": 18,
    "vm_delta_mv": 1.70925140380859
  },
  {
    "bridge_balance_mohm": 15.9951162338257,
    "id": 396306244,
    "leak_pa": 0.0,
    "num_spikes": 32,
    "peak_deflection": 0.0,
    "post_noise_rms_mv": 0.0449135452508926,
    "post_vm_mv": -76.3141174316406,
    "pre_noise_rms_mv": 0.0471697263419628,
    "pre_vm_mv": -75.3353424072266,
    "slow_noise_rms_mv": 0.418228626251221,
    "slow_vm_mv": -75.3353424072266,
    "specimen_id": 314642645,
    "stimulus_absolute_amplitude": 170.000000188075,
    "stimulus_description": "C1LSCOARSE141203[14]",
    "stimulus_duration": 0.999995,
    "stimulus_interval": 0.0,
    "stimulus_name": "Long Square",
    "stimulus_relative_amplitude": 1.0,
    "stimulus_start_time": 0.92,
    "stimulus_units": "pA",
    "sweep_number": 35,
    "vm_delta_mv": 0.978775024414062
  },
  {
    "bridge_balance_mohm": 15.9951162338257,
    "id": 396306230,
    "leak_pa": 0.0,
    "num_spikes": 2,
    "peak_deflection": 0.0,
    "post_noise_rms_mv": 0.0326590426266193,
    "post_vm_mv": -76.9845733642578,
    "pre_noise_rms_mv": 0.0395571291446686,
    "pre_vm_mv": -76.5987319946289,
    "slow_noise_rms_mv": 0.164950639009476,
    "slow_vm_mv": -76.5987319946289,
    "specimen_id": 314642645,
    "stimulus_absolute_amplitude": 50.0000006675716,
    "stimulus_description": "C1LSCOARSE141203[8]",
    "stimulus_duration": 0.999995,
    "stimulus_interval": 0.0,
    "stimulus_name": "Long Square",
    "stimulus_relative_amplitude": 1.0,
    "stimulus_start_time": 0.92,
    "stimulus_units": "pA",
    "sweep_number": 29,
    "vm_delta_mv": 0.385841369628906
  },
  {
    "bridge_balance_mohm": 15.9951162338257,
    "id": 396306272,
    "leak_pa": 0.0,
    "num_spikes": 0,
    "peak_deflection": 0.0,
    "post_noise_rms_mv": 0.0584159679710865,
    "post_vm_mv": -75.1532516479492,
    "pre_noise_rms_mv": 0.0439944975078106,
    "pre_vm_mv": -75.4335098266602,
    "slow_noise_rms_mv": 0.492900907993317,
    "slow_vm_mv": -75.4335098266602,
    "specimen_id": 314642645,
    "stimulus_absolute_amplitude": -200.000002670286,
    "stimulus_description": "C1SQCAPCHK141203[0]",
    "stimulus_duration": 7.819995,
    "stimulus_interval": 0.2,
    "stimulus_name": "Square - 0.5ms Subthreshold",
    "stimulus_relative_amplitude": 1.0,
    "stimulus_start_time": 0.12,
    "stimulus_units": "pA",
    "sweep_number": 48,
    "vm_delta_mv": 0.280258178710938
  },
  {
    "bridge_balance_mohm": 15.9951162338257,
    "id": 396306372,
    "leak_pa": 0.0,
    "num_spikes": 3,
    "peak_deflection": 0.0,
    "post_noise_rms_mv": 0.0425362661480904,
    "post_vm_mv": -75.2682876586914,
    "pre_noise_rms_mv": 0.0367112457752228,
    "pre_vm_mv": -75.3018035888672,
    "slow_noise_rms_mv": 0.193720936775208,
    "slow_vm_mv": -75.3018035888672,
    "specimen_id": 314642645,
    "stimulus_absolute_amplitude": 430.000007822784,
    "stimulus_description": "C2SSTRIPLE141203[3]",
    "stimulus_duration": 0.040995,
    "stimulus_interval": 0.016,
    "stimulus_name": "Short Square - Triple",
    "stimulus_relative_amplitude": 4.3,
    "stimulus_start_time": 1.92,
    "stimulus_units": "pA",
    "sweep_number": 93,
    "vm_delta_mv": 0.0335159301757812
  },
  {
    "bridge_balance_mohm": 15.9951162338257,
    "id": 396306304,
    "leak_pa": 0.0,
    "num_spikes": 77,
    "peak_deflection": 0.0,
    "post_noise_rms_mv": 0.0481363795697689,
    "post_vm_mv": -75.1070327758789,
    "pre_noise_rms_mv": 0.0406139232218266,
    "pre_vm_mv": -75.9367523193359,
    "slow_noise_rms_mv": 0.223039567470551,
    "slow_vm_mv": -75.9367523193359,
    "specimen_id": 314642645,
    "stimulus_absolute_amplitude": 255.750004507505,
    "stimulus_description": "C2NSRMPRHE141203[0]",
    "stimulus_duration": 29.999975,
    "stimulus_interval": 1.5e-05,
    "stimulus_name": "Ramp to Rheobase",
    "stimulus_relative_amplitude": 1.0,
    "stimulus_start_time": 1.92002,
    "stimulus_units": "pA",
    "sweep_number": 62,
    "vm_delta_mv": 0.829719543457031
  },
  {
    "bridge_balance_mohm": 15.9951162338257,
    "id": 396306198,
    "leak_pa": 0.0,
    "num_spikes": 1,
    "peak_deflection": 0.0,
    "post_noise_rms_mv": 0.0337381884455681,
    "post_vm_mv": -73.7345657348633,
    "pre_noise_rms_mv": 0.0414172559976578,
    "pre_vm_mv": -75.745246887207,
    "slow_noise_rms_mv": 0.165381282567978,
    "slow_vm_mv": -75.745246887207,
    "specimen_id": 314642645,
    "stimulus_absolute_amplitude": 489.999985031631,
    "stimulus_description": "C1SSFINEST141203[0]",
    "stimulus_duration": 0.002995,
    "stimulus_interval": 0.0,
    "stimulus_name": "Short Square",
    "stimulus_relative_amplitude": 4.9,
    "stimulus_start_time": 0.92,
    "stimulus_units": "pA",
    "sweep_number": 14,
    "vm_delta_mv": 2.01068115234375
  },
  {
    "bridge_balance_mohm": 15.9951162338257,
    "id": 396306125,
    "leak_pa": 0.0,
    "num_spikes": 0,
    "peak_deflection": 0.0,
    "post_noise_rms_mv": 0.0426109358668327,
    "post_vm_mv": -79.2044448852539,
    "pre_noise_rms_mv": 0.0451134219765663,
    "pre_vm_mv": -79.6093978881836,
    "slow_noise_rms_mv": 0.211560323834419,
    "slow_vm_mv": -79.6093978881836,
    "specimen_id": 314642645,
    "stimulus_absolute_amplitude": 450.000009477591,
    "stimulus_description": "C2SSHM80FN141203[0]",
    "stimulus_duration": 0.002995,
    "stimulus_interval": 0.0,
    "stimulus_name": "Short Square - Hold -80mV",
    "stimulus_relative_amplitude": 4.5,
    "stimulus_start_time": 0.92,
    "stimulus_units": "pA",
    "sweep_number": 103,
    "vm_delta_mv": 0.404953002929688
  },
  {
    "bridge_balance_mohm": 15.9951162338257,
    "id": 396306117,
    "leak_pa": 0.0,
    "num_spikes": 0,
    "peak_deflection": 0.0,
    "post_noise_rms_mv": 0.0382714569568634,
    "post_vm_mv": -75.1836624145508,
    "pre_noise_rms_mv": 0.0402639210224152,
    "pre_vm_mv": -76.0457763671875,
    "slow_noise_rms_mv": 0.196304827928543,
    "slow_vm_mv": -76.0457763671875,
    "specimen_id": 314642645,
    "stimulus_absolute_amplitude": 400.000005340573,
    "stimulus_description": "C1SSCOARSE141203[3]",
    "stimulus_duration": 0.002995,
    "stimulus_interval": 0.0,
    "stimulus_name": "Short Square",
    "stimulus_relative_amplitude": 1.0,
    "stimulus_start_time": 0.92,
    "stimulus_units": "pA",
    "sweep_number": 10,
    "vm_delta_mv": 0.862113952636719
  },
  {
    "bridge_balance_mohm": 15.9951162338257,
    "id": 396306258,
    "leak_pa": 0.0,
    "num_spikes": 1,
    "peak_deflection": 0.0,
    "post_noise_rms_mv": 0.043752271682024,
    "post_vm_mv": -76.0867767333984,
    "pre_noise_rms_mv": 0.036853414028883,
    "pre_vm_mv": -76.1755065917969,
    "slow_noise_rms_mv": 0.200545147061348,
    "slow_vm_mv": -76.1755065917969,
    "specimen_id": 314642645,
    "stimulus_absolute_amplitude": 79.9999996803358,
    "stimulus_description": "C1LSFINEST141203[0]",
    "stimulus_duration": 0.999995,
    "stimulus_interval": 0.0,
    "stimulus_name": "Long Square",
    "stimulus_relative_amplitude": 0.8,
    "stimulus_start_time": 0.92,
    "stimulus_units": "pA",
    "sweep_number": 41,
    "vm_delta_mv": 0.0887298583984375
  },
  {
    "bridge_balance_mohm": 15.9951162338257,
    "id": 396306236,
    "leak_pa": 0.0,
    "num_spikes": 17,
    "peak_deflection": 0.0,
    "post_noise_rms_mv": 0.0406778492033482,
    "post_vm_mv": -76.7761764526367,
    "pre_noise_rms_mv": 0.0369119718670845,
    "pre_vm_mv": -76.4574813842773,
    "slow_noise_rms_mv": 0.236171394586563,
    "slow_vm_mv": -76.4574813842773,
    "specimen_id": 314642645,
    "stimulus_absolute_amplitude": 90.0000005077395,
    "stimulus_description": "C1LSCOARSE141203[10]",
    "stimulus_duration": 0.999995,
    "stimulus_interval": 0.0,
    "stimulus_name": "Long Square",
    "stimulus_relative_amplitude": 1.0,
    "stimulus_start_time": 0.92,
    "stimulus_units": "pA",
    "sweep_number": 31,
    "vm_delta_mv": 0.318695068359375
  },
  {
    "bridge_balance_mohm": 15.9951162338257,
    "id": 396306380,
    "leak_pa": 0.0,
    "num_spikes": 3,
    "peak_deflection": 0.0,
    "post_noise_rms_mv": 0.0418070182204247,
    "post_vm_mv": -75.5173873901367,
    "pre_noise_rms_mv": 0.0412889644503593,
    "pre_vm_mv": -75.3120727539062,
    "slow_noise_rms_mv": 0.15133173763752,
    "slow_vm_mv": -75.3120727539062,
    "specimen_id": 314642645,
    "stimulus_absolute_amplitude": 430.000007822784,
    "stimulus_description": "C2SSTRIPLE141203[7]",
    "stimulus_duration": 0.072995,
    "stimulus_interval": 0.032,
    "stimulus_name": "Short Square - Triple",
    "stimulus_relative_amplitude": 4.3,
    "stimulus_start_time": 1.92,
    "stimulus_units": "pA",
    "sweep_number": 97,
    "vm_delta_mv": 0.205314636230469
  },
  {
    "bridge_balance_mohm": 15.9951162338257,
    "id": 396306127,
    "leak_pa": 0.0,
    "num_spikes": 0,
    "peak_deflection": 0.0,
    "post_noise_rms_mv": 0.0500054024159908,
    "post_vm_mv": -79.3856582641602,
    "pre_noise_rms_mv": 0.0408007130026817,
    "pre_vm_mv": -79.6945266723633,
    "slow_noise_rms_mv": 0.10386860370636,
    "slow_vm_mv": -79.6945266723633,
    "specimen_id": 314642645,
    "stimulus_absolute_amplitude": 469.999983376823,
    "stimulus_description": "C2SSHM80FN141203[0]",
    "stimulus_duration": 0.002995,
    "stimulus_interval": 0.0,
    "stimulus_name": "Short Square - Hold -80mV",
    "stimulus_relative_amplitude": 4.7,
    "stimulus_start_time": 0.92,
    "stimulus_units": "pA",
    "sweep_number": 104,
    "vm_delta_mv": 0.308868408203125
  },
  {
    "bridge_balance_mohm": 15.9951162338257,
    "id": 396306262,
    "leak_pa": 0.0,
    "num_spikes": 37,
    "peak_deflection": 0.0,
    "post_noise_rms_mv": 0.0368232242763042,
    "post_vm_mv": -74.6627044677734,
    "pre_noise_rms_mv": 0.0400597937405109,
    "pre_vm_mv": -75.0570449829102,
    "slow_noise_rms_mv": 0.272565245628357,
    "slow_vm_mv": -75.0570449829102,
    "specimen_id": 314642645,
    "stimulus_absolute_amplitude": 188.625004504672,
    "stimulus_description": "C1NSSEED_2141203[0]",
    "stimulus_duration": 18.999995,
    "stimulus_interval": 5.0,
    "stimulus_name": "Noise 2",
    "stimulus_relative_amplitude": 0.8,
    "stimulus_start_time": 1.92,
    "stimulus_units": "pA",
    "sweep_number": 43,
    "vm_delta_mv": 0.394340515136719
  },
  {
    "bridge_balance_mohm": 15.9951162338257,
    "id": 396306384,
    "leak_pa": 0.0,
    "num_spikes": 0,
    "peak_deflection": 0.0,
    "post_noise_rms_mv": 0.039155300706625,
    "post_vm_mv": -79.3770523071289,
    "pre_noise_rms_mv": 0.0366848818957806,
    "pre_vm_mv": -79.3458786010742,
    "slow_noise_rms_mv": 0.232962787151337,
    "slow_vm_mv": -79.3458786010742,
    "specimen_id": 314642645,
    "stimulus_absolute_amplitude": 200.000002670286,
    "stimulus_description": "C2SSHM80CS141203[1]",
    "stimulus_duration": 0.002995,
    "stimulus_interval": 0.0,
    "stimulus_name": "Short Square - Hold -80mV",
    "stimulus_relative_amplitude": 1.0,
    "stimulus_start_time": 0.92,
    "stimulus_units": "pA",
    "sweep_number": 99,
    "vm_delta_mv": 0.0311737060546875
  },
  {
    "bridge_balance_mohm": 15.9951162338257,
    "id": 396306378,
    "leak_pa": 0.0,
    "num_spikes": 3,
    "peak_deflection": 0.0,
    "post_noise_rms_mv": 0.0577293261885643,
    "post_vm_mv": -75.6238327026367,
    "pre_noise_rms_mv": 0.0433690994977951,
    "pre_vm_mv": -75.5960464477539,
    "slow_noise_rms_mv": 0.195141524076462,
    "slow_vm_mv": -75.5960464477539,
    "specimen_id": 314642645,
    "stimulus_absolute_amplitude": 430.000007822784,
    "stimulus_description": "C2SSTRIPLE141203[6]",
    "stimulus_duration": 0.064995,
    "stimulus_interval": 0.028,
    "stimulus_name": "Short Square - Triple",
    "stimulus_relative_amplitude": 4.3,
    "stimulus_start_time": 1.92,
    "stimulus_units": "pA",
    "sweep_number": 96,
    "vm_delta_mv": 0.0277862548828125
  },
  {
    "bridge_balance_mohm": 0.0,
    "id": 396306115,
    "leak_pa": 0.0,
    "num_spikes": 0,
    "peak_deflection": 0.0,
    "post_noise_rms_mv": 0.0,
    "post_vm_mv": 0.0,
    "pre_noise_rms_mv": 0.0,
    "pre_vm_mv": 0.0,
    "slow_noise_rms_mv": 0.0,
    "slow_vm_mv": 0.0,
    "specimen_id": 314642645,
    "stimulus_absolute_amplitude": 9.99999977648258,
    "stimulus_description": "EXTPINBATH141203[0]",
    "stimulus_duration": 0.069995,
    "stimulus_interval": 0.05,
    "stimulus_name": "Test",
    "stimulus_relative_amplitude": 1.0,
    "stimulus_start_time": 0.03,
    "stimulus_units": "mV",
    "sweep_number": 1,
    "vm_delta_mv": 0.0
  },
  {
    "bridge_balance_mohm": 15.9951162338257,
    "id": 396306370,
    "leak_pa": 0.0,
    "num_spikes": 3,
    "peak_deflection": 0.0,
    "post_noise_rms_mv": 0.0397550687193871,
    "post_vm_mv": -75.2146224975586,
    "pre_noise_rms_mv": 0.0467632561922073,
    "pre_vm_mv": -75.2218704223633,
    "slow_noise_rms_mv": 0.311937838792801,
    "slow_vm_mv": -75.2218704223633,
    "specimen_id": 314642645,
    "stimulus_absolute_amplitude": 430.000007822784,
    "stimulus_description": "C2SSTRIPLE141203[2]",
    "stimulus_duration": 0.032995,
    "stimulus_interval": 0.012,
    "stimulus_name": "Short Square - Triple",
    "stimulus_relative_amplitude": 4.3,
    "stimulus_start_time": 1.92,
    "stimulus_units": "pA",
    "sweep_number": 92,
    "vm_delta_mv": 0.0072479248046875
  },
  {
    "bridge_balance_mohm": 15.9951162338257,
    "id": 396306346,
    "leak_pa": 0.0,
    "num_spikes": 3,
    "peak_deflection": 0.0,
    "post_noise_rms_mv": 0.0446307808160782,
    "post_vm_mv": -75.5377807617188,
    "pre_noise_rms_mv": 0.038628775626421,
    "pre_vm_mv": -75.1961212158203,
    "slow_noise_rms_mv": 0.196528658270836,
    "slow_vm_mv": -75.1961212158203,
    "specimen_id": 314642645,
    "stimulus_absolute_amplitude": 430.000007822784,
    "stimulus_description": "C2SSTRIPLE141203[7]",
    "stimulus_duration": 0.072995,
    "stimulus_interval": 0.032,
    "stimulus_name": "Short Square - Triple",
    "stimulus_relative_amplitude": 4.3,
    "stimulus_start_time": 1.92,
    "stimulus_units": "pA",
    "sweep_number": 81,
    "vm_delta_mv": 0.341659545898438
  },
  {
    "bridge_balance_mohm": 15.9951162338257,
    "id": 396306276,
    "leak_pa": 0.0,
    "num_spikes": 19,
    "peak_deflection": 0.0,
    "post_noise_rms_mv": 0.0,
    "post_vm_mv": 0.0,
    "pre_noise_rms_mv": 0.0385979264974594,
    "pre_vm_mv": -76.3374252319336,
    "slow_noise_rms_mv": 0.121116571128368,
    "slow_vm_mv": -76.3374252319336,
    "specimen_id": 314642645,
    "stimulus_absolute_amplitude": 800.000010681146,
    "stimulus_description": "C1RP25PR1S141203[0]",
    "stimulus_duration": 31.997495,
    "stimulus_interval": 0.0,
    "stimulus_name": "Ramp",
    "stimulus_relative_amplitude": 1.0,
    "stimulus_start_time": 0.9225,
    "stimulus_units": "pA",
    "sweep_number": 5,
    "vm_delta_mv": 0.0
  },
  {
    "bridge_balance_mohm": 15.9951162338257,
    "id": 396306292,
    "leak_pa": 0.0,
    "num_spikes": 7,
    "peak_deflection": 0.0,
    "post_noise_rms_mv": 0.040509071201086,
    "post_vm_mv": -76.6208038330078,
    "pre_noise_rms_mv": 0.0445118770003319,
    "pre_vm_mv": -75.8690338134766,
    "slow_noise_rms_mv": 0.375189483165741,
    "slow_vm_mv": -75.8690338134766,
    "specimen_id": 314642645,
    "stimulus_absolute_amplitude": 139.999997705864,
    "stimulus_description": "C2SQRHELNG141203[0]",
    "stimulus_duration": 1.999995,
    "stimulus_interval": 0.0,
    "stimulus_name": "Square - 2s Suprathreshold",
    "stimulus_relative_amplitude": 1.4,
    "stimulus_start_time": 0.92,
    "stimulus_units": "pA",
    "sweep_number": 57,
    "vm_delta_mv": 0.75177001953125
  },
  {
    "bridge_balance_mohm": 15.9951162338257,
    "id": 396306165,
    "leak_pa": 0.0,
    "num_spikes": 0,
    "peak_deflection": 0.0,
    "post_noise_rms_mv": 0.0489089861512184,
    "post_vm_mv": -58.8230133056641,
    "pre_noise_rms_mv": 0.0483577847480774,
    "pre_vm_mv": -59.6395606994629,
    "slow_noise_rms_mv": 0.38244166970253,
    "slow_vm_mv": -59.6395606994629,
    "specimen_id": 314642645,
    "stimulus_absolute_amplitude": 170.000000188075,
    "stimulus_description": "C2SSHM60FN141203[0]",
    "stimulus_duration": 0.002995,
    "stimulus_interval": 0.0,
    "stimulus_name": "Short Square - Hold -60mV",
    "stimulus_relative_amplitude": 1.7,
    "stimulus_start_time": 0.92,
    "stimulus_units": "pA",
    "sweep_number": 121,
    "vm_delta_mv": 0.816547393798828
  },
  {
    "bridge_balance_mohm": 15.9951162338257,
    "id": 396306256,
    "leak_pa": 0.0,
    "num_spikes": 0,
    "peak_deflection": -50.65625,
    "post_noise_rms_mv": 0.0435041896998882,
    "post_vm_mv": -75.3048782348633,
    "pre_noise_rms_mv": 0.0379638746380806,
    "pre_vm_mv": -75.5920257568359,
    "slow_noise_rms_mv": 0.172111108899117,
    "slow_vm_mv": -75.5920257568359,
    "specimen_id": 314642645,
    "stimulus_absolute_amplitude": 69.9999988529321,
    "stimulus_description": "C1LSFINEST141203[0]",
    "stimulus_duration": 0.999995,
    "stimulus_interval": 0.0,
    "stimulus_name": "Long Square",
    "stimulus_relative_amplitude": 0.7,
    "stimulus_start_time": 0.92,
    "stimulus_units": "pA",
    "sweep_number": 40,
    "vm_delta_mv": 0.287147521972656
  },
  {
    "bridge_balance_mohm": 15.9951162338257,
    "id": 396306238,
    "leak_pa": 0.0,
    "num_spikes": 21,
    "peak_deflection": 0.0,
    "post_noise_rms_mv": 0.035752534866333,
    "post_vm_mv": -75.9963531494141,
    "pre_noise_rms_mv": 0.0431920886039734,
    "pre_vm_mv": -75.72216796875,
    "slow_noise_rms_mv": 0.156218722462654,
    "slow_vm_mv": -75.72216796875,
    "specimen_id": 314642645,
    "stimulus_absolute_amplitude": 110.000002162547,
    "stimulus_description": "C1LSCOARSE141203[11]",
    "stimulus_duration": 0.999995,
    "stimulus_interval": 0.0,
    "stimulus_name": "Long Square",
    "stimulus_relative_amplitude": 1.0,
    "stimulus_start_time": 0.92,
    "stimulus_units": "pA",
    "sweep_number": 32,
    "vm_delta_mv": 0.274185180664062
  },
  {
    "bridge_balance_mohm": 15.9951162338257,
    "id": 396306322,
    "leak_pa": 0.0,
    "num_spikes": 0,
    "peak_deflection": 0.0,
    "post_noise_rms_mv": 0.0397621989250183,
    "post_vm_mv": -75.6523513793945,
    "pre_noise_rms_mv": 0.0477816946804523,
    "pre_vm_mv": -76.3587646484375,
    "slow_noise_rms_mv": 0.264518201351166,
    "slow_vm_mv": -76.3587646484375,
    "specimen_id": 314642645,
    "stimulus_absolute_amplitude": 410.000006167976,
    "stimulus_description": "C1SSFINEST141203[0]",
    "stimulus_duration": 0.002995,
    "stimulus_interval": 0.0,
    "stimulus_name": "Short Square",
    "stimulus_relative_amplitude": 4.1,
    "stimulus_start_time": 0.92,
    "stimulus_units": "pA",
    "sweep_number": 70,
    "vm_delta_mv": 0.706413269042969
  },
  {
    "bridge_balance_mohm": 15.9951162338257,
    "id": 396306332,
    "leak_pa": 0.0,
    "num_spikes": 3,
    "peak_deflection": 0.0,
    "post_noise_rms_mv": 0.0425945296883583,
    "post_vm_mv": -76.1513290405273,
    "pre_noise_rms_mv": 0.0440072081983089,
    "pre_vm_mv": -75.8660736083984,
    "slow_noise_rms_mv": 0.18194568157196,
    "slow_vm_mv": -75.8660736083984,
    "specimen_id": 314642645,
    "stimulus_absolute_amplitude": 430.000007822784,
    "stimulus_description": "C2SSTRIPLE141203[1]",
    "stimulus_duration": 0.024995,
    "stimulus_interval": 0.008,
    "stimulus_name": "Short Square - Triple",
    "stimulus_relative_amplitude": 4.3,
    "stimulus_start_time": 1.92,
    "stimulus_units": "pA",
    "sweep_number": 75,
    "vm_delta_mv": 0.285255432128906
  },
  {
    "bridge_balance_mohm": 15.9951162338257,
    "id": 396306358,
    "leak_pa": 0.0,
    "num_spikes": 3,
    "peak_deflection": 0.0,
    "post_noise_rms_mv": 0.0392056107521057,
    "post_vm_mv": -75.0342178344727,
    "pre_noise_rms_mv": 0.0400163047015667,
    "pre_vm_mv": -74.8429641723633,
    "slow_noise_rms_mv": 0.203468859195709,
    "slow_vm_mv": -74.8429641723633,
    "specimen_id": 314642645,
    "stimulus_absolute_amplitude": 430.000007822784,
    "stimulus_description": "C2SSTRIPLE141203[5]",
    "stimulus_duration": 0.056995,
    "stimulus_interval": 0.024,
    "stimulus_name": "Short Square - Triple",
    "stimulus_relative_amplitude": 4.3,
    "stimulus_start_time": 1.92,
    "stimulus_units": "pA",
    "sweep_number": 87,
    "vm_delta_mv": 0.191253662109375
  },
  {
    "bridge_balance_mohm": 15.9951162338257,
    "id": 396306270,
    "leak_pa": 0.0,
    "num_spikes": 27,
    "peak_deflection": 0.0,
    "post_noise_rms_mv": 0.0368253365159035,
    "post_vm_mv": -75.5536727905273,
    "pre_noise_rms_mv": 0.0413330681622028,
    "pre_vm_mv": -75.2632369995117,
    "slow_noise_rms_mv": 0.195609852671623,
    "slow_vm_mv": -75.2632369995117,
    "specimen_id": 314642645,
    "stimulus_absolute_amplitude": 188.625004504672,
    "stimulus_description": "C1NSSEED_2141203[0]",
    "stimulus_duration": 18.999995,
    "stimulus_interval": 5.0,
    "stimulus_name": "Noise 2",
    "stimulus_relative_amplitude": 0.8,
    "stimulus_start_time": 1.92,
    "stimulus_units": "pA",
    "sweep_number": 47,
    "vm_delta_mv": 0.290435791015625
  },
  {
    "bridge_balance_mohm": 15.9951162338257,
    "id": 396306318,
    "leak_pa": 0.0,
    "num_spikes": 1,
    "peak_deflection": 0.0,
    "post_noise_rms_mv": 0.0401473194360733,
    "post_vm_mv": -74.5061492919922,
    "pre_noise_rms_mv": 0.0433387607336044,
    "pre_vm_mv": -75.9067077636719,
    "slow_noise_rms_mv": 0.414398223161697,
    "slow_vm_mv": -75.9067077636719,
    "specimen_id": 314642645,
    "stimulus_absolute_amplitude": 420.00000699538,
    "stimulus_description": "C1SSFINEST141203[0]",
    "stimulus_duration": 0.002995,
    "stimulus_interval": 0.0,
    "stimulus_name": "Short Square",
    "stimulus_relative_amplitude": 4.2,
    "stimulus_start_time": 0.92,
    "stimulus_units": "pA",
    "sweep_number": 69,
    "vm_delta_mv": 1.40055847167969
  },
  {
    "bridge_balance_mohm": 15.9951162338257,
    "id": 396306151,
    "leak_pa": 0.0,
    "num_spikes": 0,
    "peak_deflection": 0.0,
    "post_noise_rms_mv": 0.0636527389287949,
    "post_vm_mv": -60.1641616821289,
    "pre_noise_rms_mv": 0.0543761290609837,
    "pre_vm_mv": -59.6725082397461,
    "slow_noise_rms_mv": 0.341643035411835,
    "slow_vm_mv": -59.6725082397461,
    "specimen_id": 314642645,
    "stimulus_absolute_amplitude": 149.999998533268,
    "stimulus_description": "C2SSHM60FN141203[0]",
    "stimulus_duration": 0.002995,
    "stimulus_interval": 0.0,
    "stimulus_name": "Short Square - Hold -60mV",
    "stimulus_relative_amplitude": 1.5,
    "stimulus_start_time": 0.92,
    "stimulus_units": "pA",
    "sweep_number": 115,
    "vm_delta_mv": 0.491653442382812
  },
  {
    "bridge_balance_mohm": 15.9951162338257,
    "id": 396306382,
    "leak_pa": 0.0,
    "num_spikes": 0,
    "peak_deflection": 0.0,
    "post_noise_rms_mv": 0.0381438583135605,
    "post_vm_mv": -79.350227355957,
    "pre_noise_rms_mv": 0.034180860966444,
    "pre_vm_mv": -79.5601959228516,
    "slow_noise_rms_mv": 0.0930579155683517,
    "slow_vm_mv": -79.5601959228516,
    "specimen_id": 314642645,
    "stimulus_absolute_amplitude": 100.000001335143,
    "stimulus_description": "C2SSHM80CS141203[0]",
    "stimulus_duration": 0.002995,
    "stimulus_interval": 0.0,
    "stimulus_name": "Short Square - Hold -80mV",
    "stimulus_relative_amplitude": 1.0,
    "stimulus_start_time": 0.92,
    "stimulus_units": "pA",
    "sweep_number": 98,
    "vm_delta_mv": 0.209968566894531
  },
  {
    "bridge_balance_mohm": 0.0,
    "id": 396306113,
    "leak_pa": 0.0,
    "num_spikes": 0,
    "peak_deflection": 0.0,
    "post_noise_rms_mv": 0.0,
    "post_vm_mv": 0.0,
    "pre_noise_rms_mv": 0.0,
    "pre_vm_mv": 0.0,
    "slow_noise_rms_mv": 0.0,
    "slow_vm_mv": 0.0,
    "specimen_id": 314642645,
    "stimulus_absolute_amplitude": 9.99999977648258,
    "stimulus_description": "EXTPSMOKET141203[0]",
    "stimulus_duration": 0.069995,
    "stimulus_interval": 0.05,
    "stimulus_name": "Test",
    "stimulus_relative_amplitude": 1.0,
    "stimulus_start_time": 0.03,
    "stimulus_units": "mV",
    "sweep_number": 0,
    "vm_delta_mv": 0.0
  },
  {
    "bridge_balance_mohm": 15.9951162338257,
    "id": 396306137,
    "leak_pa": 0.0,
    "num_spikes": 1,
    "peak_deflection": 0.0,
    "post_noise_rms_mv": 0.0448033772408962,
    "post_vm_mv": -79.3938293457031,
    "pre_noise_rms_mv": 0.0421230532228947,
    "pre_vm_mv": -80.2467956542969,
    "slow_noise_rms_mv": 0.144135907292366,
    "slow_vm_mv": -80.2467956542969,
    "specimen_id": 314642645,
    "stimulus_absolute_amplitude": 509.999986686438,
    "stimulus_description": "C2SSHM80FN141203[0]",
    "stimulus_duration": 0.002995,
    "stimulus_interval": 0.0,
    "stimulus_name": "Short Square - Hold -80mV",
    "stimulus_relative_amplitude": 5.1,
    "stimulus_start_time": 0.92,
    "stimulus_units": "pA",
    "sweep_number": 109,
    "vm_delta_mv": 0.85296630859375
  },
  {
    "bridge_balance_mohm": 15.9951162338257,
    "id": 396306354,
    "leak_pa": 0.0,
    "num_spikes": 3,
    "peak_deflection": 0.0,
    "post_noise_rms_mv": 0.034279640763998,
    "post_vm_mv": -75.0332946777344,
    "pre_noise_rms_mv": 0.0416776984930038,
    "pre_vm_mv": -74.7877883911133,
    "slow_noise_rms_mv": 0.210703074932098,
    "slow_vm_mv": -74.7877883911133,
    "specimen_id": 314642645,
    "stimulus_absolute_amplitude": 430.000007822784,
    "stimulus_description": "C2SSTRIPLE141203[3]",
    "stimulus_duration": 0.040995,
    "stimulus_interval": 0.016,
    "stimulus_name": "Short Square - Triple",
    "stimulus_relative_amplitude": 4.3,
    "stimulus_start_time": 1.92,
    "stimulus_units": "pA",
    "sweep_number": 85,
    "vm_delta_mv": 0.245506286621094
  },
  {
    "bridge_balance_mohm": 15.9951162338257,
    "id": 396306224,
    "leak_pa": 0.0,
    "num_spikes": 0,
    "peak_deflection": -79.53125,
    "post_noise_rms_mv": 0.0396061651408672,
    "post_vm_mv": -75.8494186401367,
    "pre_noise_rms_mv": 0.0386806689202785,
    "pre_vm_mv": -75.5035629272461,
    "slow_noise_rms_mv": 0.216434046626091,
    "slow_vm_mv": -75.5035629272461,
    "specimen_id": 314642645,
    "stimulus_absolute_amplitude": -9.99999996004197,
    "stimulus_description": "C1LSCOARSE141203[5]",
    "stimulus_duration": 0.999995,
    "stimulus_interval": 0.0,
    "stimulus_name": "Long Square",
    "stimulus_relative_amplitude": 1.0,
    "stimulus_start_time": 0.92,
    "stimulus_units": "pA",
    "sweep_number": 26,
    "vm_delta_mv": 0.345855712890625
  },
  {
    "bridge_balance_mohm": 15.9951162338257,
    "id": 396306296,
    "leak_pa": 0.0,
    "num_spikes": 14,
    "peak_deflection": 0.0,
    "post_noise_rms_mv": 0.0367898195981979,
    "post_vm_mv": -75.8420486450195,
    "pre_noise_rms_mv": 0.0390402041375637,
    "pre_vm_mv": -75.9343490600586,
    "slow_noise_rms_mv": 0.184477984905243,
    "slow_vm_mv": -75.9343490600586,
    "specimen_id": 314642645,
    "stimulus_absolute_amplitude": 180.000001015479,
    "stimulus_description": "C2SQRHELNG141203[0]",
    "stimulus_duration": 1.999995,
    "stimulus_interval": 0.0,
    "stimulus_name": "Square - 2s Suprathreshold",
    "stimulus_relative_amplitude": 1.8,
    "stimulus_start_time": 0.92,
    "stimulus_units": "pA",
    "sweep_number": 59,
    "vm_delta_mv": 0.0923004150390625
  },
  {
    "bridge_balance_mohm": 15.9951162338257,
    "id": 396306286,
    "leak_pa": 0.0,
    "num_spikes": 0,
    "peak_deflection": 0.0,
    "post_noise_rms_mv": 0.0370945706963539,
    "post_vm_mv": -75.3386917114258,
    "pre_noise_rms_mv": 0.0392538942396641,
    "pre_vm_mv": -75.496208190918,
    "slow_noise_rms_mv": 0.209725365042686,
    "slow_vm_mv": -75.496208190918,
    "specimen_id": 314642645,
    "stimulus_absolute_amplitude": 100.000001335143,
    "stimulus_description": "C2SQRHELNG141203[0]",
    "stimulus_duration": 1.999995,
    "stimulus_interval": 0.0,
    "stimulus_name": "Square - 2s Suprathreshold",
    "stimulus_relative_amplitude": 1.0,
    "stimulus_start_time": 0.92,
    "stimulus_units": "pA",
    "sweep_number": 54,
    "vm_delta_mv": 0.157516479492188
  },
  {
    "bridge_balance_mohm": 15.9951162338257,
    "id": 396306338,
    "leak_pa": 0.0,
    "num_spikes": 3,
    "peak_deflection": 0.0,
    "post_noise_rms_mv": 0.0399383641779423,
    "post_vm_mv": -76.1835479736328,
    "pre_noise_rms_mv": 0.0402184650301933,
    "pre_vm_mv": -76.1473617553711,
    "slow_noise_rms_mv": 0.350213617086411,
    "slow_vm_mv": -76.1473617553711,
    "specimen_id": 314642645,
    "stimulus_absolute_amplitude": 430.000007822784,
    "stimulus_description": "C2SSTRIPLE141203[4]",
    "stimulus_duration": 0.048995,
    "stimulus_interval": 0.02,
    "stimulus_name": "Short Square - Triple",
    "stimulus_relative_amplitude": 4.3,
    "stimulus_start_time": 1.92,
    "stimulus_units": "pA",
    "sweep_number": 78,
    "vm_delta_mv": 0.0361862182617188
  },
  {
    "bridge_balance_mohm": 15.9951162338257,
    "id": 396306208,
    "leak_pa": 0.0,
    "num_spikes": 1,
    "peak_deflection": 0.0,
    "post_noise_rms_mv": 0.0400162786245346,
    "post_vm_mv": -74.4233779907227,
    "pre_noise_rms_mv": 0.0415973588824272,
    "pre_vm_mv": -76.1848831176758,
    "slow_noise_rms_mv": 0.122249275445938,
    "slow_vm_mv": -76.1848831176758,
    "specimen_id": 314642645,
    "stimulus_absolute_amplitude": 489.999985031631,
    "stimulus_description": "C1SSFINEST141203[0]",
    "stimulus_duration": 0.002995,
    "stimulus_interval": 0.0,
    "stimulus_name": "Short Square",
    "stimulus_relative_amplitude": 4.9,
    "stimulus_start_time": 0.92,
    "stimulus_units": "pA",
    "sweep_number": 19,
    "vm_delta_mv": 1.76150512695312
  },
  {
    "bridge_balance_mohm": 15.9951162338257,
    "id": 396306360,
    "leak_pa": 0.0,
    "num_spikes": 3,
    "peak_deflection": 0.0,
    "post_noise_rms_mv": 0.0404106266796589,
    "post_vm_mv": -75.3232955932617,
    "pre_noise_rms_mv": 0.0395695269107819,
    "pre_vm_mv": -75.4614715576172,
    "slow_noise_rms_mv": 0.264584541320801,
    "slow_vm_mv": -75.4614715576172,
    "specimen_id": 314642645,
    "stimulus_absolute_amplitude": 430.000007822784,
    "stimulus_description": "C2SSTRIPLE141203[6]",
    "stimulus_duration": 0.064995,
    "stimulus_interval": 0.028,
    "stimulus_name": "Short Square - Triple",
    "stimulus_relative_amplitude": 4.3,
    "stimulus_start_time": 1.92,
    "stimulus_units": "pA",
    "sweep_number": 88,
    "vm_delta_mv": 0.138175964355469
  },
  {
    "bridge_balance_mohm": 15.9951162338257,
    "id": 396306298,
    "leak_pa": 0.0,
    "num_spikes": 16,
    "peak_deflection": 0.0,
    "post_noise_rms_mv": 0.0,
    "post_vm_mv": 0.0,
    "pre_noise_rms_mv": 0.031949870288372,
    "pre_vm_mv": -76.9465179443359,
    "slow_noise_rms_mv": 0.153634294867516,
    "slow_vm_mv": -76.9465179443359,
    "specimen_id": 314642645,
    "stimulus_absolute_amplitude": 800.000010681146,
    "stimulus_description": "C1RP25PR1S141203[0]",
    "stimulus_duration": 31.997495,
    "stimulus_interval": 0.0,
    "stimulus_name": "Ramp",
    "stimulus_relative_amplitude": 1.0,
    "stimulus_start_time": 0.9225,
    "stimulus_units": "pA",
    "sweep_number": 6,
    "vm_delta_mv": 0.0
  },
  {
    "bridge_balance_mohm": 15.9951162338257,
    "id": 396306260,
    "leak_pa": 0.0,
    "num_spikes": 36,
    "peak_deflection": 0.0,
    "post_noise_rms_mv": 0.0415632575750351,
    "post_vm_mv": -76.8616943359375,
    "pre_noise_rms_mv": 0.0427385084331036,
    "pre_vm_mv": -75.4252777099609,
    "slow_noise_rms_mv": 0.227073132991791,
    "slow_vm_mv": -75.4252777099609,
    "specimen_id": 314642645,
    "stimulus_absolute_amplitude": 185.374993133536,
    "stimulus_description": "C1NSSEED_1141203[0]",
    "stimulus_duration": 18.999995,
    "stimulus_interval": 5.0,
    "stimulus_name": "Noise 1",
    "stimulus_relative_amplitude": 0.8,
    "stimulus_start_time": 1.92,
    "stimulus_units": "pA",
    "sweep_number": 42,
    "vm_delta_mv": 1.43641662597656
  },
  {
    "bridge_balance_mohm": 15.9951162338257,
    "id": 396306366,
    "leak_pa": 0.0,
    "num_spikes": 3,
    "peak_deflection": 0.0,
    "post_noise_rms_mv": 0.0504162460565567,
    "post_vm_mv": -75.658935546875,
    "pre_noise_rms_mv": 0.0375684276223183,
    "pre_vm_mv": -75.2486114501953,
    "slow_noise_rms_mv": 0.173960775136948,
    "slow_vm_mv": -75.2486114501953,
    "specimen_id": 314642645,
    "stimulus_absolute_amplitude": 430.000007822784,
    "stimulus_description": "C2SSTRIPLE141203[0]",
    "stimulus_duration": 0.016995,
    "stimulus_interval": 0.004,
    "stimulus_name": "Short Square - Triple",
    "stimulus_relative_amplitude": 4.3,
    "stimulus_start_time": 1.92,
    "stimulus_units": "pA",
    "sweep_number": 90,
    "vm_delta_mv": 0.410324096679688
  },
  {
    "bridge_balance_mohm": 15.9951162338257,
    "id": 396306228,
    "leak_pa": 0.0,
    "num_spikes": 0,
    "peak_deflection": -60.5625038146973,
    "post_noise_rms_mv": 0.0374085120856762,
    "post_vm_mv": -76.3642730712891,
    "pre_noise_rms_mv": 0.0393708236515522,
    "pre_vm_mv": -75.5351486206055,
    "slow_noise_rms_mv": 0.245729699730873,
    "slow_vm_mv": -75.5351486206055,
    "specimen_id": 314642645,
    "stimulus_absolute_amplitude": 29.9999990127642,
    "stimulus_description": "C1LSCOARSE141203[7]",
    "stimulus_duration": 0.999995,
    "stimulus_interval": 0.0,
    "stimulus_name": "Long Square",
    "stimulus_relative_amplitude": 1.0,
    "stimulus_start_time": 0.92,
    "stimulus_units": "pA",
    "sweep_number": 28,
    "vm_delta_mv": 0.829124450683594
  },
  {
    "bridge_balance_mohm": 15.9951162338257,
    "id": 396306320,
    "leak_pa": 0.0,
    "num_spikes": 0,
    "peak_deflection": 0.0,
    "post_noise_rms_mv": 0.0412628874182701,
    "post_vm_mv": -76.5140762329102,
    "pre_noise_rms_mv": 0.0445336103439331,
    "pre_vm_mv": -76.5771179199219,
    "slow_noise_rms_mv": 0.172593802213669,
    "slow_vm_mv": -76.5771179199219,
    "specimen_id": 314642645,
    "stimulus_absolute_amplitude": 100.000001335143,
    "stimulus_description": "C1SSCOARSE141203[0]",
    "stimulus_duration": 0.002995,
    "stimulus_interval": 0.0,
    "stimulus_name": "Short Square",
    "stimulus_relative_amplitude": 1.0,
    "stimulus_start_time": 0.92,
    "stimulus_units": "pA",
    "sweep_number": 7,
    "vm_delta_mv": 0.0630416870117188
  },
  {
    "bridge_balance_mohm": 15.9951162338257,
    "id": 396306153,
    "leak_pa": 0.0,
    "num_spikes": 0,
    "peak_deflection": 0.0,
    "post_noise_rms_mv": 0.0393631048500538,
    "post_vm_mv": -59.3783302307129,
    "pre_noise_rms_mv": 0.0422559306025505,
    "pre_vm_mv": -59.643180847168,
    "slow_noise_rms_mv": 0.270955115556717,
    "slow_vm_mv": -59.643180847168,
    "specimen_id": 314642645,
    "stimulus_absolute_amplitude": 170.000000188075,
    "stimulus_description": "C2SSHM60FN141203[0]",
    "stimulus_duration": 0.002995,
    "stimulus_interval": 0.0,
    "stimulus_name": "Short Square - Hold -60mV",
    "stimulus_relative_amplitude": 1.7,
    "stimulus_start_time": 0.92,
    "stimulus_units": "pA",
    "sweep_number": 116,
    "vm_delta_mv": 0.264850616455078
  }
]