[
  {
    "bridge_balance_mohm": 14.0415143966675,
    "id": 396304464,
    "leak_pa": 0.0,
    "num_spikes": 1,
    "peak_deflection": 0.0,
    "post_noise_rms_mv": 0.0373552702367306,
    "post_vm_mv": -77.8949813842773,
    "pre_noise_rms_mv": 0.0337381586432457,
    "pre_vm_mv": -78.0620498657227,
    "slow_noise_rms_mv": 0.0765056908130646,
    "slow_vm_mv": -78.0620498657227,
    "specimen_id": 313862373,
    "stimulus_absolute_amplitude": 669.999999924897,
    "stimulus_description": "C2SQRHELNG141203[0]",
    "stimulus_duration": 1.999995,
    "stimulus_interval": 0.0,
    "stimulus_name": "Square - 2s Suprathreshold",
    "stimulus_relative_amplitude": 6.7,
    "stimulus_start_time": 0.92,
    "stimulus_units": "pA",
    "sweep_number": 84,
    "vm_delta_mv": 0.167068481445312
  },
  {
    "bridge_balance_mohm": 14.0415143966675,
    "id": 396304324,
    "leak_pa": 0.0,
    "num_spikes": 0,
    "peak_deflection": 0.0,
    "post_noise_rms_mv": 0.0331761538982391,
    "post_vm_mv": -77.9856796264648,
    "pre_noise_rms_mv": 0.0381225049495697,
    "pre_vm_mv": -78.2603225708008,
    "slow_noise_rms_mv": 0.12186361849308,
    "slow_vm_mv": -78.2603225708008,
    "specimen_id": 313862373,
    "stimulus_absolute_amplitude": 939.999966753646,
    "stimulus_description": "C1SSFINEST141203[0]",
    "stimulus_duration": 0.002995,
    "stimulus_interval": 0.0,
    "stimulus_name": "Short Square",
    "stimulus_relative_amplitude": 9.4,
    "stimulus_start_time": 0.92,
    "stimulus_units": "pA",
    "sweep_number": 20,
    "vm_delta_mv": 0.274642944335938
  },
  {
    "bridge_balance_mohm": 14.4078140258789,
    "id": 396304310,
    "leak_pa": 0.0,
    "num_spikes": 0,
    "peak_deflection": 0.0,
    "post_noise_rms_mv": 0.0379730127751827,
    "post_vm_mv": -78.7223968505859,
    "pre_noise_rms_mv": 0.034716110676527,
    "pre_vm_mv": -78.9175720214844,
    "slow_noise_rms_mv": 0.107153877615929,
    "slow_vm_mv": -78.9175720214844,
    "specimen_id": 313862373,
    "stimulus_absolute_amplitude": 800.000010681146,
    "stimulus_description": "C1SSCOARSE141203[7]",
    "stimulus_duration": 0.002995,
    "stimulus_interval": 0.0,
    "stimulus_name": "Short Square",
    "stimulus_relative_amplitude": 1.0,
    "stimulus_start_time": 0.92,
    "stimulus_units": "pA",
    "sweep_number": 14,
    "vm_delta_mv": 0.195175170898438
  },
  {
    "bridge_balance_mohm": 14.9572649002075,
    "id": 396304366,
    "leak_pa": 0.0,
    "num_spikes": 91,
    "peak_deflection": 0.0,
    "post_noise_rms_mv": 0.0,
    "post_vm_mv": 0.0,
    "pre_noise_rms_mv": 0.0442032739520073,
    "pre_vm_mv": -80.0337753295898,
    "slow_noise_rms_mv": 0.171979263424873,
    "slow_vm_mv": -80.0337753295898,
    "specimen_id": 313862373,
    "stimulus_absolute_amplitude": 800.000010681146,
    "stimulus_description": "C1RP25PR1S141203[0]",
    "stimulus_duration": 31.997495,
    "stimulus_interval": 0.0,
    "stimulus_name": "Ramp",
    "stimulus_relative_amplitude": 1.0,
    "stimulus_start_time": 0.9225,
    "stimulus_units": "pA",
    "sweep_number": 4,
    "vm_delta_mv": 0.0
  },
  {
    "bridge_balance_mohm": 14.0415143966675,
    "id": 396304404,
    "leak_pa": 0.0,
    "num_spikes": 0,
    "peak_deflection": -45.0,
    "post_noise_rms_mv": 0.0318968035280704,
    "post_vm_mv": -77.3930511474609,
    "pre_noise_rms_mv": 0.039030522108078,
    "pre_vm_mv": -77.4876327514648,
    "slow_noise_rms_mv": 0.119345940649509,
    "slow_vm_mv": -77.4876327514648,
    "specimen_id": 313862373,
    "stimulus_absolute_amplitude": 509.999986686438,
    "stimulus_description": "C1LSCOARSE141203[31]",
    "stimulus_duration": 0.999995,
    "stimulus_interval": 0.0,
    "stimulus_name": "Long Square",
    "stimulus_relative_amplitude": 1.0,
    "stimulus_start_time": 0.92,
    "stimulus_units": "pA",
    "sweep_number": 57,
    "vm_delta_mv": 0.0945816040039062
  },
  {
    "bridge_balance_mohm": 14.0415143966675,
    "id": 396304434,
    "leak_pa": 0.0,
    "num_spikes": 13,
    "peak_deflection": 0.0,
    "post_noise_rms_mv": 0.0413851849734783,
    "post_vm_mv": -76.4470672607422,
    "pre_noise_rms_mv": 0.0415534228086472,
    "pre_vm_mv": -76.7158737182617,
    "slow_noise_rms_mv": 0.116612702608109,
    "slow_vm_mv": -76.7158737182617,
    "specimen_id": 313862373,
    "stimulus_absolute_amplitude": 770.000008198934,
    "stimulus_description": "C1LSCOARSE141203[44]",
    "stimulus_duration": 0.999995,
    "stimulus_interval": 0.0,
    "stimulus_name": "Long Square",
    "stimulus_relative_amplitude": 1.0,
    "stimulus_start_time": 0.92,
    "stimulus_units": "pA",
    "sweep_number": 70,
    "vm_delta_mv": 0.268806457519531
  },
  {
    "bridge_balance_mohm": 0.0,
    "id": 396304344,
    "leak_pa": 0.0,
    "num_spikes": 0,
    "peak_deflection": 0.0,
    "post_noise_rms_mv": 0.0,
    "post_vm_mv": 0.0,
    "pre_noise_rms_mv": 0.0,
    "pre_vm_mv": 0.0,
    "slow_noise_rms_mv": 0.0,
    "slow_vm_mv": 0.0,
    "specimen_id": 313862373,
    "stimulus_absolute_amplitude": 9.99999977648258,
    "stimulus_description": "EXTPBREAKN141203[0]",
    "stimulus_duration": 0.069995,
    "stimulus_interval": 0.05,
    "stimulus_name": "Test",
    "stimulus_relative_amplitude": 1.0,
    "stimulus_start_time": 0.03,
    "stimulus_units": "mV",
    "sweep_number": 3,
    "vm_delta_mv": 0.0
  },
  {
    "bridge_balance_mohm": 0.0,
    "id": 396304488,
    "leak_pa": 0.0,
    "num_spikes": 0,
    "peak_deflection": 0.0,
    "post_noise_rms_mv": 0.0418874435126781,
    "post_vm_mv": 1.57708060741425,
    "pre_noise_rms_mv": 0.0367001891136169,
    "pre_vm_mv": 1.98647546768188,
    "slow_noise_rms_mv": 0.16392956674099,
    "slow_vm_mv": 1.98647546768188,
    "specimen_id": 313862373,
    "stimulus_absolute_amplitude": 0.0,
    "stimulus_description": "EXTPBLWOUT141203[0]",
    "stimulus_duration": 0.0,
    "stimulus_interval": 0.0,
    "stimulus_name": "Test",
    "stimulus_relative_amplitude": 1.0,
    "stimulus_start_time": 0.0,
    "stimulus_units": "pA",
    "sweep_number": 95,
    "vm_delta_mv": 0.409394860267639
  },
  {
    "bridge_balance_mohm": 14.0415143966675,
    "id": 396304382,
    "leak_pa": 0.0,
    "num_spikes": 0,
    "peak_deflection": -55.09375,
    "post_noise_rms_mv": 0.0328033231198788,
    "post_vm_mv": -76.048225402832,
    "pre_noise_rms_mv": 0.0369270034134388,
    "pre_vm_mv": -76.2915420532227,
    "slow_noise_rms_mv": 0.12924362719059,
    "slow_vm_mv": -76.2915420532227,
    "specimen_id": 313862373,
    "stimulus_absolute_amplitude": 309.999997893939,
    "stimulus_description": "C1LSCOARSE141203[21]",
    "stimulus_duration": 0.999995,
    "stimulus_interval": 0.0,
    "stimulus_name": "Long Square",
    "stimulus_relative_amplitude": 1.0,
    "stimulus_start_time": 0.92,
    "stimulus_units": "pA",
    "sweep_number": 47,
    "vm_delta_mv": 0.243316650390625
  },
  {
    "bridge_balance_mohm": 14.0415143966675,
    "id": 396304354,
    "leak_pa": 0.0,
    "num_spikes": 0,
    "peak_deflection": -73.0,
    "post_noise_rms_mv": 0.0362192317843437,
    "post_vm_mv": -76.6610794067383,
    "pre_noise_rms_mv": 0.038540244102478,
    "pre_vm_mv": -76.7294845581055,
    "slow_noise_rms_mv": 0.0987655371427536,
    "slow_vm_mv": -76.7294845581055,
    "specimen_id": 313862373,
    "stimulus_absolute_amplitude": 50.0000006675716,
    "stimulus_description": "C1LSCOARSE141203[8]",
    "stimulus_duration": 0.999995,
    "stimulus_interval": 0.0,
    "stimulus_name": "Long Square",
    "stimulus_relative_amplitude": 1.0,
    "stimulus_start_time": 0.92,
    "stimulus_units": "pA",
    "sweep_number": 34,
    "vm_delta_mv": 0.0684051513671875
  },
  {
    "bridge_balance_mohm": 14.0415143966675,
    "id": 396304436,
    "leak_pa": 0.0,
    "num_spikes": 490,
    "peak_deflection": 0.0,
    "post_noise_rms_mv": 0.0294760372489691,
    "post_vm_mv": -78.0532379150391,
    "pre_noise_rms_mv": 0.0376597195863724,
    "pre_vm_mv": -76.5203704833984,
    "slow_noise_rms_mv": 0.149443238973618,
    "slow_vm_mv": -76.5203704833984,
    "specimen_id": 313862373,
    "stimulus_absolute_amplitude": 1460.25003200378,
    "stimulus_description": "C1NSSEED_1141203[0]",
    "stimulus_duration": 18.999995,
    "stimulus_interval": 5.0,
    "stimulus_name": "Noise 1",
    "stimulus_relative_amplitude": 6.3,
    "stimulus_start_time": 1.92,
    "stimulus_units": "pA",
    "sweep_number": 71,
    "vm_delta_mv": 1.53286743164062
  },
  {
    "bridge_balance_mohm": 14.0415143966675,
    "id": 396304422,
    "leak_pa": 0.0,
    "num_spikes": 1,
    "peak_deflection": 0.0,
    "post_noise_rms_mv": 0.0381126068532467,
    "post_vm_mv": -77.2357635498047,
    "pre_noise_rms_mv": 0.0387109853327274,
    "pre_vm_mv": -77.3636627197266,
    "slow_noise_rms_mv": 0.122660517692566,
    "slow_vm_mv": -77.3636627197266,
    "specimen_id": 313862373,
    "stimulus_absolute_amplitude": 669.999999924897,
    "stimulus_description": "C1LSCOARSE141203[39]",
    "stimulus_duration": 0.999995,
    "stimulus_interval": 0.0,
    "stimulus_name": "Long Square",
    "stimulus_relative_amplitude": 1.0,
    "stimulus_start_time": 0.92,
    "stimulus_units": "pA",
    "sweep_number": 65,
    "vm_delta_mv": 0.127899169921875
  },
  {
    "bridge_balance_mohm": 14.0415143966675,
    "id": 396304400,
    "leak_pa": 0.0,
    "num_spikes": 0,
    "peak_deflection": -46.5,
    "post_noise_rms_mv": 0.0370054133236408,
    "post_vm_mv": -76.3977355957031,
    "pre_noise_rms_mv": 0.0299869924783707,
    "pre_vm_mv": -76.8133163452148,
    "slow_noise_rms_mv": 0.128179028630257,
    "slow_vm_mv": -76.8133163452148,
    "specimen_id": 313862373,
    "stimulus_absolute_amplitude": 469.999983376823,
    "stimulus_description": "C1LSCOARSE141203[29]",
    "stimulus_duration": 0.999995,
    "stimulus_interval": 0.0,
    "stimulus_name": "Long Square",
    "stimulus_relative_amplitude": 1.0,
    "stimulus_start_time": 0.92,
    "stimulus_units": "pA",
    "sweep_number": 55,
    "vm_delta_mv": 0.415580749511719
  },
  {
    "bridge_balance_mohm": 14.0415143966675,
    "id": 396304348,
    "leak_pa": 0.0,
    "num_spikes": 0,
    "peak_deflection": -78.03125,
    "post_noise_rms_mv": 0.0341756194829941,
    "post_vm_mv": -77.064453125,
    "pre_noise_rms_mv": 0.0378952957689762,
    "pre_vm_mv": -77.0260772705078,
    "slow_noise_rms_mv": 0.143721878528595,
    "slow_vm_mv": -77.0260772705078,
    "specimen_id": 313862373,
    "stimulus_absolute_amplitude": -9.99999996004197,
    "stimulus_description": "C1LSCOARSE141203[5]",
    "stimulus_duration": 0.999995,
    "stimulus_interval": 0.0,
    "stimulus_name": "Long Square",
    "stimulus_relative_amplitude": 1.0,
    "stimulus_start_time": 0.92,
    "stimulus_units": "pA",
    "sweep_number": 31,
    "vm_delta_mv": 0.0383758544921875
  },
  {
    "bridge_balance_mohm": 14.0415143966675,
    "id": 396304472,
    "leak_pa": 0.0,
    "num_spikes": 1,
    "peak_deflection": 0.0,
    "post_noise_rms_mv": 0.02303078584373,
    "post_vm_mv": -76.8809127807617,
    "pre_noise_rms_mv": 0.0453685000538826,
    "pre_vm_mv": -77.3666915893555,
    "slow_noise_rms_mv": 0.109806001186371,
    "slow_vm_mv": -77.3666915893555,
    "specimen_id": 313862373,
    "stimulus_absolute_amplitude": 710.000003234512,
    "stimulus_description": "C2SQRHELNG141203[0]",
    "stimulus_duration": 1.999995,
    "stimulus_interval": 0.0,
    "stimulus_name": "Square - 2s Suprathreshold",
    "stimulus_relative_amplitude": 7.1,
    "stimulus_start_time": 0.92,
    "stimulus_units": "pA",
    "sweep_number": 88,
    "vm_delta_mv": 0.48577880859375
  },
  {
    "bridge_balance_mohm": 14.0415143966675,
    "id": 396304356,
    "leak_pa": 0.0,
    "num_spikes": 0,
    "peak_deflection": -71.09375,
    "post_noise_rms_mv": 0.0393286272883415,
    "post_vm_mv": -76.5929718017578,
    "pre_noise_rms_mv": 0.0353205762803555,
    "pre_vm_mv": -76.7264938354492,
    "slow_noise_rms_mv": 0.105089262127876,
    "slow_vm_mv": -76.7264938354492,
    "specimen_id": 313862373,
    "stimulus_absolute_amplitude": 69.9999988529321,
    "stimulus_description": "C1LSCOARSE141203[9]",
    "stimulus_duration": 0.999995,
    "stimulus_interval": 0.0,
    "stimulus_name": "Long Square",
    "stimulus_relative_amplitude": 1.0,
    "stimulus_start_time": 0.92,
    "stimulus_units": "pA",
    "sweep_number": 35,
    "vm_delta_mv": 0.133522033691406
  },
  {
    "bridge_balance_mohm": 14.0415143966675,
    "id": 396304480,
    "leak_pa": 0.0,
    "num_spikes": 2,
    "peak_deflection": 0.0,
    "post_noise_rms_mv": 0.0370942354202271,
    "post_vm_mv": -78.2574844360352,
    "pre_noise_rms_mv": 0.0446442551910877,
    "pre_vm_mv": -78.2975082397461,
    "slow_noise_rms_mv": 0.164725780487061,
    "slow_vm_mv": -78.2975082397461,
    "specimen_id": 313862373,
    "stimulus_absolute_amplitude": 750.000006544127,
    "stimulus_description": "C2SQRHELNG141203[0]",
    "stimulus_duration": 1.999995,
    "stimulus_interval": 0.0,
    "stimulus_name": "Square - 2s Suprathreshold",
    "stimulus_relative_amplitude": 7.5,
    "stimulus_start_time": 0.92,
    "stimulus_units": "pA",
    "sweep_number": 91,
    "vm_delta_mv": 0.0400238037109375
  },
  {
    "bridge_balance_mohm": 14.0415143966675,
    "id": 396304370,
    "leak_pa": 0.0,
    "num_spikes": 0,
    "peak_deflection": -63.8125,
    "post_noise_rms_mv": 0.0385450460016727,
    "post_vm_mv": -76.8188323974609,
    "pre_noise_rms_mv": 0.0378188751637936,
    "pre_vm_mv": -76.7617340087891,
    "slow_noise_rms_mv": 0.0940206497907639,
    "slow_vm_mv": -76.7617340087891,
    "specimen_id": 313862373,
    "stimulus_absolute_amplitude": 190.000001842883,
    "stimulus_description": "C1LSCOARSE141203[15]",
    "stimulus_duration": 0.999995,
    "stimulus_interval": 0.0,
    "stimulus_name": "Long Square",
    "stimulus_relative_amplitude": 1.0,
    "stimulus_start_time": 0.92,
    "stimulus_units": "pA",
    "sweep_number": 41,
    "vm_delta_mv": 0.057098388671875
  },
  {
    "bridge_balance_mohm": 14.9572649002075,
    "id": 396304432,
    "leak_pa": 0.0,
    "num_spikes": 0,
    "peak_deflection": 0.0,
    "post_noise_rms_mv": 0.0391249619424343,
    "post_vm_mv": -79.1713562011719,
    "pre_noise_rms_mv": 0.0276320707052946,
    "pre_vm_mv": -79.2676162719727,
    "slow_noise_rms_mv": 0.103343196213245,
    "slow_vm_mv": -79.2676162719727,
    "specimen_id": 313862373,
    "stimulus_absolute_amplitude": 100.000001335143,
    "stimulus_description": "C1SSCOARSE141203[0]",
    "stimulus_duration": 0.002995,
    "stimulus_interval": 0.0,
    "stimulus_name": "Short Square",
    "stimulus_relative_amplitude": 1.0,
    "stimulus_start_time": 0.92,
    "stimulus_units": "pA",
    "sweep_number": 7,
    "vm_delta_mv": 0.0962600708007812
  },
  {
    "bridge_balance_mohm": 14.0415143966675,
    "id": 396304424,
    "leak_pa": 0.0,
    "num_spikes": 2,
    "peak_deflection": 0.0,
    "post_noise_rms_mv": 0.0396350212395191,
    "post_vm_mv": -77.2318801879883,
    "pre_noise_rms_mv": 0.035491406917572,
    "pre_vm_mv": -77.6012649536133,
    "slow_noise_rms_mv": 0.105570122599602,
    "slow_vm_mv": -77.6012649536133,
    "specimen_id": 313862373,
    "stimulus_absolute_amplitude": 690.000001579705,
    "stimulus_description": "C1LSCOARSE141203[40]",
    "stimulus_duration": 0.999995,
    "stimulus_interval": 0.0,
    "stimulus_name": "Long Square",
    "stimulus_relative_amplitude": 1.0,
    "stimulus_start_time": 0.92,
    "stimulus_units": "pA",
    "sweep_number": 66,
    "vm_delta_mv": 0.369384765625
  },
  {
    "bridge_balance_mohm": 14.0415143966675,
    "id": 396304314,
    "leak_pa": 0.0,
    "num_spikes": 1,
    "peak_deflection": 0.0,
    "post_noise_rms_mv": 0.0387884639203548,
    "post_vm_mv": -78.4622192382812,
    "pre_noise_rms_mv": 0.0274167228490114,
    "pre_vm_mv": -79.0001907348633,
    "slow_noise_rms_mv": 0.11133898794651,
    "slow_vm_mv": -79.0001907348633,
    "specimen_id": 313862373,
    "stimulus_absolute_amplitude": 999.999971718069,
    "stimulus_description": "C1SSCOARSE141203[9]",
    "stimulus_duration": 0.002995,
    "stimulus_interval": 0.0,
    "stimulus_name": "Short Square",
    "stimulus_relative_amplitude": 1.0,
    "stimulus_start_time": 0.92,
    "stimulus_units": "pA",
    "sweep_number": 16,
    "vm_delta_mv": 0.537971496582031
  },
  {
    "bridge_balance_mohm": 14.0415143966675,
    "id": 396304364,
    "leak_pa": 0.0,
    "num_spikes": 0,
    "peak_deflection": -66.59375,
    "post_noise_rms_mv": 0.0270799230784178,
    "post_vm_mv": -76.9015274047852,
    "pre_noise_rms_mv": 0.029568063095212,
    "pre_vm_mv": -76.9273910522461,
    "slow_noise_rms_mv": 0.0760120376944542,
    "slow_vm_mv": -76.9273910522461,
    "specimen_id": 313862373,
    "stimulus_absolute_amplitude": 149.999998533268,
    "stimulus_description": "C1LSCOARSE141203[13]",
    "stimulus_duration": 0.999995,
    "stimulus_interval": 0.0,
    "stimulus_name": "Long Square",
    "stimulus_relative_amplitude": 1.0,
    "stimulus_start_time": 0.92,
    "stimulus_units": "pA",
    "sweep_number": 39,
    "vm_delta_mv": 0.0258636474609375
  },
  {
    "bridge_balance_mohm": 14.0415143966675,
    "id": 396304412,
    "leak_pa": 0.0,
    "num_spikes": 0,
    "peak_deflection": -42.0,
    "post_noise_rms_mv": 0.0364865995943546,
    "post_vm_mv": -77.4103317260742,
    "pre_noise_rms_mv": 0.0395573526620865,
    "pre_vm_mv": -77.6673431396484,
    "slow_noise_rms_mv": 0.122460782527924,
    "slow_vm_mv": -77.6673431396484,
    "specimen_id": 313862373,
    "stimulus_absolute_amplitude": 569.99999165086,
    "stimulus_description": "C1LSCOARSE141203[34]",
    "stimulus_duration": 0.999995,
    "stimulus_interval": 0.0,
    "stimulus_name": "Long Square",
    "stimulus_relative_amplitude": 1.0,
    "stimulus_start_time": 0.92,
    "stimulus_units": "pA",
    "sweep_number": 60,
    "vm_delta_mv": 0.257011413574219
  },
  {
    "bridge_balance_mohm": 14.0415143966675,
    "id": 396304414,
    "leak_pa": 0.0,
    "num_spikes": 0,
    "peak_deflection": -41.4375,
    "post_noise_rms_mv": 0.0412081219255924,
    "post_vm_mv": -77.2899169921875,
    "pre_noise_rms_mv": 0.035903986543417,
    "pre_vm_mv": -77.4253540039062,
    "slow_noise_rms_mv": 0.109332211315632,
    "slow_vm_mv": -77.4253540039062,
    "specimen_id": 313862373,
    "stimulus_absolute_amplitude": 589.999993305668,
    "stimulus_description": "C1LSCOARSE141203[35]",
    "stimulus_duration": 0.999995,
    "stimulus_interval": 0.0,
    "stimulus_name": "Long Square",
    "stimulus_relative_amplitude": 1.0,
    "stimulus_start_time": 0.92,
    "stimulus_units": "pA",
    "sweep_number": 61,
    "vm_delta_mv": 0.13543701171875
  },
  {
    "bridge_balance_mohm": 14.0415143966675,
    "id": 396304330,
    "leak_pa": 0.0,
    "num_spikes": 1,
    "peak_deflection": 0.0,
    "post_noise_rms_mv": 0.0363062843680382,
    "post_vm_mv": -77.5215377807617,
    "pre_noise_rms_mv": 0.0492437891662121,
    "pre_vm_mv": -77.6800994873047,
    "slow_noise_rms_mv": 0.13265959918499,
    "slow_vm_mv": -77.6800994873047,
    "specimen_id": 313862373,
    "stimulus_absolute_amplitude": 949.99996758105,
    "stimulus_description": "C1SSFINEST141203[0]",
    "stimulus_duration": 0.002995,
    "stimulus_interval": 0.0,
    "stimulus_name": "Short Square",
    "stimulus_relative_amplitude": 9.5,
    "stimulus_start_time": 0.92,
    "stimulus_units": "pA",
    "sweep_number": 23,
    "vm_delta_mv": 0.158561706542969
  },
  {
    "bridge_balance_mohm": 14.9572649002075,
    "id": 396304304,
    "leak_pa": 0.0,
    "num_spikes": 0,
    "peak_deflection": 0.0,
    "post_noise_rms_mv": 0.0249078162014484,
    "post_vm_mv": -78.7974624633789,
    "pre_noise_rms_mv": 0.0252616126090288,
    "pre_vm_mv": -79.0426025390625,
    "slow_noise_rms_mv": 0.102633789181709,
    "slow_vm_mv": -79.0426025390625,
    "specimen_id": 313862373,
    "stimulus_absolute_amplitude": 499.999985859034,
    "stimulus_description": "C1SSCOARSE141203[4]",
    "stimulus_duration": 0.002995,
    "stimulus_interval": 0.0,
    "stimulus_name": "Short Square",
    "stimulus_relative_amplitude": 1.0,
    "stimulus_start_time": 0.92,
    "stimulus_units": "pA",
    "sweep_number": 11,
    "vm_delta_mv": 0.245140075683594
  },
  {
    "bridge_balance_mohm": 14.0415143966675,
    "id": 396304376,
    "leak_pa": 0.0,
    "num_spikes": 0,
    "peak_deflection": -59.34375,
    "post_noise_rms_mv": 0.0304942447692156,
    "post_vm_mv": -76.4921112060547,
    "pre_noise_rms_mv": 0.0376104973256588,
    "pre_vm_mv": -76.4340362548828,
    "slow_noise_rms_mv": 0.0938996896147728,
    "slow_vm_mv": -76.4340362548828,
    "specimen_id": 313862373,
    "stimulus_absolute_amplitude": 249.999992929517,
    "stimulus_description": "C1LSCOARSE141203[18]",
    "stimulus_duration": 0.999995,
    "stimulus_interval": 0.0,
    "stimulus_name": "Long Square",
    "stimulus_relative_amplitude": 1.0,
    "stimulus_start_time": 0.92,
    "stimulus_units": "pA",
    "sweep_number": 44,
    "vm_delta_mv": 0.058074951171875
  },
  {
    "bridge_balance_mohm": 14.0415143966675,
    "id": 396304408,
    "leak_pa": 0.0,
    "num_spikes": 0,
    "peak_deflection": -43.15625,
    "post_noise_rms_mv": 0.0341070964932442,
    "post_vm_mv": -77.6864776611328,
    "pre_noise_rms_mv": 0.0355350859463215,
    "pre_vm_mv": -77.7086791992188,
    "slow_noise_rms_mv": 0.0976319462060928,
    "slow_vm_mv": -77.7086791992188,
    "specimen_id": 313862373,
    "stimulus_absolute_amplitude": 549.999989996053,
    "stimulus_description": "C1LSCOARSE141203[33]",
    "stimulus_duration": 0.999995,
    "stimulus_interval": 0.0,
    "stimulus_name": "Long Square",
    "stimulus_relative_amplitude": 1.0,
    "stimulus_start_time": 0.92,
    "stimulus_units": "pA",
    "sweep_number": 59,
    "vm_delta_mv": 0.0222015380859375
  },
  {
    "bridge_balance_mohm": 14.9572649002075,
    "id": 396304454,
    "leak_pa": 0.0,
    "num_spikes": 0,
    "peak_deflection": 0.0,
    "post_noise_rms_mv": 0.0357054471969604,
    "post_vm_mv": -79.141487121582,
    "pre_noise_rms_mv": 0.0437724329531193,
    "pre_vm_mv": -79.1203765869141,
    "slow_noise_rms_mv": 0.123441465198994,
    "slow_vm_mv": -79.1203765869141,
    "specimen_id": 313862373,
    "stimulus_absolute_amplitude": 200.000002670286,
    "stimulus_description": "C1SSCOARSE141203[1]",
    "stimulus_duration": 0.002995,
    "stimulus_interval": 0.0,
    "stimulus_name": "Short Square",
    "stimulus_relative_amplitude": 1.0,
    "stimulus_start_time": 0.92,
    "stimulus_units": "pA",
    "sweep_number": 8,
    "vm_delta_mv": 0.0211105346679688
  },
  {
    "bridge_balance_mohm": 14.0415143966675,
    "id": 396304392,
    "leak_pa": 0.0,
    "num_spikes": 0,
    "peak_deflection": -49.96875,
    "post_noise_rms_mv": 0.0374420322477818,
    "post_vm_mv": -76.0590591430664,
    "pre_noise_rms_mv": 0.0401833541691303,
    "pre_vm_mv": -76.1603469848633,
    "slow_noise_rms_mv": 0.116600103676319,
    "slow_vm_mv": -76.1603469848633,
    "specimen_id": 313862373,
    "stimulus_absolute_amplitude": 390.000004513169,
    "stimulus_description": "C1LSCOARSE141203[25]",
    "stimulus_duration": 0.999995,
    "stimulus_interval": 0.0,
    "stimulus_name": "Long Square",
    "stimulus_relative_amplitude": 1.0,
    "stimulus_start_time": 0.92,
    "stimulus_units": "pA",
    "sweep_number": 51,
    "vm_delta_mv": 0.101287841796875
  },
  {
    "bridge_balance_mohm": 14.0415143966675,
    "id": 396304360,
    "leak_pa": 0.0,
    "num_spikes": 0,
    "peak_deflection": -69.25,
    "post_noise_rms_mv": 0.0370289422571659,
    "post_vm_mv": -76.8030090332031,
    "pre_noise_rms_mv": 0.0361544750630856,
    "pre_vm_mv": -76.9062576293945,
    "slow_noise_rms_mv": 0.07448860257864,
    "slow_vm_mv": -76.9062576293945,
    "specimen_id": 313862373,
    "stimulus_absolute_amplitude": 110.000002162547,
    "stimulus_description": "C1LSCOARSE141203[11]",
    "stimulus_duration": 0.999995,
    "stimulus_interval": 0.0,
    "stimulus_name": "Long Square",
    "stimulus_relative_amplitude": 1.0,
    "stimulus_start_time": 0.92,
    "stimulus_units": "pA",
    "sweep_number": 37,
    "vm_delta_mv": 0.103248596191406
  },
  {
    "bridge_balance_mohm": 14.9572649002075,
    "id": 396304388,
    "leak_pa": 0.0,
    "num_spikes": 176,
    "peak_deflection": 0.0,
    "post_noise_rms_mv": 0.0,
    "post_vm_mv": 0.0,
    "pre_noise_rms_mv": 0.0321873277425766,
    "pre_vm_mv": -79.618408203125,
    "slow_noise_rms_mv": 0.159571602940559,
    "slow_vm_mv": -79.618408203125,
    "specimen_id": 313862373,
    "stimulus_absolute_amplitude": 800.000010681146,
    "stimulus_description": "C1RP25PR1S141203[0]",
    "stimulus_duration": 31.997495,
    "stimulus_interval": 0.0,
    "stimulus_name": "Ramp",
    "stimulus_relative_amplitude": 1.0,
    "stimulus_start_time": 0.9225,
    "stimulus_units": "pA",
    "sweep_number": 5,
    "vm_delta_mv": 0.0
  },
  {
    "bridge_balance_mohm": 14.0415143966675,
    "id": 396304372,
    "leak_pa": 0.0,
    "num_spikes": 0,
    "peak_deflection": -62.5312461853027,
    "post_noise_rms_mv": 0.0339155755937099,
    "post_vm_mv": -76.4477462768555,
    "pre_noise_rms_mv": 0.0404091589152813,
    "pre_vm_mv": -76.7949676513672,
    "slow_noise_rms_mv": 0.0858361795544624,
    "slow_vm_mv": -76.7949676513672,
    "specimen_id": 313862373,
    "stimulus_absolute_amplitude": 210.00000349769,
    "stimulus_description": "C1LSCOARSE141203[16]",
    "stimulus_duration": 0.999995,
    "stimulus_interval": 0.0,
    "stimulus_name": "Long Square",
    "stimulus_relative_amplitude": 1.0,
    "stimulus_start_time": 0.92,
    "stimulus_units": "pA",
    "sweep_number": 42,
    "vm_delta_mv": 0.347221374511719
  },
  {
    "bridge_balance_mohm": 14.0415143966675,
    "id": 396304336,
    "leak_pa": 0.0,
    "num_spikes": 0,
    "peak_deflection": -84.8437576293945,
    "post_noise_rms_mv": 0.0325445458292961,
    "post_vm_mv": -77.6623916625977,
    "pre_noise_rms_mv": 0.0390861332416534,
    "pre_vm_mv": -77.9027481079102,
    "slow_noise_rms_mv": 0.0941963568329811,
    "slow_vm_mv": -77.9027481079102,
    "specimen_id": 313862373,
    "stimulus_absolute_amplitude": -110.000002162547,
    "stimulus_description": "C1LSCOARSE141203[0]",
    "stimulus_duration": 0.999995,
    "stimulus_interval": 0.0,
    "stimulus_name": "Long Square",
    "stimulus_relative_amplitude": 1.0,
    "stimulus_start_time": 0.92,
    "stimulus_units": "pA",
    "sweep_number": 26,
    "vm_delta_mv": 0.2403564453125
  },
  {
    "bridge_balance_mohm": 0.0,
    "id": 396304298,
    "leak_pa": 0.0,
    "num_spikes": 0,
    "peak_deflection": 0.0,
    "post_noise_rms_mv": 0.0,
    "post_vm_mv": 0.0,
    "pre_noise_rms_mv": 0.0,
    "pre_vm_mv": 0.0,
    "slow_noise_rms_mv": 0.0,
    "slow_vm_mv": 0.0,
    "specimen_id": 313862373,
    "stimulus_absolute_amplitude": 9.99999977648258,
    "stimulus_description": "EXTPSMOKET141203[0]",
    "stimulus_duration": 0.069995,
    "stimulus_interval": 0.05,
    "stimulus_name": "Test",
    "stimulus_relative_amplitude": 1.0,
    "stimulus_start_time": 0.03,
    "stimulus_units": "mV",
    "sweep_number": 0,
    "vm_delta_mv": 0.0
  },
  {
    "bridge_balance_mohm": 14.0415143966675,
    "id": 396304316,
    "leak_pa": 0.0,
    "num_spikes": 1,
    "peak_deflection": 0.0,
    "post_noise_rms_mv": 0.0429580360651016,
    "post_vm_mv": -78.2876434326172,
    "pre_noise_rms_mv": 0.0359447374939919,
    "pre_vm_mv": -78.7093276977539,
    "slow_noise_rms_mv": 0.146915599703789,
    "slow_vm_mv": -78.7093276977539,
    "specimen_id": 313862373,
    "stimulus_absolute_amplitude": 949.99996758105,
    "stimulus_description": "C1SSFINEST141203[0]",
    "stimulus_duration": 0.002995,
    "stimulus_interval": 0.0,
    "stimulus_name": "Short Square",
    "stimulus_relative_amplitude": 9.5,
    "stimulus_start_time": 0.92,
    "stimulus_units": "pA",
    "sweep_number": 17,
    "vm_delta_mv": 0.421684265136719
  },
  {
    "bridge_balance_mohm": 14.0415143966675,
    "id": 396304428,
    "leak_pa": 0.0,
    "num_spikes": 2,
    "peak_deflection": 0.0,
    "post_noise_rms_mv": 0.0344984009861946,
    "post_vm_mv": -76.8145751953125,
    "pre_noise_rms_mv": 0.049550749361515,
    "pre_vm_mv": -76.9070587158203,
    "slow_noise_rms_mv": 0.107038430869579,
    "slow_vm_mv": -76.9070587158203,
    "specimen_id": 313862373,
    "stimulus_absolute_amplitude": 730.00000488932,
    "stimulus_description": "C1LSCOARSE141203[42]",
    "stimulus_duration": 0.999995,
    "stimulus_interval": 0.0,
    "stimulus_name": "Long Square",
    "stimulus_relative_amplitude": 1.0,
    "stimulus_start_time": 0.92,
    "stimulus_units": "pA",
    "sweep_number": 68,
    "vm_delta_mv": 0.0924835205078125
  },
  {
    "bridge_balance_mohm": 14.0415143966675,
    "id": 396304402,
    "leak_pa": 0.0,
    "num_spikes": 0,
    "peak_deflection": -45.5625038146973,
    "post_noise_rms_mv": 0.0380689091980457,
    "post_vm_mv": -76.7448425292969,
    "pre_noise_rms_mv": 0.0334806367754936,
    "pre_vm_mv": -76.7868347167969,
    "slow_noise_rms_mv": 0.0903579369187355,
    "slow_vm_mv": -76.7868347167969,
    "specimen_id": 313862373,
    "stimulus_absolute_amplitude": 489.999985031631,
    "stimulus_description": "C1LSCOARSE141203[30]",
    "stimulus_duration": 0.999995,
    "stimulus_interval": 0.0,
    "stimulus_name": "Long Square",
    "stimulus_relative_amplitude": 1.0,
    "stimulus_start_time": 0.92,
    "stimulus_units": "pA",
    "sweep_number": 56,
    "vm_delta_mv": 0.0419921875
  },
  {
    "bridge_balance_mohm": 14.0415143966675,
    "id": 396304334,
    "leak_pa": 0.0,
    "num_spikes": 1,
    "peak_deflection": 0.0,
    "post_noise_rms_mv": 0.0405723862349987,
    "post_vm_mv": -77.1821136474609,
    "pre_noise_rms_mv": 0.0442155711352825,
    "pre_vm_mv": -77.5918884277344,
    "slow_noise_rms_mv": 0.115586839616299,
    "slow_vm_mv": -77.5918884277344,
    "specimen_id": 313862373,
    "stimulus_absolute_amplitude": 949.99996758105,
    "stimulus_description": "C1SSFINEST141203[0]",
    "stimulus_duration": 0.002995,
    "stimulus_interval": 0.0,
    "stimulus_name": "Short Square",
    "stimulus_relative_amplitude": 9.5,
    "stimulus_start_time": 0.92,
    "stimulus_units": "pA",
    "sweep_number": 25,
    "vm_delta_mv": 0.409774780273438
  },
  {
    "bridge_balance_mohm": 14.0415143966675,
    "id": 396304326,
    "leak_pa": 0.0,
    "num_spikes": 1,
    "peak_deflection": 0.0,
    "post_noise_rms_mv": 0.0358032323420048,
    "post_vm_mv": -77.5723571777344,
    "pre_noise_rms_mv": 0.0415189564228058,
    "pre_vm_mv": -77.9077682495117,
    "slow_noise_rms_mv": 0.134170085191727,
    "slow_vm_mv": -77.9077682495117,
    "specimen_id": 313862373,
    "stimulus_absolute_amplitude": 949.99996758105,
    "stimulus_description": "C1SSFINEST141203[0]",
    "stimulus_duration": 0.002995,
    "stimulus_interval": 0.0,
    "stimulus_name": "Short Square",
    "stimulus_relative_amplitude": 9.5,
    "stimulus_start_time": 0.92,
    "stimulus_units": "pA",
    "sweep_number": 21,
    "vm_delta_mv": 0.335411071777344
  },
  {
    "bridge_balance_mohm": 14.0415143966675,
    "id": 396304350,
    "leak_pa": 0.0,
    "num_spikes": 0,
    "peak_deflection": -75.5000076293945,
    "post_noise_rms_mv": 0.0377499051392078,
    "post_vm_mv": -76.846061706543,
    "pre_noise_rms_mv": 0.036518394947052,
    "pre_vm_mv": -76.8593215942383,
    "slow_noise_rms_mv": 0.124544739723206,
    "slow_vm_mv": -76.8593215942383,
    "specimen_id": 313862373,
    "stimulus_absolute_amplitude": 9.99999996004197,
    "stimulus_description": "C1LSCOARSE141203[6]",
    "stimulus_duration": 0.999995,
    "stimulus_interval": 0.0,
    "stimulus_name": "Long Square",
    "stimulus_relative_amplitude": 1.0,
    "stimulus_start_time": 0.92,
    "stimulus_units": "pA",
    "sweep_number": 32,
    "vm_delta_mv": 0.0132598876953125
  },
  {
    "bridge_balance_mohm": 14.0415143966675,
    "id": 396304470,
    "leak_pa": 0.0,
    "num_spikes": 1,
    "peak_deflection": 0.0,
    "post_noise_rms_mv": 0.0405557751655579,
    "post_vm_mv": -77.3789215087891,
    "pre_noise_rms_mv": 0.0293390173465014,
    "pre_vm_mv": -77.0992965698242,
    "slow_noise_rms_mv": 0.12275730073452,
    "slow_vm_mv": -77.0992965698242,
    "specimen_id": 313862373,
    "stimulus_absolute_amplitude": 710.000003234512,
    "stimulus_description": "C2SQRHELNG141203[0]",
    "stimulus_duration": 1.999995,
    "stimulus_interval": 0.0,
    "stimulus_name": "Square - 2s Suprathreshold",
    "stimulus_relative_amplitude": 7.1,
    "stimulus_start_time": 0.92,
    "stimulus_units": "pA",
    "sweep_number": 87,
    "vm_delta_mv": 0.279624938964844
  },
  {
    "bridge_balance_mohm": 14.0415143966675,
    "id": 396304448,
    "leak_pa": 0.0,
    "num_spikes": 0,
    "peak_deflection": 0.0,
    "post_noise_rms_mv": 0.0364233367145061,
    "post_vm_mv": -76.4863052368164,
    "pre_noise_rms_mv": 0.0348390936851501,
    "pre_vm_mv": -76.8070526123047,
    "slow_noise_rms_mv": 0.147197961807251,
    "slow_vm_mv": -76.8070526123047,
    "specimen_id": 313862373,
    "stimulus_absolute_amplitude": -200.000002670286,
    "stimulus_description": "C1SQCAPCHK141203[0]",
    "stimulus_duration": 7.819995,
    "stimulus_interval": 0.2,
    "stimulus_name": "Square - 0.5ms Subthreshold",
    "stimulus_relative_amplitude": 1.0,
    "stimulus_start_time": 0.12,
    "stimulus_units": "pA",
    "sweep_number": 77,
    "vm_delta_mv": 0.320747375488281
  },
  {
    "bridge_balance_mohm": 14.9572649002075,
    "id": 396304306,
    "leak_pa": 0.0,
    "num_spikes": 0,
    "peak_deflection": 0.0,
    "post_noise_rms_mv": 0.037571731954813,
    "post_vm_mv": -78.7230987548828,
    "pre_noise_rms_mv": 0.0304514095187187,
    "pre_vm_mv": -78.9798431396484,
    "slow_noise_rms_mv": 0.118807412683964,
    "slow_vm_mv": -78.9798431396484,
    "specimen_id": 313862373,
    "stimulus_absolute_amplitude": 599.999994133071,
    "stimulus_description": "C1SSCOARSE141203[5]",
    "stimulus_duration": 0.002995,
    "stimulus_interval": 0.0,
    "stimulus_name": "Short Square",
    "stimulus_relative_amplitude": 1.0,
    "stimulus_start_time": 0.92,
    "stimulus_units": "pA",
    "sweep_number": 12,
    "vm_delta_mv": 0.256744384765625
  },
  {
    "bridge_balance_mohm": 14.0415143966675,
    "id": 396304396,
    "leak_pa": 0.0,
    "num_spikes": 0,
    "peak_deflection": -47.1875,
    "post_noise_rms_mv": 0.0412577278912067,
    "post_vm_mv": -75.6426773071289,
    "pre_noise_rms_mv": 0.0393875166773796,
    "pre_vm_mv": -75.5869522094727,
    "slow_noise_rms_mv": 0.118002712726593,
    "slow_vm_mv": -75.5869522094727,
    "specimen_id": 313862373,
    "stimulus_absolute_amplitude": 430.000007822784,
    "stimulus_description": "C1LSCOARSE141203[27]",
    "stimulus_duration": 0.999995,
    "stimulus_interval": 0.0,
    "stimulus_name": "Long Square",
    "stimulus_relative_amplitude": 1.0,
    "stimulus_start_time": 0.92,
    "stimulus_units": "pA",
    "sweep_number": 53,
    "vm_delta_mv": 0.05572509765625
  },
  {
    "bridge_balance_mohm": 14.0415143966675,
    "id": 396304460,
    "leak_pa": 0.0,
    "num_spikes": 1,
    "peak_deflection": 0.0,
    "post_noise_rms_mv": 0.0327254943549633,
    "post_vm_mv": -77.8690185546875,
    "pre_noise_rms_mv": 0.039593294262886,
    "pre_vm_mv": -77.9619522094727,
    "slow_noise_rms_mv": 0.0716724991798401,
    "slow_vm_mv": -77.9619522094727,
    "specimen_id": 313862373,
    "stimulus_absolute_amplitude": 669.999999924897,
    "stimulus_description": "C1LSFINEST141203[0]",
    "stimulus_duration": 0.999995,
    "stimulus_interval": 0.0,
    "stimulus_name": "Long Square",
    "stimulus_relative_amplitude": 6.7,
    "stimulus_start_time": 0.92,
    "stimulus_units": "pA",
    "sweep_number": 82,
    "vm_delta_mv": 0.0929336547851562
  },
  {
    "bridge_balance_mohm": 14.0415143966675,
    "id": 396304384,
    "leak_pa": 0.0,
    "num_spikes": 0,
    "peak_deflection": -53.75,
    "post_noise_rms_mv": 0.0300471317023039,
    "post_vm_mv": -76.0040817260742,
    "pre_noise_rms_mv": 0.0416514798998833,
    "pre_vm_mv": -76.1364974975586,
    "slow_noise_rms_mv": 0.0908741056919098,
    "slow_vm_mv": -76.1364974975586,
    "specimen_id": 313862373,
    "stimulus_absolute_amplitude": 329.999999548747,
    "stimulus_description": "C1LSCOARSE141203[22]",
    "stimulus_duration": 0.999995,
    "stimulus_interval": 0.0,
    "stimulus_name": "Long Square",
    "stimulus_relative_amplitude": 1.0,
    "stimulus_start_time": 0.92,
    "stimulus_units": "pA",
    "sweep_number": 48,
    "vm_delta_mv": 0.132415771484375
  },
  {
    "bridge_balance_mohm": 14.0415143966675,
    "id": 396304328,
    "leak_pa": 0.0,
    "num_spikes": 1,
    "peak_deflection": 0.0,
    "post_noise_rms_mv": 0.0394418649375439,
    "post_vm_mv": -77.5668716430664,
    "pre_noise_rms_mv": 0.0315066426992416,
    "pre_vm_mv": -77.939697265625,
    "slow_noise_rms_mv": 0.161575317382812,
    "slow_vm_mv": -77.939697265625,
    "specimen_id": 313862373,
    "stimulus_absolute_amplitude": 949.99996758105,
    "stimulus_description": "C1SSFINEST141203[0]",
    "stimulus_duration": 0.002995,
    "stimulus_interval": 0.0,
    "stimulus_name": "Short Square",
    "stimulus_relative_amplitude": 9.5,
    "stimulus_start_time": 0.92,
    "stimulus_units": "pA",
    "sweep_number": 22,
    "vm_delta_mv": 0.372825622558594
  },
  {
    "bridge_balance_mohm": 14.0415143966675,
    "id": 396304406,
    "leak_pa": 0.0,
    "num_spikes": 0,
    "peak_deflection": -44.125,
    "post_noise_rms_mv": 0.0374159812927246,
    "post_vm_mv": -77.4118576049805,
    "pre_noise_rms_mv": 0.0399703606963158,
    "pre_vm_mv": -77.6091384887695,
    "slow_noise_rms_mv": 0.0810433775186539,
    "slow_vm_mv": -77.6091384887695,
    "specimen_id": 313862373,
    "stimulus_absolute_amplitude": 529.999988341245,
    "stimulus_description": "C1LSCOARSE141203[32]",
    "stimulus_duration": 0.999995,
    "stimulus_interval": 0.0,
    "stimulus_name": "Long Square",
    "stimulus_relative_amplitude": 1.0,
    "stimulus_start_time": 0.92,
    "stimulus_units": "pA",
    "sweep_number": 58,
    "vm_delta_mv": 0.197280883789062
  },
  {
    "bridge_balance_mohm": 0.0,
    "id": 396304486,
    "leak_pa": 0.0,
    "num_spikes": 0,
    "peak_deflection": 0.0,
    "post_noise_rms_mv": 0.0,
    "post_vm_mv": 0.0,
    "pre_noise_rms_mv": 0.0,
    "pre_vm_mv": 0.0,
    "slow_noise_rms_mv": 0.0,
    "slow_vm_mv": 0.0,
    "specimen_id": 313862373,
    "stimulus_absolute_amplitude": 9.99999977648258,
    "stimulus_description": "EXTPGGAEND141203[0]",
    "stimulus_duration": 0.069995,
    "stimulus_interval": 0.05,
    "stimulus_name": "Test",
    "stimulus_relative_amplitude": 1.0,
    "stimulus_start_time": 0.03,
    "stimulus_units": "mV",
    "sweep_number": 94,
    "vm_delta_mv": 0.0
  },
  {
    "bridge_balance_mohm": 0.0,
    "id": 396304322,
    "leak_pa": 0.0,
    "num_spikes": 0,
    "peak_deflection": 0.0,
    "post_noise_rms_mv": 0.0,
    "post_vm_mv": 0.0,
    "pre_noise_rms_mv": 0.0,
    "pre_vm_mv": 0.0,
    "slow_noise_rms_mv": 0.0,
    "slow_vm_mv": 0.0,
    "specimen_id": 313862373,
    "stimulus_absolute_amplitude": 9.99999977648258,
    "stimulus_description": "EXTPCllATT141203[0]",
    "stimulus_duration": 0.069995,
    "stimulus_interval": 0.05,
    "stimulus_name": "Test",
    "stimulus_relative_amplitude": 1.0,
    "stimulus_start_time": 0.03,
    "stimulus_units": "mV",
    "sweep_number": 2,
    "vm_delta_mv": 0.0
  },
  {
    "bridge_balance_mohm": 14.0415143966675,
    "id": 396304332,
    "leak_pa": 0.0,
    "num_spikes": 1,
    "peak_deflection": 0.0,
    "post_noise_rms_mv": 0.0339521244168282,
    "post_vm_mv": -77.1215438842773,
    "pre_noise_rms_mv": 0.0337704941630363,
    "pre_vm_mv": -77.4638137817383,
    "slow_noise_rms_mv": 0.0799612030386925,
    "slow_vm_mv": -77.4638137817383,
    "specimen_id": 313862373,
    "stimulus_absolute_amplitude": 949.99996758105,
    "stimulus_description": "C1SSFINEST141203[0]",
    "stimulus_duration": 0.002995,
    "stimulus_interval": 0.0,
    "stimulus_name": "Short Square",
    "stimulus_relative_amplitude": 9.5,
    "stimulus_start_time": 0.92,
    "stimulus_units": "pA",
    "sweep_number": 24,
    "vm_delta_mv": 0.342269897460938
  },
  {
    "bridge_balance_mohm": 14.0415143966675,
    "id": 396304426,
    "leak_pa": 0.0,
    "num_spikes": 1,
    "peak_deflection": 0.0,
    "post_noise_rms_mv": 0.0349630787968636,
    "post_vm_mv": -76.8554916381836,
    "pre_noise_rms_mv": 0.0451749935746193,
    "pre_vm_mv": -77.0350036621094,
    "slow_noise_rms_mv": 0.111601017415524,
    "slow_vm_mv": -77.0350036621094,
    "specimen_id": 313862373,
    "stimulus_absolute_amplitude": 710.000003234512,
    "stimulus_description": "C1LSCOARSE141203[41]",
    "stimulus_duration": 0.999995,
    "stimulus_interval": 0.0,
    "stimulus_name": "Long Square",
    "stimulus_relative_amplitude": 1.0,
    "stimulus_start_time": 0.92,
    "stimulus_units": "pA",
    "sweep_number": 67,
    "vm_delta_mv": 0.179512023925781
  },
  {
    "bridge_balance_mohm": 14.0415143966675,
    "id": 396304474,
    "leak_pa": 0.0,
    "num_spikes": 1,
    "peak_deflection": 0.0,
    "post_noise_rms_mv": 0.0358122102916241,
    "post_vm_mv": -78.0524597167969,
    "pre_noise_rms_mv": 0.0349635854363441,
    "pre_vm_mv": -78.3618087768555,
    "slow_noise_rms_mv": 0.170989274978638,
    "slow_vm_mv": -78.3618087768555,
    "specimen_id": 313862373,
    "stimulus_absolute_amplitude": 710.000003234512,
    "stimulus_description": "C2SQRHELNG141203[0]",
    "stimulus_duration": 1.999995,
    "stimulus_interval": 0.0,
    "stimulus_name": "Square - 2s Suprathreshold",
    "stimulus_relative_amplitude": 7.1,
    "stimulus_start_time": 0.92,
    "stimulus_units": "pA",
    "sweep_number": 89,
    "vm_delta_mv": 0.309349060058594
  },
  {
    "bridge_balance_mohm": 0.0,
    "id": 396304484,
    "leak_pa": 0.0,
    "num_spikes": 0,
    "peak_deflection": 0.0,
    "post_noise_rms_mv": 0.0,
    "post_vm_mv": 0.0,
    "pre_noise_rms_mv": 0.0,
    "pre_vm_mv": 0.0,
    "slow_noise_rms_mv": 0.0,
    "slow_vm_mv": 0.0,
    "specimen_id": 313862373,
    "stimulus_absolute_amplitude": 9.99999977648258,
    "stimulus_description": "EXTPEXPEND141203[0]",
    "stimulus_duration": 0.069995,
    "stimulus_interval": 0.05,
    "stimulus_name": "Test",
    "stimulus_relative_amplitude": 1.0,
    "stimulus_start_time": 0.03,
    "stimulus_units": "mV",
    "sweep_number": 93,
    "vm_delta_mv": 0.0
  },
  {
    "bridge_balance_mohm": 14.9572649002075,
    "id": 396304476,
    "leak_pa": 0.0,
    "num_spikes": 0,
    "peak_deflection": 0.0,
    "post_noise_rms_mv": 0.0408613346517086,
    "post_vm_mv": -79.3614959716797,
    "pre_noise_rms_mv": 0.0403676852583885,
    "pre_vm_mv": -79.4699401855469,
    "slow_noise_rms_mv": 0.0984042808413506,
    "slow_vm_mv": -79.4699401855469,
    "specimen_id": 313862373,
    "stimulus_absolute_amplitude": 299.999997066536,
    "stimulus_description": "C1SSCOARSE141203[2]",
    "stimulus_duration": 0.002995,
    "stimulus_interval": 0.0,
    "stimulus_name": "Short Square",
    "stimulus_relative_amplitude": 1.0,
    "stimulus_start_time": 0.92,
    "stimulus_units": "pA",
    "sweep_number": 9,
    "vm_delta_mv": 0.108444213867188
  },
  {
    "bridge_balance_mohm": 14.0415143966675,
    "id": 396304338,
    "leak_pa": 0.0,
    "num_spikes": 0,
    "peak_deflection": -83.46875,
    "post_noise_rms_mv": 0.0423802472651005,
    "post_vm_mv": -77.5167694091797,
    "pre_noise_rms_mv": 0.0385761186480522,
    "pre_vm_mv": -77.6668167114258,
    "slow_noise_rms_mv": 0.10823629796505,
    "slow_vm_mv": -77.6668167114258,
    "specimen_id": 313862373,
    "stimulus_absolute_amplitude": -90.0000005077395,
    "stimulus_description": "C1LSCOARSE141203[1]",
    "stimulus_duration": 0.999995,
    "stimulus_interval": 0.0,
    "stimulus_name": "Long Square",
    "stimulus_relative_amplitude": 1.0,
    "stimulus_start_time": 0.92,
    "stimulus_units": "pA",
    "sweep_number": 27,
    "vm_delta_mv": 0.150047302246094
  },
  {
    "bridge_balance_mohm": 14.0415143966675,
    "id": 396304380,
    "leak_pa": 0.0,
    "num_spikes": 0,
    "peak_deflection": -56.71875,
    "post_noise_rms_mv": 0.0363144278526306,
    "post_vm_mv": -76.3879623413086,
    "pre_noise_rms_mv": 0.0346989557147026,
    "pre_vm_mv": -76.7219085693359,
    "slow_noise_rms_mv": 0.104623340070248,
    "slow_vm_mv": -76.7219085693359,
    "specimen_id": 313862373,
    "stimulus_absolute_amplitude": 289.999996239132,
    "stimulus_description": "C1LSCOARSE141203[20]",
    "stimulus_duration": 0.999995,
    "stimulus_interval": 0.0,
    "stimulus_name": "Long Square",
    "stimulus_relative_amplitude": 1.0,
    "stimulus_start_time": 0.92,
    "stimulus_units": "pA",
    "sweep_number": 46,
    "vm_delta_mv": 0.333946228027344
  },
  {
    "bridge_balance_mohm": 14.0415143966675,
    "id": 396304352,
    "leak_pa": 0.0,
    "num_spikes": 0,
    "peak_deflection": -74.3125,
    "post_noise_rms_mv": 0.041513916105032,
    "post_vm_mv": -76.8027877807617,
    "pre_noise_rms_mv": 0.0371521301567554,
    "pre_vm_mv": -76.7498931884766,
    "slow_noise_rms_mv": 0.157389581203461,
    "slow_vm_mv": -76.7498931884766,
    "specimen_id": 313862373,
    "stimulus_absolute_amplitude": 29.9999990127642,
    "stimulus_description": "C1LSCOARSE141203[7]",
    "stimulus_duration": 0.999995,
    "stimulus_interval": 0.0,
    "stimulus_name": "Long Square",
    "stimulus_relative_amplitude": 1.0,
    "stimulus_start_time": 0.92,
    "stimulus_units": "pA",
    "sweep_number": 33,
    "vm_delta_mv": 0.0528945922851562
  },
  {
    "bridge_balance_mohm": 14.0415143966675,
    "id": 396304482,
    "leak_pa": 0.0,
    "num_spikes": 2,
    "peak_deflection": 0.0,
    "post_noise_rms_mv": 0.0362534485757351,
    "post_vm_mv": -77.7141952514648,
    "pre_noise_rms_mv": 0.0369393303990364,
    "pre_vm_mv": -77.6702728271484,
    "slow_noise_rms_mv": 0.169161438941956,
    "slow_vm_mv": -77.6702728271484,
    "specimen_id": 313862373,
    "stimulus_absolute_amplitude": 750.000006544127,
    "stimulus_description": "C2SQRHELNG141203[0]",
    "stimulus_duration": 1.999995,
    "stimulus_interval": 0.0,
    "stimulus_name": "Square - 2s Suprathreshold",
    "stimulus_relative_amplitude": 7.5,
    "stimulus_start_time": 0.92,
    "stimulus_units": "pA",
    "sweep_number": 92,
    "vm_delta_mv": 0.0439224243164062
  },
  {
    "bridge_balance_mohm": 14.0415143966675,
    "id": 396304430,
    "leak_pa": 0.0,
    "num_spikes": 2,
    "peak_deflection": 0.0,
    "post_noise_rms_mv": 0.0415574572980404,
    "post_vm_mv": -76.8025817871094,
    "pre_noise_rms_mv": 0.0375419706106186,
    "pre_vm_mv": -76.8861770629883,
    "slow_noise_rms_mv": 0.108015097677708,
    "slow_vm_mv": -76.8861770629883,
    "specimen_id": 313862373,
    "stimulus_absolute_amplitude": 750.000006544127,
    "stimulus_description": "C1LSCOARSE141203[43]",
    "stimulus_duration": 0.999995,
    "stimulus_interval": 0.0,
    "stimulus_name": "Long Square",
    "stimulus_relative_amplitude": 1.0,
    "stimulus_start_time": 0.92,
    "stimulus_units": "pA",
    "sweep_number": 69,
    "vm_delta_mv": 0.0835952758789062
  },
  {
    "bridge_balance_mohm": 14.9572649002075,
    "id": 396304308,
    "leak_pa": 0.0,
    "num_spikes": 0,
    "peak_deflection": 0.0,
    "post_noise_rms_mv": 0.0230291839689016,
    "post_vm_mv": -78.6810302734375,
    "pre_noise_rms_mv": 0.0235647018998861,
    "pre_vm_mv": -78.9017333984375,
    "slow_noise_rms_mv": 0.0844481289386749,
    "slow_vm_mv": -78.9017333984375,
    "specimen_id": 313862373,
    "stimulus_absolute_amplitude": 700.000002407108,
    "stimulus_description": "C1SSCOARSE141203[6]",
    "stimulus_duration": 0.002995,
    "stimulus_interval": 0.0,
    "stimulus_name": "Short Square",
    "stimulus_relative_amplitude": 1.0,
    "stimulus_start_time": 0.92,
    "stimulus_units": "pA",
    "sweep_number": 13,
    "vm_delta_mv": 0.220703125
  },
  {
    "bridge_balance_mohm": 14.0415143966675,
    "id": 396304416,
    "leak_pa": 0.0,
    "num_spikes": 0,
    "peak_deflection": -40.03125,
    "post_noise_rms_mv": 0.029810031875968,
    "post_vm_mv": -77.0028762817383,
    "pre_noise_rms_mv": 0.0373871885240078,
    "pre_vm_mv": -77.2610321044922,
    "slow_noise_rms_mv": 0.10371121019125,
    "slow_vm_mv": -77.2610321044922,
    "specimen_id": 313862373,
    "stimulus_absolute_amplitude": 609.999994960475,
    "stimulus_description": "C1LSCOARSE141203[36]",
    "stimulus_duration": 0.999995,
    "stimulus_interval": 0.0,
    "stimulus_name": "Long Square",
    "stimulus_relative_amplitude": 1.0,
    "stimulus_start_time": 0.92,
    "stimulus_units": "pA",
    "sweep_number": 62,
    "vm_delta_mv": 0.258155822753906
  },
  {
    "bridge_balance_mohm": 14.0415143966675,
    "id": 396304420,
    "leak_pa": 0.0,
    "num_spikes": 1,
    "peak_deflection": 0.0,
    "post_noise_rms_mv": 0.0360358953475952,
    "post_vm_mv": -76.7584075927734,
    "pre_noise_rms_mv": 0.0236930623650551,
    "pre_vm_mv": -76.904655456543,
    "slow_noise_rms_mv": 0.104316689074039,
    "slow_vm_mv": -76.904655456543,
    "specimen_id": 313862373,
    "stimulus_absolute_amplitude": 649.99999827009,
    "stimulus_description": "C1LSCOARSE141203[38]",
    "stimulus_duration": 0.999995,
    "stimulus_interval": 0.0,
    "stimulus_name": "Long Square",
    "stimulus_relative_amplitude": 1.0,
    "stimulus_start_time": 0.92,
    "stimulus_units": "pA",
    "sweep_number": 64,
    "vm_delta_mv": 0.146247863769531
  },
  {
    "bridge_balance_mohm": 14.0415143966675,
    "id": 396304398,
    "leak_pa": 0.0,
    "num_spikes": 0,
    "peak_deflection": -47.03125,
    "post_noise_rms_mv": 0.0361570827662945,
    "post_vm_mv": -76.4321136474609,
    "pre_noise_rms_mv": 0.0351401679217815,
    "pre_vm_mv": -76.2951965332031,
    "slow_noise_rms_mv": 0.0952328518033028,
    "slow_vm_mv": -76.2951965332031,
    "specimen_id": 313862373,
    "stimulus_absolute_amplitude": 450.000009477591,
    "stimulus_description": "C1LSCOARSE141203[28]",
    "stimulus_duration": 0.999995,
    "stimulus_interval": 0.0,
    "stimulus_name": "Long Square",
    "stimulus_relative_amplitude": 1.0,
    "stimulus_start_time": 0.92,
    "stimulus_units": "pA",
    "sweep_number": 54,
    "vm_delta_mv": 0.136917114257812
  },
  {
    "bridge_balance_mohm": 14.0415143966675,
    "id": 396304320,
    "leak_pa": 0.0,
    "num_spikes": 0,
    "peak_deflection": 0.0,
    "post_noise_rms_mv": 0.0357982143759727,
    "post_vm_mv": -78.1320648193359,
    "pre_noise_rms_mv": 0.0397317856550217,
    "pre_vm_mv": -78.3298034667969,
    "slow_noise_rms_mv": 0.161767885088921,
    "slow_vm_mv": -78.3298034667969,
    "specimen_id": 313862373,
    "stimulus_absolute_amplitude": 930.000021437394,
    "stimulus_description": "C1SSFINEST141203[0]",
    "stimulus_duration": 0.002995,
    "stimulus_interval": 0.0,
    "stimulus_name": "Short Square",
    "stimulus_relative_amplitude": 9.3,
    "stimulus_start_time": 0.92,
    "stimulus_units": "pA",
    "sweep_number": 19,
    "vm_delta_mv": 0.197738647460938
  },
  {
    "bridge_balance_mohm": 14.0415143966675,
    "id": 396304368,
    "leak_pa": 0.0,
    "num_spikes": 0,
    "peak_deflection": -65.3125076293945,
    "post_noise_rms_mv": 0.0358635410666466,
    "post_vm_mv": -76.8035125732422,
    "pre_noise_rms_mv": 0.0386883728206158,
    "pre_vm_mv": -76.9349212646484,
    "slow_noise_rms_mv": 0.0870713070034981,
    "slow_vm_mv": -76.9349212646484,
    "specimen_id": 313862373,
    "stimulus_absolute_amplitude": 170.000000188075,
    "stimulus_description": "C1LSCOARSE141203[14]",
    "stimulus_duration": 0.999995,
    "stimulus_interval": 0.0,
    "stimulus_name": "Long Square",
    "stimulus_relative_amplitude": 1.0,
    "stimulus_start_time": 0.92,
    "stimulus_units": "pA",
    "sweep_number": 40,
    "vm_delta_mv": 0.13140869140625
  },
  {
    "bridge_balance_mohm": 0.0,
    "id": 396304300,
    "leak_pa": 0.0,
    "num_spikes": 0,
    "peak_deflection": 0.0,
    "post_noise_rms_mv": 0.0,
    "post_vm_mv": 0.0,
    "pre_noise_rms_mv": 0.0,
    "pre_vm_mv": 0.0,
    "slow_noise_rms_mv": 0.0,
    "slow_vm_mv": 0.0,
    "specimen_id": 313862373,
    "stimulus_absolute_amplitude": 9.99999977648258,
    "stimulus_description": "EXTPINBATH141203[0]",
    "stimulus_duration": 0.069995,
    "stimulus_interval": 0.05,
    "stimulus_name": "Test",
    "stimulus_relative_amplitude": 1.0,
    "stimulus_start_time": 0.03,
    "stimulus_units": "mV",
    "sweep_number": 1,
    "vm_delta_mv": 0.0
  },
  {
    "bridge_balance_mohm": 14.0415143966675,
    "id": 396304394,
    "leak_pa": 0.0,
    "num_spikes": 0,
    "peak_deflection": -48.40625,
    "post_noise_rms_mv": 0.0375953353941441,
    "post_vm_mv": -75.853515625,
    "pre_noise_rms_mv": 0.0350653529167175,
    "pre_vm_mv": -76.049446105957,
    "slow_noise_rms_mv": 0.100429780781269,
    "slow_vm_mv": -76.049446105957,
    "specimen_id": 313862373,
    "stimulus_absolute_amplitude": 410.000006167976,
    "stimulus_description": "C1LSCOARSE141203[26]",
    "stimulus_duration": 0.999995,
    "stimulus_interval": 0.0,
    "stimulus_name": "Long Square",
    "stimulus_relative_amplitude": 1.0,
    "stimulus_start_time": 0.92,
    "stimulus_units": "pA",
    "sweep_number": 52,
    "vm_delta_mv": 0.195930480957031
  },
  {
    "bridge_balance_mohm": 14.0415143966675,
    "id": 396304340,
    "leak_pa": 0.0,
    "num_spikes": 0,
    "peak_deflection": -82.0,
    "post_noise_rms_mv": 0.0371672101318836,
    "post_vm_mv": -77.0863418579102,
    "pre_noise_rms_mv": 0.0418596193194389,
    "pre_vm_mv": -77.4644470214844,
    "slow_noise_rms_mv": 0.129641950130463,
    "slow_vm_mv": -77.4644470214844,
    "specimen_id": 313862373,
    "stimulus_absolute_amplitude": -69.9999988529321,
    "stimulus_description": "C1LSCOARSE141203[2]",
    "stimulus_duration": 0.999995,
    "stimulus_interval": 0.0,
    "stimulus_name": "Long Square",
    "stimulus_relative_amplitude": 1.0,
    "stimulus_start_time": 0.92,
    "stimulus_units": "pA",
    "sweep_number": 28,
    "vm_delta_mv": 0.378105163574219
  },
  {
    "bridge_balance_mohm": 14.0415143966675,
    "id": 396304362,
    "leak_pa": 0.0,
    "num_spikes": 0,
    "peak_deflection": -68.0,
    "post_noise_rms_mv": 0.0344404317438602,
    "post_vm_mv": -76.9363784790039,
    "pre_noise_rms_mv": 0.0374526455998421,
    "pre_vm_mv": -76.8326263427734,
    "slow_noise_rms_mv": 0.0887348130345345,
    "slow_vm_mv": -76.8326263427734,
    "specimen_id": 313862373,
    "stimulus_absolute_amplitude": 129.99999687846,
    "stimulus_description": "C1LSCOARSE141203[12]",
    "stimulus_duration": 0.999995,
    "stimulus_interval": 0.0,
    "stimulus_name": "Long Square",
    "stimulus_relative_amplitude": 1.0,
    "stimulus_start_time": 0.92,
    "stimulus_units": "pA",
    "sweep_number": 38,
    "vm_delta_mv": 0.103752136230469
  },
  {
    "bridge_balance_mohm": 14.9572649002075,
    "id": 396304302,
    "leak_pa": 0.0,
    "num_spikes": 0,
    "peak_deflection": 0.0,
    "post_noise_rms_mv": 0.0356948859989643,
    "post_vm_mv": -79.2682723999023,
    "pre_noise_rms_mv": 0.0548076592385769,
    "pre_vm_mv": -79.3875885009766,
    "slow_noise_rms_mv": 0.113619461655617,
    "slow_vm_mv": -79.3875885009766,
    "specimen_id": 313862373,
    "stimulus_absolute_amplitude": 400.000005340573,
    "stimulus_description": "C1SSCOARSE141203[3]",
    "stimulus_duration": 0.002995,
    "stimulus_interval": 0.0,
    "stimulus_name": "Short Square",
    "stimulus_relative_amplitude": 1.0,
    "stimulus_start_time": 0.92,
    "stimulus_units": "pA",
    "sweep_number": 10,
    "vm_delta_mv": 0.119316101074219
  },
  {
    "bridge_balance_mohm": 14.0415143966675,
    "id": 396304374,
    "leak_pa": 0.0,
    "num_spikes": 0,
    "peak_deflection": -60.9687538146973,
    "post_noise_rms_mv": 0.0363815873861313,
    "post_vm_mv": -76.5982208251953,
    "pre_noise_rms_mv": 0.0396211855113506,
    "pre_vm_mv": -76.6864700317383,
    "slow_noise_rms_mv": 0.0859792530536652,
    "slow_vm_mv": -76.6864700317383,
    "specimen_id": 313862373,
    "stimulus_absolute_amplitude": 230.000005152498,
    "stimulus_description": "C1LSCOARSE141203[17]",
    "stimulus_duration": 0.999995,
    "stimulus_interval": 0.0,
    "stimulus_name": "Long Square",
    "stimulus_relative_amplitude": 1.0,
    "stimulus_start_time": 0.92,
    "stimulus_units": "pA",
    "sweep_number": 43,
    "vm_delta_mv": 0.0882492065429688
  },
  {
    "bridge_balance_mohm": 14.0415143966675,
    "id": 396304418,
    "leak_pa": 0.0,
    "num_spikes": 1,
    "peak_deflection": 0.0,
    "post_noise_rms_mv": 0.035102516412735,
    "post_vm_mv": -77.0099563598633,
    "pre_noise_rms_mv": 0.0323621071875095,
    "pre_vm_mv": -77.0419921875,
    "slow_noise_rms_mv": 0.124641619622707,
    "slow_vm_mv": -77.0419921875,
    "specimen_id": 313862373,
    "stimulus_absolute_amplitude": 629.999996615282,
    "stimulus_description": "C1LSCOARSE141203[37]",
    "stimulus_duration": 0.999995,
    "stimulus_interval": 0.0,
    "stimulus_name": "Long Square",
    "stimulus_relative_amplitude": 1.0,
    "stimulus_start_time": 0.92,
    "stimulus_units": "pA",
    "sweep_number": 63,
    "vm_delta_mv": 0.0320358276367188
  },
  {
    "bridge_balance_mohm": 14.0415143966675,
    "id": 396304312,
    "leak_pa": 0.0,
    "num_spikes": 0,
    "peak_deflection": 0.0,
    "post_noise_rms_mv": 0.0301371961832047,
    "post_vm_mv": -78.5704956054688,
    "pre_noise_rms_mv": 0.0379360765218735,
    "pre_vm_mv": -78.8725814819336,
    "slow_noise_rms_mv": 0.136343985795975,
    "slow_vm_mv": -78.8725814819336,
    "specimen_id": 313862373,
    "stimulus_absolute_amplitude": 900.000018955183,
    "stimulus_description": "C1SSCOARSE141203[8]",
    "stimulus_duration": 0.002995,
    "stimulus_interval": 0.0,
    "stimulus_name": "Short Square",
    "stimulus_relative_amplitude": 1.0,
    "stimulus_start_time": 0.92,
    "stimulus_units": "pA",
    "sweep_number": 15,
    "vm_delta_mv": 0.302085876464844
  },
  {
    "bridge_balance_mohm": 14.0415143966675,
    "id": 396304358,
    "leak_pa": 0.0,
    "num_spikes": 0,
    "peak_deflection": -69.46875,
    "post_noise_rms_mv": 0.035842552781105,
    "post_vm_mv": -76.3197631835938,
    "pre_noise_rms_mv": 0.0356627926230431,
    "pre_vm_mv": -76.3122863769531,
    "slow_noise_rms_mv": 0.109445475041866,
    "slow_vm_mv": -76.3122863769531,
    "specimen_id": 313862373,
    "stimulus_absolute_amplitude": 90.0000005077395,
    "stimulus_description": "C1LSCOARSE141203[10]",
    "stimulus_duration": 0.999995,
    "stimulus_interval": 0.0,
    "stimulus_name": "Long Square",
    "stimulus_relative_amplitude": 1.0,
    "stimulus_start_time": 0.92,
    "stimulus_units": "pA",
    "sweep_number": 36,
    "vm_delta_mv": 0.007476806640625
  },
  {
    "bridge_balance_mohm": 14.0415143966675,
    "id": 396304386,
    "leak_pa": 0.0,
    "num_spikes": 0,
    "peak_deflection": -52.15625,
    "post_noise_rms_mv": 0.0364755280315876,
    "post_vm_mv": -75.7780685424805,
    "pre_noise_rms_mv": 0.0369086712598801,
    "pre_vm_mv": -76.045280456543,
    "slow_noise_rms_mv": 0.0938812121748924,
    "slow_vm_mv": -76.045280456543,
    "specimen_id": 313862373,
    "stimulus_absolute_amplitude": 350.000001203554,
    "stimulus_description": "C1LSCOARSE141203[23]",
    "stimulus_duration": 0.999995,
    "stimulus_interval": 0.0,
    "stimulus_name": "Long Square",
    "stimulus_relative_amplitude": 1.0,
    "stimulus_start_time": 0.92,
    "stimulus_units": "pA",
    "sweep_number": 49,
    "vm_delta_mv": 0.2672119140625
  },
  {
    "bridge_balance_mohm": 14.0415143966675,
    "id": 396304390,
    "leak_pa": 0.0,
    "num_spikes": 0,
    "peak_deflection": -51.125,
    "post_noise_rms_mv": 0.0443761423230171,
    "post_vm_mv": -76.0580062866211,
    "pre_noise_rms_mv": 0.0342657268047333,
    "pre_vm_mv": -76.1316833496094,
    "slow_noise_rms_mv": 0.0991039425134659,
    "slow_vm_mv": -76.1316833496094,
    "specimen_id": 313862373,
    "stimulus_absolute_amplitude": 370.000002858362,
    "stimulus_description": "C1LSCOARSE141203[24]",
    "stimulus_duration": 0.999995,
    "stimulus_interval": 0.0,
    "stimulus_name": "Long Square",
    "stimulus_relative_amplitude": 1.0,
    "stimulus_start_time": 0.92,
    "stimulus_units": "pA",
    "sweep_number": 50,
    "vm_delta_mv": 0.0736770629882812
  },
  {
    "bridge_balance_mohm": 14.0415143966675,
    "id": 396304342,
    "leak_pa": 0.0,
    "num_spikes": 0,
    "peak_deflection": -80.75,
    "post_noise_rms_mv": 0.0359045416116714,
    "post_vm_mv": -77.2730560302734,
    "pre_noise_rms_mv": 0.0362149700522423,
    "pre_vm_mv": -77.2109222412109,
    "slow_noise_rms_mv": 0.12712150812149,
    "slow_vm_mv": -77.2109222412109,
    "specimen_id": 313862373,
    "stimulus_absolute_amplitude": -50.0000006675716,
    "stimulus_description": "C1LSCOARSE141203[3]",
    "stimulus_duration": 0.999995,
    "stimulus_interval": 0.0,
    "stimulus_name": "Long Square",
    "stimulus_relative_amplitude": 1.0,
    "stimulus_start_time": 0.92,
    "stimulus_units": "pA",
    "sweep_number": 29,
    "vm_delta_mv": 0.0621337890625
  },
  {
    "bridge_balance_mohm": 14.0415143966675,
    "id": 396304318,
    "leak_pa": 0.0,
    "num_spikes": 0,
    "peak_deflection": 0.0,
    "post_noise_rms_mv": 0.0355064794421196,
    "post_vm_mv": -78.3793411254883,
    "pre_noise_rms_mv": 0.0356748849153519,
    "pre_vm_mv": -78.589729309082,
    "slow_noise_rms_mv": 0.112052865326405,
    "slow_vm_mv": -78.589729309082,
    "specimen_id": 313862373,
    "stimulus_absolute_amplitude": 920.00002060999,
    "stimulus_description": "C1SSFINEST141203[0]",
    "stimulus_duration": 0.002995,
    "stimulus_interval": 0.0,
    "stimulus_name": "Short Square",
    "stimulus_relative_amplitude": 9.2,
    "stimulus_start_time": 0.92,
    "stimulus_units": "pA",
    "sweep_number": 18,
    "vm_delta_mv": 0.21038818359375
  },
  {
    "bridge_balance_mohm": 14.0415143966675,
    "id": 396304478,
    "leak_pa": 0.0,
    "num_spikes": 2,
    "peak_deflection": 0.0,
    "post_noise_rms_mv": 0.0473221279680729,
    "post_vm_mv": -78.1375503540039,
    "pre_noise_rms_mv": 0.0415435954928398,
    "pre_vm_mv": -77.8497314453125,
    "slow_noise_rms_mv": 0.14110703766346,
    "slow_vm_mv": -77.8497314453125,
    "specimen_id": 313862373,
    "stimulus_absolute_amplitude": 750.000006544127,
    "stimulus_description": "C2SQRHELNG141203[0]",
    "stimulus_duration": 1.999995,
    "stimulus_interval": 0.0,
    "stimulus_name": "Square - 2s Suprathreshold",
    "stimulus_relative_amplitude": 7.5,
    "stimulus_start_time": 0.92,
    "stimulus_units": "pA",
    "sweep_number": 90,
    "vm_delta_mv": 0.287818908691406
  },
  {
    "bridge_balance_mohm": 14.0415143966675,
    "id": 396304378,
    "leak_pa": 0.0,
    "num_spikes": 0,
    "peak_deflection": -58.4062538146973,
    "post_noise_rms_mv": 0.0385023206472397,
    "post_vm_mv": -76.5737686157227,
    "pre_noise_rms_mv": 0.0379047580063343,
    "pre_vm_mv": -76.5345077514648,
    "slow_noise_rms_mv": 0.0872317254543304,
    "slow_vm_mv": -76.5345077514648,
    "specimen_id": 313862373,
    "stimulus_absolute_amplitude": 269.999994584325,
    "stimulus_description": "C1LSCOARSE141203[19]",
    "stimulus_duration": 0.999995,
    "stimulus_interval": 0.0,
    "stimulus_name": "Long Square",
    "stimulus_relative_amplitude": 1.0,
    "stimulus_start_time": 0.92,
    "stimulus_units": "pA",
    "sweep_number": 45,
    "vm_delta_mv": 0.0392608642578125
  }
]