[
  {
    "bridge_balance_mohm": 18.5592174530029,
    "id": 397353005,
    "leak_pa": 0.0,
    "num_spikes": 0,
    "peak_deflection": -40.8750038146973,
    "post_noise_rms_mv": 0.0468631163239479,
    "post_vm_mv": -76.8443374633789,
    "pre_noise_rms_mv": 0.0423989072442055,
    "pre_vm_mv": -77.6415328979492,
    "slow_noise_rms_mv": 0.121912308037281,
    "slow_vm_mv": -77.6415328979492,
    "specimen_id": 397351623,
    "stimulus_absolute_amplitude": 100.000001335143,
    "stimulus_description": "C1LSFINEST150112[0]",
    "stimulus_duration": 0.999995,
    "stimulus_interval": 0.0,
    "stimulus_name": "Long Square",
    "stimulus_relative_amplitude": 1.0,
    "stimulus_start_time": 0.92,
    "stimulus_units": "pA",
    "sweep_number": 51,
    "vm_delta_mv": 0.797195434570312
  },
  {
    "bridge_balance_mohm": 18.5592174530029,
    "id": 397353003,
    "leak_pa": 0.0,
    "num_spikes": 0,
    "peak_deflection": -46.71875,
    "post_noise_rms_mv": 0.0413545034825802,
    "post_vm_mv": -77.8498229980469,
    "pre_noise_rms_mv": 0.0501603372395039,
    "pre_vm_mv": -77.9770431518555,
    "slow_noise_rms_mv": 0.0875446796417236,
    "slow_vm_mv": -77.9770431518555,
    "specimen_id": 397351623,
    "stimulus_absolute_amplitude": 90.0000005077395,
    "stimulus_description": "C1LSFINEST150112[0]",
    "stimulus_duration": 0.999995,
    "stimulus_interval": 0.0,
    "stimulus_name": "Long Square",
    "stimulus_relative_amplitude": 0.9,
    "stimulus_start_time": 0.92,
    "stimulus_units": "pA",
    "sweep_number": 50,
    "vm_delta_mv": 0.127220153808594
  },
  {
    "bridge_balance_mohm": 18.5592174530029,
    "id": 397352931,
    "leak_pa": 0.0,
    "num_spikes": 0,
    "peak_deflection": 0.0,
    "post_noise_rms_mv": 0.050481591373682,
    "post_vm_mv": -78.3761672973633,
    "pre_noise_rms_mv": 0.0417676754295826,
    "pre_vm_mv": -78.5017013549805,
    "slow_noise_rms_mv": 0.0651648044586182,
    "slow_vm_mv": -78.5017013549805,
    "specimen_id": 397351623,
    "stimulus_absolute_amplitude": 800.000010681146,
    "stimulus_description": "C1SSFINEST150112[0]",
    "stimulus_duration": 0.002995,
    "stimulus_interval": 0.0,
    "stimulus_name": "Short Square",
    "stimulus_relative_amplitude": 8.0,
    "stimulus_start_time": 0.92,
    "stimulus_units": "pA",
    "sweep_number": 18,
    "vm_delta_mv": 0.125534057617188
  },
  {
    "bridge_balance_mohm": 18.5592174530029,
    "id": 397352997,
    "leak_pa": 0.0,
    "num_spikes": 28,
    "peak_deflection": 0.0,
    "post_noise_rms_mv": 0.044375941157341,
    "post_vm_mv": -78.1166763305664,
    "pre_noise_rms_mv": 0.0473316535353661,
    "pre_vm_mv": -77.699089050293,
    "slow_noise_rms_mv": 0.246418014168739,
    "slow_vm_mv": -77.699089050293,
    "specimen_id": 397351623,
    "stimulus_absolute_amplitude": 230.000005152498,
    "stimulus_description": "C1LSCOARSE150216[17]",
    "stimulus_duration": 0.999995,
    "stimulus_interval": 0.0,
    "stimulus_name": "Long Square",
    "stimulus_relative_amplitude": 1.0,
    "stimulus_start_time": 0.92,
    "stimulus_units": "pA",
    "sweep_number": 48,
    "vm_delta_mv": 0.417587280273438
  },
  {
    "bridge_balance_mohm": 18.5592174530029,
    "id": 397353009,
    "leak_pa": 0.0,
    "num_spikes": 1,
    "peak_deflection": 0.0,
    "post_noise_rms_mv": 0.0427743457257748,
    "post_vm_mv": -77.9128036499023,
    "pre_noise_rms_mv": 0.0406534597277641,
    "pre_vm_mv": -77.8191223144531,
    "slow_noise_rms_mv": 0.112021066248417,
    "slow_vm_mv": -77.8191223144531,
    "specimen_id": 397351623,
    "stimulus_absolute_amplitude": 110.000002162547,
    "stimulus_description": "C1LSFINEST150112[0]",
    "stimulus_duration": 0.999995,
    "stimulus_interval": 0.0,
    "stimulus_name": "Long Square",
    "stimulus_relative_amplitude": 1.1,
    "stimulus_start_time": 0.92,
    "stimulus_units": "pA",
    "sweep_number": 53,
    "vm_delta_mv": 0.0936813354492188
  },
  {
    "bridge_balance_mohm": 18.5592174530029,
    "id": 397352937,
    "leak_pa": 0.0,
    "num_spikes": 1,
    "peak_deflection": 0.0,
    "post_noise_rms_mv": 0.0411016941070557,
    "post_vm_mv": -78.1647567749023,
    "pre_noise_rms_mv": 0.0470140464603901,
    "pre_vm_mv": -78.1896743774414,
    "slow_noise_rms_mv": 0.293942898511887,
    "slow_vm_mv": -78.1896743774414,
    "specimen_id": 397351623,
    "stimulus_absolute_amplitude": 810.000011508549,
    "stimulus_description": "C1SSFINEST150112[0]",
    "stimulus_duration": 0.002995,
    "stimulus_interval": 0.0,
    "stimulus_name": "Short Square",
    "stimulus_relative_amplitude": 8.1,
    "stimulus_start_time": 0.92,
    "stimulus_units": "pA",
    "sweep_number": 20,
    "vm_delta_mv": 0.0249176025390625
  },
  {
    "bridge_balance_mohm": 18.5592174530029,
    "id": 397352991,
    "leak_pa": 0.0,
    "num_spikes": 20,
    "peak_deflection": 0.0,
    "post_noise_rms_mv": 0.0420402884483337,
    "post_vm_mv": -77.986457824707,
    "pre_noise_rms_mv": 0.0441322177648544,
    "pre_vm_mv": -77.8312530517578,
    "slow_noise_rms_mv": 0.200422644615173,
    "slow_vm_mv": -77.8312530517578,
    "specimen_id": 397351623,
    "stimulus_absolute_amplitude": 170.000000188075,
    "stimulus_description": "C1LSCOARSE150216[14]",
    "stimulus_duration": 0.999995,
    "stimulus_interval": 0.0,
    "stimulus_name": "Long Square",
    "stimulus_relative_amplitude": 1.0,
    "stimulus_start_time": 0.92,
    "stimulus_units": "pA",
    "sweep_number": 45,
    "vm_delta_mv": 0.155204772949219
  },
  {
    "bridge_balance_mohm": 18.5592174530029,
    "id": 397352989,
    "leak_pa": 0.0,
    "num_spikes": 16,
    "peak_deflection": 0.0,
    "post_noise_rms_mv": 0.0437388978898525,
    "post_vm_mv": -78.254753112793,
    "pre_noise_rms_mv": 0.0444959327578545,
    "pre_vm_mv": -78.2070999145508,
    "slow_noise_rms_mv": 0.0979572683572769,
    "slow_vm_mv": -78.2070999145508,
    "specimen_id": 397351623,
    "stimulus_absolute_amplitude": 149.999998533268,
    "stimulus_description": "C1LSCOARSE150216[13]",
    "stimulus_duration": 0.999995,
    "stimulus_interval": 0.0,
    "stimulus_name": "Long Square",
    "stimulus_relative_amplitude": 1.0,
    "stimulus_start_time": 0.92,
    "stimulus_units": "pA",
    "sweep_number": 44,
    "vm_delta_mv": 0.0476531982421875
  },
  {
    "bridge_balance_mohm": 18.5592174530029,
    "id": 397353001,
    "leak_pa": 0.0,
    "num_spikes": 8,
    "peak_deflection": 0.0,
    "post_noise_rms_mv": 0.0,
    "post_vm_mv": 0.0,
    "pre_noise_rms_mv": 0.0398611575365067,
    "pre_vm_mv": -77.4918670654297,
    "slow_noise_rms_mv": 0.0854333490133286,
    "slow_vm_mv": -77.4918670654297,
    "specimen_id": 397351623,
    "stimulus_absolute_amplitude": 800.000010681146,
    "stimulus_description": "C1RP25PR1S141203[0]",
    "stimulus_duration": 31.997495,
    "stimulus_interval": 0.0,
    "stimulus_name": "Ramp",
    "stimulus_relative_amplitude": 1.0,
    "stimulus_start_time": 0.9225,
    "stimulus_units": "pA",
    "sweep_number": 5,
    "vm_delta_mv": 0.0
  },
  {
    "bridge_balance_mohm": 18.5592174530029,
    "id": 397353007,
    "leak_pa": 0.0,
    "num_spikes": 1,
    "peak_deflection": 0.0,
    "post_noise_rms_mv": 0.0446997471153736,
    "post_vm_mv": -77.9462585449219,
    "pre_noise_rms_mv": 0.0428220368921757,
    "pre_vm_mv": -77.9186935424805,
    "slow_noise_rms_mv": 0.149947270750999,
    "slow_vm_mv": -77.9186935424805,
    "specimen_id": 397351623,
    "stimulus_absolute_amplitude": 110.000002162547,
    "stimulus_description": "C1LSFINEST150112[0]",
    "stimulus_duration": 0.999995,
    "stimulus_interval": 0.0,
    "stimulus_name": "Long Square",
    "stimulus_relative_amplitude": 1.1,
    "stimulus_start_time": 0.92,
    "stimulus_units": "pA",
    "sweep_number": 52,
    "vm_delta_mv": 0.0275650024414062
  },
  {
    "bridge_balance_mohm": 18.5592174530029,
    "id": 397352981,
    "leak_pa": 0.0,
    "num_spikes": 0,
    "peak_deflection": -50.25,
    "post_noise_rms_mv": 0.0385519713163376,
    "post_vm_mv": -77.809196472168,
    "pre_noise_rms_mv": 0.0469352155923843,
    "pre_vm_mv": -77.5922470092773,
    "slow_noise_rms_mv": 0.181437462568283,
    "slow_vm_mv": -77.5922470092773,
    "specimen_id": 397351623,
    "stimulus_absolute_amplitude": 69.9999988529321,
    "stimulus_description": "C1LSCOARSE150216[9]",
    "stimulus_duration": 0.999995,
    "stimulus_interval": 0.0,
    "stimulus_name": "Long Square",
    "stimulus_relative_amplitude": 1.0,
    "stimulus_start_time": 0.92,
    "stimulus_units": "pA",
    "sweep_number": 40,
    "vm_delta_mv": 0.216949462890625
  },
  {
    "bridge_balance_mohm": 18.5592174530029,
    "id": 397352951,
    "leak_pa": 0.0,
    "num_spikes": 1,
    "peak_deflection": 0.0,
    "post_noise_rms_mv": 0.044558621942997,
    "post_vm_mv": -78.4741897583008,
    "pre_noise_rms_mv": 0.054048165678978,
    "pre_vm_mv": -78.2046737670898,
    "slow_noise_rms_mv": 0.143235817551613,
    "slow_vm_mv": -78.2046737670898,
    "specimen_id": 397351623,
    "stimulus_absolute_amplitude": 830.000013163357,
    "stimulus_description": "C1SSFINEST150112[0]",
    "stimulus_duration": 0.002995,
    "stimulus_interval": 0.0,
    "stimulus_name": "Short Square",
    "stimulus_relative_amplitude": 8.3,
    "stimulus_start_time": 0.92,
    "stimulus_units": "pA",
    "sweep_number": 27,
    "vm_delta_mv": 0.269515991210938
  },
  {
    "bridge_balance_mohm": 18.5592174530029,
    "id": 397352987,
    "leak_pa": 0.0,
    "num_spikes": 13,
    "peak_deflection": 0.0,
    "post_noise_rms_mv": 0.0473922826349735,
    "post_vm_mv": -77.7566070556641,
    "pre_noise_rms_mv": 0.0482479482889175,
    "pre_vm_mv": -78.2878494262695,
    "slow_noise_rms_mv": 0.139027312397957,
    "slow_vm_mv": -78.2878494262695,
    "specimen_id": 397351623,
    "stimulus_absolute_amplitude": 129.99999687846,
    "stimulus_description": "C1LSCOARSE150216[12]",
    "stimulus_duration": 0.999995,
    "stimulus_interval": 0.0,
    "stimulus_name": "Long Square",
    "stimulus_relative_amplitude": 1.0,
    "stimulus_start_time": 0.92,
    "stimulus_units": "pA",
    "sweep_number": 43,
    "vm_delta_mv": 0.531242370605469
  },
  {
    "bridge_balance_mohm": 18.5592174530029,
    "id": 397352977,
    "leak_pa": 0.0,
    "num_spikes": 0,
    "peak_deflection": -59.875,
    "post_noise_rms_mv": 0.0351231172680855,
    "post_vm_mv": -77.5632400512695,
    "pre_noise_rms_mv": 0.0492994859814644,
    "pre_vm_mv": -77.6044006347656,
    "slow_noise_rms_mv": 0.111786611378193,
    "slow_vm_mv": -77.6044006347656,
    "specimen_id": 397351623,
    "stimulus_absolute_amplitude": 50.0000006675716,
    "stimulus_description": "C1LSCOARSE150216[8]",
    "stimulus_duration": 0.999995,
    "stimulus_interval": 0.0,
    "stimulus_name": "Long Square",
    "stimulus_relative_amplitude": 1.0,
    "stimulus_start_time": 0.92,
    "stimulus_units": "pA",
    "sweep_number": 39,
    "vm_delta_mv": 0.0411605834960938
  },
  {
    "bridge_balance_mohm": 18.5592174530029,
    "id": 397352999,
    "leak_pa": 0.0,
    "num_spikes": 0,
    "peak_deflection": -50.53125,
    "post_noise_rms_mv": 0.0516781359910965,
    "post_vm_mv": -77.7006454467773,
    "pre_noise_rms_mv": 0.0409423932433128,
    "pre_vm_mv": -77.6248474121094,
    "slow_noise_rms_mv": 0.124288029968739,
    "slow_vm_mv": -77.6248474121094,
    "specimen_id": 397351623,
    "stimulus_absolute_amplitude": 79.9999996803358,
    "stimulus_description": "C1LSFINEST150112[0]",
    "stimulus_duration": 0.999995,
    "stimulus_interval": 0.0,
    "stimulus_name": "Long Square",
    "stimulus_relative_amplitude": 0.8,
    "stimulus_start_time": 0.92,
    "stimulus_units": "pA",
    "sweep_number": 49,
    "vm_delta_mv": 0.0757980346679688
  },
  {
    "bridge_balance_mohm": 18.5592174530029,
    "id": 397352995,
    "leak_pa": 0.0,
    "num_spikes": 26,
    "peak_deflection": 0.0,
    "post_noise_rms_mv": 0.0406293906271458,
    "post_vm_mv": -77.2074737548828,
    "pre_noise_rms_mv": 0.0429323986172676,
    "pre_vm_mv": -77.5603637695312,
    "slow_noise_rms_mv": 0.127930149435997,
    "slow_vm_mv": -77.5603637695312,
    "specimen_id": 397351623,
    "stimulus_absolute_amplitude": 210.00000349769,
    "stimulus_description": "C1LSCOARSE150216[16]",
    "stimulus_duration": 0.999995,
    "stimulus_interval": 0.0,
    "stimulus_name": "Long Square",
    "stimulus_relative_amplitude": 1.0,
    "stimulus_start_time": 0.92,
    "stimulus_units": "pA",
    "sweep_number": 47,
    "vm_delta_mv": 0.352890014648438
  },
  {
    "bridge_balance_mohm": 18.5592174530029,
    "id": 397352941,
    "leak_pa": 0.0,
    "num_spikes": 0,
    "peak_deflection": 0.0,
    "post_noise_rms_mv": 0.0451761372387409,
    "post_vm_mv": -78.2082138061523,
    "pre_noise_rms_mv": 0.0456222482025623,
    "pre_vm_mv": -78.3668823242188,
    "slow_noise_rms_mv": 0.108543403446674,
    "slow_vm_mv": -78.3668823242188,
    "specimen_id": 397351623,
    "stimulus_absolute_amplitude": 810.000011508549,
    "stimulus_description": "C1SSFINEST150112[0]",
    "stimulus_duration": 0.002995,
    "stimulus_interval": 0.0,
    "stimulus_name": "Short Square",
    "stimulus_relative_amplitude": 8.1,
    "stimulus_start_time": 0.92,
    "stimulus_units": "pA",
    "sweep_number": 22,
    "vm_delta_mv": 0.158668518066406
  },
  {
    "bridge_balance_mohm": 18.5592174530029,
    "id": 397352979,
    "leak_pa": 0.0,
    "num_spikes": 7,
    "peak_deflection": 0.0,
    "post_noise_rms_mv": 0.0,
    "post_vm_mv": 0.0,
    "pre_noise_rms_mv": 0.050613597035408,
    "pre_vm_mv": -77.3870315551758,
    "slow_noise_rms_mv": 0.201560020446777,
    "slow_vm_mv": -77.3870315551758,
    "specimen_id": 397351623,
    "stimulus_absolute_amplitude": 800.000010681146,
    "stimulus_description": "C1RP25PR1S141203[0]",
    "stimulus_duration": 31.997495,
    "stimulus_interval": 0.0,
    "stimulus_name": "Ramp",
    "stimulus_relative_amplitude": 1.0,
    "stimulus_start_time": 0.9225,
    "stimulus_units": "pA",
    "sweep_number": 4,
    "vm_delta_mv": 0.0
  },
  {
    "bridge_balance_mohm": 18.5592174530029,
    "id": 397352973,
    "leak_pa": 0.0,
    "num_spikes": 0,
    "peak_deflection": -74.21875,
    "post_noise_rms_mv": 0.0394380129873753,
    "post_vm_mv": -77.4885330200195,
    "pre_noise_rms_mv": 0.0363938733935356,
    "pre_vm_mv": -77.5676422119141,
    "slow_noise_rms_mv": 0.154654979705811,
    "slow_vm_mv": -77.5676422119141,
    "specimen_id": 397351623,
    "stimulus_absolute_amplitude": 9.99999996004197,
    "stimulus_description": "C1LSCOARSE150216[6]",
    "stimulus_duration": 0.999995,
    "stimulus_interval": 0.0,
    "stimulus_name": "Long Square",
    "stimulus_relative_amplitude": 1.0,
    "stimulus_start_time": 0.92,
    "stimulus_units": "pA",
    "sweep_number": 37,
    "vm_delta_mv": 0.0791091918945312
  },
  {
    "bridge_balance_mohm": 18.5592174530029,
    "id": 397353023,
    "leak_pa": 0.0,
    "num_spikes": 7,
    "peak_deflection": 0.0,
    "post_noise_rms_mv": 0.0,
    "post_vm_mv": 0.0,
    "pre_noise_rms_mv": 0.0456160977482796,
    "pre_vm_mv": -77.787483215332,
    "slow_noise_rms_mv": 0.0933589264750481,
    "slow_vm_mv": -77.787483215332,
    "specimen_id": 397351623,
    "stimulus_absolute_amplitude": 800.000010681146,
    "stimulus_description": "C1RP25PR1S141203[0]",
    "stimulus_duration": 31.997495,
    "stimulus_interval": 0.0,
    "stimulus_name": "Ramp",
    "stimulus_relative_amplitude": 1.0,
    "stimulus_start_time": 0.9225,
    "stimulus_units": "pA",
    "sweep_number": 6,
    "vm_delta_mv": 0.0
  },
  {
    "bridge_balance_mohm": 18.5592174530029,
    "id": 397352929,
    "leak_pa": 0.0,
    "num_spikes": 0,
    "peak_deflection": 0.0,
    "post_noise_rms_mv": 0.05887046828866,
    "post_vm_mv": -78.1965713500977,
    "pre_noise_rms_mv": 0.0457033589482307,
    "pre_vm_mv": -78.1984786987305,
    "slow_noise_rms_mv": 0.136972889304161,
    "slow_vm_mv": -78.1984786987305,
    "specimen_id": 397351623,
    "stimulus_absolute_amplitude": 790.000009853742,
    "stimulus_description": "C1SSFINEST150112[0]",
    "stimulus_duration": 0.002995,
    "stimulus_interval": 0.0,
    "stimulus_name": "Short Square",
    "stimulus_relative_amplitude": 7.9,
    "stimulus_start_time": 0.92,
    "stimulus_units": "pA",
    "sweep_number": 17,
    "vm_delta_mv": 0.0019073486328125
  },
  {
    "bridge_balance_mohm": 18.5592174530029,
    "id": 397352925,
    "leak_pa": 0.0,
    "num_spikes": 0,
    "peak_deflection": 0.0,
    "post_noise_rms_mv": 0.0410677082836628,
    "post_vm_mv": -78.1030960083008,
    "pre_noise_rms_mv": 0.0389486886560917,
    "pre_vm_mv": -77.8953704833984,
    "slow_noise_rms_mv": 0.186039254069328,
    "slow_vm_mv": -77.8953704833984,
    "specimen_id": 397351623,
    "stimulus_absolute_amplitude": 750.000006544127,
    "stimulus_description": "C1SSFINEST150112[0]",
    "stimulus_duration": 0.002995,
    "stimulus_interval": 0.0,
    "stimulus_name": "Short Square",
    "stimulus_relative_amplitude": 7.5,
    "stimulus_start_time": 0.92,
    "stimulus_units": "pA",
    "sweep_number": 15,
    "vm_delta_mv": 0.207725524902344
  },
  {
    "bridge_balance_mohm": 0.0,
    "id": 397352913,
    "leak_pa": 0.0,
    "num_spikes": 0,
    "peak_deflection": 0.0,
    "post_noise_rms_mv": 0.0,
    "post_vm_mv": 0.0,
    "pre_noise_rms_mv": 0.0,
    "pre_vm_mv": 0.0,
    "slow_noise_rms_mv": 0.0,
    "slow_vm_mv": 0.0,
    "specimen_id": 397351623,
    "stimulus_absolute_amplitude": 9.99999977648258,
    "stimulus_description": "EXTPINBATH141203[0]",
    "stimulus_duration": 0.069995,
    "stimulus_interval": 0.05,
    "stimulus_name": "Test",
    "stimulus_relative_amplitude": 1.0,
    "stimulus_start_time": 0.03,
    "stimulus_units": "mV",
    "sweep_number": 1,
    "vm_delta_mv": 0.0
  },
  {
    "bridge_balance_mohm": 18.5592174530029,
    "id": 397352993,
    "leak_pa": 0.0,
    "num_spikes": 22,
    "peak_deflection": 0.0,
    "post_noise_rms_mv": 0.0490690432488918,
    "post_vm_mv": -78.3900527954102,
    "pre_noise_rms_mv": 0.0454036556184292,
    "pre_vm_mv": -78.2413101196289,
    "slow_noise_rms_mv": 0.0988784730434418,
    "slow_vm_mv": -78.2413101196289,
    "specimen_id": 397351623,
    "stimulus_absolute_amplitude": 190.000001842883,
    "stimulus_description": "C1LSCOARSE150216[15]",
    "stimulus_duration": 0.999995,
    "stimulus_interval": 0.0,
    "stimulus_name": "Long Square",
    "stimulus_relative_amplitude": 1.0,
    "stimulus_start_time": 0.92,
    "stimulus_units": "pA",
    "sweep_number": 46,
    "vm_delta_mv": 0.14874267578125
  },
  {
    "bridge_balance_mohm": 0.0,
    "id": 397352935,
    "leak_pa": 0.0,
    "num_spikes": 0,
    "peak_deflection": 0.0,
    "post_noise_rms_mv": 0.0,
    "post_vm_mv": 0.0,
    "pre_noise_rms_mv": 0.0,
    "pre_vm_mv": 0.0,
    "slow_noise_rms_mv": 0.0,
    "slow_vm_mv": 0.0,
    "specimen_id": 397351623,
    "stimulus_absolute_amplitude": 9.99999977648258,
    "stimulus_description": "EXTPCllATT141203[0]",
    "stimulus_duration": 0.069995,
    "stimulus_interval": 0.05,
    "stimulus_name": "Test",
    "stimulus_relative_amplitude": 1.0,
    "stimulus_start_time": 0.03,
    "stimulus_units": "mV",
    "sweep_number": 2,
    "vm_delta_mv": 0.0
  },
  {
    "bridge_balance_mohm": 18.5592174530029,
    "id": 397352961,
    "leak_pa": 0.0,
    "num_spikes": 0,
    "peak_deflection": -98.46875,
    "post_noise_rms_mv": 0.0420334041118622,
    "post_vm_mv": -77.8302536010742,
    "pre_noise_rms_mv": 0.0422118380665779,
    "pre_vm_mv": -78.7427673339844,
    "slow_noise_rms_mv": 0.101382128894329,
    "slow_vm_mv": -78.7427673339844,
    "specimen_id": 397351623,
    "stimulus_absolute_amplitude": -110.000002162547,
    "stimulus_description": "C1LSCOARSE150216[0]",
    "stimulus_duration": 0.999995,
    "stimulus_interval": 0.0,
    "stimulus_name": "Long Square",
    "stimulus_relative_amplitude": 1.0,
    "stimulus_start_time": 0.92,
    "stimulus_units": "pA",
    "sweep_number": 31,
    "vm_delta_mv": 0.912513732910156
  },
  {
    "bridge_balance_mohm": 18.5592174530029,
    "id": 397352971,
    "leak_pa": 0.0,
    "num_spikes": 0,
    "peak_deflection": -80.3125076293945,
    "post_noise_rms_mv": 0.0433642379939556,
    "post_vm_mv": -77.2940063476562,
    "pre_noise_rms_mv": 0.0449025183916092,
    "pre_vm_mv": -77.084716796875,
    "slow_noise_rms_mv": 0.13738825917244,
    "slow_vm_mv": -77.084716796875,
    "specimen_id": 397351623,
    "stimulus_absolute_amplitude": -9.99999996004197,
    "stimulus_description": "C1LSCOARSE150216[5]",
    "stimulus_duration": 0.999995,
    "stimulus_interval": 0.0,
    "stimulus_name": "Long Square",
    "stimulus_relative_amplitude": 1.0,
    "stimulus_start_time": 0.92,
    "stimulus_units": "pA",
    "sweep_number": 36,
    "vm_delta_mv": 0.20928955078125
  },
  {
    "bridge_balance_mohm": 18.5592174530029,
    "id": 397352927,
    "leak_pa": 0.0,
    "num_spikes": 0,
    "peak_deflection": 0.0,
    "post_noise_rms_mv": 0.0438471175730228,
    "post_vm_mv": -78.4766387939453,
    "pre_noise_rms_mv": 0.0403953231871128,
    "pre_vm_mv": -78.228271484375,
    "slow_noise_rms_mv": 0.115650035440922,
    "slow_vm_mv": -78.228271484375,
    "specimen_id": 397351623,
    "stimulus_absolute_amplitude": 770.000008198934,
    "stimulus_description": "C1SSFINEST150112[0]",
    "stimulus_duration": 0.002995,
    "stimulus_interval": 0.0,
    "stimulus_name": "Short Square",
    "stimulus_relative_amplitude": 7.7,
    "stimulus_start_time": 0.92,
    "stimulus_units": "pA",
    "sweep_number": 16,
    "vm_delta_mv": 0.248367309570312
  },
  {
    "bridge_balance_mohm": 18.5592174530029,
    "id": 397352969,
    "leak_pa": 0.0,
    "num_spikes": 0,
    "peak_deflection": -85.0,
    "post_noise_rms_mv": 0.0343036651611328,
    "post_vm_mv": -76.7645950317383,
    "pre_noise_rms_mv": 0.0379708707332611,
    "pre_vm_mv": -77.2440719604492,
    "slow_noise_rms_mv": 0.193382009863853,
    "slow_vm_mv": -77.2440719604492,
    "specimen_id": 397351623,
    "stimulus_absolute_amplitude": -29.9999990127642,
    "stimulus_description": "C1LSCOARSE150216[4]",
    "stimulus_duration": 0.999995,
    "stimulus_interval": 0.0,
    "stimulus_name": "Long Square",
    "stimulus_relative_amplitude": 1.0,
    "stimulus_start_time": 0.92,
    "stimulus_units": "pA",
    "sweep_number": 35,
    "vm_delta_mv": 0.479476928710938
  },
  {
    "bridge_balance_mohm": 18.5592174530029,
    "id": 397352953,
    "leak_pa": 0.0,
    "num_spikes": 1,
    "peak_deflection": 0.0,
    "post_noise_rms_mv": 0.0307742916047573,
    "post_vm_mv": -77.1686019897461,
    "pre_noise_rms_mv": 0.041181143373251,
    "pre_vm_mv": -77.1181106567383,
    "slow_noise_rms_mv": 0.148544028401375,
    "slow_vm_mv": -77.1181106567383,
    "specimen_id": 397351623,
    "stimulus_absolute_amplitude": 830.000013163357,
    "stimulus_description": "C1SSFINEST150112[0]",
    "stimulus_duration": 0.002995,
    "stimulus_interval": 0.0,
    "stimulus_name": "Short Square",
    "stimulus_relative_amplitude": 8.3,
    "stimulus_start_time": 0.92,
    "stimulus_units": "pA",
    "sweep_number": 28,
    "vm_delta_mv": 0.0504913330078125
  },
  {
    "bridge_balance_mohm": 0.0,
    "id": 397352957,
    "leak_pa": 0.0,
    "num_spikes": 0,
    "peak_deflection": 0.0,
    "post_noise_rms_mv": 0.0,
    "post_vm_mv": 0.0,
    "pre_noise_rms_mv": 0.0,
    "pre_vm_mv": 0.0,
    "slow_noise_rms_mv": 0.0,
    "slow_vm_mv": 0.0,
    "specimen_id": 397351623,
    "stimulus_absolute_amplitude": 9.99999977648258,
    "stimulus_description": "EXTPBREAKN141203[0]",
    "stimulus_duration": 0.069995,
    "stimulus_interval": 0.05,
    "stimulus_name": "Test",
    "stimulus_relative_amplitude": 1.0,
    "stimulus_start_time": 0.03,
    "stimulus_units": "mV",
    "sweep_number": 3,
    "vm_delta_mv": 0.0
  },
  {
    "bridge_balance_mohm": 18.5592174530029,
    "id": 397352943,
    "leak_pa": 0.0,
    "num_spikes": 1,
    "peak_deflection": 0.0,
    "post_noise_rms_mv": 0.048487700521946,
    "post_vm_mv": -77.3724212646484,
    "pre_noise_rms_mv": 0.0435215644538403,
    "pre_vm_mv": -77.3191833496094,
    "slow_noise_rms_mv": 0.0849272385239601,
    "slow_vm_mv": -77.3191833496094,
    "specimen_id": 397351623,
    "stimulus_absolute_amplitude": 820.000012335953,
    "stimulus_description": "C1SSFINEST150112[0]",
    "stimulus_duration": 0.002995,
    "stimulus_interval": 0.0,
    "stimulus_name": "Short Square",
    "stimulus_relative_amplitude": 8.2,
    "stimulus_start_time": 0.92,
    "stimulus_units": "pA",
    "sweep_number": 23,
    "vm_delta_mv": 0.0532379150390625
  },
  {
    "bridge_balance_mohm": 18.5592174530029,
    "id": 397352917,
    "leak_pa": 0.0,
    "num_spikes": 0,
    "peak_deflection": 0.0,
    "post_noise_rms_mv": 0.0399791114032269,
    "post_vm_mv": -76.3110961914062,
    "pre_noise_rms_mv": 0.0410241410136223,
    "pre_vm_mv": -76.2225189208984,
    "slow_noise_rms_mv": 0.198343679308891,
    "slow_vm_mv": -76.2225189208984,
    "specimen_id": 397351623,
    "stimulus_absolute_amplitude": 499.999985859034,
    "stimulus_description": "C1SSCOARSE150112[4]",
    "stimulus_duration": 0.002995,
    "stimulus_interval": 0.0,
    "stimulus_name": "Short Square",
    "stimulus_relative_amplitude": 1.0,
    "stimulus_start_time": 0.92,
    "stimulus_units": "pA",
    "sweep_number": 11,
    "vm_delta_mv": 0.0885772705078125
  },
  {
    "bridge_balance_mohm": 0.0,
    "id": 397352911,
    "leak_pa": 0.0,
    "num_spikes": 0,
    "peak_deflection": 0.0,
    "post_noise_rms_mv": 0.0,
    "post_vm_mv": 0.0,
    "pre_noise_rms_mv": 0.0,
    "pre_vm_mv": 0.0,
    "slow_noise_rms_mv": 0.0,
    "slow_vm_mv": 0.0,
    "specimen_id": 397351623,
    "stimulus_absolute_amplitude": 9.99999977648258,
    "stimulus_description": "EXTPSMOKET141203[0]",
    "stimulus_duration": 0.069995,
    "stimulus_interval": 0.05,
    "stimulus_name": "Test",
    "stimulus_relative_amplitude": 1.0,
    "stimulus_start_time": 0.03,
    "stimulus_units": "mV",
    "sweep_number": 0,
    "vm_delta_mv": 0.0
  },
  {
    "bridge_balance_mohm": 18.5592174530029,
    "id": 397352983,
    "leak_pa": 0.0,
    "num_spikes": 2,
    "peak_deflection": 0.0,
    "post_noise_rms_mv": 0.0378175489604473,
    "post_vm_mv": -77.247444152832,
    "pre_noise_rms_mv": 0.0342694111168385,
    "pre_vm_mv": -77.4869384765625,
    "slow_noise_rms_mv": 0.10325350612402,
    "slow_vm_mv": -77.4869384765625,
    "specimen_id": 397351623,
    "stimulus_absolute_amplitude": 90.0000005077395,
    "stimulus_description": "C1LSCOARSE150216[10]",
    "stimulus_duration": 0.999995,
    "stimulus_interval": 0.0,
    "stimulus_name": "Long Square",
    "stimulus_relative_amplitude": 1.0,
    "stimulus_start_time": 0.92,
    "stimulus_units": "pA",
    "sweep_number": 41,
    "vm_delta_mv": 0.239494323730469
  },
  {
    "bridge_balance_mohm": 18.5592174530029,
    "id": 397352939,
    "leak_pa": 0.0,
    "num_spikes": 0,
    "peak_deflection": 0.0,
    "post_noise_rms_mv": 0.0437843650579453,
    "post_vm_mv": -78.0516204833984,
    "pre_noise_rms_mv": 0.0395976975560188,
    "pre_vm_mv": -78.1159057617188,
    "slow_noise_rms_mv": 0.107985347509384,
    "slow_vm_mv": -78.1159057617188,
    "specimen_id": 397351623,
    "stimulus_absolute_amplitude": 810.000011508549,
    "stimulus_description": "C1SSFINEST150112[0]",
    "stimulus_duration": 0.002995,
    "stimulus_interval": 0.0,
    "stimulus_name": "Short Square",
    "stimulus_relative_amplitude": 8.1,
    "stimulus_start_time": 0.92,
    "stimulus_units": "pA",
    "sweep_number": 21,
    "vm_delta_mv": 0.0642852783203125
  },
  {
    "bridge_balance_mohm": 18.5592174530029,
    "id": 397352923,
    "leak_pa": 0.0,
    "num_spikes": 1,
    "peak_deflection": 0.0,
    "post_noise_rms_mv": 0.0435635596513748,
    "post_vm_mv": -76.9488220214844,
    "pre_noise_rms_mv": 0.0449533835053444,
    "pre_vm_mv": -76.6524429321289,
    "slow_noise_rms_mv": 0.467094480991364,
    "slow_vm_mv": -76.6524429321289,
    "specimen_id": 397351623,
    "stimulus_absolute_amplitude": 800.000010681146,
    "stimulus_description": "C1SSCOARSE150112[7]",
    "stimulus_duration": 0.002995,
    "stimulus_interval": 0.0,
    "stimulus_name": "Short Square",
    "stimulus_relative_amplitude": 1.0,
    "stimulus_start_time": 0.92,
    "stimulus_units": "pA",
    "sweep_number": 14,
    "vm_delta_mv": 0.296379089355469
  },
  {
    "bridge_balance_mohm": 18.5592174530029,
    "id": 397353013,
    "leak_pa": 0.0,
    "num_spikes": 1,
    "peak_deflection": 0.0,
    "post_noise_rms_mv": 0.0522690452635288,
    "post_vm_mv": -77.7480010986328,
    "pre_noise_rms_mv": 0.0448350831866264,
    "pre_vm_mv": -77.6635665893555,
    "slow_noise_rms_mv": 0.0815961435437202,
    "slow_vm_mv": -77.6635665893555,
    "specimen_id": 397351623,
    "stimulus_absolute_amplitude": 110.000002162547,
    "stimulus_description": "C1LSFINEST150112[0]",
    "stimulus_duration": 0.999995,
    "stimulus_interval": 0.0,
    "stimulus_name": "Long Square",
    "stimulus_relative_amplitude": 1.1,
    "stimulus_start_time": 0.92,
    "stimulus_units": "pA",
    "sweep_number": 55,
    "vm_delta_mv": 0.0844345092773438
  },
  {
    "bridge_balance_mohm": 18.5592174530029,
    "id": 397352975,
    "leak_pa": 0.0,
    "num_spikes": 0,
    "peak_deflection": -66.9375,
    "post_noise_rms_mv": 0.0532702021300793,
    "post_vm_mv": -77.7278289794922,
    "pre_noise_rms_mv": 0.0494302362203598,
    "pre_vm_mv": -77.5466079711914,
    "slow_noise_rms_mv": 0.134792357683182,
    "slow_vm_mv": -77.5466079711914,
    "specimen_id": 397351623,
    "stimulus_absolute_amplitude": 29.9999990127642,
    "stimulus_description": "C1LSCOARSE150216[7]",
    "stimulus_duration": 0.999995,
    "stimulus_interval": 0.0,
    "stimulus_name": "Long Square",
    "stimulus_relative_amplitude": 1.0,
    "stimulus_start_time": 0.92,
    "stimulus_units": "pA",
    "sweep_number": 38,
    "vm_delta_mv": 0.181221008300781
  },
  {
    "bridge_balance_mohm": 18.5592174530029,
    "id": 397352965,
    "leak_pa": 0.0,
    "num_spikes": 0,
    "peak_deflection": -92.9375,
    "post_noise_rms_mv": 0.0497880652546883,
    "post_vm_mv": -78.0151062011719,
    "pre_noise_rms_mv": 0.045155081897974,
    "pre_vm_mv": -78.1405181884766,
    "slow_noise_rms_mv": 0.12950025498867,
    "slow_vm_mv": -78.1405181884766,
    "specimen_id": 397351623,
    "stimulus_absolute_amplitude": -69.9999988529321,
    "stimulus_description": "C1LSCOARSE150216[2]",
    "stimulus_duration": 0.999995,
    "stimulus_interval": 0.0,
    "stimulus_name": "Long Square",
    "stimulus_relative_amplitude": 1.0,
    "stimulus_start_time": 0.92,
    "stimulus_units": "pA",
    "sweep_number": 33,
    "vm_delta_mv": 0.125411987304688
  },
  {
    "bridge_balance_mohm": 18.5592174530029,
    "id": 397352933,
    "leak_pa": 0.0,
    "num_spikes": 1,
    "peak_deflection": 0.0,
    "post_noise_rms_mv": 0.0404609516263008,
    "post_vm_mv": -77.9689331054688,
    "pre_noise_rms_mv": 0.0396135449409485,
    "pre_vm_mv": -77.9206848144531,
    "slow_noise_rms_mv": 0.25277853012085,
    "slow_vm_mv": -77.9206848144531,
    "specimen_id": 397351623,
    "stimulus_absolute_amplitude": 810.000011508549,
    "stimulus_description": "C1SSFINEST150112[0]",
    "stimulus_duration": 0.002995,
    "stimulus_interval": 0.0,
    "stimulus_name": "Short Square",
    "stimulus_relative_amplitude": 8.1,
    "stimulus_start_time": 0.92,
    "stimulus_units": "pA",
    "sweep_number": 19,
    "vm_delta_mv": 0.048248291015625
  },
  {
    "bridge_balance_mohm": 18.5592174530029,
    "id": 397353049,
    "leak_pa": 0.0,
    "num_spikes": 0,
    "peak_deflection": 0.0,
    "post_noise_rms_mv": 0.046883150935173,
    "post_vm_mv": -77.0263214111328,
    "pre_noise_rms_mv": 0.0380033254623413,
    "pre_vm_mv": -76.9595718383789,
    "slow_noise_rms_mv": 0.163804978132248,
    "slow_vm_mv": -76.9595718383789,
    "specimen_id": 397351623,
    "stimulus_absolute_amplitude": 200.000002670286,
    "stimulus_description": "C1SSCOARSE150112[1]",
    "stimulus_duration": 0.002995,
    "stimulus_interval": 0.0,
    "stimulus_name": "Short Square",
    "stimulus_relative_amplitude": 1.0,
    "stimulus_start_time": 0.92,
    "stimulus_units": "pA",
    "sweep_number": 8,
    "vm_delta_mv": 0.0667495727539062
  },
  {
    "bridge_balance_mohm": 18.5592174530029,
    "id": 397352967,
    "leak_pa": 0.0,
    "num_spikes": 0,
    "peak_deflection": -89.3125,
    "post_noise_rms_mv": 0.0441714599728584,
    "post_vm_mv": -77.3999786376953,
    "pre_noise_rms_mv": 0.040222454816103,
    "pre_vm_mv": -77.5716857910156,
    "slow_noise_rms_mv": 0.084753580391407,
    "slow_vm_mv": -77.5716857910156,
    "specimen_id": 397351623,
    "stimulus_absolute_amplitude": -50.0000006675716,
    "stimulus_description": "C1LSCOARSE150216[3]",
    "stimulus_duration": 0.999995,
    "stimulus_interval": 0.0,
    "stimulus_name": "Long Square",
    "stimulus_relative_amplitude": 1.0,
    "stimulus_start_time": 0.92,
    "stimulus_units": "pA",
    "sweep_number": 34,
    "vm_delta_mv": 0.171707153320312
  },
  {
    "bridge_balance_mohm": 18.5592174530029,
    "id": 397353011,
    "leak_pa": 0.0,
    "num_spikes": 1,
    "peak_deflection": 0.0,
    "post_noise_rms_mv": 0.0422682650387287,
    "post_vm_mv": -78.537971496582,
    "pre_noise_rms_mv": 0.04273896291852,
    "pre_vm_mv": -77.9026489257812,
    "slow_noise_rms_mv": 0.10353060811758,
    "slow_vm_mv": -77.9026489257812,
    "specimen_id": 397351623,
    "stimulus_absolute_amplitude": 110.000002162547,
    "stimulus_description": "C1LSFINEST150112[0]",
    "stimulus_duration": 0.999995,
    "stimulus_interval": 0.0,
    "stimulus_name": "Long Square",
    "stimulus_relative_amplitude": 1.1,
    "stimulus_start_time": 0.92,
    "stimulus_units": "pA",
    "sweep_number": 54,
    "vm_delta_mv": 0.635322570800781
  },
  {
    "bridge_balance_mohm": 18.5592174530029,
    "id": 397353045,
    "leak_pa": 0.0,
    "num_spikes": 0,
    "peak_deflection": 0.0,
    "post_noise_rms_mv": 0.0425595007836819,
    "post_vm_mv": -77.6840667724609,
    "pre_noise_rms_mv": 0.0333823971450329,
    "pre_vm_mv": -77.7309265136719,
    "slow_noise_rms_mv": 0.175165608525276,
    "slow_vm_mv": -77.7309265136719,
    "specimen_id": 397351623,
    "stimulus_absolute_amplitude": 100.000001335143,
    "stimulus_description": "C1SSCOARSE150112[0]",
    "stimulus_duration": 0.002995,
    "stimulus_interval": 0.0,
    "stimulus_name": "Short Square",
    "stimulus_relative_amplitude": 1.0,
    "stimulus_start_time": 0.92,
    "stimulus_units": "pA",
    "sweep_number": 7,
    "vm_delta_mv": 0.0468597412109375
  },
  {
    "bridge_balance_mohm": 18.5592174530029,
    "id": 397352985,
    "leak_pa": 0.0,
    "num_spikes": 9,
    "peak_deflection": 0.0,
    "post_noise_rms_mv": 0.0533021986484528,
    "post_vm_mv": -78.7285537719727,
    "pre_noise_rms_mv": 0.0486745312809944,
    "pre_vm_mv": -78.5775146484375,
    "slow_noise_rms_mv": 0.0857231169939041,
    "slow_vm_mv": -78.5775146484375,
    "specimen_id": 397351623,
    "stimulus_absolute_amplitude": 110.000002162547,
    "stimulus_description": "C1LSCOARSE150216[11]",
    "stimulus_duration": 0.999995,
    "stimulus_interval": 0.0,
    "stimulus_name": "Long Square",
    "stimulus_relative_amplitude": 1.0,
    "stimulus_start_time": 0.92,
    "stimulus_units": "pA",
    "sweep_number": 42,
    "vm_delta_mv": 0.151039123535156
  }
]