[
  {
    "bridge_balance_mohm": 0.0,
    "id": 464306341,
    "leak_pa": 0.0,
    "num_spikes": 0,
    "peak_deflection": 0.0,
    "post_noise_rms_mv": 0.0,
    "post_vm_mv": 0.0,
    "pre_noise_rms_mv": 0.0,
    "pre_vm_mv": 0.0,
    "slow_noise_rms_mv": 0.0,
    "slow_vm_mv": 0.0,
    "specimen_id": 464198958,
    "stimulus_absolute_amplitude": 9.99999977648258,
    "stimulus_description": "EXTPSMOKET141203[0]",
    "stimulus_duration": 0.069995,
    "stimulus_interval": 0.05,
    "stimulus_name": "Test",
    "stimulus_relative_amplitude": 1.0,
    "stimulus_start_time": 0.03,
    "stimulus_units": "mV",
    "sweep_number": 0,
    "vm_delta_mv": 0.0
  },
  {
    "bridge_balance_mohm": 13.4310131072998,
    "id": 464306361,
    "leak_pa": 0.0,
    "num_spikes": 1,
    "peak_deflection": 0.0,
    "post_noise_rms_mv": 0.036197867244482,
    "post_vm_mv": -65.7343444824219,
    "pre_noise_rms_mv": 0.0397405959665775,
    "pre_vm_mv": -65.8893051147461,
    "slow_noise_rms_mv": 0.158325746655464,
    "slow_vm_mv": -65.8893051147461,
    "specimen_id": 464198958,
    "stimulus_absolute_amplitude": 200.000002670286,
    "stimulus_description": "C1SSFINEST141203[0]",
    "stimulus_duration": 0.002995,
    "stimulus_interval": 0.0,
    "stimulus_name": "Short Square",
    "stimulus_relative_amplitude": 2.0,
    "stimulus_start_time": 0.92,
    "stimulus_units": "pA",
    "sweep_number": 16,
    "vm_delta_mv": 0.154960632324219
  },
  {
    "bridge_balance_mohm": 13.4310131072998,
    "id": 464306353,
    "leak_pa": 0.0,
    "num_spikes": 0,
    "peak_deflection": 0.0,
    "post_noise_rms_mv": 0.0343113169074059,
    "post_vm_mv": -64.9970550537109,
    "pre_noise_rms_mv": 0.0434781350195408,
    "pre_vm_mv": -65.2971878051758,
    "slow_noise_rms_mv": 0.156279921531677,
    "slow_vm_mv": -65.2971878051758,
    "specimen_id": 464198958,
    "stimulus_absolute_amplitude": 159.999999360672,
    "stimulus_description": "C1SSFINEST141203[0]",
    "stimulus_duration": 0.002995,
    "stimulus_interval": 0.0,
    "stimulus_name": "Short Square",
    "stimulus_relative_amplitude": 1.6,
    "stimulus_start_time": 0.92,
    "stimulus_units": "pA",
    "sweep_number": 12,
    "vm_delta_mv": 0.300132751464844
  },
  {
    "bridge_balance_mohm": 13.4310131072998,
    "id": 464306409,
    "leak_pa": 0.0,
    "num_spikes": 46,
    "peak_deflection": 0.0,
    "post_noise_rms_mv": 0.0464271269738674,
    "post_vm_mv": -68.3294982910156,
    "pre_noise_rms_mv": 0.0398473404347897,
    "pre_vm_mv": -66.8932723999023,
    "slow_noise_rms_mv": 0.166278123855591,
    "slow_vm_mv": -66.8932723999023,
    "specimen_id": 464198958,
    "stimulus_absolute_amplitude": 70.7500030783237,
    "stimulus_description": "C1NSSEED_2141203[0]",
    "stimulus_duration": 18.999995,
    "stimulus_interval": 5.0,
    "stimulus_name": "Noise 2",
    "stimulus_relative_amplitude": 0.3,
    "stimulus_start_time": 1.92,
    "stimulus_units": "pA",
    "sweep_number": 38,
    "vm_delta_mv": 1.43622589111328
  },
  {
    "bridge_balance_mohm": 0.0,
    "id": 464306433,
    "leak_pa": 0.0,
    "num_spikes": 0,
    "peak_deflection": 0.0,
    "post_noise_rms_mv": 0.0,
    "post_vm_mv": 0.0,
    "pre_noise_rms_mv": 0.0,
    "pre_vm_mv": 0.0,
    "slow_noise_rms_mv": 0.0,
    "slow_vm_mv": 0.0,
    "specimen_id": 464198958,
    "stimulus_absolute_amplitude": 9.99999977648258,
    "stimulus_description": "EXTPGGAEND141203[0]",
    "stimulus_duration": 0.069995,
    "stimulus_interval": 0.05,
    "stimulus_name": "Test",
    "stimulus_relative_amplitude": 1.0,
    "stimulus_start_time": 0.03,
    "stimulus_units": "mV",
    "sweep_number": 49,
    "vm_delta_mv": 0.0
  },
  {
    "bridge_balance_mohm": 13.4310131072998,
    "id": 464306365,
    "leak_pa": 0.0,
    "num_spikes": 1,
    "peak_deflection": 0.0,
    "post_noise_rms_mv": 0.0389385297894478,
    "post_vm_mv": -65.5338363647461,
    "pre_noise_rms_mv": 0.0364264324307442,
    "pre_vm_mv": -65.8916015625,
    "slow_noise_rms_mv": 0.176039457321167,
    "slow_vm_mv": -65.8916015625,
    "specimen_id": 464198958,
    "stimulus_absolute_amplitude": 200.000002670286,
    "stimulus_description": "C1SSFINEST141203[0]",
    "stimulus_duration": 0.002995,
    "stimulus_interval": 0.0,
    "stimulus_name": "Short Square",
    "stimulus_relative_amplitude": 2.0,
    "stimulus_start_time": 0.92,
    "stimulus_units": "pA",
    "sweep_number": 18,
    "vm_delta_mv": 0.357765197753906
  },
  {
    "bridge_balance_mohm": 13.4310131072998,
    "id": 464306441,
    "leak_pa": 0.0,
    "num_spikes": 0,
    "peak_deflection": 0.0,
    "post_noise_rms_mv": 0.0374679528176785,
    "post_vm_mv": -64.127685546875,
    "pre_noise_rms_mv": 0.0410220958292484,
    "pre_vm_mv": -64.3042984008789,
    "slow_noise_rms_mv": 0.1868956387043,
    "slow_vm_mv": -64.3042984008789,
    "specimen_id": 464198958,
    "stimulus_absolute_amplitude": 100.000001335143,
    "stimulus_description": "C1SSCOARSE141203[0]",
    "stimulus_duration": 0.002995,
    "stimulus_interval": 0.0,
    "stimulus_name": "Short Square",
    "stimulus_relative_amplitude": 1.0,
    "stimulus_start_time": 0.92,
    "stimulus_units": "pA",
    "sweep_number": 7,
    "vm_delta_mv": 0.176612854003906
  },
  {
    "bridge_balance_mohm": 13.4310131072998,
    "id": 464306411,
    "leak_pa": 0.0,
    "num_spikes": 45,
    "peak_deflection": 0.0,
    "post_noise_rms_mv": 0.0442288964986801,
    "post_vm_mv": -69.2526473999023,
    "pre_noise_rms_mv": 0.048315491527319,
    "pre_vm_mv": -68.2568054199219,
    "slow_noise_rms_mv": 0.233238086104393,
    "slow_vm_mv": -68.2568054199219,
    "specimen_id": 464198958,
    "stimulus_absolute_amplitude": 69.5000029748982,
    "stimulus_description": "C1NSSEED_1141203[0]",
    "stimulus_duration": 18.999995,
    "stimulus_interval": 5.0,
    "stimulus_name": "Noise 1",
    "stimulus_relative_amplitude": 0.3,
    "stimulus_start_time": 1.92,
    "stimulus_units": "pA",
    "sweep_number": 39,
    "vm_delta_mv": 0.995841979980469
  },
  {
    "bridge_balance_mohm": 13.4310131072998,
    "id": 464306407,
    "leak_pa": 0.0,
    "num_spikes": 45,
    "peak_deflection": 0.0,
    "post_noise_rms_mv": 0.039351861923933,
    "post_vm_mv": -67.1693420410156,
    "pre_noise_rms_mv": 0.0424331463873386,
    "pre_vm_mv": -66.4905700683594,
    "slow_noise_rms_mv": 0.257150381803513,
    "slow_vm_mv": -66.4905700683594,
    "specimen_id": 464198958,
    "stimulus_absolute_amplitude": 69.5000029748982,
    "stimulus_description": "C1NSSEED_1141203[0]",
    "stimulus_duration": 18.999995,
    "stimulus_interval": 5.0,
    "stimulus_name": "Noise 1",
    "stimulus_relative_amplitude": 0.3,
    "stimulus_start_time": 1.92,
    "stimulus_units": "pA",
    "sweep_number": 37,
    "vm_delta_mv": 0.67877197265625
  },
  {
    "bridge_balance_mohm": 13.4310131072998,
    "id": 464306373,
    "leak_pa": 0.0,
    "num_spikes": 0,
    "peak_deflection": -100.1875,
    "post_noise_rms_mv": 0.0447001866996288,
    "post_vm_mv": -66.2678985595703,
    "pre_noise_rms_mv": 0.0409920327365398,
    "pre_vm_mv": -66.9714431762695,
    "slow_noise_rms_mv": 0.151391193270683,
    "slow_vm_mv": -66.9714431762695,
    "specimen_id": 464198958,
    "stimulus_absolute_amplitude": -90.0000005077395,
    "stimulus_description": "C1LSCOARSE141203[1]",
    "stimulus_duration": 0.999995,
    "stimulus_interval": 0.0,
    "stimulus_name": "Long Square",
    "stimulus_relative_amplitude": 1.0,
    "stimulus_start_time": 0.92,
    "stimulus_units": "pA",
    "sweep_number": 21,
    "vm_delta_mv": 0.703544616699219
  },
  {
    "bridge_balance_mohm": 0.0,
    "id": 464306343,
    "leak_pa": 0.0,
    "num_spikes": 0,
    "peak_deflection": 0.0,
    "post_noise_rms_mv": 0.0,
    "post_vm_mv": 0.0,
    "pre_noise_rms_mv": 0.0,
    "pre_vm_mv": 0.0,
    "slow_noise_rms_mv": 0.0,
    "slow_vm_mv": 0.0,
    "specimen_id": 464198958,
    "stimulus_absolute_amplitude": 9.99999977648258,
    "stimulus_description": "EXTPINBATH141203[0]",
    "stimulus_duration": 0.069995,
    "stimulus_interval": 0.05,
    "stimulus_name": "Test",
    "stimulus_relative_amplitude": 1.0,
    "stimulus_start_time": 0.03,
    "stimulus_units": "mV",
    "sweep_number": 1,
    "vm_delta_mv": 0.0
  },
  {
    "bridge_balance_mohm": 13.4310131072998,
    "id": 464306383,
    "leak_pa": 0.0,
    "num_spikes": 0,
    "peak_deflection": -60.7187538146973,
    "post_noise_rms_mv": 0.0392376072704792,
    "post_vm_mv": -66.4384078979492,
    "pre_noise_rms_mv": 0.0414423458278179,
    "pre_vm_mv": -66.6326370239258,
    "slow_noise_rms_mv": 0.229829072952271,
    "slow_vm_mv": -66.6326370239258,
    "specimen_id": 464198958,
    "stimulus_absolute_amplitude": 9.99999996004197,
    "stimulus_description": "C1LSCOARSE141203[6]",
    "stimulus_duration": 0.999995,
    "stimulus_interval": 0.0,
    "stimulus_name": "Long Square",
    "stimulus_relative_amplitude": 1.0,
    "stimulus_start_time": 0.92,
    "stimulus_units": "pA",
    "sweep_number": 26,
    "vm_delta_mv": 0.194229125976562
  },
  {
    "bridge_balance_mohm": 0.0,
    "id": 464306369,
    "leak_pa": 0.0,
    "num_spikes": 0,
    "peak_deflection": 0.0,
    "post_noise_rms_mv": 0.0,
    "post_vm_mv": 0.0,
    "pre_noise_rms_mv": 0.0,
    "pre_vm_mv": 0.0,
    "slow_noise_rms_mv": 0.0,
    "slow_vm_mv": 0.0,
    "specimen_id": 464198958,
    "stimulus_absolute_amplitude": 9.99999977648258,
    "stimulus_description": "EXTPCllATT141203[0]",
    "stimulus_duration": 0.069995,
    "stimulus_interval": 0.05,
    "stimulus_name": "Test",
    "stimulus_relative_amplitude": 1.0,
    "stimulus_start_time": 0.03,
    "stimulus_units": "mV",
    "sweep_number": 2,
    "vm_delta_mv": 0.0
  },
  {
    "bridge_balance_mohm": 13.4310131072998,
    "id": 464306347,
    "leak_pa": 0.0,
    "num_spikes": 0,
    "peak_deflection": 0.0,
    "post_noise_rms_mv": 0.0481142289936543,
    "post_vm_mv": -63.6587791442871,
    "pre_noise_rms_mv": 0.0416332371532917,
    "pre_vm_mv": -64.4637069702148,
    "slow_noise_rms_mv": 0.28634187579155,
    "slow_vm_mv": -64.4637069702148,
    "specimen_id": 464198958,
    "stimulus_absolute_amplitude": 119.999996051057,
    "stimulus_description": "C1SSFINEST141203[0]",
    "stimulus_duration": 0.002995,
    "stimulus_interval": 0.0,
    "stimulus_name": "Short Square",
    "stimulus_relative_amplitude": 1.2,
    "stimulus_start_time": 0.92,
    "stimulus_units": "pA",
    "sweep_number": 10,
    "vm_delta_mv": 0.804927825927734
  },
  {
    "bridge_balance_mohm": 0.0,
    "id": 464306437,
    "leak_pa": 0.0,
    "num_spikes": 0,
    "peak_deflection": 0.0,
    "post_noise_rms_mv": 0.039866778999567,
    "post_vm_mv": -2.00335335731506,
    "pre_noise_rms_mv": 0.0386871844530106,
    "pre_vm_mv": -2.03940725326538,
    "slow_noise_rms_mv": 0.0489576198160648,
    "slow_vm_mv": -2.03940725326538,
    "specimen_id": 464198958,
    "stimulus_absolute_amplitude": 0.0,
    "stimulus_description": "EXTPBLWOUT141203[0]",
    "stimulus_duration": 0.0,
    "stimulus_interval": 0.0,
    "stimulus_name": "Test",
    "stimulus_relative_amplitude": 1.0,
    "stimulus_start_time": 0.0,
    "stimulus_units": "pA",
    "sweep_number": 50,
    "vm_delta_mv": 0.0360538959503174
  },
  {
    "bridge_balance_mohm": 13.4310131072998,
    "id": 464306379,
    "leak_pa": 0.0,
    "num_spikes": 0,
    "peak_deflection": -78.65625,
    "post_noise_rms_mv": 0.0369540192186832,
    "post_vm_mv": -66.4212265014648,
    "pre_noise_rms_mv": 0.0445609875023365,
    "pre_vm_mv": -67.1185150146484,
    "slow_noise_rms_mv": 0.312777042388916,
    "slow_vm_mv": -67.1185150146484,
    "specimen_id": 464198958,
    "stimulus_absolute_amplitude": -29.9999990127642,
    "stimulus_description": "C1LSCOARSE141203[4]",
    "stimulus_duration": 0.999995,
    "stimulus_interval": 0.0,
    "stimulus_name": "Long Square",
    "stimulus_relative_amplitude": 1.0,
    "stimulus_start_time": 0.92,
    "stimulus_units": "pA",
    "sweep_number": 24,
    "vm_delta_mv": 0.697288513183594
  },
  {
    "bridge_balance_mohm": 13.4310131072998,
    "id": 464306401,
    "leak_pa": 0.0,
    "num_spikes": 50,
    "peak_deflection": 0.0,
    "post_noise_rms_mv": 0.0376807488501072,
    "post_vm_mv": -68.2089920043945,
    "pre_noise_rms_mv": 0.0485800132155418,
    "pre_vm_mv": -65.2819366455078,
    "slow_noise_rms_mv": 0.219590544700623,
    "slow_vm_mv": -65.2819366455078,
    "specimen_id": 464198958,
    "stimulus_absolute_amplitude": 170.000000188075,
    "stimulus_description": "C1LSCOARSE141203[14]",
    "stimulus_duration": 0.999995,
    "stimulus_interval": 0.0,
    "stimulus_name": "Long Square",
    "stimulus_relative_amplitude": 1.0,
    "stimulus_start_time": 0.92,
    "stimulus_units": "pA",
    "sweep_number": 34,
    "vm_delta_mv": 2.92705535888672
  },
  {
    "bridge_balance_mohm": 13.4310131072998,
    "id": 464306389,
    "leak_pa": 0.0,
    "num_spikes": 24,
    "peak_deflection": 0.0,
    "post_noise_rms_mv": 0.0451739057898521,
    "post_vm_mv": -68.2159729003906,
    "pre_noise_rms_mv": 0.0477081052958965,
    "pre_vm_mv": -66.8970413208008,
    "slow_noise_rms_mv": 0.114955827593803,
    "slow_vm_mv": -66.8970413208008,
    "specimen_id": 464198958,
    "stimulus_absolute_amplitude": 69.9999988529321,
    "stimulus_description": "C1LSCOARSE141203[9]",
    "stimulus_duration": 0.999995,
    "stimulus_interval": 0.0,
    "stimulus_name": "Long Square",
    "stimulus_relative_amplitude": 1.0,
    "stimulus_start_time": 0.92,
    "stimulus_units": "pA",
    "sweep_number": 29,
    "vm_delta_mv": 1.31893157958984
  },
  {
    "bridge_balance_mohm": 0.0,
    "id": 464306391,
    "leak_pa": 0.0,
    "num_spikes": 0,
    "peak_deflection": 0.0,
    "post_noise_rms_mv": 0.0,
    "post_vm_mv": 0.0,
    "pre_noise_rms_mv": 0.0,
    "pre_vm_mv": 0.0,
    "slow_noise_rms_mv": 0.0,
    "slow_vm_mv": 0.0,
    "specimen_id": 464198958,
    "stimulus_absolute_amplitude": 9.99999977648258,
    "stimulus_description": "EXTPBREAKN141203[0]",
    "stimulus_duration": 0.069995,
    "stimulus_interval": 0.05,
    "stimulus_name": "Test",
    "stimulus_relative_amplitude": 1.0,
    "stimulus_start_time": 0.03,
    "stimulus_units": "mV",
    "sweep_number": 3,
    "vm_delta_mv": 0.0
  },
  {
    "bridge_balance_mohm": 13.4310131072998,
    "id": 464306387,
    "leak_pa": 0.0,
    "num_spikes": 15,
    "peak_deflection": 0.0,
    "post_noise_rms_mv": 0.0355927273631096,
    "post_vm_mv": -67.8553848266602,
    "pre_noise_rms_mv": 0.0407275557518005,
    "pre_vm_mv": -66.6786956787109,
    "slow_noise_rms_mv": 0.227124035358429,
    "slow_vm_mv": -66.6786956787109,
    "specimen_id": 464198958,
    "stimulus_absolute_amplitude": 50.0000006675716,
    "stimulus_description": "C1LSCOARSE141203[8]",
    "stimulus_duration": 0.999995,
    "stimulus_interval": 0.0,
    "stimulus_name": "Long Square",
    "stimulus_relative_amplitude": 1.0,
    "stimulus_start_time": 0.92,
    "stimulus_units": "pA",
    "sweep_number": 28,
    "vm_delta_mv": 1.17668914794922
  },
  {
    "bridge_balance_mohm": 13.4310131072998,
    "id": 464306367,
    "leak_pa": 0.0,
    "num_spikes": 1,
    "peak_deflection": 0.0,
    "post_noise_rms_mv": 0.0365602858364582,
    "post_vm_mv": -66.0209732055664,
    "pre_noise_rms_mv": 0.0430822856724262,
    "pre_vm_mv": -66.1501770019531,
    "slow_noise_rms_mv": 0.216001868247986,
    "slow_vm_mv": -66.1501770019531,
    "specimen_id": 464198958,
    "stimulus_absolute_amplitude": 200.000002670286,
    "stimulus_description": "C1SSFINEST141203[0]",
    "stimulus_duration": 0.002995,
    "stimulus_interval": 0.0,
    "stimulus_name": "Short Square",
    "stimulus_relative_amplitude": 2.0,
    "stimulus_start_time": 0.92,
    "stimulus_units": "pA",
    "sweep_number": 19,
    "vm_delta_mv": 0.129203796386719
  },
  {
    "bridge_balance_mohm": 13.4310131072998,
    "id": 464306417,
    "leak_pa": 0.0,
    "num_spikes": 41,
    "peak_deflection": 0.0,
    "post_noise_rms_mv": 0.0398684144020081,
    "post_vm_mv": -69.8325500488281,
    "pre_noise_rms_mv": 0.0480209067463875,
    "pre_vm_mv": -70.3497085571289,
    "slow_noise_rms_mv": 0.17144101858139,
    "slow_vm_mv": -70.3497085571289,
    "specimen_id": 464198958,
    "stimulus_absolute_amplitude": 69.5000029748982,
    "stimulus_description": "C1NSSEED_1141203[0]",
    "stimulus_duration": 18.999995,
    "stimulus_interval": 5.0,
    "stimulus_name": "Noise 1",
    "stimulus_relative_amplitude": 0.3,
    "stimulus_start_time": 1.92,
    "stimulus_units": "pA",
    "sweep_number": 41,
    "vm_delta_mv": 0.517158508300781
  },
  {
    "bridge_balance_mohm": 13.4310131072998,
    "id": 464306397,
    "leak_pa": 0.0,
    "num_spikes": 42,
    "peak_deflection": 0.0,
    "post_noise_rms_mv": 0.0458581075072289,
    "post_vm_mv": -68.3703918457031,
    "pre_noise_rms_mv": 0.0473138280212879,
    "pre_vm_mv": -65.736213684082,
    "slow_noise_rms_mv": 0.145694717764854,
    "slow_vm_mv": -65.736213684082,
    "specimen_id": 464198958,
    "stimulus_absolute_amplitude": 129.99999687846,
    "stimulus_description": "C1LSCOARSE141203[12]",
    "stimulus_duration": 0.999995,
    "stimulus_interval": 0.0,
    "stimulus_name": "Long Square",
    "stimulus_relative_amplitude": 1.0,
    "stimulus_start_time": 0.92,
    "stimulus_units": "pA",
    "sweep_number": 32,
    "vm_delta_mv": 2.63417816162109
  },
  {
    "bridge_balance_mohm": 13.4310131072998,
    "id": 464306393,
    "leak_pa": 0.0,
    "num_spikes": 30,
    "peak_deflection": 0.0,
    "post_noise_rms_mv": 0.0392666906118393,
    "post_vm_mv": -68.4555969238281,
    "pre_noise_rms_mv": 0.0399789735674858,
    "pre_vm_mv": -66.3957748413086,
    "slow_noise_rms_mv": 0.149389758706093,
    "slow_vm_mv": -66.3957748413086,
    "specimen_id": 464198958,
    "stimulus_absolute_amplitude": 90.0000005077395,
    "stimulus_description": "C1LSCOARSE141203[10]",
    "stimulus_duration": 0.999995,
    "stimulus_interval": 0.0,
    "stimulus_name": "Long Square",
    "stimulus_relative_amplitude": 1.0,
    "stimulus_start_time": 0.92,
    "stimulus_units": "pA",
    "sweep_number": 30,
    "vm_delta_mv": 2.05982208251953
  },
  {
    "bridge_balance_mohm": 13.4310131072998,
    "id": 464306359,
    "leak_pa": 0.0,
    "num_spikes": 1,
    "peak_deflection": 0.0,
    "post_noise_rms_mv": 0.0369657166302204,
    "post_vm_mv": -65.6703796386719,
    "pre_noise_rms_mv": 0.0438623428344727,
    "pre_vm_mv": -65.8909149169922,
    "slow_noise_rms_mv": 0.137388274073601,
    "slow_vm_mv": -65.8909149169922,
    "specimen_id": 464198958,
    "stimulus_absolute_amplitude": 200.000002670286,
    "stimulus_description": "C1SSFINEST141203[0]",
    "stimulus_duration": 0.002995,
    "stimulus_interval": 0.0,
    "stimulus_name": "Short Square",
    "stimulus_relative_amplitude": 2.0,
    "stimulus_start_time": 0.92,
    "stimulus_units": "pA",
    "sweep_number": 15,
    "vm_delta_mv": 0.220535278320312
  },
  {
    "bridge_balance_mohm": 13.4310131072998,
    "id": 464306415,
    "leak_pa": 0.0,
    "num_spikes": 38,
    "peak_deflection": 0.0,
    "post_noise_rms_mv": 0.0434763245284557,
    "post_vm_mv": -69.5554733276367,
    "pre_noise_rms_mv": 0.0401393808424473,
    "pre_vm_mv": -68.5434951782227,
    "slow_noise_rms_mv": 0.175153702497482,
    "slow_vm_mv": -68.5434951782227,
    "specimen_id": 464198958,
    "stimulus_absolute_amplitude": 70.7500030783237,
    "stimulus_description": "C1NSSEED_2141203[0]",
    "stimulus_duration": 18.999995,
    "stimulus_interval": 5.0,
    "stimulus_name": "Noise 2",
    "stimulus_relative_amplitude": 0.3,
    "stimulus_start_time": 1.92,
    "stimulus_units": "pA",
    "sweep_number": 40,
    "vm_delta_mv": 1.01197814941406
  },
  {
    "bridge_balance_mohm": 13.4310131072998,
    "id": 464306385,
    "leak_pa": 0.0,
    "num_spikes": 5,
    "peak_deflection": 0.0,
    "post_noise_rms_mv": 0.0402106605470181,
    "post_vm_mv": -66.7802810668945,
    "pre_noise_rms_mv": 0.0348262265324593,
    "pre_vm_mv": -66.7461166381836,
    "slow_noise_rms_mv": 0.222978547215462,
    "slow_vm_mv": -66.7461166381836,
    "specimen_id": 464198958,
    "stimulus_absolute_amplitude": 29.9999990127642,
    "stimulus_description": "C1LSCOARSE141203[7]",
    "stimulus_duration": 0.999995,
    "stimulus_interval": 0.0,
    "stimulus_name": "Long Square",
    "stimulus_relative_amplitude": 1.0,
    "stimulus_start_time": 0.92,
    "stimulus_units": "pA",
    "sweep_number": 27,
    "vm_delta_mv": 0.0341644287109375
  },
  {
    "bridge_balance_mohm": 13.4310131072998,
    "id": 464306357,
    "leak_pa": 0.0,
    "num_spikes": 1,
    "peak_deflection": 0.0,
    "post_noise_rms_mv": 0.0365472249686718,
    "post_vm_mv": -65.2565155029297,
    "pre_noise_rms_mv": 0.0391953326761723,
    "pre_vm_mv": -65.4356918334961,
    "slow_noise_rms_mv": 0.171939924359322,
    "slow_vm_mv": -65.4356918334961,
    "specimen_id": 464198958,
    "stimulus_absolute_amplitude": 200.000002670286,
    "stimulus_description": "C1SSFINEST141203[0]",
    "stimulus_duration": 0.002995,
    "stimulus_interval": 0.0,
    "stimulus_name": "Short Square",
    "stimulus_relative_amplitude": 2.0,
    "stimulus_start_time": 0.92,
    "stimulus_units": "pA",
    "sweep_number": 14,
    "vm_delta_mv": 0.179176330566406
  },
  {
    "bridge_balance_mohm": 13.4310131072998,
    "id": 464306371,
    "leak_pa": 0.0,
    "num_spikes": 0,
    "peak_deflection": -105.187507629395,
    "post_noise_rms_mv": 0.0419849753379822,
    "post_vm_mv": -66.3071136474609,
    "pre_noise_rms_mv": 0.0388494692742825,
    "pre_vm_mv": -66.6687774658203,
    "slow_noise_rms_mv": 0.235629439353943,
    "slow_vm_mv": -66.6687774658203,
    "specimen_id": 464198958,
    "stimulus_absolute_amplitude": -110.000002162547,
    "stimulus_description": "C1LSCOARSE141203[0]",
    "stimulus_duration": 0.999995,
    "stimulus_interval": 0.0,
    "stimulus_name": "Long Square",
    "stimulus_relative_amplitude": 1.0,
    "stimulus_start_time": 0.92,
    "stimulus_units": "pA",
    "sweep_number": 20,
    "vm_delta_mv": 0.361663818359375
  },
  {
    "bridge_balance_mohm": 13.4310131072998,
    "id": 464306363,
    "leak_pa": 0.0,
    "num_spikes": 1,
    "peak_deflection": 0.0,
    "post_noise_rms_mv": 0.040229644626379,
    "post_vm_mv": -65.6824188232422,
    "pre_noise_rms_mv": 0.0424604266881943,
    "pre_vm_mv": -65.9623718261719,
    "slow_noise_rms_mv": 0.228606536984444,
    "slow_vm_mv": -65.9623718261719,
    "specimen_id": 464198958,
    "stimulus_absolute_amplitude": 200.000002670286,
    "stimulus_description": "C1SSFINEST141203[0]",
    "stimulus_duration": 0.002995,
    "stimulus_interval": 0.0,
    "stimulus_name": "Short Square",
    "stimulus_relative_amplitude": 2.0,
    "stimulus_start_time": 0.92,
    "stimulus_units": "pA",
    "sweep_number": 17,
    "vm_delta_mv": 0.279953002929688
  },
  {
    "bridge_balance_mohm": 13.4310131072998,
    "id": 464306351,
    "leak_pa": 0.0,
    "num_spikes": 0,
    "peak_deflection": 0.0,
    "post_noise_rms_mv": 0.0415956377983093,
    "post_vm_mv": -64.5372772216797,
    "pre_noise_rms_mv": 0.0394741073250771,
    "pre_vm_mv": -64.9264221191406,
    "slow_noise_rms_mv": 0.180644139647484,
    "slow_vm_mv": -64.9264221191406,
    "specimen_id": 464198958,
    "stimulus_absolute_amplitude": 139.999997705864,
    "stimulus_description": "C1SSFINEST141203[0]",
    "stimulus_duration": 0.002995,
    "stimulus_interval": 0.0,
    "stimulus_name": "Short Square",
    "stimulus_relative_amplitude": 1.4,
    "stimulus_start_time": 0.92,
    "stimulus_units": "pA",
    "sweep_number": 11,
    "vm_delta_mv": 0.389144897460938
  },
  {
    "bridge_balance_mohm": 13.4310131072998,
    "id": 464306439,
    "leak_pa": 0.0,
    "num_spikes": 58,
    "peak_deflection": 0.0,
    "post_noise_rms_mv": 0.0,
    "post_vm_mv": 0.0,
    "pre_noise_rms_mv": 0.0392093323171139,
    "pre_vm_mv": -64.5324172973633,
    "slow_noise_rms_mv": 0.173282861709595,
    "slow_vm_mv": -64.5324172973633,
    "specimen_id": 464198958,
    "stimulus_absolute_amplitude": 499.999985859034,
    "stimulus_description": "C1RP25PR1S141203[0]",
    "stimulus_duration": 19.997495,
    "stimulus_interval": 0.0,
    "stimulus_name": "Ramp",
    "stimulus_relative_amplitude": 1.0,
    "stimulus_start_time": 0.9225,
    "stimulus_units": "pA",
    "sweep_number": 6,
    "vm_delta_mv": 0.0
  },
  {
    "bridge_balance_mohm": 13.4310131072998,
    "id": 464306435,
    "leak_pa": 0.0,
    "num_spikes": 19,
    "peak_deflection": 0.0,
    "post_noise_rms_mv": 0.0,
    "post_vm_mv": 0.0,
    "pre_noise_rms_mv": 0.0397414080798626,
    "pre_vm_mv": -61.2570991516113,
    "slow_noise_rms_mv": 0.201242089271545,
    "slow_vm_mv": -61.2570991516113,
    "specimen_id": 464198958,
    "stimulus_absolute_amplitude": 499.999985859034,
    "stimulus_description": "C1RP25PR1S141203[0]",
    "stimulus_duration": 19.997495,
    "stimulus_interval": 0.0,
    "stimulus_name": "Ramp",
    "stimulus_relative_amplitude": 1.0,
    "stimulus_start_time": 0.9225,
    "stimulus_units": "pA",
    "sweep_number": 5,
    "vm_delta_mv": 0.0
  },
  {
    "bridge_balance_mohm": 13.4310131072998,
    "id": 464306395,
    "leak_pa": 0.0,
    "num_spikes": 37,
    "peak_deflection": 0.0,
    "post_noise_rms_mv": 0.0423837415874004,
    "post_vm_mv": -68.3867950439453,
    "pre_noise_rms_mv": 0.0398725271224976,
    "pre_vm_mv": -66.0856323242188,
    "slow_noise_rms_mv": 0.20293365418911,
    "slow_vm_mv": -66.0856323242188,
    "specimen_id": 464198958,
    "stimulus_absolute_amplitude": 110.000002162547,
    "stimulus_description": "C1LSCOARSE141203[11]",
    "stimulus_duration": 0.999995,
    "stimulus_interval": 0.0,
    "stimulus_name": "Long Square",
    "stimulus_relative_amplitude": 1.0,
    "stimulus_start_time": 0.92,
    "stimulus_units": "pA",
    "sweep_number": 31,
    "vm_delta_mv": 2.30116271972656
  },
  {
    "bridge_balance_mohm": 13.4310131072998,
    "id": 464306425,
    "leak_pa": 0.0,
    "num_spikes": 3,
    "peak_deflection": 0.0,
    "post_noise_rms_mv": 0.0352648384869099,
    "post_vm_mv": -65.8344268798828,
    "pre_noise_rms_mv": 0.0349347591400146,
    "pre_vm_mv": -65.5552597045898,
    "slow_noise_rms_mv": 0.169548913836479,
    "slow_vm_mv": -65.5552597045898,
    "specimen_id": 464198958,
    "stimulus_absolute_amplitude": 19.9999999200839,
    "stimulus_description": "C1LSFINEST141203[0]",
    "stimulus_duration": 0.999995,
    "stimulus_interval": 0.0,
    "stimulus_name": "Long Square",
    "stimulus_relative_amplitude": 0.2,
    "stimulus_start_time": 0.92,
    "stimulus_units": "pA",
    "sweep_number": 45,
    "vm_delta_mv": 0.279167175292969
  },
  {
    "bridge_balance_mohm": 13.4310131072998,
    "id": 464306405,
    "leak_pa": 0.0,
    "num_spikes": 0,
    "peak_deflection": -55.5625,
    "post_noise_rms_mv": 0.0412130132317543,
    "post_vm_mv": -66.1670684814453,
    "pre_noise_rms_mv": 0.0419025495648384,
    "pre_vm_mv": -65.84423828125,
    "slow_noise_rms_mv": 0.161361634731293,
    "slow_vm_mv": -65.84423828125,
    "specimen_id": 464198958,
    "stimulus_absolute_amplitude": 19.9999999200839,
    "stimulus_description": "C1LSFINEST141203[0]",
    "stimulus_duration": 0.999995,
    "stimulus_interval": 0.0,
    "stimulus_name": "Long Square",
    "stimulus_relative_amplitude": 0.2,
    "stimulus_start_time": 0.92,
    "stimulus_units": "pA",
    "sweep_number": 36,
    "vm_delta_mv": 0.322830200195312
  },
  {
    "bridge_balance_mohm": 13.4310131072998,
    "id": 464306413,
    "leak_pa": 0.0,
    "num_spikes": 31,
    "peak_deflection": 0.0,
    "post_noise_rms_mv": 0.0,
    "post_vm_mv": 0.0,
    "pre_noise_rms_mv": 0.0382733382284641,
    "pre_vm_mv": -61.8182182312012,
    "slow_noise_rms_mv": 0.266666531562805,
    "slow_vm_mv": -61.8182182312012,
    "specimen_id": 464198958,
    "stimulus_absolute_amplitude": 499.999985859034,
    "stimulus_description": "C1RP25PR1S141203[0]",
    "stimulus_duration": 19.997495,
    "stimulus_interval": 0.0,
    "stimulus_name": "Ramp",
    "stimulus_relative_amplitude": 1.0,
    "stimulus_start_time": 0.9225,
    "stimulus_units": "pA",
    "sweep_number": 4,
    "vm_delta_mv": 0.0
  },
  {
    "bridge_balance_mohm": 13.4310131072998,
    "id": 464306419,
    "leak_pa": 0.0,
    "num_spikes": 69,
    "peak_deflection": 0.0,
    "post_noise_rms_mv": 0.0389982387423515,
    "post_vm_mv": -67.7339172363281,
    "pre_noise_rms_mv": 0.0430579110980034,
    "pre_vm_mv": -66.1948547363281,
    "slow_noise_rms_mv": 0.143946975469589,
    "slow_vm_mv": -66.1948547363281,
    "specimen_id": 464198958,
    "stimulus_absolute_amplitude": 70.7500030783237,
    "stimulus_description": "C1NSSEED_2141203[0]",
    "stimulus_duration": 18.999995,
    "stimulus_interval": 5.0,
    "stimulus_name": "Noise 2",
    "stimulus_relative_amplitude": 0.3,
    "stimulus_start_time": 1.92,
    "stimulus_units": "pA",
    "sweep_number": 42,
    "vm_delta_mv": 1.5390625
  },
  {
    "bridge_balance_mohm": 13.4310131072998,
    "id": 464306399,
    "leak_pa": 0.0,
    "num_spikes": 46,
    "peak_deflection": 0.0,
    "post_noise_rms_mv": 0.0409432202577591,
    "post_vm_mv": -68.5030136108398,
    "pre_noise_rms_mv": 0.0418008640408516,
    "pre_vm_mv": -65.5135040283203,
    "slow_noise_rms_mv": 0.110639356076717,
    "slow_vm_mv": -65.5135040283203,
    "specimen_id": 464198958,
    "stimulus_absolute_amplitude": 149.999998533268,
    "stimulus_description": "C1LSCOARSE141203[13]",
    "stimulus_duration": 0.999995,
    "stimulus_interval": 0.0,
    "stimulus_name": "Long Square",
    "stimulus_relative_amplitude": 1.0,
    "stimulus_start_time": 0.92,
    "stimulus_units": "pA",
    "sweep_number": 33,
    "vm_delta_mv": 2.98950958251953
  },
  {
    "bridge_balance_mohm": 0.0,
    "id": 464306431,
    "leak_pa": 0.0,
    "num_spikes": 0,
    "peak_deflection": 0.0,
    "post_noise_rms_mv": 0.0,
    "post_vm_mv": 0.0,
    "pre_noise_rms_mv": 0.0,
    "pre_vm_mv": 0.0,
    "slow_noise_rms_mv": 0.0,
    "slow_vm_mv": 0.0,
    "specimen_id": 464198958,
    "stimulus_absolute_amplitude": 9.99999977648258,
    "stimulus_description": "EXTPEXPEND141203[0]",
    "stimulus_duration": 0.069995,
    "stimulus_interval": 0.05,
    "stimulus_name": "Test",
    "stimulus_relative_amplitude": 1.0,
    "stimulus_start_time": 0.03,
    "stimulus_units": "mV",
    "sweep_number": 48,
    "vm_delta_mv": 0.0
  },
  {
    "bridge_balance_mohm": 13.4310131072998,
    "id": 464306427,
    "leak_pa": 0.0,
    "num_spikes": 4,
    "peak_deflection": 0.0,
    "post_noise_rms_mv": 0.0463739298284054,
    "post_vm_mv": -66.2427673339844,
    "pre_noise_rms_mv": 0.0408578030765057,
    "pre_vm_mv": -66.6826629638672,
    "slow_noise_rms_mv": 0.125789120793343,
    "slow_vm_mv": -66.6826629638672,
    "specimen_id": 464198958,
    "stimulus_absolute_amplitude": 19.9999999200839,
    "stimulus_description": "C2SQRHELNG141203[0]",
    "stimulus_duration": 1.999995,
    "stimulus_interval": 0.0,
    "stimulus_name": "Square - 2s Suprathreshold",
    "stimulus_relative_amplitude": 0.2,
    "stimulus_start_time": 0.92,
    "stimulus_units": "pA",
    "sweep_number": 46,
    "vm_delta_mv": 0.439895629882812
  },
  {
    "bridge_balance_mohm": 13.4310131072998,
    "id": 464306423,
    "leak_pa": 0.0,
    "num_spikes": 10,
    "peak_deflection": 0.0,
    "post_noise_rms_mv": 0.0426072105765343,
    "post_vm_mv": -66.0594863891602,
    "pre_noise_rms_mv": 0.0378095209598541,
    "pre_vm_mv": -65.7129058837891,
    "slow_noise_rms_mv": 0.32832258939743,
    "slow_vm_mv": -65.7129058837891,
    "specimen_id": 464198958,
    "stimulus_absolute_amplitude": 29.9999990127642,
    "stimulus_description": "C1LSFINEST141203[0]",
    "stimulus_duration": 0.999995,
    "stimulus_interval": 0.0,
    "stimulus_name": "Long Square",
    "stimulus_relative_amplitude": 0.3,
    "stimulus_start_time": 0.92,
    "stimulus_units": "pA",
    "sweep_number": 44,
    "vm_delta_mv": 0.346580505371094
  },
  {
    "bridge_balance_mohm": 13.4310131072998,
    "id": 464306381,
    "leak_pa": 0.0,
    "num_spikes": 0,
    "peak_deflection": -71.53125,
    "post_noise_rms_mv": 0.0386985950171947,
    "post_vm_mv": -66.3577423095703,
    "pre_noise_rms_mv": 0.0422019809484482,
    "pre_vm_mv": -66.1882476806641,
    "slow_noise_rms_mv": 0.295632839202881,
    "slow_vm_mv": -66.1882476806641,
    "specimen_id": 464198958,
    "stimulus_absolute_amplitude": -9.99999996004197,
    "stimulus_description": "C1LSCOARSE141203[5]",
    "stimulus_duration": 0.999995,
    "stimulus_interval": 0.0,
    "stimulus_name": "Long Square",
    "stimulus_relative_amplitude": 1.0,
    "stimulus_start_time": 0.92,
    "stimulus_units": "pA",
    "sweep_number": 25,
    "vm_delta_mv": 0.16949462890625
  },
  {
    "bridge_balance_mohm": 13.4310131072998,
    "id": 464306403,
    "leak_pa": 0.0,
    "num_spikes": 6,
    "peak_deflection": 0.0,
    "post_noise_rms_mv": 0.0464847981929779,
    "post_vm_mv": -65.9275131225586,
    "pre_noise_rms_mv": 0.0394039861857891,
    "pre_vm_mv": -65.6631469726562,
    "slow_noise_rms_mv": 0.254026502370834,
    "slow_vm_mv": -65.6631469726562,
    "specimen_id": 464198958,
    "stimulus_absolute_amplitude": 29.9999990127642,
    "stimulus_description": "C1LSFINEST141203[0]",
    "stimulus_duration": 0.999995,
    "stimulus_interval": 0.0,
    "stimulus_name": "Long Square",
    "stimulus_relative_amplitude": 0.3,
    "stimulus_start_time": 0.92,
    "stimulus_units": "pA",
    "sweep_number": 35,
    "vm_delta_mv": 0.264366149902344
  },
  {
    "bridge_balance_mohm": 13.4310131072998,
    "id": 464306443,
    "leak_pa": 0.0,
    "num_spikes": 1,
    "peak_deflection": 0.0,
    "post_noise_rms_mv": 0.0403157472610474,
    "post_vm_mv": -64.2450180053711,
    "pre_noise_rms_mv": 0.0402223616838455,
    "pre_vm_mv": -64.092399597168,
    "slow_noise_rms_mv": 0.161840975284576,
    "slow_vm_mv": -64.092399597168,
    "specimen_id": 464198958,
    "stimulus_absolute_amplitude": 200.000002670286,
    "stimulus_description": "C1SSCOARSE141203[1]",
    "stimulus_duration": 0.002995,
    "stimulus_interval": 0.0,
    "stimulus_name": "Short Square",
    "stimulus_relative_amplitude": 1.0,
    "stimulus_start_time": 0.92,
    "stimulus_units": "pA",
    "sweep_number": 8,
    "vm_delta_mv": 0.152618408203125
  },
  {
    "bridge_balance_mohm": 13.4310131072998,
    "id": 464306355,
    "leak_pa": 0.0,
    "num_spikes": 0,
    "peak_deflection": 0.0,
    "post_noise_rms_mv": 0.0361874587833881,
    "post_vm_mv": -65.127326965332,
    "pre_noise_rms_mv": 0.0469314977526665,
    "pre_vm_mv": -65.5621185302734,
    "slow_noise_rms_mv": 0.107585661113262,
    "slow_vm_mv": -65.5621185302734,
    "specimen_id": 464198958,
    "stimulus_absolute_amplitude": 180.000001015479,
    "stimulus_description": "C1SSFINEST141203[0]",
    "stimulus_duration": 0.002995,
    "stimulus_interval": 0.0,
    "stimulus_name": "Short Square",
    "stimulus_relative_amplitude": 1.8,
    "stimulus_start_time": 0.92,
    "stimulus_units": "pA",
    "sweep_number": 13,
    "vm_delta_mv": 0.434791564941406
  },
  {
    "bridge_balance_mohm": 13.4310131072998,
    "id": 464306445,
    "leak_pa": 0.0,
    "num_spikes": 1,
    "peak_deflection": 0.0,
    "post_noise_rms_mv": 0.0409550406038761,
    "post_vm_mv": -64.3184509277344,
    "pre_noise_rms_mv": 0.0369909144937992,
    "pre_vm_mv": -64.0550537109375,
    "slow_noise_rms_mv": 0.208174884319305,
    "slow_vm_mv": -64.0550537109375,
    "specimen_id": 464198958,
    "stimulus_absolute_amplitude": 299.999997066536,
    "stimulus_description": "C1SSCOARSE141203[2]",
    "stimulus_duration": 0.002995,
    "stimulus_interval": 0.0,
    "stimulus_name": "Short Square",
    "stimulus_relative_amplitude": 1.0,
    "stimulus_start_time": 0.92,
    "stimulus_units": "pA",
    "sweep_number": 9,
    "vm_delta_mv": 0.263397216796875
  }
]