[
  {
    "bridge_balance_mohm": 18.7423686981201,
    "id": 469800030,
    "leak_pa": 0.0,
    "num_spikes": 0,
    "peak_deflection": 0.0,
    "post_noise_rms_mv": 0.049509309232235,
    "post_vm_mv": -81.3482971191406,
    "pre_noise_rms_mv": 0.0463493689894676,
    "pre_vm_mv": -81.5656585693359,
    "slow_noise_rms_mv": 0.267922580242157,
    "slow_vm_mv": -81.5656585693359,
    "specimen_id": 469798159,
    "stimulus_absolute_amplitude": 1159.99998495653,
    "stimulus_description": "C1SSFINEST150112[0]",
    "stimulus_duration": 0.002995,
    "stimulus_interval": 0.0,
    "stimulus_name": "Short Square",
    "stimulus_relative_amplitude": 11.6,
    "stimulus_start_time": 0.92,
    "stimulus_units": "pA",
    "sweep_number": 21,
    "vm_delta_mv": 0.217361450195312
  },
  {
    "bridge_balance_mohm": 0.0,
    "id": 469799946,
    "leak_pa": 0.0,
    "num_spikes": 0,
    "peak_deflection": 0.0,
    "post_noise_rms_mv": 0.0,
    "post_vm_mv": 0.0,
    "pre_noise_rms_mv": 0.0,
    "pre_vm_mv": 0.0,
    "slow_noise_rms_mv": 0.0,
    "slow_vm_mv": 0.0,
    "specimen_id": 469798159,
    "stimulus_absolute_amplitude": 9.99999977648258,
    "stimulus_description": "EXTPSMOKET141203[0]",
    "stimulus_duration": 0.069995,
    "stimulus_interval": 0.05,
    "stimulus_name": "Test",
    "stimulus_relative_amplitude": 1.0,
    "stimulus_start_time": 0.03,
    "stimulus_units": "mV",
    "sweep_number": 0,
    "vm_delta_mv": 0.0
  },
  {
    "bridge_balance_mohm": 18.7423686981201,
    "id": 469800032,
    "leak_pa": 0.0,
    "num_spikes": 1,
    "peak_deflection": 0.0,
    "post_noise_rms_mv": 0.0399576611816883,
    "post_vm_mv": -81.8474578857422,
    "pre_noise_rms_mv": 0.0481059439480305,
    "pre_vm_mv": -81.5481796264648,
    "slow_noise_rms_mv": 0.309675604104996,
    "slow_vm_mv": -81.5481796264648,
    "specimen_id": 469798159,
    "stimulus_absolute_amplitude": 1169.99998578393,
    "stimulus_description": "C1SSFINEST150112[0]",
    "stimulus_duration": 0.002995,
    "stimulus_interval": 0.0,
    "stimulus_name": "Short Square",
    "stimulus_relative_amplitude": 11.7,
    "stimulus_start_time": 0.92,
    "stimulus_units": "pA",
    "sweep_number": 22,
    "vm_delta_mv": 0.299278259277344
  },
  {
    "bridge_balance_mohm": 18.7423686981201,
    "id": 469800082,
    "leak_pa": 0.0,
    "num_spikes": 17,
    "peak_deflection": 0.0,
    "post_noise_rms_mv": 0.0372240990400314,
    "post_vm_mv": -83.4187240600586,
    "pre_noise_rms_mv": 0.0395365692675114,
    "pre_vm_mv": -82.6314315795898,
    "slow_noise_rms_mv": 0.314307659864426,
    "slow_vm_mv": -82.6314315795898,
    "specimen_id": 469798159,
    "stimulus_absolute_amplitude": 129.99999687846,
    "stimulus_description": "C1LSCOARSE150216[12]",
    "stimulus_duration": 0.999995,
    "stimulus_interval": 0.0,
    "stimulus_name": "Long Square",
    "stimulus_relative_amplitude": 1.0,
    "stimulus_start_time": 0.92,
    "stimulus_units": "pA",
    "sweep_number": 45,
    "vm_delta_mv": 0.78729248046875
  },
  {
    "bridge_balance_mohm": 18.7423686981201,
    "id": 469800066,
    "leak_pa": 0.0,
    "num_spikes": 0,
    "peak_deflection": -83.71875,
    "post_noise_rms_mv": 0.0415174402296543,
    "post_vm_mv": -81.4685974121094,
    "pre_noise_rms_mv": 0.0488256178796291,
    "pre_vm_mv": -81.1402359008789,
    "slow_noise_rms_mv": 0.100843541324139,
    "slow_vm_mv": -81.1402359008789,
    "specimen_id": 469798159,
    "stimulus_absolute_amplitude": -9.99999996004197,
    "stimulus_description": "C1LSCOARSE150216[5]",
    "stimulus_duration": 0.999995,
    "stimulus_interval": 0.0,
    "stimulus_name": "Long Square",
    "stimulus_relative_amplitude": 1.0,
    "stimulus_start_time": 0.92,
    "stimulus_units": "pA",
    "sweep_number": 38,
    "vm_delta_mv": 0.328361511230469
  },
  {
    "bridge_balance_mohm": 18.7423686981201,
    "id": 469800062,
    "leak_pa": 0.0,
    "num_spikes": 0,
    "peak_deflection": -91.1875,
    "post_noise_rms_mv": 0.0339671187102795,
    "post_vm_mv": -80.8418731689453,
    "pre_noise_rms_mv": 0.04837866127491,
    "pre_vm_mv": -81.1077575683594,
    "slow_noise_rms_mv": 0.367677718400955,
    "slow_vm_mv": -81.1077575683594,
    "specimen_id": 469798159,
    "stimulus_absolute_amplitude": -50.0000006675716,
    "stimulus_description": "C1LSCOARSE150216[3]",
    "stimulus_duration": 0.999995,
    "stimulus_interval": 0.0,
    "stimulus_name": "Long Square",
    "stimulus_relative_amplitude": 1.0,
    "stimulus_start_time": 0.92,
    "stimulus_units": "pA",
    "sweep_number": 36,
    "vm_delta_mv": 0.265884399414062
  },
  {
    "bridge_balance_mohm": 18.7423686981201,
    "id": 469800022,
    "leak_pa": 0.0,
    "num_spikes": 1,
    "peak_deflection": 0.0,
    "post_noise_rms_mv": 0.0434037670493126,
    "post_vm_mv": -81.1089706420898,
    "pre_noise_rms_mv": 0.0386303886771202,
    "pre_vm_mv": -81.051025390625,
    "slow_noise_rms_mv": 0.167998299002647,
    "slow_vm_mv": -81.051025390625,
    "specimen_id": 469798159,
    "stimulus_absolute_amplitude": 1199.99998826614,
    "stimulus_description": "C1SSCOARSE150112[11]",
    "stimulus_duration": 0.002995,
    "stimulus_interval": 0.0,
    "stimulus_name": "Short Square",
    "stimulus_relative_amplitude": 1.0,
    "stimulus_start_time": 0.92,
    "stimulus_units": "pA",
    "sweep_number": 18,
    "vm_delta_mv": 0.0579452514648438
  },
  {
    "bridge_balance_mohm": 0.0,
    "id": 469800048,
    "leak_pa": 0.0,
    "num_spikes": 0,
    "peak_deflection": 0.0,
    "post_noise_rms_mv": 0.0,
    "post_vm_mv": 0.0,
    "pre_noise_rms_mv": 0.0,
    "pre_vm_mv": 0.0,
    "slow_noise_rms_mv": 0.0,
    "slow_vm_mv": 0.0,
    "specimen_id": 469798159,
    "stimulus_absolute_amplitude": 9.99999977648258,
    "stimulus_description": "EXTPBREAKN141203[0]",
    "stimulus_duration": 0.069995,
    "stimulus_interval": 0.05,
    "stimulus_name": "Test",
    "stimulus_relative_amplitude": 1.0,
    "stimulus_start_time": 0.03,
    "stimulus_units": "mV",
    "sweep_number": 3,
    "vm_delta_mv": 0.0
  },
  {
    "bridge_balance_mohm": 17.4603176116943,
    "id": 469800206,
    "leak_pa": 0.0,
    "num_spikes": 3,
    "peak_deflection": 0.0,
    "post_noise_rms_mv": 0.0395914204418659,
    "post_vm_mv": -81.512939453125,
    "pre_noise_rms_mv": 0.0424523539841175,
    "pre_vm_mv": -81.2213745117188,
    "slow_noise_rms_mv": 0.12141078710556,
    "slow_vm_mv": -81.2213745117188,
    "specimen_id": 469798159,
    "stimulus_absolute_amplitude": 1189.99998743874,
    "stimulus_description": "C2SSTRIPLE141203[2]",
    "stimulus_duration": 0.032995,
    "stimulus_interval": 0.012,
    "stimulus_name": "Short Square - Triple",
    "stimulus_relative_amplitude": 11.9,
    "stimulus_start_time": 1.92,
    "stimulus_units": "pA",
    "sweep_number": 96,
    "vm_delta_mv": 0.29156494140625
  },
  {
    "bridge_balance_mohm": 17.4603176116943,
    "id": 469799966,
    "leak_pa": 0.0,
    "num_spikes": 0,
    "peak_deflection": 0.0,
    "post_noise_rms_mv": 0.042702741920948,
    "post_vm_mv": -70.5530624389648,
    "pre_noise_rms_mv": 0.0460311770439148,
    "pre_vm_mv": -70.7231903076172,
    "slow_noise_rms_mv": 0.444128572940826,
    "slow_vm_mv": -70.7231903076172,
    "specimen_id": 469798159,
    "stimulus_absolute_amplitude": 400.000005340573,
    "stimulus_description": "C2SSHM70CS150126[3]",
    "stimulus_duration": 0.002995,
    "stimulus_interval": 0.0,
    "stimulus_name": "Short Square - Hold -70mV",
    "stimulus_relative_amplitude": 1.0,
    "stimulus_start_time": 0.92,
    "stimulus_units": "pA",
    "sweep_number": 105,
    "vm_delta_mv": 0.170127868652344
  },
  {
    "bridge_balance_mohm": 18.7423686981201,
    "id": 469800042,
    "leak_pa": 0.0,
    "num_spikes": 0,
    "peak_deflection": 0.0,
    "post_noise_rms_mv": 0.0408322699368,
    "post_vm_mv": -82.2091369628906,
    "pre_noise_rms_mv": 0.04257907345891,
    "pre_vm_mv": -82.1574096679688,
    "slow_noise_rms_mv": 0.15216913819313,
    "slow_vm_mv": -82.1574096679688,
    "specimen_id": 469798159,
    "stimulus_absolute_amplitude": 1179.99998661134,
    "stimulus_description": "C1SSFINEST150112[0]",
    "stimulus_duration": 0.002995,
    "stimulus_interval": 0.0,
    "stimulus_name": "Short Square",
    "stimulus_relative_amplitude": 11.8,
    "stimulus_start_time": 0.92,
    "stimulus_units": "pA",
    "sweep_number": 27,
    "vm_delta_mv": 0.051727294921875
  },
  {
    "bridge_balance_mohm": 17.4603176116943,
    "id": 469800174,
    "leak_pa": 0.0,
    "num_spikes": 3,
    "peak_deflection": 0.0,
    "post_noise_rms_mv": 0.0361857376992702,
    "post_vm_mv": -81.6702117919922,
    "pre_noise_rms_mv": 0.0434876792132854,
    "pre_vm_mv": -81.3645095825195,
    "slow_noise_rms_mv": 0.250723242759705,
    "slow_vm_mv": -81.3645095825195,
    "specimen_id": 469798159,
    "stimulus_absolute_amplitude": 1189.99998743874,
    "stimulus_description": "C2SSTRIPLE141203[4]",
    "stimulus_duration": 0.048995,
    "stimulus_interval": 0.02,
    "stimulus_name": "Short Square - Triple",
    "stimulus_relative_amplitude": 11.9,
    "stimulus_start_time": 1.92,
    "stimulus_units": "pA",
    "sweep_number": 82,
    "vm_delta_mv": 0.305702209472656
  },
  {
    "bridge_balance_mohm": 17.4603176116943,
    "id": 469800212,
    "leak_pa": 0.0,
    "num_spikes": 3,
    "peak_deflection": 0.0,
    "post_noise_rms_mv": 0.0389993935823441,
    "post_vm_mv": -80.8013381958008,
    "pre_noise_rms_mv": 0.0431426092982292,
    "pre_vm_mv": -81.04931640625,
    "slow_noise_rms_mv": 0.200961202383041,
    "slow_vm_mv": -81.04931640625,
    "specimen_id": 469798159,
    "stimulus_absolute_amplitude": 1189.99998743874,
    "stimulus_description": "C2SSTRIPLE141203[5]",
    "stimulus_duration": 0.056995,
    "stimulus_interval": 0.024,
    "stimulus_name": "Short Square - Triple",
    "stimulus_relative_amplitude": 11.9,
    "stimulus_start_time": 1.92,
    "stimulus_units": "pA",
    "sweep_number": 99,
    "vm_delta_mv": 0.247978210449219
  },
  {
    "bridge_balance_mohm": 18.7423686981201,
    "id": 469800162,
    "leak_pa": 0.0,
    "num_spikes": 0,
    "peak_deflection": 0.0,
    "post_noise_rms_mv": 0.0418717600405216,
    "post_vm_mv": -81.6096572875977,
    "pre_noise_rms_mv": 0.0394702330231667,
    "pre_vm_mv": -81.5602569580078,
    "slow_noise_rms_mv": 0.0688833445310593,
    "slow_vm_mv": -81.5602569580078,
    "specimen_id": 469798159,
    "stimulus_absolute_amplitude": 200.000002670286,
    "stimulus_description": "C1SSCOARSE150112[1]",
    "stimulus_duration": 0.002995,
    "stimulus_interval": 0.0,
    "stimulus_name": "Short Square",
    "stimulus_relative_amplitude": 1.0,
    "stimulus_start_time": 0.92,
    "stimulus_units": "pA",
    "sweep_number": 8,
    "vm_delta_mv": 0.0494003295898438
  },
  {
    "bridge_balance_mohm": 18.7423686981201,
    "id": 469800020,
    "leak_pa": 0.0,
    "num_spikes": 0,
    "peak_deflection": 0.0,
    "post_noise_rms_mv": 0.0358216725289822,
    "post_vm_mv": -81.0325622558594,
    "pre_noise_rms_mv": 0.0377610996365547,
    "pre_vm_mv": -80.8636627197266,
    "slow_noise_rms_mv": 0.309065192937851,
    "slow_vm_mv": -80.8636627197266,
    "specimen_id": 469798159,
    "stimulus_absolute_amplitude": 1099.99997999211,
    "stimulus_description": "C1SSCOARSE150112[10]",
    "stimulus_duration": 0.002995,
    "stimulus_interval": 0.0,
    "stimulus_name": "Short Square",
    "stimulus_relative_amplitude": 1.0,
    "stimulus_start_time": 0.92,
    "stimulus_units": "pA",
    "sweep_number": 17,
    "vm_delta_mv": 0.168899536132812
  },
  {
    "bridge_balance_mohm": 17.4603176116943,
    "id": 469800156,
    "leak_pa": 0.0,
    "num_spikes": 3,
    "peak_deflection": 0.0,
    "post_noise_rms_mv": 0.0457208603620529,
    "post_vm_mv": -81.8225784301758,
    "pre_noise_rms_mv": 0.0411261804401875,
    "pre_vm_mv": -81.3836364746094,
    "slow_noise_rms_mv": 0.211939349770546,
    "slow_vm_mv": -81.3836364746094,
    "specimen_id": 469798159,
    "stimulus_absolute_amplitude": 1189.99998743874,
    "stimulus_description": "C2SSTRIPLE141203[0]",
    "stimulus_duration": 0.016995,
    "stimulus_interval": 0.004,
    "stimulus_name": "Short Square - Triple",
    "stimulus_relative_amplitude": 11.9,
    "stimulus_start_time": 1.92,
    "stimulus_units": "pA",
    "sweep_number": 78,
    "vm_delta_mv": 0.438941955566406
  },
  {
    "bridge_balance_mohm": 18.7423686981201,
    "id": 469800072,
    "leak_pa": 0.0,
    "num_spikes": 0,
    "peak_deflection": -72.75,
    "post_noise_rms_mv": 0.0427051559090614,
    "post_vm_mv": -81.3860168457031,
    "pre_noise_rms_mv": 0.0429065525531769,
    "pre_vm_mv": -81.068733215332,
    "slow_noise_rms_mv": 0.132202669978142,
    "slow_vm_mv": -81.068733215332,
    "specimen_id": 469798159,
    "stimulus_absolute_amplitude": 30.0000024822111,
    "stimulus_description": "C1LSCOARSE150216[7]",
    "stimulus_duration": 0.999995,
    "stimulus_interval": 0.0,
    "stimulus_name": "Long Square",
    "stimulus_relative_amplitude": 1.0,
    "stimulus_start_time": 0.92,
    "stimulus_units": "pA",
    "sweep_number": 40,
    "vm_delta_mv": 0.317283630371094
  },
  {
    "bridge_balance_mohm": 18.7423686981201,
    "id": 469800050,
    "leak_pa": 0.0,
    "num_spikes": 1,
    "peak_deflection": 0.0,
    "post_noise_rms_mv": 0.0419397279620171,
    "post_vm_mv": -82.0500717163086,
    "pre_noise_rms_mv": 0.0364321321249008,
    "pre_vm_mv": -82.0762176513672,
    "slow_noise_rms_mv": 0.11111868917942,
    "slow_vm_mv": -82.0762176513672,
    "specimen_id": 469798159,
    "stimulus_absolute_amplitude": 1189.99998743874,
    "stimulus_description": "C1SSFINEST150112[0]",
    "stimulus_duration": 0.002995,
    "stimulus_interval": 0.0,
    "stimulus_name": "Short Square",
    "stimulus_relative_amplitude": 11.9,
    "stimulus_start_time": 0.92,
    "stimulus_units": "pA",
    "sweep_number": 30,
    "vm_delta_mv": 0.0261459350585938
  },
  {
    "bridge_balance_mohm": 17.4603176116943,
    "id": 469799958,
    "leak_pa": 0.0,
    "num_spikes": 3,
    "peak_deflection": 0.0,
    "post_noise_rms_mv": 0.0524043217301369,
    "post_vm_mv": -81.442741394043,
    "pre_noise_rms_mv": 0.0412210524082184,
    "pre_vm_mv": -81.0890884399414,
    "slow_noise_rms_mv": 0.263519823551178,
    "slow_vm_mv": -81.0890884399414,
    "specimen_id": 469798159,
    "stimulus_absolute_amplitude": 1189.99998743874,
    "stimulus_description": "C2SSTRIPLE141203[7]",
    "stimulus_duration": 0.072995,
    "stimulus_interval": 0.032,
    "stimulus_name": "Short Square - Triple",
    "stimulus_relative_amplitude": 11.9,
    "stimulus_start_time": 1.92,
    "stimulus_units": "pA",
    "sweep_number": 101,
    "vm_delta_mv": 0.353652954101562
  },
  {
    "bridge_balance_mohm": 17.4603176116943,
    "id": 469800204,
    "leak_pa": 0.0,
    "num_spikes": 3,
    "peak_deflection": 0.0,
    "post_noise_rms_mv": 0.0389755964279175,
    "post_vm_mv": -80.9330139160156,
    "pre_noise_rms_mv": 0.0410152189433575,
    "pre_vm_mv": -80.6897735595703,
    "slow_noise_rms_mv": 0.0877262428402901,
    "slow_vm_mv": -80.6897735595703,
    "specimen_id": 469798159,
    "stimulus_absolute_amplitude": 1189.99998743874,
    "stimulus_description": "C2SSTRIPLE141203[1]",
    "stimulus_duration": 0.024995,
    "stimulus_interval": 0.008,
    "stimulus_name": "Short Square - Triple",
    "stimulus_relative_amplitude": 11.9,
    "stimulus_start_time": 1.92,
    "stimulus_units": "pA",
    "sweep_number": 95,
    "vm_delta_mv": 0.243240356445312
  },
  {
    "bridge_balance_mohm": 17.4603176116943,
    "id": 469800178,
    "leak_pa": 0.0,
    "num_spikes": 3,
    "peak_deflection": 0.0,
    "post_noise_rms_mv": 0.0402869209647179,
    "post_vm_mv": -81.5307769775391,
    "pre_noise_rms_mv": 0.0369661077857018,
    "pre_vm_mv": -81.48681640625,
    "slow_noise_rms_mv": 0.151376396417618,
    "slow_vm_mv": -81.48681640625,
    "specimen_id": 469798159,
    "stimulus_absolute_amplitude": 1189.99998743874,
    "stimulus_description": "C2SSTRIPLE141203[5]",
    "stimulus_duration": 0.056995,
    "stimulus_interval": 0.024,
    "stimulus_name": "Short Square - Triple",
    "stimulus_relative_amplitude": 11.9,
    "stimulus_start_time": 1.92,
    "stimulus_units": "pA",
    "sweep_number": 83,
    "vm_delta_mv": 0.0439605712890625
  },
  {
    "bridge_balance_mohm": 17.4603176116943,
    "id": 469800148,
    "leak_pa": 0.0,
    "num_spikes": 41,
    "peak_deflection": 0.0,
    "post_noise_rms_mv": 0.0409282185137272,
    "post_vm_mv": -82.9683532714844,
    "pre_noise_rms_mv": 0.0551925078034401,
    "pre_vm_mv": -82.5172576904297,
    "slow_noise_rms_mv": 0.308117121458054,
    "slow_vm_mv": -82.5172576904297,
    "specimen_id": 469798159,
    "stimulus_absolute_amplitude": 149.999998533268,
    "stimulus_description": "C2SQRHELNG150216[0]",
    "stimulus_duration": 1.999995,
    "stimulus_interval": 0.0,
    "stimulus_name": "Square - 2s Suprathreshold",
    "stimulus_relative_amplitude": 1.5,
    "stimulus_start_time": 0.92,
    "stimulus_units": "pA",
    "sweep_number": 75,
    "vm_delta_mv": 0.451095581054688
  },
  {
    "bridge_balance_mohm": 18.7423686981201,
    "id": 469799998,
    "leak_pa": 0.0,
    "num_spikes": 0,
    "peak_deflection": 0.0,
    "post_noise_rms_mv": 0.0484323501586914,
    "post_vm_mv": -81.267822265625,
    "pre_noise_rms_mv": 0.0335274301469326,
    "pre_vm_mv": -80.8367614746094,
    "slow_noise_rms_mv": 0.319607764482498,
    "slow_vm_mv": -80.8367614746094,
    "specimen_id": 469798159,
    "stimulus_absolute_amplitude": 599.999994133071,
    "stimulus_description": "C1SSCOARSE150112[5]",
    "stimulus_duration": 0.002995,
    "stimulus_interval": 0.0,
    "stimulus_name": "Short Square",
    "stimulus_relative_amplitude": 1.0,
    "stimulus_start_time": 0.92,
    "stimulus_units": "pA",
    "sweep_number": 12,
    "vm_delta_mv": 0.431060791015625
  },
  {
    "bridge_balance_mohm": 18.7423686981201,
    "id": 469800114,
    "leak_pa": 0.0,
    "num_spikes": 9,
    "peak_deflection": 0.0,
    "post_noise_rms_mv": 0.0,
    "post_vm_mv": 0.0,
    "pre_noise_rms_mv": 0.0426417216658592,
    "pre_vm_mv": -82.4541168212891,
    "slow_noise_rms_mv": 0.0957736968994141,
    "slow_vm_mv": -82.4541168212891,
    "specimen_id": 469798159,
    "stimulus_absolute_amplitude": 800.000010681146,
    "stimulus_description": "C1RP25PR1S141203[0]",
    "stimulus_duration": 31.997495,
    "stimulus_interval": 0.0,
    "stimulus_name": "Ramp",
    "stimulus_relative_amplitude": 1.0,
    "stimulus_start_time": 0.9225,
    "stimulus_units": "pA",
    "sweep_number": 6,
    "vm_delta_mv": 0.0
  },
  {
    "bridge_balance_mohm": 17.4603176116943,
    "id": 469800182,
    "leak_pa": 0.0,
    "num_spikes": 3,
    "peak_deflection": 0.0,
    "post_noise_rms_mv": 0.0270149372518063,
    "post_vm_mv": -80.9392242431641,
    "pre_noise_rms_mv": 0.0416015088558197,
    "pre_vm_mv": -80.8621597290039,
    "slow_noise_rms_mv": 0.188267156481743,
    "slow_vm_mv": -80.8621597290039,
    "specimen_id": 469798159,
    "stimulus_absolute_amplitude": 1189.99998743874,
    "stimulus_description": "C2SSTRIPLE141203[7]",
    "stimulus_duration": 0.072995,
    "stimulus_interval": 0.032,
    "stimulus_name": "Short Square - Triple",
    "stimulus_relative_amplitude": 11.9,
    "stimulus_start_time": 1.92,
    "stimulus_units": "pA",
    "sweep_number": 85,
    "vm_delta_mv": 0.0770645141601562
  },
  {
    "bridge_balance_mohm": 18.7423686981201,
    "id": 469800064,
    "leak_pa": 0.0,
    "num_spikes": 0,
    "peak_deflection": -87.65625,
    "post_noise_rms_mv": 0.0444305948913097,
    "post_vm_mv": -81.0869216918945,
    "pre_noise_rms_mv": 0.0460340045392513,
    "pre_vm_mv": -81.0962677001953,
    "slow_noise_rms_mv": 0.13914629817009,
    "slow_vm_mv": -81.0962677001953,
    "specimen_id": 469798159,
    "stimulus_absolute_amplitude": -30.0000024822111,
    "stimulus_description": "C1LSCOARSE150216[4]",
    "stimulus_duration": 0.999995,
    "stimulus_interval": 0.0,
    "stimulus_name": "Long Square",
    "stimulus_relative_amplitude": 1.0,
    "stimulus_start_time": 0.92,
    "stimulus_units": "pA",
    "sweep_number": 37,
    "vm_delta_mv": 0.00934600830078125
  },
  {
    "bridge_balance_mohm": 17.4603176116943,
    "id": 469800208,
    "leak_pa": 0.0,
    "num_spikes": 3,
    "peak_deflection": 0.0,
    "post_noise_rms_mv": 0.0417024604976177,
    "post_vm_mv": -81.3755874633789,
    "pre_noise_rms_mv": 0.0413052029907703,
    "pre_vm_mv": -81.1078109741211,
    "slow_noise_rms_mv": 0.193165421485901,
    "slow_vm_mv": -81.1078109741211,
    "specimen_id": 469798159,
    "stimulus_absolute_amplitude": 1189.99998743874,
    "stimulus_description": "C2SSTRIPLE141203[3]",
    "stimulus_duration": 0.040995,
    "stimulus_interval": 0.016,
    "stimulus_name": "Short Square - Triple",
    "stimulus_relative_amplitude": 11.9,
    "stimulus_start_time": 1.92,
    "stimulus_units": "pA",
    "sweep_number": 97,
    "vm_delta_mv": 0.267776489257812
  },
  {
    "bridge_balance_mohm": 18.7423686981201,
    "id": 469800016,
    "leak_pa": 0.0,
    "num_spikes": 0,
    "peak_deflection": 0.0,
    "post_noise_rms_mv": 0.0398379936814308,
    "post_vm_mv": -81.2521133422852,
    "pre_noise_rms_mv": 0.032352764159441,
    "pre_vm_mv": -81.011344909668,
    "slow_noise_rms_mv": 0.114206202328205,
    "slow_vm_mv": -81.011344909668,
    "specimen_id": 469798159,
    "stimulus_absolute_amplitude": 900.000018955183,
    "stimulus_description": "C1SSCOARSE150112[8]",
    "stimulus_duration": 0.002995,
    "stimulus_interval": 0.0,
    "stimulus_name": "Short Square",
    "stimulus_relative_amplitude": 1.0,
    "stimulus_start_time": 0.92,
    "stimulus_units": "pA",
    "sweep_number": 15,
    "vm_delta_mv": 0.240768432617188
  },
  {
    "bridge_balance_mohm": 18.7423686981201,
    "id": 469800092,
    "leak_pa": 0.0,
    "num_spikes": 6,
    "peak_deflection": 0.0,
    "post_noise_rms_mv": 0.0,
    "post_vm_mv": 0.0,
    "pre_noise_rms_mv": 0.0365659110248089,
    "pre_vm_mv": -81.8645477294922,
    "slow_noise_rms_mv": 0.123062342405319,
    "slow_vm_mv": -81.8645477294922,
    "specimen_id": 469798159,
    "stimulus_absolute_amplitude": 800.000010681146,
    "stimulus_description": "C1RP25PR1S141203[0]",
    "stimulus_duration": 31.997495,
    "stimulus_interval": 0.0,
    "stimulus_name": "Ramp",
    "stimulus_relative_amplitude": 1.0,
    "stimulus_start_time": 0.9225,
    "stimulus_units": "pA",
    "sweep_number": 5,
    "vm_delta_mv": 0.0
  },
  {
    "bridge_balance_mohm": 17.4603176116943,
    "id": 469799954,
    "leak_pa": 0.0,
    "num_spikes": 3,
    "peak_deflection": 0.0,
    "post_noise_rms_mv": 0.0414871126413345,
    "post_vm_mv": -80.8364639282227,
    "pre_noise_rms_mv": 0.0477364175021648,
    "pre_vm_mv": -80.4679183959961,
    "slow_noise_rms_mv": 0.175263613462448,
    "slow_vm_mv": -80.4679183959961,
    "specimen_id": 469798159,
    "stimulus_absolute_amplitude": 1189.99998743874,
    "stimulus_description": "C2SSTRIPLE141203[6]",
    "stimulus_duration": 0.064995,
    "stimulus_interval": 0.028,
    "stimulus_name": "Short Square - Triple",
    "stimulus_relative_amplitude": 11.9,
    "stimulus_start_time": 1.92,
    "stimulus_units": "pA",
    "sweep_number": 100,
    "vm_delta_mv": 0.368545532226562
  },
  {
    "bridge_balance_mohm": 17.4603176116943,
    "id": 469800180,
    "leak_pa": 0.0,
    "num_spikes": 3,
    "peak_deflection": 0.0,
    "post_noise_rms_mv": 0.0467632934451103,
    "post_vm_mv": -81.8963623046875,
    "pre_noise_rms_mv": 0.044751800596714,
    "pre_vm_mv": -81.7983779907227,
    "slow_noise_rms_mv": 0.155628859996796,
    "slow_vm_mv": -81.7983779907227,
    "specimen_id": 469798159,
    "stimulus_absolute_amplitude": 1189.99998743874,
    "stimulus_description": "C2SSTRIPLE141203[6]",
    "stimulus_duration": 0.064995,
    "stimulus_interval": 0.028,
    "stimulus_name": "Short Square - Triple",
    "stimulus_relative_amplitude": 11.9,
    "stimulus_start_time": 1.92,
    "stimulus_units": "pA",
    "sweep_number": 84,
    "vm_delta_mv": 0.0979843139648438
  },
  {
    "bridge_balance_mohm": 17.4603176116943,
    "id": 469800138,
    "leak_pa": 0.0,
    "num_spikes": 27,
    "peak_deflection": 0.0,
    "post_noise_rms_mv": 0.0379601381719112,
    "post_vm_mv": -83.0166168212891,
    "pre_noise_rms_mv": 0.0451699122786522,
    "pre_vm_mv": -82.2763671875,
    "slow_noise_rms_mv": 0.110890969634056,
    "slow_vm_mv": -82.2763671875,
    "specimen_id": 469798159,
    "stimulus_absolute_amplitude": 110.000002162547,
    "stimulus_description": "C2SQRHELNG150216[0]",
    "stimulus_duration": 1.999995,
    "stimulus_interval": 0.0,
    "stimulus_name": "Square - 2s Suprathreshold",
    "stimulus_relative_amplitude": 1.1,
    "stimulus_start_time": 0.92,
    "stimulus_units": "pA",
    "sweep_number": 70,
    "vm_delta_mv": 0.740249633789062
  },
  {
    "bridge_balance_mohm": 17.4603176116943,
    "id": 469799962,
    "leak_pa": 0.0,
    "num_spikes": 0,
    "peak_deflection": 0.0,
    "post_noise_rms_mv": 0.0387817658483982,
    "post_vm_mv": -70.7236862182617,
    "pre_noise_rms_mv": 0.0411182641983032,
    "pre_vm_mv": -70.6702423095703,
    "slow_noise_rms_mv": 0.302484184503555,
    "slow_vm_mv": -70.6702423095703,
    "specimen_id": 469798159,
    "stimulus_absolute_amplitude": 200.000002670286,
    "stimulus_description": "C2SSHM70CS150126[1]",
    "stimulus_duration": 0.002995,
    "stimulus_interval": 0.0,
    "stimulus_name": "Short Square - Hold -70mV",
    "stimulus_relative_amplitude": 1.0,
    "stimulus_start_time": 0.92,
    "stimulus_units": "pA",
    "sweep_number": 103,
    "vm_delta_mv": 0.0534439086914062
  },
  {
    "bridge_balance_mohm": 18.7423686981201,
    "id": 469800080,
    "leak_pa": 0.0,
    "num_spikes": 12,
    "peak_deflection": 0.0,
    "post_noise_rms_mv": 0.0413393415510654,
    "post_vm_mv": -82.6794052124023,
    "pre_noise_rms_mv": 0.0501166172325611,
    "pre_vm_mv": -82.4392776489258,
    "slow_noise_rms_mv": 0.117562294006348,
    "slow_vm_mv": -82.4392776489258,
    "specimen_id": 469798159,
    "stimulus_absolute_amplitude": 110.000002162547,
    "stimulus_description": "C1LSCOARSE150216[11]",
    "stimulus_duration": 0.999995,
    "stimulus_interval": 0.0,
    "stimulus_name": "Long Square",
    "stimulus_relative_amplitude": 1.0,
    "stimulus_start_time": 0.92,
    "stimulus_units": "pA",
    "sweep_number": 44,
    "vm_delta_mv": 0.240127563476562
  },
  {
    "bridge_balance_mohm": 0.0,
    "id": 469800026,
    "leak_pa": 0.0,
    "num_spikes": 0,
    "peak_deflection": 0.0,
    "post_noise_rms_mv": 0.0,
    "post_vm_mv": 0.0,
    "pre_noise_rms_mv": 0.0,
    "pre_vm_mv": 0.0,
    "slow_noise_rms_mv": 0.0,
    "slow_vm_mv": 0.0,
    "specimen_id": 469798159,
    "stimulus_absolute_amplitude": 9.99999977648258,
    "stimulus_description": "EXTPCllATT141203[0]",
    "stimulus_duration": 0.069995,
    "stimulus_interval": 0.05,
    "stimulus_name": "Test",
    "stimulus_relative_amplitude": 1.0,
    "stimulus_start_time": 0.03,
    "stimulus_units": "mV",
    "sweep_number": 2,
    "vm_delta_mv": 0.0
  },
  {
    "bridge_balance_mohm": 18.7423686981201,
    "id": 469800096,
    "leak_pa": 0.0,
    "num_spikes": 1,
    "peak_deflection": 0.0,
    "post_noise_rms_mv": 0.0459061898291111,
    "post_vm_mv": -82.6703262329102,
    "pre_noise_rms_mv": 0.0456733703613281,
    "pre_vm_mv": -82.2471237182617,
    "slow_noise_rms_mv": 0.123443625867367,
    "slow_vm_mv": -82.2471237182617,
    "specimen_id": 469798159,
    "stimulus_absolute_amplitude": 69.9999988529321,
    "stimulus_description": "C1LSFINEST150112[0]",
    "stimulus_duration": 0.999995,
    "stimulus_interval": 0.0,
    "stimulus_name": "Long Square",
    "stimulus_relative_amplitude": 0.7,
    "stimulus_start_time": 0.92,
    "stimulus_units": "pA",
    "sweep_number": 51,
    "vm_delta_mv": 0.423202514648438
  },
  {
    "bridge_balance_mohm": 17.4603176116943,
    "id": 469800130,
    "leak_pa": 0.0,
    "num_spikes": 7,
    "peak_deflection": 0.0,
    "post_noise_rms_mv": 0.038938831537962,
    "post_vm_mv": -82.6231918334961,
    "pre_noise_rms_mv": 0.0461922511458397,
    "pre_vm_mv": -82.5371704101562,
    "slow_noise_rms_mv": 0.192578598856926,
    "slow_vm_mv": -82.5371704101562,
    "specimen_id": 469798159,
    "stimulus_absolute_amplitude": 69.9999988529321,
    "stimulus_description": "C2SQRHELNG150216[0]",
    "stimulus_duration": 1.999995,
    "stimulus_interval": 0.0,
    "stimulus_name": "Square - 2s Suprathreshold",
    "stimulus_relative_amplitude": 0.7,
    "stimulus_start_time": 0.92,
    "stimulus_units": "pA",
    "sweep_number": 67,
    "vm_delta_mv": 0.0860214233398438
  },
  {
    "bridge_balance_mohm": 18.7423686981201,
    "id": 469800076,
    "leak_pa": 0.0,
    "num_spikes": 2,
    "peak_deflection": 0.0,
    "post_noise_rms_mv": 0.0397828035056591,
    "post_vm_mv": -81.9440155029297,
    "pre_noise_rms_mv": 0.0461428947746754,
    "pre_vm_mv": -81.5072631835938,
    "slow_noise_rms_mv": 0.142342060804367,
    "slow_vm_mv": -81.5072631835938,
    "specimen_id": 469798159,
    "stimulus_absolute_amplitude": 69.9999988529321,
    "stimulus_description": "C1LSCOARSE150216[9]",
    "stimulus_duration": 0.999995,
    "stimulus_interval": 0.0,
    "stimulus_name": "Long Square",
    "stimulus_relative_amplitude": 1.0,
    "stimulus_start_time": 0.92,
    "stimulus_units": "pA",
    "sweep_number": 42,
    "vm_delta_mv": 0.436752319335938
  },
  {
    "bridge_balance_mohm": 17.4603176116943,
    "id": 469800184,
    "leak_pa": 0.0,
    "num_spikes": 3,
    "peak_deflection": 0.0,
    "post_noise_rms_mv": 0.0410996563732624,
    "post_vm_mv": -81.0602798461914,
    "pre_noise_rms_mv": 0.0450466312468052,
    "pre_vm_mv": -80.9885330200195,
    "slow_noise_rms_mv": 0.124997399747372,
    "slow_vm_mv": -80.9885330200195,
    "specimen_id": 469798159,
    "stimulus_absolute_amplitude": 1189.99998743874,
    "stimulus_description": "C2SSTRIPLE141203[0]",
    "stimulus_duration": 0.016995,
    "stimulus_interval": 0.004,
    "stimulus_name": "Short Square - Triple",
    "stimulus_relative_amplitude": 11.9,
    "stimulus_start_time": 1.92,
    "stimulus_units": "pA",
    "sweep_number": 86,
    "vm_delta_mv": 0.071746826171875
  },
  {
    "bridge_balance_mohm": 18.7423686981201,
    "id": 469800074,
    "leak_pa": 0.0,
    "num_spikes": 0,
    "peak_deflection": -66.40625,
    "post_noise_rms_mv": 0.0445735976099968,
    "post_vm_mv": -81.313606262207,
    "pre_noise_rms_mv": 0.0414022877812386,
    "pre_vm_mv": -81.4815292358398,
    "slow_noise_rms_mv": 0.332554370164871,
    "slow_vm_mv": -81.4815292358398,
    "specimen_id": 469798159,
    "stimulus_absolute_amplitude": 50.0000006675716,
    "stimulus_description": "C1LSCOARSE150216[8]",
    "stimulus_duration": 0.999995,
    "stimulus_interval": 0.0,
    "stimulus_name": "Long Square",
    "stimulus_relative_amplitude": 1.0,
    "stimulus_start_time": 0.92,
    "stimulus_units": "pA",
    "sweep_number": 41,
    "vm_delta_mv": 0.167922973632812
  },
  {
    "bridge_balance_mohm": 17.4603176116943,
    "id": 469800166,
    "leak_pa": 0.0,
    "num_spikes": 3,
    "peak_deflection": 0.0,
    "post_noise_rms_mv": 0.0466046594083309,
    "post_vm_mv": -81.751953125,
    "pre_noise_rms_mv": 0.0439326502382755,
    "pre_vm_mv": -81.4336624145508,
    "slow_noise_rms_mv": 0.100965976715088,
    "slow_vm_mv": -81.4336624145508,
    "specimen_id": 469798159,
    "stimulus_absolute_amplitude": 1189.99998743874,
    "stimulus_description": "C2SSTRIPLE141203[2]",
    "stimulus_duration": 0.032995,
    "stimulus_interval": 0.012,
    "stimulus_name": "Short Square - Triple",
    "stimulus_relative_amplitude": 11.9,
    "stimulus_start_time": 1.92,
    "stimulus_units": "pA",
    "sweep_number": 80,
    "vm_delta_mv": 0.318290710449219
  },
  {
    "bridge_balance_mohm": 17.4603176116943,
    "id": 469800126,
    "leak_pa": 0.0,
    "num_spikes": 0,
    "peak_deflection": 0.0,
    "post_noise_rms_mv": 0.0446368418633938,
    "post_vm_mv": -81.9857940673828,
    "pre_noise_rms_mv": 0.0320174880325794,
    "pre_vm_mv": -82.5382232666016,
    "slow_noise_rms_mv": 0.364598900079727,
    "slow_vm_mv": -82.5382232666016,
    "specimen_id": 469798159,
    "stimulus_absolute_amplitude": -200.000002670286,
    "stimulus_description": "C1SQCAPCHK141203[0]",
    "stimulus_duration": 7.819995,
    "stimulus_interval": 0.2,
    "stimulus_name": "Square - 0.5ms Subthreshold",
    "stimulus_relative_amplitude": 1.0,
    "stimulus_start_time": 0.12,
    "stimulus_units": "pA",
    "sweep_number": 65,
    "vm_delta_mv": 0.55242919921875
  },
  {
    "bridge_balance_mohm": 18.7423686981201,
    "id": 469800056,
    "leak_pa": 0.0,
    "num_spikes": 0,
    "peak_deflection": -98.90625,
    "post_noise_rms_mv": 0.0455591939389706,
    "post_vm_mv": -81.0151672363281,
    "pre_noise_rms_mv": 0.0386451296508312,
    "pre_vm_mv": -81.3596420288086,
    "slow_noise_rms_mv": 0.154634401202202,
    "slow_vm_mv": -81.3596420288086,
    "specimen_id": 469798159,
    "stimulus_absolute_amplitude": -110.000002162547,
    "stimulus_description": "C1LSCOARSE150216[0]",
    "stimulus_duration": 0.999995,
    "stimulus_interval": 0.0,
    "stimulus_name": "Long Square",
    "stimulus_relative_amplitude": 1.0,
    "stimulus_start_time": 0.92,
    "stimulus_units": "pA",
    "sweep_number": 33,
    "vm_delta_mv": 0.344474792480469
  },
  {
    "bridge_balance_mohm": 17.4603176116943,
    "id": 469799964,
    "leak_pa": 0.0,
    "num_spikes": 0,
    "peak_deflection": 0.0,
    "post_noise_rms_mv": 0.0369865000247955,
    "post_vm_mv": -70.4309692382812,
    "pre_noise_rms_mv": 0.0391871593892574,
    "pre_vm_mv": -70.7268676757812,
    "slow_noise_rms_mv": 0.181677594780922,
    "slow_vm_mv": -70.7268676757812,
    "specimen_id": 469798159,
    "stimulus_absolute_amplitude": 299.999997066536,
    "stimulus_description": "C2SSHM70CS150126[2]",
    "stimulus_duration": 0.002995,
    "stimulus_interval": 0.0,
    "stimulus_name": "Short Square - Hold -70mV",
    "stimulus_relative_amplitude": 1.0,
    "stimulus_start_time": 0.92,
    "stimulus_units": "pA",
    "sweep_number": 104,
    "vm_delta_mv": 0.2958984375
  },
  {
    "bridge_balance_mohm": 17.4603176116943,
    "id": 469800128,
    "leak_pa": 0.0,
    "num_spikes": 6,
    "peak_deflection": 0.0,
    "post_noise_rms_mv": 0.042498342692852,
    "post_vm_mv": -83.2908401489258,
    "pre_noise_rms_mv": 0.0475625470280647,
    "pre_vm_mv": -83.0402221679688,
    "slow_noise_rms_mv": 0.133701607584953,
    "slow_vm_mv": -83.0402221679688,
    "specimen_id": 469798159,
    "stimulus_absolute_amplitude": 69.9999988529321,
    "stimulus_description": "C2SQRHELNG150216[0]",
    "stimulus_duration": 1.999995,
    "stimulus_interval": 0.0,
    "stimulus_name": "Square - 2s Suprathreshold",
    "stimulus_relative_amplitude": 0.7,
    "stimulus_start_time": 0.92,
    "stimulus_units": "pA",
    "sweep_number": 66,
    "vm_delta_mv": 0.250617980957031
  },
  {
    "bridge_balance_mohm": 18.7423686981201,
    "id": 469800046,
    "leak_pa": 0.0,
    "num_spikes": 1,
    "peak_deflection": 0.0,
    "post_noise_rms_mv": 0.0412610471248627,
    "post_vm_mv": -81.7456436157227,
    "pre_noise_rms_mv": 0.041444718837738,
    "pre_vm_mv": -81.7667770385742,
    "slow_noise_rms_mv": 0.0999757274985313,
    "slow_vm_mv": -81.7667770385742,
    "specimen_id": 469798159,
    "stimulus_absolute_amplitude": 1189.99998743874,
    "stimulus_description": "C1SSFINEST150112[0]",
    "stimulus_duration": 0.002995,
    "stimulus_interval": 0.0,
    "stimulus_name": "Short Square",
    "stimulus_relative_amplitude": 11.9,
    "stimulus_start_time": 0.92,
    "stimulus_units": "pA",
    "sweep_number": 29,
    "vm_delta_mv": 0.0211334228515625
  },
  {
    "bridge_balance_mohm": 18.7423686981201,
    "id": 469800078,
    "leak_pa": 0.0,
    "num_spikes": 7,
    "peak_deflection": 0.0,
    "post_noise_rms_mv": 0.0437116622924805,
    "post_vm_mv": -82.1560974121094,
    "pre_noise_rms_mv": 0.0410013273358345,
    "pre_vm_mv": -81.8495025634766,
    "slow_noise_rms_mv": 0.248225897550583,
    "slow_vm_mv": -81.8495025634766,
    "specimen_id": 469798159,
    "stimulus_absolute_amplitude": 90.0000005077395,
    "stimulus_description": "C1LSCOARSE150216[10]",
    "stimulus_duration": 0.999995,
    "stimulus_interval": 0.0,
    "stimulus_name": "Long Square",
    "stimulus_relative_amplitude": 1.0,
    "stimulus_start_time": 0.92,
    "stimulus_units": "pA",
    "sweep_number": 43,
    "vm_delta_mv": 0.306594848632812
  },
  {
    "bridge_balance_mohm": 18.7423686981201,
    "id": 469800014,
    "leak_pa": 0.0,
    "num_spikes": 0,
    "peak_deflection": 0.0,
    "post_noise_rms_mv": 0.0488900244235992,
    "post_vm_mv": -81.2529296875,
    "pre_noise_rms_mv": 0.0480942167341709,
    "pre_vm_mv": -81.2746124267578,
    "slow_noise_rms_mv": 0.209210500121117,
    "slow_vm_mv": -81.2746124267578,
    "specimen_id": 469798159,
    "stimulus_absolute_amplitude": 800.000010681146,
    "stimulus_description": "C1SSCOARSE150112[7]",
    "stimulus_duration": 0.002995,
    "stimulus_interval": 0.0,
    "stimulus_name": "Short Square",
    "stimulus_relative_amplitude": 1.0,
    "stimulus_start_time": 0.92,
    "stimulus_units": "pA",
    "sweep_number": 14,
    "vm_delta_mv": 0.0216827392578125
  },
  {
    "bridge_balance_mohm": 17.4603176116943,
    "id": 469800190,
    "leak_pa": 0.0,
    "num_spikes": 3,
    "peak_deflection": 0.0,
    "post_noise_rms_mv": 0.0424581058323383,
    "post_vm_mv": -81.6150436401367,
    "pre_noise_rms_mv": 0.0420424416661263,
    "pre_vm_mv": -81.2446594238281,
    "slow_noise_rms_mv": 0.121541768312454,
    "slow_vm_mv": -81.2446594238281,
    "specimen_id": 469798159,
    "stimulus_absolute_amplitude": 1189.99998743874,
    "stimulus_description": "C2SSTRIPLE141203[3]",
    "stimulus_duration": 0.040995,
    "stimulus_interval": 0.016,
    "stimulus_name": "Short Square - Triple",
    "stimulus_relative_amplitude": 11.9,
    "stimulus_start_time": 1.92,
    "stimulus_units": "pA",
    "sweep_number": 89,
    "vm_delta_mv": 0.370384216308594
  },
  {
    "bridge_balance_mohm": 17.4603176116943,
    "id": 469800170,
    "leak_pa": 0.0,
    "num_spikes": 3,
    "peak_deflection": 0.0,
    "post_noise_rms_mv": 0.0346835888922215,
    "post_vm_mv": -81.8686065673828,
    "pre_noise_rms_mv": 0.0378175228834152,
    "pre_vm_mv": -81.5995788574219,
    "slow_noise_rms_mv": 0.142509028315544,
    "slow_vm_mv": -81.5995788574219,
    "specimen_id": 469798159,
    "stimulus_absolute_amplitude": 1189.99998743874,
    "stimulus_description": "C2SSTRIPLE141203[3]",
    "stimulus_duration": 0.040995,
    "stimulus_interval": 0.016,
    "stimulus_name": "Short Square - Triple",
    "stimulus_relative_amplitude": 11.9,
    "stimulus_start_time": 1.92,
    "stimulus_units": "pA",
    "sweep_number": 81,
    "vm_delta_mv": 0.269027709960938
  },
  {
    "bridge_balance_mohm": 18.7423686981201,
    "id": 469800088,
    "leak_pa": 0.0,
    "num_spikes": 29,
    "peak_deflection": 0.0,
    "post_noise_rms_mv": 0.0483237914741039,
    "post_vm_mv": -83.0795822143555,
    "pre_noise_rms_mv": 0.03859793394804,
    "pre_vm_mv": -82.1078262329102,
    "slow_noise_rms_mv": 0.177853509783745,
    "slow_vm_mv": -82.1078262329102,
    "specimen_id": 469798159,
    "stimulus_absolute_amplitude": 190.000001842883,
    "stimulus_description": "C1LSCOARSE150216[15]",
    "stimulus_duration": 0.999995,
    "stimulus_interval": 0.0,
    "stimulus_name": "Long Square",
    "stimulus_relative_amplitude": 1.0,
    "stimulus_start_time": 0.92,
    "stimulus_units": "pA",
    "sweep_number": 48,
    "vm_delta_mv": 0.971755981445312
  },
  {
    "bridge_balance_mohm": 17.4603176116943,
    "id": 469799960,
    "leak_pa": 0.0,
    "num_spikes": 0,
    "peak_deflection": 0.0,
    "post_noise_rms_mv": 0.0476391427218914,
    "post_vm_mv": -74.6751708984375,
    "pre_noise_rms_mv": 0.0512203499674797,
    "pre_vm_mv": -74.5984573364258,
    "slow_noise_rms_mv": 0.137062519788742,
    "slow_vm_mv": -74.5984573364258,
    "specimen_id": 469798159,
    "stimulus_absolute_amplitude": 100.000001335143,
    "stimulus_description": "C2SSHM70CS150126[0]",
    "stimulus_duration": 0.002995,
    "stimulus_interval": 0.0,
    "stimulus_name": "Short Square - Hold -70mV",
    "stimulus_relative_amplitude": 1.0,
    "stimulus_start_time": 0.92,
    "stimulus_units": "pA",
    "sweep_number": 102,
    "vm_delta_mv": 0.0767135620117188
  },
  {
    "bridge_balance_mohm": 17.4603176116943,
    "id": 469800144,
    "leak_pa": 0.0,
    "num_spikes": 28,
    "peak_deflection": 0.0,
    "post_noise_rms_mv": 0.0397987551987171,
    "post_vm_mv": -82.4291839599609,
    "pre_noise_rms_mv": 0.0407428853213787,
    "pre_vm_mv": -82.0215835571289,
    "slow_noise_rms_mv": 0.170430228114128,
    "slow_vm_mv": -82.0215835571289,
    "specimen_id": 469798159,
    "stimulus_absolute_amplitude": 110.000002162547,
    "stimulus_description": "C2SQRHELNG150216[0]",
    "stimulus_duration": 1.999995,
    "stimulus_interval": 0.0,
    "stimulus_name": "Square - 2s Suprathreshold",
    "stimulus_relative_amplitude": 1.1,
    "stimulus_start_time": 0.92,
    "stimulus_units": "pA",
    "sweep_number": 73,
    "vm_delta_mv": 0.407600402832031
  },
  {
    "bridge_balance_mohm": 18.7423686981201,
    "id": 469800036,
    "leak_pa": 0.0,
    "num_spikes": 0,
    "peak_deflection": 0.0,
    "post_noise_rms_mv": 0.0463440977036953,
    "post_vm_mv": -81.7805709838867,
    "pre_noise_rms_mv": 0.0494430810213089,
    "pre_vm_mv": -81.9953308105469,
    "slow_noise_rms_mv": 0.222903773188591,
    "slow_vm_mv": -81.9953308105469,
    "specimen_id": 469798159,
    "stimulus_absolute_amplitude": 1169.99998578393,
    "stimulus_description": "C1SSFINEST150112[0]",
    "stimulus_duration": 0.002995,
    "stimulus_interval": 0.0,
    "stimulus_name": "Short Square",
    "stimulus_relative_amplitude": 11.7,
    "stimulus_start_time": 0.92,
    "stimulus_units": "pA",
    "sweep_number": 24,
    "vm_delta_mv": 0.214759826660156
  },
  {
    "bridge_balance_mohm": 17.4603176116943,
    "id": 469800194,
    "leak_pa": 0.0,
    "num_spikes": 3,
    "peak_deflection": 0.0,
    "post_noise_rms_mv": 0.0417919978499413,
    "post_vm_mv": -81.4158477783203,
    "pre_noise_rms_mv": 0.0383661538362503,
    "pre_vm_mv": -81.0823745727539,
    "slow_noise_rms_mv": 0.125396817922592,
    "slow_vm_mv": -81.0823745727539,
    "specimen_id": 469798159,
    "stimulus_absolute_amplitude": 1189.99998743874,
    "stimulus_description": "C2SSTRIPLE141203[4]",
    "stimulus_duration": 0.048995,
    "stimulus_interval": 0.02,
    "stimulus_name": "Short Square - Triple",
    "stimulus_relative_amplitude": 11.9,
    "stimulus_start_time": 1.92,
    "stimulus_units": "pA",
    "sweep_number": 90,
    "vm_delta_mv": 0.333473205566406
  },
  {
    "bridge_balance_mohm": 18.7423686981201,
    "id": 469799976,
    "leak_pa": 0.0,
    "num_spikes": 0,
    "peak_deflection": 0.0,
    "post_noise_rms_mv": 0.0453769899904728,
    "post_vm_mv": -80.8550033569336,
    "pre_noise_rms_mv": 0.0437380932271481,
    "pre_vm_mv": -80.7895660400391,
    "slow_noise_rms_mv": 0.136706650257111,
    "slow_vm_mv": -80.7895660400391,
    "specimen_id": 469798159,
    "stimulus_absolute_amplitude": 499.999985859034,
    "stimulus_description": "C1SSCOARSE150112[4]",
    "stimulus_duration": 0.002995,
    "stimulus_interval": 0.0,
    "stimulus_name": "Short Square",
    "stimulus_relative_amplitude": 1.0,
    "stimulus_start_time": 0.92,
    "stimulus_units": "pA",
    "sweep_number": 11,
    "vm_delta_mv": 0.0654373168945312
  },
  {
    "bridge_balance_mohm": 18.7423686981201,
    "id": 469799950,
    "leak_pa": 0.0,
    "num_spikes": 0,
    "peak_deflection": 0.0,
    "post_noise_rms_mv": 0.0461593493819237,
    "post_vm_mv": -82.3025665283203,
    "pre_noise_rms_mv": 0.0515113361179829,
    "pre_vm_mv": -82.1996231079102,
    "slow_noise_rms_mv": 0.263026237487793,
    "slow_vm_mv": -82.1996231079102,
    "specimen_id": 469798159,
    "stimulus_absolute_amplitude": 400.000005340573,
    "stimulus_description": "C1SSCOARSE150112[3]",
    "stimulus_duration": 0.002995,
    "stimulus_interval": 0.0,
    "stimulus_name": "Short Square",
    "stimulus_relative_amplitude": 1.0,
    "stimulus_start_time": 0.92,
    "stimulus_units": "pA",
    "sweep_number": 10,
    "vm_delta_mv": 0.102943420410156
  },
  {
    "bridge_balance_mohm": 0.0,
    "id": 469800006,
    "leak_pa": 0.0,
    "num_spikes": 0,
    "peak_deflection": 0.0,
    "post_noise_rms_mv": 0.0,
    "post_vm_mv": 0.0,
    "pre_noise_rms_mv": 0.0,
    "pre_vm_mv": 0.0,
    "slow_noise_rms_mv": 0.0,
    "slow_vm_mv": 0.0,
    "specimen_id": 469798159,
    "stimulus_absolute_amplitude": 9.99999977648258,
    "stimulus_description": "EXTPEXPEND141203[0]",
    "stimulus_duration": 0.069995,
    "stimulus_interval": 0.05,
    "stimulus_name": "Test",
    "stimulus_relative_amplitude": 1.0,
    "stimulus_start_time": 0.03,
    "stimulus_units": "mV",
    "sweep_number": 123,
    "vm_delta_mv": 0.0
  },
  {
    "bridge_balance_mohm": 18.7423686981201,
    "id": 469800038,
    "leak_pa": 0.0,
    "num_spikes": 1,
    "peak_deflection": 0.0,
    "post_noise_rms_mv": 0.0494167357683182,
    "post_vm_mv": -82.0338668823242,
    "pre_noise_rms_mv": 0.052247554063797,
    "pre_vm_mv": -81.8836364746094,
    "slow_noise_rms_mv": 0.186884492635727,
    "slow_vm_mv": -81.8836364746094,
    "specimen_id": 469798159,
    "stimulus_absolute_amplitude": 1169.99998578393,
    "stimulus_description": "C1SSFINEST150112[0]",
    "stimulus_duration": 0.002995,
    "stimulus_interval": 0.0,
    "stimulus_name": "Short Square",
    "stimulus_relative_amplitude": 11.7,
    "stimulus_start_time": 0.92,
    "stimulus_units": "pA",
    "sweep_number": 25,
    "vm_delta_mv": 0.150230407714844
  },
  {
    "bridge_balance_mohm": 18.7423686981201,
    "id": 469800086,
    "leak_pa": 0.0,
    "num_spikes": 25,
    "peak_deflection": 0.0,
    "post_noise_rms_mv": 0.04049002379179,
    "post_vm_mv": -82.7302474975586,
    "pre_noise_rms_mv": 0.0446673408150673,
    "pre_vm_mv": -82.3563995361328,
    "slow_noise_rms_mv": 0.146384581923485,
    "slow_vm_mv": -82.3563995361328,
    "specimen_id": 469798159,
    "stimulus_absolute_amplitude": 170.000000188075,
    "stimulus_description": "C1LSCOARSE150216[14]",
    "stimulus_duration": 0.999995,
    "stimulus_interval": 0.0,
    "stimulus_name": "Long Square",
    "stimulus_relative_amplitude": 1.0,
    "stimulus_start_time": 0.92,
    "stimulus_units": "pA",
    "sweep_number": 47,
    "vm_delta_mv": 0.373847961425781
  },
  {
    "bridge_balance_mohm": 0.0,
    "id": 469799948,
    "leak_pa": 0.0,
    "num_spikes": 0,
    "peak_deflection": 0.0,
    "post_noise_rms_mv": 0.0,
    "post_vm_mv": 0.0,
    "pre_noise_rms_mv": 0.0,
    "pre_vm_mv": 0.0,
    "slow_noise_rms_mv": 0.0,
    "slow_vm_mv": 0.0,
    "specimen_id": 469798159,
    "stimulus_absolute_amplitude": 9.99999977648258,
    "stimulus_description": "EXTPINBATH141203[0]",
    "stimulus_duration": 0.069995,
    "stimulus_interval": 0.05,
    "stimulus_name": "Test",
    "stimulus_relative_amplitude": 1.0,
    "stimulus_start_time": 0.03,
    "stimulus_units": "mV",
    "sweep_number": 1,
    "vm_delta_mv": 0.0
  },
  {
    "bridge_balance_mohm": 17.4603176116943,
    "id": 469800132,
    "leak_pa": 0.0,
    "num_spikes": 6,
    "peak_deflection": 0.0,
    "post_noise_rms_mv": 0.0478118173778057,
    "post_vm_mv": -82.9114532470703,
    "pre_noise_rms_mv": 0.0409812107682228,
    "pre_vm_mv": -82.755241394043,
    "slow_noise_rms_mv": 0.130292490124702,
    "slow_vm_mv": -82.755241394043,
    "specimen_id": 469798159,
    "stimulus_absolute_amplitude": 69.9999988529321,
    "stimulus_description": "C2SQRHELNG150216[0]",
    "stimulus_duration": 1.999995,
    "stimulus_interval": 0.0,
    "stimulus_name": "Square - 2s Suprathreshold",
    "stimulus_relative_amplitude": 0.7,
    "stimulus_start_time": 0.92,
    "stimulus_units": "pA",
    "sweep_number": 68,
    "vm_delta_mv": 0.156211853027344
  },
  {
    "bridge_balance_mohm": 18.7423686981201,
    "id": 469800136,
    "leak_pa": 0.0,
    "num_spikes": 0,
    "peak_deflection": 0.0,
    "post_noise_rms_mv": 0.0388221777975559,
    "post_vm_mv": -81.7876663208008,
    "pre_noise_rms_mv": 0.046759121119976,
    "pre_vm_mv": -81.6512451171875,
    "slow_noise_rms_mv": 0.0976305678486824,
    "slow_vm_mv": -81.6512451171875,
    "specimen_id": 469798159,
    "stimulus_absolute_amplitude": 100.000001335143,
    "stimulus_description": "C1SSCOARSE150112[0]",
    "stimulus_duration": 0.002995,
    "stimulus_interval": 0.0,
    "stimulus_name": "Short Square",
    "stimulus_relative_amplitude": 1.0,
    "stimulus_start_time": 0.92,
    "stimulus_units": "pA",
    "sweep_number": 7,
    "vm_delta_mv": 0.136421203613281
  },
  {
    "bridge_balance_mohm": 18.7423686981201,
    "id": 469800018,
    "leak_pa": 0.0,
    "num_spikes": 0,
    "peak_deflection": 0.0,
    "post_noise_rms_mv": 0.0375688038766384,
    "post_vm_mv": -80.9054489135742,
    "pre_noise_rms_mv": 0.0417187139391899,
    "pre_vm_mv": -81.0987854003906,
    "slow_noise_rms_mv": 0.204163387417793,
    "slow_vm_mv": -81.0987854003906,
    "specimen_id": 469798159,
    "stimulus_absolute_amplitude": 999.999971718069,
    "stimulus_description": "C1SSCOARSE150112[9]",
    "stimulus_duration": 0.002995,
    "stimulus_interval": 0.0,
    "stimulus_name": "Short Square",
    "stimulus_relative_amplitude": 1.0,
    "stimulus_start_time": 0.92,
    "stimulus_units": "pA",
    "sweep_number": 16,
    "vm_delta_mv": 0.193336486816406
  },
  {
    "bridge_balance_mohm": 18.7423686981201,
    "id": 469800192,
    "leak_pa": 0.0,
    "num_spikes": 0,
    "peak_deflection": 0.0,
    "post_noise_rms_mv": 0.0416378788650036,
    "post_vm_mv": -81.444221496582,
    "pre_noise_rms_mv": 0.0478468686342239,
    "pre_vm_mv": -81.4584274291992,
    "slow_noise_rms_mv": 0.061426367610693,
    "slow_vm_mv": -81.4584274291992,
    "specimen_id": 469798159,
    "stimulus_absolute_amplitude": 299.999997066536,
    "stimulus_description": "C1SSCOARSE150112[2]",
    "stimulus_duration": 0.002995,
    "stimulus_interval": 0.0,
    "stimulus_name": "Short Square",
    "stimulus_relative_amplitude": 1.0,
    "stimulus_start_time": 0.92,
    "stimulus_units": "pA",
    "sweep_number": 9,
    "vm_delta_mv": 0.0142059326171875
  },
  {
    "bridge_balance_mohm": 17.4603176116943,
    "id": 469800146,
    "leak_pa": 0.0,
    "num_spikes": 42,
    "peak_deflection": 0.0,
    "post_noise_rms_mv": 0.0582044720649719,
    "post_vm_mv": -81.4399566650391,
    "pre_noise_rms_mv": 0.0494220070540905,
    "pre_vm_mv": -81.9291839599609,
    "slow_noise_rms_mv": 0.184304013848305,
    "slow_vm_mv": -81.9291839599609,
    "specimen_id": 469798159,
    "stimulus_absolute_amplitude": 149.999998533268,
    "stimulus_description": "C2SQRHELNG150216[0]",
    "stimulus_duration": 1.999995,
    "stimulus_interval": 0.0,
    "stimulus_name": "Square - 2s Suprathreshold",
    "stimulus_relative_amplitude": 1.5,
    "stimulus_start_time": 0.92,
    "stimulus_units": "pA",
    "sweep_number": 74,
    "vm_delta_mv": 0.489227294921875
  },
  {
    "bridge_balance_mohm": 18.7423686981201,
    "id": 469800052,
    "leak_pa": 0.0,
    "num_spikes": 1,
    "peak_deflection": 0.0,
    "post_noise_rms_mv": 0.0491263754665852,
    "post_vm_mv": -82.5194091796875,
    "pre_noise_rms_mv": 0.0422428920865059,
    "pre_vm_mv": -82.3052749633789,
    "slow_noise_rms_mv": 0.117226496338844,
    "slow_vm_mv": -82.3052749633789,
    "specimen_id": 469798159,
    "stimulus_absolute_amplitude": 1189.99998743874,
    "stimulus_description": "C1SSFINEST150112[0]",
    "stimulus_duration": 0.002995,
    "stimulus_interval": 0.0,
    "stimulus_name": "Short Square",
    "stimulus_relative_amplitude": 11.9,
    "stimulus_start_time": 0.92,
    "stimulus_units": "pA",
    "sweep_number": 31,
    "vm_delta_mv": 0.214134216308594
  },
  {
    "bridge_balance_mohm": 17.4603176116943,
    "id": 469800198,
    "leak_pa": 0.0,
    "num_spikes": 3,
    "peak_deflection": 0.0,
    "post_noise_rms_mv": 0.0408912189304829,
    "post_vm_mv": -81.5007553100586,
    "pre_noise_rms_mv": 0.0357120037078857,
    "pre_vm_mv": -81.0549926757812,
    "slow_noise_rms_mv": 0.258750587701797,
    "slow_vm_mv": -81.0549926757812,
    "specimen_id": 469798159,
    "stimulus_absolute_amplitude": 1189.99998743874,
    "stimulus_description": "C2SSTRIPLE141203[6]",
    "stimulus_duration": 0.064995,
    "stimulus_interval": 0.028,
    "stimulus_name": "Short Square - Triple",
    "stimulus_relative_amplitude": 11.9,
    "stimulus_start_time": 1.92,
    "stimulus_units": "pA",
    "sweep_number": 92,
    "vm_delta_mv": 0.445762634277344
  },
  {
    "bridge_balance_mohm": 18.7423686981201,
    "id": 469800012,
    "leak_pa": 0.0,
    "num_spikes": 0,
    "peak_deflection": 0.0,
    "post_noise_rms_mv": 0.0464545972645283,
    "post_vm_mv": -81.202278137207,
    "pre_noise_rms_mv": 0.0452404841780663,
    "pre_vm_mv": -81.1650238037109,
    "slow_noise_rms_mv": 0.433369219303131,
    "slow_vm_mv": -81.1650238037109,
    "specimen_id": 469798159,
    "stimulus_absolute_amplitude": 700.000002407108,
    "stimulus_description": "C1SSCOARSE150112[6]",
    "stimulus_duration": 0.002995,
    "stimulus_interval": 0.0,
    "stimulus_name": "Short Square",
    "stimulus_relative_amplitude": 1.0,
    "stimulus_start_time": 0.92,
    "stimulus_units": "pA",
    "sweep_number": 13,
    "vm_delta_mv": 0.0372543334960938
  },
  {
    "bridge_balance_mohm": 17.4603176116943,
    "id": 469800186,
    "leak_pa": 0.0,
    "num_spikes": 3,
    "peak_deflection": 0.0,
    "post_noise_rms_mv": 0.0428704991936684,
    "post_vm_mv": -80.7265701293945,
    "pre_noise_rms_mv": 0.0409235842525959,
    "pre_vm_mv": -80.5910415649414,
    "slow_noise_rms_mv": 0.176468431949615,
    "slow_vm_mv": -80.5910415649414,
    "specimen_id": 469798159,
    "stimulus_absolute_amplitude": 1189.99998743874,
    "stimulus_description": "C2SSTRIPLE141203[1]",
    "stimulus_duration": 0.024995,
    "stimulus_interval": 0.008,
    "stimulus_name": "Short Square - Triple",
    "stimulus_relative_amplitude": 11.9,
    "stimulus_start_time": 1.92,
    "stimulus_units": "pA",
    "sweep_number": 87,
    "vm_delta_mv": 0.135528564453125
  },
  {
    "bridge_balance_mohm": 0.0,
    "id": 469800008,
    "leak_pa": 0.0,
    "num_spikes": 0,
    "peak_deflection": 0.0,
    "post_noise_rms_mv": 0.0,
    "post_vm_mv": 0.0,
    "pre_noise_rms_mv": 0.0,
    "pre_vm_mv": 0.0,
    "slow_noise_rms_mv": 0.0,
    "slow_vm_mv": 0.0,
    "specimen_id": 469798159,
    "stimulus_absolute_amplitude": 9.99999977648258,
    "stimulus_description": "EXTPGGAEND141203[0]",
    "stimulus_duration": 0.069995,
    "stimulus_interval": 0.05,
    "stimulus_name": "Test",
    "stimulus_relative_amplitude": 1.0,
    "stimulus_start_time": 0.03,
    "stimulus_units": "mV",
    "sweep_number": 124,
    "vm_delta_mv": 0.0
  },
  {
    "bridge_balance_mohm": 17.4603176116943,
    "id": 469800110,
    "leak_pa": 0.0,
    "num_spikes": 53,
    "peak_deflection": 0.0,
    "post_noise_rms_mv": 0.0381249971687794,
    "post_vm_mv": -82.3049621582031,
    "pre_noise_rms_mv": 0.0472893714904785,
    "pre_vm_mv": -81.3431015014648,
    "slow_noise_rms_mv": 0.125493749976158,
    "slow_vm_mv": -81.3431015014648,
    "specimen_id": 469798159,
    "stimulus_absolute_amplitude": 164.999999774373,
    "stimulus_description": "C1NSSEED_2150216[0]",
    "stimulus_duration": 18.999995,
    "stimulus_interval": 5.0,
    "stimulus_name": "Noise 2",
    "stimulus_relative_amplitude": 0.7,
    "stimulus_start_time": 1.92,
    "stimulus_units": "pA",
    "sweep_number": 58,
    "vm_delta_mv": 0.961860656738281
  },
  {
    "bridge_balance_mohm": 18.7423686981201,
    "id": 469800044,
    "leak_pa": 0.0,
    "num_spikes": 1,
    "peak_deflection": 0.0,
    "post_noise_rms_mv": 0.0394838377833366,
    "post_vm_mv": -81.5385284423828,
    "pre_noise_rms_mv": 0.053331296890974,
    "pre_vm_mv": -81.3689880371094,
    "slow_noise_rms_mv": 0.105772733688354,
    "slow_vm_mv": -81.3689880371094,
    "specimen_id": 469798159,
    "stimulus_absolute_amplitude": 1189.99998743874,
    "stimulus_description": "C1SSFINEST150112[0]",
    "stimulus_duration": 0.002995,
    "stimulus_interval": 0.0,
    "stimulus_name": "Short Square",
    "stimulus_relative_amplitude": 11.9,
    "stimulus_start_time": 0.92,
    "stimulus_units": "pA",
    "sweep_number": 28,
    "vm_delta_mv": 0.169540405273438
  },
  {
    "bridge_balance_mohm": 18.7423686981201,
    "id": 469800060,
    "leak_pa": 0.0,
    "num_spikes": 0,
    "peak_deflection": -94.0625,
    "post_noise_rms_mv": 0.0396210066974163,
    "post_vm_mv": -80.9008712768555,
    "pre_noise_rms_mv": 0.0429868958890438,
    "pre_vm_mv": -80.4459762573242,
    "slow_noise_rms_mv": 0.172688454389572,
    "slow_vm_mv": -80.4459762573242,
    "specimen_id": 469798159,
    "stimulus_absolute_amplitude": -69.9999988529321,
    "stimulus_description": "C1LSCOARSE150216[2]",
    "stimulus_duration": 0.999995,
    "stimulus_interval": 0.0,
    "stimulus_name": "Long Square",
    "stimulus_relative_amplitude": 1.0,
    "stimulus_start_time": 0.92,
    "stimulus_units": "pA",
    "sweep_number": 35,
    "vm_delta_mv": 0.45489501953125
  },
  {
    "bridge_balance_mohm": 17.4603176116943,
    "id": 469800124,
    "leak_pa": 0.0,
    "num_spikes": 0,
    "peak_deflection": 0.0,
    "post_noise_rms_mv": 0.0409271605312824,
    "post_vm_mv": -82.2472381591797,
    "pre_noise_rms_mv": 0.0393777564167976,
    "pre_vm_mv": -81.9315643310547,
    "slow_noise_rms_mv": 0.217162325978279,
    "slow_vm_mv": -81.9315643310547,
    "specimen_id": 469798159,
    "stimulus_absolute_amplitude": -200.000002670286,
    "stimulus_description": "C1SQCAPCHK141203[0]",
    "stimulus_duration": 7.819995,
    "stimulus_interval": 0.2,
    "stimulus_name": "Square - 0.5ms Subthreshold",
    "stimulus_relative_amplitude": 1.0,
    "stimulus_start_time": 0.12,
    "stimulus_units": "pA",
    "sweep_number": 64,
    "vm_delta_mv": 0.315673828125
  },
  {
    "bridge_balance_mohm": 18.7423686981201,
    "id": 469800068,
    "leak_pa": 0.0,
    "num_spikes": 0,
    "peak_deflection": -77.875,
    "post_noise_rms_mv": 0.0442651957273483,
    "post_vm_mv": -81.0817337036133,
    "pre_noise_rms_mv": 0.0454047210514545,
    "pre_vm_mv": -80.6431274414062,
    "slow_noise_rms_mv": 0.268082350492477,
    "slow_vm_mv": -80.6431274414062,
    "specimen_id": 469798159,
    "stimulus_absolute_amplitude": 9.99999996004197,
    "stimulus_description": "C1LSCOARSE150216[6]",
    "stimulus_duration": 0.999995,
    "stimulus_interval": 0.0,
    "stimulus_name": "Long Square",
    "stimulus_relative_amplitude": 1.0,
    "stimulus_start_time": 0.92,
    "stimulus_units": "pA",
    "sweep_number": 39,
    "vm_delta_mv": 0.438606262207031
  },
  {
    "bridge_balance_mohm": 17.4603176116943,
    "id": 469800140,
    "leak_pa": 0.0,
    "num_spikes": 27,
    "peak_deflection": 0.0,
    "post_noise_rms_mv": 0.0421657599508762,
    "post_vm_mv": -82.9050216674805,
    "pre_noise_rms_mv": 0.045078419148922,
    "pre_vm_mv": -82.1135406494141,
    "slow_noise_rms_mv": 0.0862004682421684,
    "slow_vm_mv": -82.1135406494141,
    "specimen_id": 469798159,
    "stimulus_absolute_amplitude": 110.000002162547,
    "stimulus_description": "C2SQRHELNG150216[0]",
    "stimulus_duration": 1.999995,
    "stimulus_interval": 0.0,
    "stimulus_name": "Square - 2s Suprathreshold",
    "stimulus_relative_amplitude": 1.1,
    "stimulus_start_time": 0.92,
    "stimulus_units": "pA",
    "sweep_number": 71,
    "vm_delta_mv": 0.791481018066406
  },
  {
    "bridge_balance_mohm": 18.7423686981201,
    "id": 469800070,
    "leak_pa": 0.0,
    "num_spikes": 29,
    "peak_deflection": 0.0,
    "post_noise_rms_mv": 0.0,
    "post_vm_mv": 0.0,
    "pre_noise_rms_mv": 0.0417966730892658,
    "pre_vm_mv": -82.3594436645508,
    "slow_noise_rms_mv": 0.0912697687745094,
    "slow_vm_mv": -82.3594436645508,
    "specimen_id": 469798159,
    "stimulus_absolute_amplitude": 800.000010681146,
    "stimulus_description": "C1RP25PR1S141203[0]",
    "stimulus_duration": 31.997495,
    "stimulus_interval": 0.0,
    "stimulus_name": "Ramp",
    "stimulus_relative_amplitude": 1.0,
    "stimulus_start_time": 0.9225,
    "stimulus_units": "pA",
    "sweep_number": 4,
    "vm_delta_mv": 0.0
  },
  {
    "bridge_balance_mohm": 17.4603176116943,
    "id": 469800160,
    "leak_pa": 0.0,
    "num_spikes": 3,
    "peak_deflection": 0.0,
    "post_noise_rms_mv": 0.0403805412352085,
    "post_vm_mv": -81.8042907714844,
    "pre_noise_rms_mv": 0.0421152897179127,
    "pre_vm_mv": -81.6322784423828,
    "slow_noise_rms_mv": 0.112934522330761,
    "slow_vm_mv": -81.6322784423828,
    "specimen_id": 469798159,
    "stimulus_absolute_amplitude": 1189.99998743874,
    "stimulus_description": "C2SSTRIPLE141203[1]",
    "stimulus_duration": 0.024995,
    "stimulus_interval": 0.008,
    "stimulus_name": "Short Square - Triple",
    "stimulus_relative_amplitude": 11.9,
    "stimulus_start_time": 1.92,
    "stimulus_units": "pA",
    "sweep_number": 79,
    "vm_delta_mv": 0.172012329101562
  },
  {
    "bridge_balance_mohm": 18.7423686981201,
    "id": 469800058,
    "leak_pa": 0.0,
    "num_spikes": 0,
    "peak_deflection": -96.25,
    "post_noise_rms_mv": 0.034465629607439,
    "post_vm_mv": -80.7934951782227,
    "pre_noise_rms_mv": 0.048936165869236,
    "pre_vm_mv": -80.7756729125977,
    "slow_noise_rms_mv": 0.208519831299782,
    "slow_vm_mv": -80.7756729125977,
    "specimen_id": 469798159,
    "stimulus_absolute_amplitude": -90.0000005077395,
    "stimulus_description": "C1LSCOARSE150216[1]",
    "stimulus_duration": 0.999995,
    "stimulus_interval": 0.0,
    "stimulus_name": "Long Square",
    "stimulus_relative_amplitude": 1.0,
    "stimulus_start_time": 0.92,
    "stimulus_units": "pA",
    "sweep_number": 34,
    "vm_delta_mv": 0.017822265625
  },
  {
    "bridge_balance_mohm": 18.7423686981201,
    "id": 469800034,
    "leak_pa": 0.0,
    "num_spikes": 0,
    "peak_deflection": 0.0,
    "post_noise_rms_mv": 0.045877818018198,
    "post_vm_mv": -81.6585311889648,
    "pre_noise_rms_mv": 0.0401347279548645,
    "pre_vm_mv": -81.6204986572266,
    "slow_noise_rms_mv": 0.326568752527237,
    "slow_vm_mv": -81.6204986572266,
    "specimen_id": 469798159,
    "stimulus_absolute_amplitude": 1169.99998578393,
    "stimulus_description": "C1SSFINEST150112[0]",
    "stimulus_duration": 0.002995,
    "stimulus_interval": 0.0,
    "stimulus_name": "Short Square",
    "stimulus_relative_amplitude": 11.7,
    "stimulus_start_time": 0.92,
    "stimulus_units": "pA",
    "sweep_number": 23,
    "vm_delta_mv": 0.0380325317382812
  },
  {
    "bridge_balance_mohm": 18.7423686981201,
    "id": 469800024,
    "leak_pa": 0.0,
    "num_spikes": 0,
    "peak_deflection": 0.0,
    "post_noise_rms_mv": 0.046446654945612,
    "post_vm_mv": -82.0045776367188,
    "pre_noise_rms_mv": 0.0404112972319126,
    "pre_vm_mv": -82.080192565918,
    "slow_noise_rms_mv": 0.147024869918823,
    "slow_vm_mv": -82.080192565918,
    "specimen_id": 469798159,
    "stimulus_absolute_amplitude": 1149.99998412912,
    "stimulus_description": "C1SSFINEST150112[0]",
    "stimulus_duration": 0.002995,
    "stimulus_interval": 0.0,
    "stimulus_name": "Short Square",
    "stimulus_relative_amplitude": 11.5,
    "stimulus_start_time": 0.92,
    "stimulus_units": "pA",
    "sweep_number": 19,
    "vm_delta_mv": 0.0756149291992188
  },
  {
    "bridge_balance_mohm": 17.4603176116943,
    "id": 469800196,
    "leak_pa": 0.0,
    "num_spikes": 3,
    "peak_deflection": 0.0,
    "post_noise_rms_mv": 0.0400092229247093,
    "post_vm_mv": -81.5098342895508,
    "pre_noise_rms_mv": 0.0458923615515232,
    "pre_vm_mv": -81.0640029907227,
    "slow_noise_rms_mv": 0.118112772703171,
    "slow_vm_mv": -81.0640029907227,
    "specimen_id": 469798159,
    "stimulus_absolute_amplitude": 1189.99998743874,
    "stimulus_description": "C2SSTRIPLE141203[5]",
    "stimulus_duration": 0.056995,
    "stimulus_interval": 0.024,
    "stimulus_name": "Short Square - Triple",
    "stimulus_relative_amplitude": 11.9,
    "stimulus_start_time": 1.92,
    "stimulus_units": "pA",
    "sweep_number": 91,
    "vm_delta_mv": 0.445831298828125
  },
  {
    "bridge_balance_mohm": 17.4603176116943,
    "id": 469800150,
    "leak_pa": 0.0,
    "num_spikes": 40,
    "peak_deflection": 0.0,
    "post_noise_rms_mv": 0.0337659083306789,
    "post_vm_mv": -82.9602661132812,
    "pre_noise_rms_mv": 0.0411281585693359,
    "pre_vm_mv": -82.5168533325195,
    "slow_noise_rms_mv": 0.211389467120171,
    "slow_vm_mv": -82.5168533325195,
    "specimen_id": 469798159,
    "stimulus_absolute_amplitude": 149.999998533268,
    "stimulus_description": "C2SQRHELNG150216[0]",
    "stimulus_duration": 1.999995,
    "stimulus_interval": 0.0,
    "stimulus_name": "Square - 2s Suprathreshold",
    "stimulus_relative_amplitude": 1.5,
    "stimulus_start_time": 0.92,
    "stimulus_units": "pA",
    "sweep_number": 76,
    "vm_delta_mv": 0.443412780761719
  },
  {
    "bridge_balance_mohm": 18.7423686981201,
    "id": 469800028,
    "leak_pa": 0.0,
    "num_spikes": 1,
    "peak_deflection": 0.0,
    "post_noise_rms_mv": 0.0368131548166275,
    "post_vm_mv": -81.4890060424805,
    "pre_noise_rms_mv": 0.0301650203764439,
    "pre_vm_mv": -81.3128433227539,
    "slow_noise_rms_mv": 0.24417319893837,
    "slow_vm_mv": -81.3128433227539,
    "specimen_id": 469798159,
    "stimulus_absolute_amplitude": 1169.99998578393,
    "stimulus_description": "C1SSFINEST150112[0]",
    "stimulus_duration": 0.002995,
    "stimulus_interval": 0.0,
    "stimulus_name": "Short Square",
    "stimulus_relative_amplitude": 11.7,
    "stimulus_start_time": 0.92,
    "stimulus_units": "pA",
    "sweep_number": 20,
    "vm_delta_mv": 0.176162719726562
  },
  {
    "bridge_balance_mohm": 18.7423686981201,
    "id": 469800040,
    "leak_pa": 0.0,
    "num_spikes": 0,
    "peak_deflection": 0.0,
    "post_noise_rms_mv": 0.0428947918117046,
    "post_vm_mv": -82.3251724243164,
    "pre_noise_rms_mv": 0.0373972840607166,
    "pre_vm_mv": -82.0558471679688,
    "slow_noise_rms_mv": 0.0927342996001244,
    "slow_vm_mv": -82.0558471679688,
    "specimen_id": 469798159,
    "stimulus_absolute_amplitude": 1169.99998578393,
    "stimulus_description": "C1SSFINEST150112[0]",
    "stimulus_duration": 0.002995,
    "stimulus_interval": 0.0,
    "stimulus_name": "Short Square",
    "stimulus_relative_amplitude": 11.7,
    "stimulus_start_time": 0.92,
    "stimulus_units": "pA",
    "sweep_number": 26,
    "vm_delta_mv": 0.269325256347656
  },
  {
    "bridge_balance_mohm": 17.4603176116943,
    "id": 469800210,
    "leak_pa": 0.0,
    "num_spikes": 3,
    "peak_deflection": 0.0,
    "post_noise_rms_mv": 0.0353436730802059,
    "post_vm_mv": -81.9774475097656,
    "pre_noise_rms_mv": 0.0505965910851955,
    "pre_vm_mv": -81.2986068725586,
    "slow_noise_rms_mv": 0.165486440062523,
    "slow_vm_mv": -81.2986068725586,
    "specimen_id": 469798159,
    "stimulus_absolute_amplitude": 1189.99998743874,
    "stimulus_description": "C2SSTRIPLE141203[4]",
    "stimulus_duration": 0.048995,
    "stimulus_interval": 0.02,
    "stimulus_name": "Short Square - Triple",
    "stimulus_relative_amplitude": 11.9,
    "stimulus_start_time": 1.92,
    "stimulus_units": "pA",
    "sweep_number": 98,
    "vm_delta_mv": 0.678840637207031
  },
  {
    "bridge_balance_mohm": 17.4603176116943,
    "id": 469800134,
    "leak_pa": 0.0,
    "num_spikes": 7,
    "peak_deflection": 0.0,
    "post_noise_rms_mv": 0.0402438044548035,
    "post_vm_mv": -82.9634017944336,
    "pre_noise_rms_mv": 0.0398939289152622,
    "pre_vm_mv": -82.1956253051758,
    "slow_noise_rms_mv": 0.1097631752491,
    "slow_vm_mv": -82.1956253051758,
    "specimen_id": 469798159,
    "stimulus_absolute_amplitude": 69.9999988529321,
    "stimulus_description": "C2SQRHELNG150216[0]",
    "stimulus_duration": 1.999995,
    "stimulus_interval": 0.0,
    "stimulus_name": "Square - 2s Suprathreshold",
    "stimulus_relative_amplitude": 0.7,
    "stimulus_start_time": 0.92,
    "stimulus_units": "pA",
    "sweep_number": 69,
    "vm_delta_mv": 0.767776489257812
  },
  {
    "bridge_balance_mohm": 17.4603176116943,
    "id": 469800188,
    "leak_pa": 0.0,
    "num_spikes": 3,
    "peak_deflection": 0.0,
    "post_noise_rms_mv": 0.0451122261583805,
    "post_vm_mv": -81.3897552490234,
    "pre_noise_rms_mv": 0.0390494428575039,
    "pre_vm_mv": -81.2031784057617,
    "slow_noise_rms_mv": 0.142881125211716,
    "slow_vm_mv": -81.2031784057617,
    "specimen_id": 469798159,
    "stimulus_absolute_amplitude": 1189.99998743874,
    "stimulus_description": "C2SSTRIPLE141203[2]",
    "stimulus_duration": 0.032995,
    "stimulus_interval": 0.012,
    "stimulus_name": "Short Square - Triple",
    "stimulus_relative_amplitude": 11.9,
    "stimulus_start_time": 1.92,
    "stimulus_units": "pA",
    "sweep_number": 88,
    "vm_delta_mv": 0.186576843261719
  },
  {
    "bridge_balance_mohm": 18.7423686981201,
    "id": 469800054,
    "leak_pa": 0.0,
    "num_spikes": 1,
    "peak_deflection": 0.0,
    "post_noise_rms_mv": 0.037770289927721,
    "post_vm_mv": -81.7742538452148,
    "pre_noise_rms_mv": 0.0405382364988327,
    "pre_vm_mv": -81.4146728515625,
    "slow_noise_rms_mv": 0.226677894592285,
    "slow_vm_mv": -81.4146728515625,
    "specimen_id": 469798159,
    "stimulus_absolute_amplitude": 1189.99998743874,
    "stimulus_description": "C1SSFINEST150112[0]",
    "stimulus_duration": 0.002995,
    "stimulus_interval": 0.0,
    "stimulus_name": "Short Square",
    "stimulus_relative_amplitude": 11.9,
    "stimulus_start_time": 0.92,
    "stimulus_units": "pA",
    "sweep_number": 32,
    "vm_delta_mv": 0.359580993652344
  },
  {
    "bridge_balance_mohm": 17.4603176116943,
    "id": 469800200,
    "leak_pa": 0.0,
    "num_spikes": 3,
    "peak_deflection": 0.0,
    "post_noise_rms_mv": 0.0340538993477821,
    "post_vm_mv": -82.1259460449219,
    "pre_noise_rms_mv": 0.0449308604001999,
    "pre_vm_mv": -81.4910888671875,
    "slow_noise_rms_mv": 0.107424542307854,
    "slow_vm_mv": -81.4910888671875,
    "specimen_id": 469798159,
    "stimulus_absolute_amplitude": 1189.99998743874,
    "stimulus_description": "C2SSTRIPLE141203[7]",
    "stimulus_duration": 0.072995,
    "stimulus_interval": 0.032,
    "stimulus_name": "Short Square - Triple",
    "stimulus_relative_amplitude": 11.9,
    "stimulus_start_time": 1.92,
    "stimulus_units": "pA",
    "sweep_number": 93,
    "vm_delta_mv": 0.634857177734375
  },
  {
    "bridge_balance_mohm": 17.4603176116943,
    "id": 469800142,
    "leak_pa": 0.0,
    "num_spikes": 27,
    "peak_deflection": 0.0,
    "post_noise_rms_mv": 0.0418582819402218,
    "post_vm_mv": -83.0476989746094,
    "pre_noise_rms_mv": 0.0451678745448589,
    "pre_vm_mv": -82.6271362304688,
    "slow_noise_rms_mv": 0.225906372070312,
    "slow_vm_mv": -82.6271362304688,
    "specimen_id": 469798159,
    "stimulus_absolute_amplitude": 110.000002162547,
    "stimulus_description": "C2SQRHELNG150216[0]",
    "stimulus_duration": 1.999995,
    "stimulus_interval": 0.0,
    "stimulus_name": "Square - 2s Suprathreshold",
    "stimulus_relative_amplitude": 1.1,
    "stimulus_start_time": 0.92,
    "stimulus_units": "pA",
    "sweep_number": 72,
    "vm_delta_mv": 0.420562744140625
  },
  {
    "bridge_balance_mohm": 0.0,
    "id": 469800010,
    "leak_pa": 0.0,
    "num_spikes": 0,
    "peak_deflection": 0.0,
    "post_noise_rms_mv": 0.0422586835920811,
    "post_vm_mv": -4.11754894256592,
    "pre_noise_rms_mv": 0.0309252142906189,
    "pre_vm_mv": -4.07065534591675,
    "slow_noise_rms_mv": 0.0487416014075279,
    "slow_vm_mv": -4.07065534591675,
    "specimen_id": 469798159,
    "stimulus_absolute_amplitude": 0.0,
    "stimulus_description": "EXTPBLWOUT141203[0]",
    "stimulus_duration": 0.0,
    "stimulus_interval": 0.0,
    "stimulus_name": "Test",
    "stimulus_relative_amplitude": 1.0,
    "stimulus_start_time": 0.0,
    "stimulus_units": "pA",
    "sweep_number": 125,
    "vm_delta_mv": 0.0468935966491699
  }
]