[
  {
    "bridge_balance_mohm": 16.1782665252686,
    "id": 464307003,
    "leak_pa": 0.0,
    "num_spikes": 0,
    "peak_deflection": 0.0,
    "post_noise_rms_mv": 0.0328730903565884,
    "post_vm_mv": -75.0823364257812,
    "pre_noise_rms_mv": 0.0336744450032711,
    "pre_vm_mv": -75.3486785888672,
    "slow_noise_rms_mv": 0.231955498456955,
    "slow_vm_mv": -75.3486785888672,
    "specimen_id": 464212183,
    "stimulus_absolute_amplitude": 400.000005340573,
    "stimulus_description": "C2SSHM80CS141203[3]",
    "stimulus_duration": 0.002995,
    "stimulus_interval": 0.0,
    "stimulus_name": "Short Square - Hold -80mV",
    "stimulus_relative_amplitude": 1.0,
    "stimulus_start_time": 0.92,
    "stimulus_units": "pA",
    "sweep_number": 83,
    "vm_delta_mv": 0.266342163085938
  },
  {
    "bridge_balance_mohm": 16.1782665252686,
    "id": 464307007,
    "leak_pa": 0.0,
    "num_spikes": 0,
    "peak_deflection": 0.0,
    "post_noise_rms_mv": 0.0349281467497349,
    "post_vm_mv": -74.8176574707031,
    "pre_noise_rms_mv": 0.0364550240337849,
    "pre_vm_mv": -75.0060272216797,
    "slow_noise_rms_mv": 0.28998264670372,
    "slow_vm_mv": -75.0060272216797,
    "specimen_id": 464212183,
    "stimulus_absolute_amplitude": 450.000009477591,
    "stimulus_description": "C2SSHM80FN141203[0]",
    "stimulus_duration": 0.002995,
    "stimulus_interval": 0.0,
    "stimulus_name": "Short Square - Hold -80mV",
    "stimulus_relative_amplitude": 4.5,
    "stimulus_start_time": 0.92,
    "stimulus_units": "pA",
    "sweep_number": 85,
    "vm_delta_mv": 0.188369750976562
  },
  {
    "bridge_balance_mohm": 16.1782665252686,
    "id": 464306915,
    "leak_pa": 0.0,
    "num_spikes": 0,
    "peak_deflection": 0.0,
    "post_noise_rms_mv": 0.0357271656394005,
    "post_vm_mv": -65.7488327026367,
    "pre_noise_rms_mv": 0.0362981073558331,
    "pre_vm_mv": -65.927116394043,
    "slow_noise_rms_mv": 0.365540027618408,
    "slow_vm_mv": -65.927116394043,
    "specimen_id": 464212183,
    "stimulus_absolute_amplitude": -200.000002670286,
    "stimulus_description": "C1SQCAPCHK141203[0]",
    "stimulus_duration": 7.819995,
    "stimulus_interval": 0.2,
    "stimulus_name": "Square - 0.5ms Subthreshold",
    "stimulus_relative_amplitude": 1.0,
    "stimulus_start_time": 0.12,
    "stimulus_units": "pA",
    "sweep_number": 43,
    "vm_delta_mv": 0.17828369140625
  },
  {
    "bridge_balance_mohm": 16.1782665252686,
    "id": 464307009,
    "leak_pa": 0.0,
    "num_spikes": 0,
    "peak_deflection": 0.0,
    "post_noise_rms_mv": 0.0382888317108154,
    "post_vm_mv": -75.1906127929688,
    "pre_noise_rms_mv": 0.0372916869819164,
    "pre_vm_mv": -76.2458267211914,
    "slow_noise_rms_mv": 0.292213976383209,
    "slow_vm_mv": -76.2458267211914,
    "specimen_id": 464212183,
    "stimulus_absolute_amplitude": 469.999983376823,
    "stimulus_description": "C2SSHM80FN141203[0]",
    "stimulus_duration": 0.002995,
    "stimulus_interval": 0.0,
    "stimulus_name": "Short Square - Hold -80mV",
    "stimulus_relative_amplitude": 4.7,
    "stimulus_start_time": 0.92,
    "stimulus_units": "pA",
    "sweep_number": 86,
    "vm_delta_mv": 1.05521392822266
  },
  {
    "bridge_balance_mohm": 16.1782665252686,
    "id": 464306899,
    "leak_pa": 0.0,
    "num_spikes": 61,
    "peak_deflection": 0.0,
    "post_noise_rms_mv": 0.0357299670577049,
    "post_vm_mv": -66.5655822753906,
    "pre_noise_rms_mv": 0.0379263907670975,
    "pre_vm_mv": -65.3991012573242,
    "slow_noise_rms_mv": 0.115935228765011,
    "slow_vm_mv": -65.3991012573242,
    "specimen_id": 464212183,
    "stimulus_absolute_amplitude": 230.000005152498,
    "stimulus_description": "C1LSCOARSE141203[17]",
    "stimulus_duration": 0.999995,
    "stimulus_interval": 0.0,
    "stimulus_name": "Long Square",
    "stimulus_relative_amplitude": 1.0,
    "stimulus_start_time": 0.92,
    "stimulus_units": "pA",
    "sweep_number": 36,
    "vm_delta_mv": 1.16648101806641
  },
  {
    "bridge_balance_mohm": 16.1782665252686,
    "id": 464307025,
    "leak_pa": 0.0,
    "num_spikes": 0,
    "peak_deflection": 0.0,
    "post_noise_rms_mv": 0.0443850569427013,
    "post_vm_mv": -54.6312446594238,
    "pre_noise_rms_mv": 0.0256518870592117,
    "pre_vm_mv": -54.9854393005371,
    "slow_noise_rms_mv": 0.185569375753403,
    "slow_vm_mv": -54.9854393005371,
    "specimen_id": 464212183,
    "stimulus_absolute_amplitude": 100.000001335143,
    "stimulus_description": "C2SSHM60CS141203[0]",
    "stimulus_duration": 0.002995,
    "stimulus_interval": 0.0,
    "stimulus_name": "Short Square - Hold -60mV",
    "stimulus_relative_amplitude": 1.0,
    "stimulus_start_time": 0.92,
    "stimulus_units": "pA",
    "sweep_number": 93,
    "vm_delta_mv": 0.354194641113281
  },
  {
    "bridge_balance_mohm": 16.1782665252686,
    "id": 464307015,
    "leak_pa": 0.0,
    "num_spikes": 1,
    "peak_deflection": 0.0,
    "post_noise_rms_mv": 0.0362843126058578,
    "post_vm_mv": -75.5273895263672,
    "pre_noise_rms_mv": 0.0409406051039696,
    "pre_vm_mv": -76.2829284667969,
    "slow_noise_rms_mv": 0.329914331436157,
    "slow_vm_mv": -76.2829284667969,
    "specimen_id": 464212183,
    "stimulus_absolute_amplitude": 489.999985031631,
    "stimulus_description": "C2SSHM80FN141203[0]",
    "stimulus_duration": 0.002995,
    "stimulus_interval": 0.0,
    "stimulus_name": "Short Square - Hold -80mV",
    "stimulus_relative_amplitude": 4.9,
    "stimulus_start_time": 0.92,
    "stimulus_units": "pA",
    "sweep_number": 89,
    "vm_delta_mv": 0.755538940429688
  },
  {
    "bridge_balance_mohm": 16.1782665252686,
    "id": 464307019,
    "leak_pa": 0.0,
    "num_spikes": 0,
    "peak_deflection": 0.0,
    "post_noise_rms_mv": 0.036408644169569,
    "post_vm_mv": -75.9766998291016,
    "pre_noise_rms_mv": 0.0414298921823502,
    "pre_vm_mv": -76.4210586547852,
    "slow_noise_rms_mv": 0.334301680326462,
    "slow_vm_mv": -76.4210586547852,
    "specimen_id": 464212183,
    "stimulus_absolute_amplitude": 489.999985031631,
    "stimulus_description": "C2SSHM80FN141203[0]",
    "stimulus_duration": 0.002995,
    "stimulus_interval": 0.0,
    "stimulus_name": "Short Square - Hold -80mV",
    "stimulus_relative_amplitude": 4.9,
    "stimulus_start_time": 0.92,
    "stimulus_units": "pA",
    "sweep_number": 90,
    "vm_delta_mv": 0.444358825683594
  },
  {
    "bridge_balance_mohm": 16.1782665252686,
    "id": 464307027,
    "leak_pa": 0.0,
    "num_spikes": 1,
    "peak_deflection": 0.0,
    "post_noise_rms_mv": 0.0354891270399094,
    "post_vm_mv": -55.8818817138672,
    "pre_noise_rms_mv": 0.0393075346946716,
    "pre_vm_mv": -54.9479904174805,
    "slow_noise_rms_mv": 0.219269141554832,
    "slow_vm_mv": -54.9479904174805,
    "specimen_id": 464212183,
    "stimulus_absolute_amplitude": 200.000002670286,
    "stimulus_description": "C2SSHM60CS141203[1]",
    "stimulus_duration": 0.002995,
    "stimulus_interval": 0.0,
    "stimulus_name": "Short Square - Hold -60mV",
    "stimulus_relative_amplitude": 1.0,
    "stimulus_start_time": 0.92,
    "stimulus_units": "pA",
    "sweep_number": 94,
    "vm_delta_mv": 0.933891296386719
  },
  {
    "bridge_balance_mohm": 16.1782665252686,
    "id": 464306859,
    "leak_pa": 0.0,
    "num_spikes": 1,
    "peak_deflection": 0.0,
    "post_noise_rms_mv": 0.0336575694382191,
    "post_vm_mv": -64.9126281738281,
    "pre_noise_rms_mv": 0.0439713820815086,
    "pre_vm_mv": -65.2551345825195,
    "slow_noise_rms_mv": 0.108302101492882,
    "slow_vm_mv": -65.2551345825195,
    "specimen_id": 464212183,
    "stimulus_absolute_amplitude": 380.000003685765,
    "stimulus_description": "C1SSFINEST141203[0]",
    "stimulus_duration": 0.002995,
    "stimulus_interval": 0.0,
    "stimulus_name": "Short Square",
    "stimulus_relative_amplitude": 3.8,
    "stimulus_start_time": 0.92,
    "stimulus_units": "pA",
    "sweep_number": 18,
    "vm_delta_mv": 0.342506408691406
  },
  {
    "bridge_balance_mohm": 16.1782665252686,
    "id": 464306999,
    "leak_pa": 0.0,
    "num_spikes": 0,
    "peak_deflection": 0.0,
    "post_noise_rms_mv": 0.0451462604105473,
    "post_vm_mv": -75.5169982910156,
    "pre_noise_rms_mv": 0.0356320850551128,
    "pre_vm_mv": -76.1136703491211,
    "slow_noise_rms_mv": 0.250085383653641,
    "slow_vm_mv": -76.1136703491211,
    "specimen_id": 464212183,
    "stimulus_absolute_amplitude": 200.000002670286,
    "stimulus_description": "C2SSHM80CS141203[1]",
    "stimulus_duration": 0.002995,
    "stimulus_interval": 0.0,
    "stimulus_name": "Short Square - Hold -80mV",
    "stimulus_relative_amplitude": 1.0,
    "stimulus_start_time": 0.92,
    "stimulus_units": "pA",
    "sweep_number": 81,
    "vm_delta_mv": 0.596672058105469
  },
  {
    "bridge_balance_mohm": 16.1782665252686,
    "id": 464307017,
    "leak_pa": 0.0,
    "num_spikes": 0,
    "peak_deflection": 0.0,
    "post_noise_rms_mv": 0.0398030132055283,
    "post_vm_mv": -64.5537261962891,
    "pre_noise_rms_mv": 0.0342354215681553,
    "pre_vm_mv": -65.0971984863281,
    "slow_noise_rms_mv": 0.136478990316391,
    "slow_vm_mv": -65.0971984863281,
    "specimen_id": 464212183,
    "stimulus_absolute_amplitude": 299.999997066536,
    "stimulus_description": "C1SSCOARSE141203[2]",
    "stimulus_duration": 0.002995,
    "stimulus_interval": 0.0,
    "stimulus_name": "Short Square",
    "stimulus_relative_amplitude": 1.0,
    "stimulus_start_time": 0.92,
    "stimulus_units": "pA",
    "sweep_number": 9,
    "vm_delta_mv": 0.543472290039062
  },
  {
    "bridge_balance_mohm": 16.1782665252686,
    "id": 464307011,
    "leak_pa": 0.0,
    "num_spikes": 0,
    "peak_deflection": 0.0,
    "post_noise_rms_mv": 0.0401404723525047,
    "post_vm_mv": -75.8223266601562,
    "pre_noise_rms_mv": 0.036097452044487,
    "pre_vm_mv": -76.5532836914062,
    "slow_noise_rms_mv": 0.295073568820953,
    "slow_vm_mv": -76.5532836914062,
    "specimen_id": 464212183,
    "stimulus_absolute_amplitude": 479.999984204227,
    "stimulus_description": "C2SSHM80FN141203[0]",
    "stimulus_duration": 0.002995,
    "stimulus_interval": 0.0,
    "stimulus_name": "Short Square - Hold -80mV",
    "stimulus_relative_amplitude": 4.8,
    "stimulus_start_time": 0.92,
    "stimulus_units": "pA",
    "sweep_number": 87,
    "vm_delta_mv": 0.73095703125
  },
  {
    "bridge_balance_mohm": 16.1782665252686,
    "id": 464306945,
    "leak_pa": 0.0,
    "num_spikes": 3,
    "peak_deflection": 0.0,
    "post_noise_rms_mv": 0.0380539707839489,
    "post_vm_mv": -66.2473220825195,
    "pre_noise_rms_mv": 0.0364754907786846,
    "pre_vm_mv": -65.8979110717773,
    "slow_noise_rms_mv": 0.228452190756798,
    "slow_vm_mv": -65.8979110717773,
    "specimen_id": 464212183,
    "stimulus_absolute_amplitude": 380.000003685765,
    "stimulus_description": "C2SSTRIPLE141203[1]",
    "stimulus_duration": 0.024995,
    "stimulus_interval": 0.008,
    "stimulus_name": "Short Square - Triple",
    "stimulus_relative_amplitude": 3.8,
    "stimulus_start_time": 1.92,
    "stimulus_units": "pA",
    "sweep_number": 57,
    "vm_delta_mv": 0.349411010742188
  },
  {
    "bridge_balance_mohm": 16.1782665252686,
    "id": 464307033,
    "leak_pa": 0.0,
    "num_spikes": 1,
    "peak_deflection": 0.0,
    "post_noise_rms_mv": 0.0355809442698956,
    "post_vm_mv": -55.5428352355957,
    "pre_noise_rms_mv": 0.0389061607420444,
    "pre_vm_mv": -54.6656837463379,
    "slow_noise_rms_mv": 0.308655381202698,
    "slow_vm_mv": -54.6656837463379,
    "specimen_id": 464212183,
    "stimulus_absolute_amplitude": 129.99999687846,
    "stimulus_description": "C2SSHM60FN141203[0]",
    "stimulus_duration": 0.002995,
    "stimulus_interval": 0.0,
    "stimulus_name": "Short Square - Hold -60mV",
    "stimulus_relative_amplitude": 1.3,
    "stimulus_start_time": 0.92,
    "stimulus_units": "pA",
    "sweep_number": 97,
    "vm_delta_mv": 0.877151489257812
  },
  {
    "bridge_balance_mohm": 16.1782665252686,
    "id": 464307023,
    "leak_pa": 0.0,
    "num_spikes": 1,
    "peak_deflection": 0.0,
    "post_noise_rms_mv": 0.0397288985550404,
    "post_vm_mv": -75.7861404418945,
    "pre_noise_rms_mv": 0.036474023014307,
    "pre_vm_mv": -76.2100601196289,
    "slow_noise_rms_mv": 0.395014882087708,
    "slow_vm_mv": -76.2100601196289,
    "specimen_id": 464212183,
    "stimulus_absolute_amplitude": 489.999985031631,
    "stimulus_description": "C2SSHM80FN141203[0]",
    "stimulus_duration": 0.002995,
    "stimulus_interval": 0.0,
    "stimulus_name": "Short Square - Hold -80mV",
    "stimulus_relative_amplitude": 4.9,
    "stimulus_start_time": 0.92,
    "stimulus_units": "pA",
    "sweep_number": 92,
    "vm_delta_mv": 0.423919677734375
  },
  {
    "bridge_balance_mohm": 16.1782665252686,
    "id": 464306889,
    "leak_pa": 0.0,
    "num_spikes": 27,
    "peak_deflection": 0.0,
    "post_noise_rms_mv": 0.0381511673331261,
    "post_vm_mv": -66.2605285644531,
    "pre_noise_rms_mv": 0.0357237048447132,
    "pre_vm_mv": -65.7275009155273,
    "slow_noise_rms_mv": 0.117264933884144,
    "slow_vm_mv": -65.7275009155273,
    "specimen_id": 464212183,
    "stimulus_absolute_amplitude": 129.99999687846,
    "stimulus_description": "C1LSCOARSE141203[12]",
    "stimulus_duration": 0.999995,
    "stimulus_interval": 0.0,
    "stimulus_name": "Long Square",
    "stimulus_relative_amplitude": 1.0,
    "stimulus_start_time": 0.92,
    "stimulus_units": "pA",
    "sweep_number": 31,
    "vm_delta_mv": 0.533027648925781
  },
  {
    "bridge_balance_mohm": 16.1782665252686,
    "id": 464306875,
    "leak_pa": 0.0,
    "num_spikes": 0,
    "peak_deflection": -63.03125,
    "post_noise_rms_mv": 0.0371004641056061,
    "post_vm_mv": -65.8061904907227,
    "pre_noise_rms_mv": 0.0372243337333202,
    "pre_vm_mv": -65.9336318969727,
    "slow_noise_rms_mv": 0.121132127940655,
    "slow_vm_mv": -65.9336318969727,
    "specimen_id": 464212183,
    "stimulus_absolute_amplitude": 9.99999996004197,
    "stimulus_description": "C1LSCOARSE141203[6]",
    "stimulus_duration": 0.999995,
    "stimulus_interval": 0.0,
    "stimulus_name": "Long Square",
    "stimulus_relative_amplitude": 1.0,
    "stimulus_start_time": 0.92,
    "stimulus_units": "pA",
    "sweep_number": 25,
    "vm_delta_mv": 0.12744140625
  },
  {
    "bridge_balance_mohm": 16.1782665252686,
    "id": 464306837,
    "leak_pa": 0.0,
    "num_spikes": 241,
    "peak_deflection": 0.0,
    "post_noise_rms_mv": 0.0328846126794815,
    "post_vm_mv": -65.9683227539062,
    "pre_noise_rms_mv": 0.0368197150528431,
    "pre_vm_mv": -66.617431640625,
    "slow_noise_rms_mv": 0.170054197311401,
    "slow_vm_mv": -66.617431640625,
    "specimen_id": 464212183,
    "stimulus_absolute_amplitude": 178.999995381623,
    "stimulus_description": "C2NSRMPRHE141203[0]",
    "stimulus_duration": 29.999965,
    "stimulus_interval": 2.5e-05,
    "stimulus_name": "Ramp to Rheobase",
    "stimulus_relative_amplitude": 0.7,
    "stimulus_start_time": 1.92003,
    "stimulus_units": "pA",
    "sweep_number": 102,
    "vm_delta_mv": 0.64910888671875
  },
  {
    "bridge_balance_mohm": 16.1782665252686,
    "id": 464306861,
    "leak_pa": 0.0,
    "num_spikes": 0,
    "peak_deflection": -90.46875,
    "post_noise_rms_mv": 0.0407811552286148,
    "post_vm_mv": -65.2203674316406,
    "pre_noise_rms_mv": 0.036235649138689,
    "pre_vm_mv": -65.3408813476562,
    "slow_noise_rms_mv": 0.161940768361092,
    "slow_vm_mv": -65.3408813476562,
    "specimen_id": 464212183,
    "stimulus_absolute_amplitude": -110.000002162547,
    "stimulus_description": "C1LSCOARSE141203[0]",
    "stimulus_duration": 0.999995,
    "stimulus_interval": 0.0,
    "stimulus_name": "Long Square",
    "stimulus_relative_amplitude": 1.0,
    "stimulus_start_time": 0.92,
    "stimulus_units": "pA",
    "sweep_number": 19,
    "vm_delta_mv": 0.120513916015625
  },
  {
    "bridge_balance_mohm": 16.1782665252686,
    "id": 464306891,
    "leak_pa": 0.0,
    "num_spikes": 34,
    "peak_deflection": 0.0,
    "post_noise_rms_mv": 0.0391440466046333,
    "post_vm_mv": -66.3181533813477,
    "pre_noise_rms_mv": 0.026843149214983,
    "pre_vm_mv": -65.8328857421875,
    "slow_noise_rms_mv": 0.139092639088631,
    "slow_vm_mv": -65.8328857421875,
    "specimen_id": 464212183,
    "stimulus_absolute_amplitude": 149.999998533268,
    "stimulus_description": "C1LSCOARSE141203[13]",
    "stimulus_duration": 0.999995,
    "stimulus_interval": 0.0,
    "stimulus_name": "Long Square",
    "stimulus_relative_amplitude": 1.0,
    "stimulus_start_time": 0.92,
    "stimulus_units": "pA",
    "sweep_number": 32,
    "vm_delta_mv": 0.485267639160156
  },
  {
    "bridge_balance_mohm": 16.1782665252686,
    "id": 464307001,
    "leak_pa": 0.0,
    "num_spikes": 0,
    "peak_deflection": 0.0,
    "post_noise_rms_mv": 0.0355110913515091,
    "post_vm_mv": -75.2387084960938,
    "pre_noise_rms_mv": 0.0366561003029346,
    "pre_vm_mv": -75.1445083618164,
    "slow_noise_rms_mv": 0.172262489795685,
    "slow_vm_mv": -75.1445083618164,
    "specimen_id": 464212183,
    "stimulus_absolute_amplitude": 299.999997066536,
    "stimulus_description": "C2SSHM80CS141203[2]",
    "stimulus_duration": 0.002995,
    "stimulus_interval": 0.0,
    "stimulus_name": "Short Square - Hold -80mV",
    "stimulus_relative_amplitude": 1.0,
    "stimulus_start_time": 0.92,
    "stimulus_units": "pA",
    "sweep_number": 82,
    "vm_delta_mv": 0.0942001342773438
  },
  {
    "bridge_balance_mohm": 0.0,
    "id": 464306863,
    "leak_pa": 0.0,
    "num_spikes": 0,
    "peak_deflection": 0.0,
    "post_noise_rms_mv": 0.0,
    "post_vm_mv": 0.0,
    "pre_noise_rms_mv": 0.0,
    "pre_vm_mv": 0.0,
    "slow_noise_rms_mv": 0.0,
    "slow_vm_mv": 0.0,
    "specimen_id": 464212183,
    "stimulus_absolute_amplitude": 9.99999977648258,
    "stimulus_description": "EXTPCllATT141203[0]",
    "stimulus_duration": 0.069995,
    "stimulus_interval": 0.05,
    "stimulus_name": "Test",
    "stimulus_relative_amplitude": 1.0,
    "stimulus_start_time": 0.03,
    "stimulus_units": "mV",
    "sweep_number": 2,
    "vm_delta_mv": 0.0
  },
  {
    "bridge_balance_mohm": 16.1782665252686,
    "id": 464306927,
    "leak_pa": 0.0,
    "num_spikes": 0,
    "peak_deflection": 0.0,
    "post_noise_rms_mv": 0.0330632738769054,
    "post_vm_mv": -66.7716369628906,
    "pre_noise_rms_mv": 0.0293624419718981,
    "pre_vm_mv": -66.8869552612305,
    "slow_noise_rms_mv": 0.199939101934433,
    "slow_vm_mv": -66.8869552612305,
    "specimen_id": 464212183,
    "stimulus_absolute_amplitude": 69.9999988529321,
    "stimulus_description": "C2SQRHELNG141203[0]",
    "stimulus_duration": 1.999995,
    "stimulus_interval": 0.0,
    "stimulus_name": "Square - 2s Suprathreshold",
    "stimulus_relative_amplitude": 0.7,
    "stimulus_start_time": 0.92,
    "stimulus_units": "pA",
    "sweep_number": 49,
    "vm_delta_mv": 0.115318298339844
  },
  {
    "bridge_balance_mohm": 16.1782665252686,
    "id": 464306955,
    "leak_pa": 0.0,
    "num_spikes": 3,
    "peak_deflection": 0.0,
    "post_noise_rms_mv": 0.0383407212793827,
    "post_vm_mv": -66.4371032714844,
    "pre_noise_rms_mv": 0.038756113499403,
    "pre_vm_mv": -66.2477035522461,
    "slow_noise_rms_mv": 0.212221518158913,
    "slow_vm_mv": -66.2477035522461,
    "specimen_id": 464212183,
    "stimulus_absolute_amplitude": 380.000003685765,
    "stimulus_description": "C2SSTRIPLE141203[5]",
    "stimulus_duration": 0.056995,
    "stimulus_interval": 0.024,
    "stimulus_name": "Short Square - Triple",
    "stimulus_relative_amplitude": 3.8,
    "stimulus_start_time": 1.92,
    "stimulus_units": "pA",
    "sweep_number": 61,
    "vm_delta_mv": 0.189399719238281
  },
  {
    "bridge_balance_mohm": 16.1782665252686,
    "id": 464306845,
    "leak_pa": 0.0,
    "num_spikes": 0,
    "peak_deflection": 0.0,
    "post_noise_rms_mv": 0.0388986244797707,
    "post_vm_mv": -64.7902984619141,
    "pre_noise_rms_mv": 0.0340971313416958,
    "pre_vm_mv": -65.2103500366211,
    "slow_noise_rms_mv": 0.148991286754608,
    "slow_vm_mv": -65.2103500366211,
    "specimen_id": 464212183,
    "stimulus_absolute_amplitude": 350.000001203554,
    "stimulus_description": "C1SSFINEST141203[0]",
    "stimulus_duration": 0.002995,
    "stimulus_interval": 0.0,
    "stimulus_name": "Short Square",
    "stimulus_relative_amplitude": 3.5,
    "stimulus_start_time": 0.92,
    "stimulus_units": "pA",
    "sweep_number": 11,
    "vm_delta_mv": 0.420051574707031
  },
  {
    "bridge_balance_mohm": 16.1782665252686,
    "id": 464306993,
    "leak_pa": 0.0,
    "num_spikes": 3,
    "peak_deflection": 0.0,
    "post_noise_rms_mv": 0.0360918119549751,
    "post_vm_mv": -65.9486770629883,
    "pre_noise_rms_mv": 0.0379098318517208,
    "pre_vm_mv": -66.1805725097656,
    "slow_noise_rms_mv": 0.16647244989872,
    "slow_vm_mv": -66.1805725097656,
    "specimen_id": 464212183,
    "stimulus_absolute_amplitude": 380.000003685765,
    "stimulus_description": "C2SSTRIPLE141203[7]",
    "stimulus_duration": 0.072995,
    "stimulus_interval": 0.032,
    "stimulus_name": "Short Square - Triple",
    "stimulus_relative_amplitude": 3.8,
    "stimulus_start_time": 1.92,
    "stimulus_units": "pA",
    "sweep_number": 79,
    "vm_delta_mv": 0.231895446777344
  },
  {
    "bridge_balance_mohm": 16.1782665252686,
    "id": 464306895,
    "leak_pa": 0.0,
    "num_spikes": 48,
    "peak_deflection": 0.0,
    "post_noise_rms_mv": 0.0371124930679798,
    "post_vm_mv": -66.4747924804688,
    "pre_noise_rms_mv": 0.0385000631213188,
    "pre_vm_mv": -65.577278137207,
    "slow_noise_rms_mv": 0.165199711918831,
    "slow_vm_mv": -65.577278137207,
    "specimen_id": 464212183,
    "stimulus_absolute_amplitude": 190.000001842883,
    "stimulus_description": "C1LSCOARSE141203[15]",
    "stimulus_duration": 0.999995,
    "stimulus_interval": 0.0,
    "stimulus_name": "Long Square",
    "stimulus_relative_amplitude": 1.0,
    "stimulus_start_time": 0.92,
    "stimulus_units": "pA",
    "sweep_number": 34,
    "vm_delta_mv": 0.897514343261719
  },
  {
    "bridge_balance_mohm": 16.1782665252686,
    "id": 464306967,
    "leak_pa": 0.0,
    "num_spikes": 3,
    "peak_deflection": 0.0,
    "post_noise_rms_mv": 0.0407357774674892,
    "post_vm_mv": -66.6017379760742,
    "pre_noise_rms_mv": 0.0359441749751568,
    "pre_vm_mv": -66.5894927978516,
    "slow_noise_rms_mv": 0.128865078091621,
    "slow_vm_mv": -66.5894927978516,
    "specimen_id": 464212183,
    "stimulus_absolute_amplitude": 380.000003685765,
    "stimulus_description": "C2SSTRIPLE141203[3]",
    "stimulus_duration": 0.040995,
    "stimulus_interval": 0.016,
    "stimulus_name": "Short Square - Triple",
    "stimulus_relative_amplitude": 3.8,
    "stimulus_start_time": 1.92,
    "stimulus_units": "pA",
    "sweep_number": 67,
    "vm_delta_mv": 0.0122451782226562
  },
  {
    "bridge_balance_mohm": 0.0,
    "id": 464306829,
    "leak_pa": 0.0,
    "num_spikes": 0,
    "peak_deflection": 0.0,
    "post_noise_rms_mv": 0.0,
    "post_vm_mv": 0.0,
    "pre_noise_rms_mv": 0.0,
    "pre_vm_mv": 0.0,
    "slow_noise_rms_mv": 0.0,
    "slow_vm_mv": 0.0,
    "specimen_id": 464212183,
    "stimulus_absolute_amplitude": 9.99999977648258,
    "stimulus_description": "EXTPINBATH141203[0]",
    "stimulus_duration": 0.069995,
    "stimulus_interval": 0.05,
    "stimulus_name": "Test",
    "stimulus_relative_amplitude": 1.0,
    "stimulus_start_time": 0.03,
    "stimulus_units": "mV",
    "sweep_number": 1,
    "vm_delta_mv": 0.0
  },
  {
    "bridge_balance_mohm": 16.1782665252686,
    "id": 464307037,
    "leak_pa": 0.0,
    "num_spikes": 1,
    "peak_deflection": 0.0,
    "post_noise_rms_mv": 0.0359575860202312,
    "post_vm_mv": -55.3652839660645,
    "pre_noise_rms_mv": 0.0375144146382809,
    "pre_vm_mv": -54.641300201416,
    "slow_noise_rms_mv": 0.217056140303612,
    "slow_vm_mv": -54.641300201416,
    "specimen_id": 464212183,
    "stimulus_absolute_amplitude": 129.99999687846,
    "stimulus_description": "C2SSHM60FN141203[0]",
    "stimulus_duration": 0.002995,
    "stimulus_interval": 0.0,
    "stimulus_name": "Short Square - Hold -60mV",
    "stimulus_relative_amplitude": 1.3,
    "stimulus_start_time": 0.92,
    "stimulus_units": "pA",
    "sweep_number": 99,
    "vm_delta_mv": 0.723983764648438
  },
  {
    "bridge_balance_mohm": 16.1782665252686,
    "id": 464306911,
    "leak_pa": 0.0,
    "num_spikes": 104,
    "peak_deflection": 0.0,
    "post_noise_rms_mv": 0.0444999933242798,
    "post_vm_mv": -66.6629486083984,
    "pre_noise_rms_mv": 0.0445213168859482,
    "pre_vm_mv": -66.0841217041016,
    "slow_noise_rms_mv": 0.160060495138168,
    "slow_vm_mv": -66.0841217041016,
    "specimen_id": 464212183,
    "stimulus_absolute_amplitude": 208.62500615948,
    "stimulus_description": "C1NSSEED_1141203[0]",
    "stimulus_duration": 18.999995,
    "stimulus_interval": 5.0,
    "stimulus_name": "Noise 1",
    "stimulus_relative_amplitude": 0.9,
    "stimulus_start_time": 1.92,
    "stimulus_units": "pA",
    "sweep_number": 41,
    "vm_delta_mv": 0.578826904296875
  },
  {
    "bridge_balance_mohm": 16.1782665252686,
    "id": 464306935,
    "leak_pa": 0.0,
    "num_spikes": 37,
    "peak_deflection": 0.0,
    "post_noise_rms_mv": 0.0368508063256741,
    "post_vm_mv": -66.4688415527344,
    "pre_noise_rms_mv": 0.0270191207528114,
    "pre_vm_mv": -66.0658874511719,
    "slow_noise_rms_mv": 0.110238961875439,
    "slow_vm_mv": -66.0658874511719,
    "specimen_id": 464212183,
    "stimulus_absolute_amplitude": 110.000002162547,
    "stimulus_description": "C2SQRHELNG141203[0]",
    "stimulus_duration": 1.999995,
    "stimulus_interval": 0.0,
    "stimulus_name": "Square - 2s Suprathreshold",
    "stimulus_relative_amplitude": 1.1,
    "stimulus_start_time": 0.92,
    "stimulus_units": "pA",
    "sweep_number": 52,
    "vm_delta_mv": 0.4029541015625
  },
  {
    "bridge_balance_mohm": 16.1782665252686,
    "id": 464306931,
    "leak_pa": 0.0,
    "num_spikes": 33,
    "peak_deflection": 0.0,
    "post_noise_rms_mv": 0.0376121066510677,
    "post_vm_mv": -67.3631210327148,
    "pre_noise_rms_mv": 0.0335494764149189,
    "pre_vm_mv": -67.2133026123047,
    "slow_noise_rms_mv": 0.279100388288498,
    "slow_vm_mv": -67.2133026123047,
    "specimen_id": 464212183,
    "stimulus_absolute_amplitude": 110.000002162547,
    "stimulus_description": "C2SQRHELNG141203[0]",
    "stimulus_duration": 1.999995,
    "stimulus_interval": 0.0,
    "stimulus_name": "Square - 2s Suprathreshold",
    "stimulus_relative_amplitude": 1.1,
    "stimulus_start_time": 0.92,
    "stimulus_units": "pA",
    "sweep_number": 50,
    "vm_delta_mv": 0.149818420410156
  },
  {
    "bridge_balance_mohm": 16.1782665252686,
    "id": 464306921,
    "leak_pa": 0.0,
    "num_spikes": 0,
    "peak_deflection": -49.3125038146973,
    "post_noise_rms_mv": 0.0326079577207565,
    "post_vm_mv": -66.9036636352539,
    "pre_noise_rms_mv": 0.0371939986944199,
    "pre_vm_mv": -66.5629425048828,
    "slow_noise_rms_mv": 0.260156214237213,
    "slow_vm_mv": -66.5629425048828,
    "specimen_id": 464212183,
    "stimulus_absolute_amplitude": 59.9999980255284,
    "stimulus_description": "C1LSFINEST141203[0]",
    "stimulus_duration": 0.999995,
    "stimulus_interval": 0.0,
    "stimulus_name": "Long Square",
    "stimulus_relative_amplitude": 0.6,
    "stimulus_start_time": 0.92,
    "stimulus_units": "pA",
    "sweep_number": 46,
    "vm_delta_mv": 0.340721130371094
  },
  {
    "bridge_balance_mohm": 16.1782665252686,
    "id": 464306941,
    "leak_pa": 0.0,
    "num_spikes": 72,
    "peak_deflection": 0.0,
    "post_noise_rms_mv": 0.0412997081875801,
    "post_vm_mv": -66.6256332397461,
    "pre_noise_rms_mv": 0.0402806140482426,
    "pre_vm_mv": -65.59619140625,
    "slow_noise_rms_mv": 0.1599440574646,
    "slow_vm_mv": -65.59619140625,
    "specimen_id": 464212183,
    "stimulus_absolute_amplitude": 149.999998533268,
    "stimulus_description": "C2SQRHELNG141203[0]",
    "stimulus_duration": 1.999995,
    "stimulus_interval": 0.0,
    "stimulus_name": "Square - 2s Suprathreshold",
    "stimulus_relative_amplitude": 1.5,
    "stimulus_start_time": 0.92,
    "stimulus_units": "pA",
    "sweep_number": 55,
    "vm_delta_mv": 1.02944183349609
  },
  {
    "bridge_balance_mohm": 16.1782665252686,
    "id": 464306909,
    "leak_pa": 0.0,
    "num_spikes": 102,
    "peak_deflection": 0.0,
    "post_noise_rms_mv": 0.0431694835424423,
    "post_vm_mv": -66.7898025512695,
    "pre_noise_rms_mv": 0.0357278138399124,
    "pre_vm_mv": -66.2297668457031,
    "slow_noise_rms_mv": 0.149013921618462,
    "slow_vm_mv": -66.2297668457031,
    "specimen_id": 464212183,
    "stimulus_absolute_amplitude": 212.249995357183,
    "stimulus_description": "C1NSSEED_2141203[0]",
    "stimulus_duration": 18.999995,
    "stimulus_interval": 5.0,
    "stimulus_name": "Noise 2",
    "stimulus_relative_amplitude": 0.9,
    "stimulus_start_time": 1.92,
    "stimulus_units": "pA",
    "sweep_number": 40,
    "vm_delta_mv": 0.560035705566406
  },
  {
    "bridge_balance_mohm": 16.1782665252686,
    "id": 464307029,
    "leak_pa": 0.0,
    "num_spikes": 1,
    "peak_deflection": 0.0,
    "post_noise_rms_mv": 0.0343861728906631,
    "post_vm_mv": -55.7399406433105,
    "pre_noise_rms_mv": 0.0352128408849239,
    "pre_vm_mv": -54.796199798584,
    "slow_noise_rms_mv": 0.187365353107452,
    "slow_vm_mv": -54.796199798584,
    "specimen_id": 464212183,
    "stimulus_absolute_amplitude": 149.999998533268,
    "stimulus_description": "C2SSHM60FN141203[0]",
    "stimulus_duration": 0.002995,
    "stimulus_interval": 0.0,
    "stimulus_name": "Short Square - Hold -60mV",
    "stimulus_relative_amplitude": 1.5,
    "stimulus_start_time": 0.92,
    "stimulus_units": "pA",
    "sweep_number": 95,
    "vm_delta_mv": 0.943740844726562
  },
  {
    "bridge_balance_mohm": 16.1782665252686,
    "id": 464306965,
    "leak_pa": 0.0,
    "num_spikes": 3,
    "peak_deflection": 0.0,
    "post_noise_rms_mv": 0.0435133203864098,
    "post_vm_mv": -66.7100219726562,
    "pre_noise_rms_mv": 0.0364508703351021,
    "pre_vm_mv": -66.4654235839844,
    "slow_noise_rms_mv": 0.159326538443565,
    "slow_vm_mv": -66.4654235839844,
    "specimen_id": 464212183,
    "stimulus_absolute_amplitude": 380.000003685765,
    "stimulus_description": "C2SSTRIPLE141203[2]",
    "stimulus_duration": 0.032995,
    "stimulus_interval": 0.012,
    "stimulus_name": "Short Square - Triple",
    "stimulus_relative_amplitude": 3.8,
    "stimulus_start_time": 1.92,
    "stimulus_units": "pA",
    "sweep_number": 66,
    "vm_delta_mv": 0.244598388671875
  },
  {
    "bridge_balance_mohm": 16.1782665252686,
    "id": 464306903,
    "leak_pa": 0.0,
    "num_spikes": 105,
    "peak_deflection": 0.0,
    "post_noise_rms_mv": 0.0378788970410824,
    "post_vm_mv": -66.0006484985352,
    "pre_noise_rms_mv": 0.0397860929369926,
    "pre_vm_mv": -65.2348327636719,
    "slow_noise_rms_mv": 0.117957584559917,
    "slow_vm_mv": -65.2348327636719,
    "specimen_id": 464212183,
    "stimulus_absolute_amplitude": 212.249995357183,
    "stimulus_description": "C1NSSEED_2141203[0]",
    "stimulus_duration": 18.999995,
    "stimulus_interval": 5.0,
    "stimulus_name": "Noise 2",
    "stimulus_relative_amplitude": 0.9,
    "stimulus_start_time": 1.92,
    "stimulus_units": "pA",
    "sweep_number": 38,
    "vm_delta_mv": 0.765815734863281
  },
  {
    "bridge_balance_mohm": 16.1782665252686,
    "id": 464306907,
    "leak_pa": 0.0,
    "num_spikes": 12,
    "peak_deflection": 0.0,
    "post_noise_rms_mv": 0.0,
    "post_vm_mv": 0.0,
    "pre_noise_rms_mv": 0.0386048182845116,
    "pre_vm_mv": -64.8224182128906,
    "slow_noise_rms_mv": 0.155027210712433,
    "slow_vm_mv": -64.8224182128906,
    "specimen_id": 464212183,
    "stimulus_absolute_amplitude": 499.999985859034,
    "stimulus_description": "C1RP25PR1S141203[0]",
    "stimulus_duration": 19.997495,
    "stimulus_interval": 0.0,
    "stimulus_name": "Ramp",
    "stimulus_relative_amplitude": 1.0,
    "stimulus_start_time": 0.9225,
    "stimulus_units": "pA",
    "sweep_number": 4,
    "vm_delta_mv": 0.0
  },
  {
    "bridge_balance_mohm": 16.1782665252686,
    "id": 464306857,
    "leak_pa": 0.0,
    "num_spikes": 1,
    "peak_deflection": 0.0,
    "post_noise_rms_mv": 0.0379275716841221,
    "post_vm_mv": -64.9593276977539,
    "pre_noise_rms_mv": 0.0358543135225773,
    "pre_vm_mv": -65.2940368652344,
    "slow_noise_rms_mv": 0.140289485454559,
    "slow_vm_mv": -65.2940368652344,
    "specimen_id": 464212183,
    "stimulus_absolute_amplitude": 380.000003685765,
    "stimulus_description": "C1SSFINEST141203[0]",
    "stimulus_duration": 0.002995,
    "stimulus_interval": 0.0,
    "stimulus_name": "Short Square",
    "stimulus_relative_amplitude": 3.8,
    "stimulus_start_time": 0.92,
    "stimulus_units": "pA",
    "sweep_number": 17,
    "vm_delta_mv": 0.334709167480469
  },
  {
    "bridge_balance_mohm": 16.1782665252686,
    "id": 464307035,
    "leak_pa": 0.0,
    "num_spikes": 1,
    "peak_deflection": 0.0,
    "post_noise_rms_mv": 0.0395695753395557,
    "post_vm_mv": -55.2329864501953,
    "pre_noise_rms_mv": 0.0377224460244179,
    "pre_vm_mv": -54.4972763061523,
    "slow_noise_rms_mv": 0.315371751785278,
    "slow_vm_mv": -54.4972763061523,
    "specimen_id": 464212183,
    "stimulus_absolute_amplitude": 129.99999687846,
    "stimulus_description": "C2SSHM60FN141203[0]",
    "stimulus_duration": 0.002995,
    "stimulus_interval": 0.0,
    "stimulus_name": "Short Square - Hold -60mV",
    "stimulus_relative_amplitude": 1.3,
    "stimulus_start_time": 0.92,
    "stimulus_units": "pA",
    "sweep_number": 98,
    "vm_delta_mv": 0.735710144042969
  },
  {
    "bridge_balance_mohm": 16.1782665252686,
    "id": 464306989,
    "leak_pa": 0.0,
    "num_spikes": 3,
    "peak_deflection": 0.0,
    "post_noise_rms_mv": 0.0373538732528687,
    "post_vm_mv": -66.6088485717773,
    "pre_noise_rms_mv": 0.0470814667642117,
    "pre_vm_mv": -66.3502883911133,
    "slow_noise_rms_mv": 0.260792940855026,
    "slow_vm_mv": -66.3502883911133,
    "specimen_id": 464212183,
    "stimulus_absolute_amplitude": 380.000003685765,
    "stimulus_description": "C2SSTRIPLE141203[5]",
    "stimulus_duration": 0.056995,
    "stimulus_interval": 0.024,
    "stimulus_name": "Short Square - Triple",
    "stimulus_relative_amplitude": 3.8,
    "stimulus_start_time": 1.92,
    "stimulus_units": "pA",
    "sweep_number": 77,
    "vm_delta_mv": 0.258560180664062
  },
  {
    "bridge_balance_mohm": 16.1782665252686,
    "id": 464306847,
    "leak_pa": 0.0,
    "num_spikes": 1,
    "peak_deflection": 0.0,
    "post_noise_rms_mv": 0.0348480753600597,
    "post_vm_mv": -65.0803451538086,
    "pre_noise_rms_mv": 0.0368722006678581,
    "pre_vm_mv": -65.1581115722656,
    "slow_noise_rms_mv": 0.131649136543274,
    "slow_vm_mv": -65.1581115722656,
    "specimen_id": 464212183,
    "stimulus_absolute_amplitude": 380.000003685765,
    "stimulus_description": "C1SSFINEST141203[0]",
    "stimulus_duration": 0.002995,
    "stimulus_interval": 0.0,
    "stimulus_name": "Short Square",
    "stimulus_relative_amplitude": 3.8,
    "stimulus_start_time": 0.92,
    "stimulus_units": "pA",
    "sweep_number": 12,
    "vm_delta_mv": 0.0777664184570312
  },
  {
    "bridge_balance_mohm": 16.1782665252686,
    "id": 464306951,
    "leak_pa": 0.0,
    "num_spikes": 20,
    "peak_deflection": 0.0,
    "post_noise_rms_mv": 0.0,
    "post_vm_mv": 0.0,
    "pre_noise_rms_mv": 0.045450933277607,
    "pre_vm_mv": -65.2092514038086,
    "slow_noise_rms_mv": 0.19600048661232,
    "slow_vm_mv": -65.2092514038086,
    "specimen_id": 464212183,
    "stimulus_absolute_amplitude": 499.999985859034,
    "stimulus_description": "C1RP25PR1S141203[0]",
    "stimulus_duration": 19.997495,
    "stimulus_interval": 0.0,
    "stimulus_name": "Ramp",
    "stimulus_relative_amplitude": 1.0,
    "stimulus_start_time": 0.9225,
    "stimulus_units": "pA",
    "sweep_number": 6,
    "vm_delta_mv": 0.0
  },
  {
    "bridge_balance_mohm": 16.1782665252686,
    "id": 464306901,
    "leak_pa": 0.0,
    "num_spikes": 101,
    "peak_deflection": 0.0,
    "post_noise_rms_mv": 0.0372798666357994,
    "post_vm_mv": -65.9419097900391,
    "pre_noise_rms_mv": 0.0404454730451107,
    "pre_vm_mv": -65.2727661132812,
    "slow_noise_rms_mv": 0.151098281145096,
    "slow_vm_mv": -65.2727661132812,
    "specimen_id": 464212183,
    "stimulus_absolute_amplitude": 208.62500615948,
    "stimulus_description": "C1NSSEED_1141203[0]",
    "stimulus_duration": 18.999995,
    "stimulus_interval": 5.0,
    "stimulus_name": "Noise 1",
    "stimulus_relative_amplitude": 0.9,
    "stimulus_start_time": 1.92,
    "stimulus_units": "pA",
    "sweep_number": 37,
    "vm_delta_mv": 0.669143676757812
  },
  {
    "bridge_balance_mohm": 16.1782665252686,
    "id": 464307005,
    "leak_pa": 0.0,
    "num_spikes": 1,
    "peak_deflection": 0.0,
    "post_noise_rms_mv": 0.0407665334641933,
    "post_vm_mv": -75.0208587646484,
    "pre_noise_rms_mv": 0.0381844528019428,
    "pre_vm_mv": -75.2413330078125,
    "slow_noise_rms_mv": 0.230552613735199,
    "slow_vm_mv": -75.2413330078125,
    "specimen_id": 464212183,
    "stimulus_absolute_amplitude": 499.999985859034,
    "stimulus_description": "C2SSHM80CS141203[4]",
    "stimulus_duration": 0.002995,
    "stimulus_interval": 0.0,
    "stimulus_name": "Short Square - Hold -80mV",
    "stimulus_relative_amplitude": 1.0,
    "stimulus_start_time": 0.92,
    "stimulus_units": "pA",
    "sweep_number": 84,
    "vm_delta_mv": 0.220474243164062
  },
  {
    "bridge_balance_mohm": 16.1782665252686,
    "id": 464306893,
    "leak_pa": 0.0,
    "num_spikes": 42,
    "peak_deflection": 0.0,
    "post_noise_rms_mv": 0.0339878834784031,
    "post_vm_mv": -66.5345840454102,
    "pre_noise_rms_mv": 0.0375353544950485,
    "pre_vm_mv": -65.6420516967773,
    "slow_noise_rms_mv": 0.197914361953735,
    "slow_vm_mv": -65.6420516967773,
    "specimen_id": 464212183,
    "stimulus_absolute_amplitude": 170.000000188075,
    "stimulus_description": "C1LSCOARSE141203[14]",
    "stimulus_duration": 0.999995,
    "stimulus_interval": 0.0,
    "stimulus_name": "Long Square",
    "stimulus_relative_amplitude": 1.0,
    "stimulus_start_time": 0.92,
    "stimulus_units": "pA",
    "sweep_number": 33,
    "vm_delta_mv": 0.892532348632812
  },
  {
    "bridge_balance_mohm": 16.1782665252686,
    "id": 464306925,
    "leak_pa": 0.0,
    "num_spikes": 1,
    "peak_deflection": 0.0,
    "post_noise_rms_mv": 0.0351798124611378,
    "post_vm_mv": -66.2779006958008,
    "pre_noise_rms_mv": 0.0361259430646896,
    "pre_vm_mv": -66.5102157592773,
    "slow_noise_rms_mv": 0.112278386950493,
    "slow_vm_mv": -66.5102157592773,
    "specimen_id": 464212183,
    "stimulus_absolute_amplitude": 69.9999988529321,
    "stimulus_description": "C2SQRHELNG141203[0]",
    "stimulus_duration": 1.999995,
    "stimulus_interval": 0.0,
    "stimulus_name": "Square - 2s Suprathreshold",
    "stimulus_relative_amplitude": 0.7,
    "stimulus_start_time": 0.92,
    "stimulus_units": "pA",
    "sweep_number": 48,
    "vm_delta_mv": 0.232315063476562
  },
  {
    "bridge_balance_mohm": 16.1782665252686,
    "id": 464307021,
    "leak_pa": 0.0,
    "num_spikes": 1,
    "peak_deflection": 0.0,
    "post_noise_rms_mv": 0.0330007374286652,
    "post_vm_mv": -75.9515380859375,
    "pre_noise_rms_mv": 0.0357340201735497,
    "pre_vm_mv": -76.5180816650391,
    "slow_noise_rms_mv": 0.164979502558708,
    "slow_vm_mv": -76.5180816650391,
    "specimen_id": 464212183,
    "stimulus_absolute_amplitude": 489.999985031631,
    "stimulus_description": "C2SSHM80FN141203[0]",
    "stimulus_duration": 0.002995,
    "stimulus_interval": 0.0,
    "stimulus_name": "Short Square - Hold -80mV",
    "stimulus_relative_amplitude": 4.9,
    "stimulus_start_time": 0.92,
    "stimulus_units": "pA",
    "sweep_number": 91,
    "vm_delta_mv": 0.566543579101562
  },
  {
    "bridge_balance_mohm": 16.1782665252686,
    "id": 464306975,
    "leak_pa": 0.0,
    "num_spikes": 3,
    "peak_deflection": 0.0,
    "post_noise_rms_mv": 0.0416016727685928,
    "post_vm_mv": -66.7630081176758,
    "pre_noise_rms_mv": 0.0396519675850868,
    "pre_vm_mv": -66.6682281494141,
    "slow_noise_rms_mv": 0.150230899453163,
    "slow_vm_mv": -66.6682281494141,
    "specimen_id": 464212183,
    "stimulus_absolute_amplitude": 380.000003685765,
    "stimulus_description": "C2SSTRIPLE141203[6]",
    "stimulus_duration": 0.064995,
    "stimulus_interval": 0.028,
    "stimulus_name": "Short Square - Triple",
    "stimulus_relative_amplitude": 3.8,
    "stimulus_start_time": 1.92,
    "stimulus_units": "pA",
    "sweep_number": 70,
    "vm_delta_mv": 0.0947799682617188
  },
  {
    "bridge_balance_mohm": 16.1782665252686,
    "id": 464306971,
    "leak_pa": 0.0,
    "num_spikes": 3,
    "peak_deflection": 0.0,
    "post_noise_rms_mv": 0.0392545163631439,
    "post_vm_mv": -66.7385559082031,
    "pre_noise_rms_mv": 0.0369132347404957,
    "pre_vm_mv": -66.2760314941406,
    "slow_noise_rms_mv": 0.213497295975685,
    "slow_vm_mv": -66.2760314941406,
    "specimen_id": 464212183,
    "stimulus_absolute_amplitude": 380.000003685765,
    "stimulus_description": "C2SSTRIPLE141203[5]",
    "stimulus_duration": 0.056995,
    "stimulus_interval": 0.024,
    "stimulus_name": "Short Square - Triple",
    "stimulus_relative_amplitude": 3.8,
    "stimulus_start_time": 1.92,
    "stimulus_units": "pA",
    "sweep_number": 69,
    "vm_delta_mv": 0.4625244140625
  },
  {
    "bridge_balance_mohm": 16.1782665252686,
    "id": 464306917,
    "leak_pa": 0.0,
    "num_spikes": 2,
    "peak_deflection": 0.0,
    "post_noise_rms_mv": 0.0377892330288887,
    "post_vm_mv": -66.322265625,
    "pre_noise_rms_mv": 0.039552841335535,
    "pre_vm_mv": -66.1931686401367,
    "slow_noise_rms_mv": 0.159262180328369,
    "slow_vm_mv": -66.1931686401367,
    "specimen_id": 464212183,
    "stimulus_absolute_amplitude": 79.9999996803358,
    "stimulus_description": "C1LSFINEST141203[0]",
    "stimulus_duration": 0.999995,
    "stimulus_interval": 0.0,
    "stimulus_name": "Long Square",
    "stimulus_relative_amplitude": 0.8,
    "stimulus_start_time": 0.92,
    "stimulus_units": "pA",
    "sweep_number": 44,
    "vm_delta_mv": 0.129096984863281
  },
  {
    "bridge_balance_mohm": 16.1782665252686,
    "id": 464306877,
    "leak_pa": 0.0,
    "num_spikes": 0,
    "peak_deflection": -57.875,
    "post_noise_rms_mv": 0.0383921451866627,
    "post_vm_mv": -65.8925933837891,
    "pre_noise_rms_mv": 0.0402960553765297,
    "pre_vm_mv": -65.8871536254883,
    "slow_noise_rms_mv": 0.106008447706699,
    "slow_vm_mv": -65.8871536254883,
    "specimen_id": 464212183,
    "stimulus_absolute_amplitude": 29.9999990127642,
    "stimulus_description": "C1LSCOARSE141203[7]",
    "stimulus_duration": 0.999995,
    "stimulus_interval": 0.0,
    "stimulus_name": "Long Square",
    "stimulus_relative_amplitude": 1.0,
    "stimulus_start_time": 0.92,
    "stimulus_units": "pA",
    "sweep_number": 26,
    "vm_delta_mv": 0.00543975830078125
  },
  {
    "bridge_balance_mohm": 16.1782665252686,
    "id": 464306957,
    "leak_pa": 0.0,
    "num_spikes": 3,
    "peak_deflection": 0.0,
    "post_noise_rms_mv": 0.0364368967711926,
    "post_vm_mv": -66.3454284667969,
    "pre_noise_rms_mv": 0.0370261482894421,
    "pre_vm_mv": -66.0754623413086,
    "slow_noise_rms_mv": 0.200277253985405,
    "slow_vm_mv": -66.0754623413086,
    "specimen_id": 464212183,
    "stimulus_absolute_amplitude": 380.000003685765,
    "stimulus_description": "C2SSTRIPLE141203[6]",
    "stimulus_duration": 0.064995,
    "stimulus_interval": 0.028,
    "stimulus_name": "Short Square - Triple",
    "stimulus_relative_amplitude": 3.8,
    "stimulus_start_time": 1.92,
    "stimulus_units": "pA",
    "sweep_number": 62,
    "vm_delta_mv": 0.269966125488281
  },
  {
    "bridge_balance_mohm": 16.1782665252686,
    "id": 464306883,
    "leak_pa": 0.0,
    "num_spikes": 9,
    "peak_deflection": 0.0,
    "post_noise_rms_mv": 0.0658698454499245,
    "post_vm_mv": -65.8795623779297,
    "pre_noise_rms_mv": 0.0417914353311062,
    "pre_vm_mv": -65.7813034057617,
    "slow_noise_rms_mv": 0.110136233270168,
    "slow_vm_mv": -65.7813034057617,
    "specimen_id": 464212183,
    "stimulus_absolute_amplitude": 90.0000005077395,
    "stimulus_description": "C1LSCOARSE141203[10]",
    "stimulus_duration": 0.999995,
    "stimulus_interval": 0.0,
    "stimulus_name": "Long Square",
    "stimulus_relative_amplitude": 1.0,
    "stimulus_start_time": 0.92,
    "stimulus_units": "pA",
    "sweep_number": 29,
    "vm_delta_mv": 0.0982589721679688
  },
  {
    "bridge_balance_mohm": 16.1782665252686,
    "id": 464306939,
    "leak_pa": 0.0,
    "num_spikes": 67,
    "peak_deflection": 0.0,
    "post_noise_rms_mv": 0.0349384099245071,
    "post_vm_mv": -67.9120025634766,
    "pre_noise_rms_mv": 0.0389639027416706,
    "pre_vm_mv": -67.0380783081055,
    "slow_noise_rms_mv": 0.314143389463425,
    "slow_vm_mv": -67.0380783081055,
    "specimen_id": 464212183,
    "stimulus_absolute_amplitude": 149.999998533268,
    "stimulus_description": "C2SQRHELNG141203[0]",
    "stimulus_duration": 1.999995,
    "stimulus_interval": 0.0,
    "stimulus_name": "Square - 2s Suprathreshold",
    "stimulus_relative_amplitude": 1.5,
    "stimulus_start_time": 0.92,
    "stimulus_units": "pA",
    "sweep_number": 54,
    "vm_delta_mv": 0.873924255371094
  },
  {
    "bridge_balance_mohm": 0.0,
    "id": 464306841,
    "leak_pa": 0.0,
    "num_spikes": 0,
    "peak_deflection": 0.0,
    "post_noise_rms_mv": 0.0,
    "post_vm_mv": 0.0,
    "pre_noise_rms_mv": 0.0,
    "pre_vm_mv": 0.0,
    "slow_noise_rms_mv": 0.0,
    "slow_vm_mv": 0.0,
    "specimen_id": 464212183,
    "stimulus_absolute_amplitude": 9.99999977648258,
    "stimulus_description": "EXTPGGAEND141203[0]",
    "stimulus_duration": 0.069995,
    "stimulus_interval": 0.05,
    "stimulus_name": "Test",
    "stimulus_relative_amplitude": 1.0,
    "stimulus_start_time": 0.03,
    "stimulus_units": "mV",
    "sweep_number": 104,
    "vm_delta_mv": 0.0
  },
  {
    "bridge_balance_mohm": 0.0,
    "id": 464306827,
    "leak_pa": 0.0,
    "num_spikes": 0,
    "peak_deflection": 0.0,
    "post_noise_rms_mv": 0.0,
    "post_vm_mv": 0.0,
    "pre_noise_rms_mv": 0.0,
    "pre_vm_mv": 0.0,
    "slow_noise_rms_mv": 0.0,
    "slow_vm_mv": 0.0,
    "specimen_id": 464212183,
    "stimulus_absolute_amplitude": 9.99999977648258,
    "stimulus_description": "EXTPSMOKET141203[0]",
    "stimulus_duration": 0.069995,
    "stimulus_interval": 0.05,
    "stimulus_name": "Test",
    "stimulus_relative_amplitude": 1.0,
    "stimulus_start_time": 0.03,
    "stimulus_units": "mV",
    "sweep_number": 0,
    "vm_delta_mv": 0.0
  },
  {
    "bridge_balance_mohm": 16.1782665252686,
    "id": 464306873,
    "leak_pa": 0.0,
    "num_spikes": 0,
    "peak_deflection": -68.34375,
    "post_noise_rms_mv": 0.0463067889213562,
    "post_vm_mv": -65.8127593994141,
    "pre_noise_rms_mv": 0.0358761586248875,
    "pre_vm_mv": -65.8457489013672,
    "slow_noise_rms_mv": 0.109663233160973,
    "slow_vm_mv": -65.8457489013672,
    "specimen_id": 464212183,
    "stimulus_absolute_amplitude": -9.99999996004197,
    "stimulus_description": "C1LSCOARSE141203[5]",
    "stimulus_duration": 0.999995,
    "stimulus_interval": 0.0,
    "stimulus_name": "Long Square",
    "stimulus_relative_amplitude": 1.0,
    "stimulus_start_time": 0.92,
    "stimulus_units": "pA",
    "sweep_number": 24,
    "vm_delta_mv": 0.032989501953125
  },
  {
    "bridge_balance_mohm": 16.1782665252686,
    "id": 464306987,
    "leak_pa": 0.0,
    "num_spikes": 3,
    "peak_deflection": 0.0,
    "post_noise_rms_mv": 0.0384781435132027,
    "post_vm_mv": -66.6914138793945,
    "pre_noise_rms_mv": 0.0431854501366615,
    "pre_vm_mv": -66.4127349853516,
    "slow_noise_rms_mv": 0.207737237215042,
    "slow_vm_mv": -66.4127349853516,
    "specimen_id": 464212183,
    "stimulus_absolute_amplitude": 380.000003685765,
    "stimulus_description": "C2SSTRIPLE141203[4]",
    "stimulus_duration": 0.048995,
    "stimulus_interval": 0.02,
    "stimulus_name": "Short Square - Triple",
    "stimulus_relative_amplitude": 3.8,
    "stimulus_start_time": 1.92,
    "stimulus_units": "pA",
    "sweep_number": 76,
    "vm_delta_mv": 0.278678894042969
  },
  {
    "bridge_balance_mohm": 16.1782665252686,
    "id": 464306855,
    "leak_pa": 0.0,
    "num_spikes": 1,
    "peak_deflection": 0.0,
    "post_noise_rms_mv": 0.0403796806931496,
    "post_vm_mv": -65.0740585327148,
    "pre_noise_rms_mv": 0.0395509973168373,
    "pre_vm_mv": -65.2896957397461,
    "slow_noise_rms_mv": 0.134695470333099,
    "slow_vm_mv": -65.2896957397461,
    "specimen_id": 464212183,
    "stimulus_absolute_amplitude": 380.000003685765,
    "stimulus_description": "C1SSFINEST141203[0]",
    "stimulus_duration": 0.002995,
    "stimulus_interval": 0.0,
    "stimulus_name": "Short Square",
    "stimulus_relative_amplitude": 3.8,
    "stimulus_start_time": 0.92,
    "stimulus_units": "pA",
    "sweep_number": 16,
    "vm_delta_mv": 0.21563720703125
  },
  {
    "bridge_balance_mohm": 0.0,
    "id": 464306843,
    "leak_pa": 0.0,
    "num_spikes": 0,
    "peak_deflection": 0.0,
    "post_noise_rms_mv": 0.0287989992648363,
    "post_vm_mv": -0.992131888866425,
    "pre_noise_rms_mv": 0.0295457132160664,
    "pre_vm_mv": -1.02220284938812,
    "slow_noise_rms_mv": 0.0336163006722927,
    "slow_vm_mv": -1.02220284938812,
    "specimen_id": 464212183,
    "stimulus_absolute_amplitude": 0.0,
    "stimulus_description": "EXTPBLWOUT141203[0]",
    "stimulus_duration": 0.0,
    "stimulus_interval": 0.0,
    "stimulus_name": "Test",
    "stimulus_relative_amplitude": 1.0,
    "stimulus_start_time": 0.0,
    "stimulus_units": "pA",
    "sweep_number": 105,
    "vm_delta_mv": 0.030070960521698
  },
  {
    "bridge_balance_mohm": 16.1782665252686,
    "id": 464306973,
    "leak_pa": 0.0,
    "num_spikes": 0,
    "peak_deflection": 0.0,
    "post_noise_rms_mv": 0.0323054306209087,
    "post_vm_mv": -64.9926147460938,
    "pre_noise_rms_mv": 0.0428108721971512,
    "pre_vm_mv": -65.0941314697266,
    "slow_noise_rms_mv": 0.137294486165047,
    "slow_vm_mv": -65.0941314697266,
    "specimen_id": 464212183,
    "stimulus_absolute_amplitude": 100.000001335143,
    "stimulus_description": "C1SSCOARSE141203[0]",
    "stimulus_duration": 0.002995,
    "stimulus_interval": 0.0,
    "stimulus_name": "Short Square",
    "stimulus_relative_amplitude": 1.0,
    "stimulus_start_time": 0.92,
    "stimulus_units": "pA",
    "sweep_number": 7,
    "vm_delta_mv": 0.101516723632812
  },
  {
    "bridge_balance_mohm": 16.1782665252686,
    "id": 464306991,
    "leak_pa": 0.0,
    "num_spikes": 3,
    "peak_deflection": 0.0,
    "post_noise_rms_mv": 0.0379963554441929,
    "post_vm_mv": -66.6543045043945,
    "pre_noise_rms_mv": 0.0342804342508316,
    "pre_vm_mv": -66.1941604614258,
    "slow_noise_rms_mv": 0.234948605298996,
    "slow_vm_mv": -66.1941604614258,
    "specimen_id": 464212183,
    "stimulus_absolute_amplitude": 380.000003685765,
    "stimulus_description": "C2SSTRIPLE141203[6]",
    "stimulus_duration": 0.064995,
    "stimulus_interval": 0.028,
    "stimulus_name": "Short Square - Triple",
    "stimulus_relative_amplitude": 3.8,
    "stimulus_start_time": 1.92,
    "stimulus_units": "pA",
    "sweep_number": 78,
    "vm_delta_mv": 0.46014404296875
  },
  {
    "bridge_balance_mohm": 16.1782665252686,
    "id": 464306905,
    "leak_pa": 0.0,
    "num_spikes": 100,
    "peak_deflection": 0.0,
    "post_noise_rms_mv": 0.0351215787231922,
    "post_vm_mv": -66.4368286132812,
    "pre_noise_rms_mv": 0.0376890487968922,
    "pre_vm_mv": -65.3715667724609,
    "slow_noise_rms_mv": 0.191333085298538,
    "slow_vm_mv": -65.3715667724609,
    "specimen_id": 464212183,
    "stimulus_absolute_amplitude": 208.62500615948,
    "stimulus_description": "C1NSSEED_1141203[0]",
    "stimulus_duration": 18.999995,
    "stimulus_interval": 5.0,
    "stimulus_name": "Noise 1",
    "stimulus_relative_amplitude": 0.9,
    "stimulus_start_time": 1.92,
    "stimulus_units": "pA",
    "sweep_number": 39,
    "vm_delta_mv": 1.06526184082031
  },
  {
    "bridge_balance_mohm": 16.1782665252686,
    "id": 464306983,
    "leak_pa": 0.0,
    "num_spikes": 3,
    "peak_deflection": 0.0,
    "post_noise_rms_mv": 0.0372822023928165,
    "post_vm_mv": -66.6630096435547,
    "pre_noise_rms_mv": 0.0358136408030987,
    "pre_vm_mv": -66.5308380126953,
    "slow_noise_rms_mv": 0.158500716090202,
    "slow_vm_mv": -66.5308380126953,
    "specimen_id": 464212183,
    "stimulus_absolute_amplitude": 380.000003685765,
    "stimulus_description": "C2SSTRIPLE141203[2]",
    "stimulus_duration": 0.032995,
    "stimulus_interval": 0.012,
    "stimulus_name": "Short Square - Triple",
    "stimulus_relative_amplitude": 3.8,
    "stimulus_start_time": 1.92,
    "stimulus_units": "pA",
    "sweep_number": 74,
    "vm_delta_mv": 0.132171630859375
  },
  {
    "bridge_balance_mohm": 16.1782665252686,
    "id": 464306985,
    "leak_pa": 0.0,
    "num_spikes": 3,
    "peak_deflection": 0.0,
    "post_noise_rms_mv": 0.0315291285514832,
    "post_vm_mv": -66.6374130249023,
    "pre_noise_rms_mv": 0.0351682789623737,
    "pre_vm_mv": -66.3656463623047,
    "slow_noise_rms_mv": 0.224797397851944,
    "slow_vm_mv": -66.3656463623047,
    "specimen_id": 464212183,
    "stimulus_absolute_amplitude": 380.000003685765,
    "stimulus_description": "C2SSTRIPLE141203[3]",
    "stimulus_duration": 0.040995,
    "stimulus_interval": 0.016,
    "stimulus_name": "Short Square - Triple",
    "stimulus_relative_amplitude": 3.8,
    "stimulus_start_time": 1.92,
    "stimulus_units": "pA",
    "sweep_number": 75,
    "vm_delta_mv": 0.271766662597656
  },
  {
    "bridge_balance_mohm": 16.1782665252686,
    "id": 464306833,
    "leak_pa": 0.0,
    "num_spikes": 1,
    "peak_deflection": 0.0,
    "post_noise_rms_mv": 0.0413957089185715,
    "post_vm_mv": -55.0959167480469,
    "pre_noise_rms_mv": 0.0374915450811386,
    "pre_vm_mv": -54.832706451416,
    "slow_noise_rms_mv": 0.250786811113358,
    "slow_vm_mv": -54.832706451416,
    "specimen_id": 464212183,
    "stimulus_absolute_amplitude": 129.99999687846,
    "stimulus_description": "C2SSHM60FN141203[0]",
    "stimulus_duration": 0.002995,
    "stimulus_interval": 0.0,
    "stimulus_name": "Short Square - Hold -60mV",
    "stimulus_relative_amplitude": 1.3,
    "stimulus_start_time": 0.92,
    "stimulus_units": "pA",
    "sweep_number": 100,
    "vm_delta_mv": 0.263210296630859
  },
  {
    "bridge_balance_mohm": 16.1782665252686,
    "id": 464306869,
    "leak_pa": 0.0,
    "num_spikes": 0,
    "peak_deflection": -77.375,
    "post_noise_rms_mv": 0.0345434211194515,
    "post_vm_mv": -65.6796417236328,
    "pre_noise_rms_mv": 0.0349710620939732,
    "pre_vm_mv": -65.5347366333008,
    "slow_noise_rms_mv": 0.142204254865646,
    "slow_vm_mv": -65.5347366333008,
    "specimen_id": 464212183,
    "stimulus_absolute_amplitude": -50.0000006675716,
    "stimulus_description": "C1LSCOARSE141203[3]",
    "stimulus_duration": 0.999995,
    "stimulus_interval": 0.0,
    "stimulus_name": "Long Square",
    "stimulus_relative_amplitude": 1.0,
    "stimulus_start_time": 0.92,
    "stimulus_units": "pA",
    "sweep_number": 22,
    "vm_delta_mv": 0.144905090332031
  },
  {
    "bridge_balance_mohm": 0.0,
    "id": 464306885,
    "leak_pa": 0.0,
    "num_spikes": 0,
    "peak_deflection": 0.0,
    "post_noise_rms_mv": 0.0,
    "post_vm_mv": 0.0,
    "pre_noise_rms_mv": 0.0,
    "pre_vm_mv": 0.0,
    "slow_noise_rms_mv": 0.0,
    "slow_vm_mv": 0.0,
    "specimen_id": 464212183,
    "stimulus_absolute_amplitude": 9.99999977648258,
    "stimulus_description": "EXTPBREAKN141203[0]",
    "stimulus_duration": 0.069995,
    "stimulus_interval": 0.05,
    "stimulus_name": "Test",
    "stimulus_relative_amplitude": 1.0,
    "stimulus_start_time": 0.03,
    "stimulus_units": "mV",
    "sweep_number": 3,
    "vm_delta_mv": 0.0
  },
  {
    "bridge_balance_mohm": 16.1782665252686,
    "id": 464306953,
    "leak_pa": 0.0,
    "num_spikes": 3,
    "peak_deflection": 0.0,
    "post_noise_rms_mv": 0.0397297330200672,
    "post_vm_mv": -66.3869934082031,
    "pre_noise_rms_mv": 0.0447297617793083,
    "pre_vm_mv": -66.2454528808594,
    "slow_noise_rms_mv": 0.236498728394508,
    "slow_vm_mv": -66.2454528808594,
    "specimen_id": 464212183,
    "stimulus_absolute_amplitude": 380.000003685765,
    "stimulus_description": "C2SSTRIPLE141203[4]",
    "stimulus_duration": 0.048995,
    "stimulus_interval": 0.02,
    "stimulus_name": "Short Square - Triple",
    "stimulus_relative_amplitude": 3.8,
    "stimulus_start_time": 1.92,
    "stimulus_units": "pA",
    "sweep_number": 60,
    "vm_delta_mv": 0.14154052734375
  },
  {
    "bridge_balance_mohm": 16.1782665252686,
    "id": 464306959,
    "leak_pa": 0.0,
    "num_spikes": 3,
    "peak_deflection": 0.0,
    "post_noise_rms_mv": 0.0431583225727081,
    "post_vm_mv": -66.1417083740234,
    "pre_noise_rms_mv": 0.0365876033902168,
    "pre_vm_mv": -65.9829254150391,
    "slow_noise_rms_mv": 0.181068420410156,
    "slow_vm_mv": -65.9829254150391,
    "specimen_id": 464212183,
    "stimulus_absolute_amplitude": 380.000003685765,
    "stimulus_description": "C2SSTRIPLE141203[7]",
    "stimulus_duration": 0.072995,
    "stimulus_interval": 0.032,
    "stimulus_name": "Short Square - Triple",
    "stimulus_relative_amplitude": 3.8,
    "stimulus_start_time": 1.92,
    "stimulus_units": "pA",
    "sweep_number": 63,
    "vm_delta_mv": 0.158782958984375
  },
  {
    "bridge_balance_mohm": 16.1782665252686,
    "id": 464306887,
    "leak_pa": 0.0,
    "num_spikes": 19,
    "peak_deflection": 0.0,
    "post_noise_rms_mv": 0.0389647074043751,
    "post_vm_mv": -65.9574584960938,
    "pre_noise_rms_mv": 0.0359453074634075,
    "pre_vm_mv": -65.6879119873047,
    "slow_noise_rms_mv": 0.0959446951746941,
    "slow_vm_mv": -65.6879119873047,
    "specimen_id": 464212183,
    "stimulus_absolute_amplitude": 110.000002162547,
    "stimulus_description": "C1LSCOARSE141203[11]",
    "stimulus_duration": 0.999995,
    "stimulus_interval": 0.0,
    "stimulus_name": "Long Square",
    "stimulus_relative_amplitude": 1.0,
    "stimulus_start_time": 0.92,
    "stimulus_units": "pA",
    "sweep_number": 30,
    "vm_delta_mv": 0.269546508789062
  },
  {
    "bridge_balance_mohm": 16.1782665252686,
    "id": 464306849,
    "leak_pa": 0.0,
    "num_spikes": 0,
    "peak_deflection": 0.0,
    "post_noise_rms_mv": 0.0366764403879642,
    "post_vm_mv": -64.767822265625,
    "pre_noise_rms_mv": 0.0355106219649315,
    "pre_vm_mv": -65.1103057861328,
    "slow_noise_rms_mv": 0.171335950493813,
    "slow_vm_mv": -65.1103057861328,
    "specimen_id": 464212183,
    "stimulus_absolute_amplitude": 370.000002858362,
    "stimulus_description": "C1SSFINEST141203[0]",
    "stimulus_duration": 0.002995,
    "stimulus_interval": 0.0,
    "stimulus_name": "Short Square",
    "stimulus_relative_amplitude": 3.7,
    "stimulus_start_time": 0.92,
    "stimulus_units": "pA",
    "sweep_number": 13,
    "vm_delta_mv": 0.342483520507812
  },
  {
    "bridge_balance_mohm": 16.1782665252686,
    "id": 464306947,
    "leak_pa": 0.0,
    "num_spikes": 3,
    "peak_deflection": 0.0,
    "post_noise_rms_mv": 0.0357845053076744,
    "post_vm_mv": -66.5025939941406,
    "pre_noise_rms_mv": 0.036619458347559,
    "pre_vm_mv": -66.3346862792969,
    "slow_noise_rms_mv": 0.0998880118131638,
    "slow_vm_mv": -66.3346862792969,
    "specimen_id": 464212183,
    "stimulus_absolute_amplitude": 380.000003685765,
    "stimulus_description": "C2SSTRIPLE141203[2]",
    "stimulus_duration": 0.032995,
    "stimulus_interval": 0.012,
    "stimulus_name": "Short Square - Triple",
    "stimulus_relative_amplitude": 3.8,
    "stimulus_start_time": 1.92,
    "stimulus_units": "pA",
    "sweep_number": 58,
    "vm_delta_mv": 0.16790771484375
  },
  {
    "bridge_balance_mohm": 16.1782665252686,
    "id": 464306923,
    "leak_pa": 0.0,
    "num_spikes": 1,
    "peak_deflection": 0.0,
    "post_noise_rms_mv": 0.0356375724077225,
    "post_vm_mv": -66.6569137573242,
    "pre_noise_rms_mv": 0.0311410613358021,
    "pre_vm_mv": -66.7204971313477,
    "slow_noise_rms_mv": 0.195495247840881,
    "slow_vm_mv": -66.7204971313477,
    "specimen_id": 464212183,
    "stimulus_absolute_amplitude": 69.9999988529321,
    "stimulus_description": "C2SQRHELNG141203[0]",
    "stimulus_duration": 1.999995,
    "stimulus_interval": 0.0,
    "stimulus_name": "Square - 2s Suprathreshold",
    "stimulus_relative_amplitude": 0.7,
    "stimulus_start_time": 0.92,
    "stimulus_units": "pA",
    "sweep_number": 47,
    "vm_delta_mv": 0.0635833740234375
  },
  {
    "bridge_balance_mohm": 0.0,
    "id": 464306839,
    "leak_pa": 0.0,
    "num_spikes": 0,
    "peak_deflection": 0.0,
    "post_noise_rms_mv": 0.0,
    "post_vm_mv": 0.0,
    "pre_noise_rms_mv": 0.0,
    "pre_vm_mv": 0.0,
    "slow_noise_rms_mv": 0.0,
    "slow_vm_mv": 0.0,
    "specimen_id": 464212183,
    "stimulus_absolute_amplitude": 9.99999977648258,
    "stimulus_description": "EXTPEXPEND141203[0]",
    "stimulus_duration": 0.069995,
    "stimulus_interval": 0.05,
    "stimulus_name": "Test",
    "stimulus_relative_amplitude": 1.0,
    "stimulus_start_time": 0.03,
    "stimulus_units": "mV",
    "sweep_number": 103,
    "vm_delta_mv": 0.0
  },
  {
    "bridge_balance_mohm": 16.1782665252686,
    "id": 464306981,
    "leak_pa": 0.0,
    "num_spikes": 3,
    "peak_deflection": 0.0,
    "post_noise_rms_mv": 0.0370488837361336,
    "post_vm_mv": -66.6393280029297,
    "pre_noise_rms_mv": 0.037423986941576,
    "pre_vm_mv": -66.2918167114258,
    "slow_noise_rms_mv": 0.173128962516785,
    "slow_vm_mv": -66.2918167114258,
    "specimen_id": 464212183,
    "stimulus_absolute_amplitude": 380.000003685765,
    "stimulus_description": "C2SSTRIPLE141203[1]",
    "stimulus_duration": 0.024995,
    "stimulus_interval": 0.008,
    "stimulus_name": "Short Square - Triple",
    "stimulus_relative_amplitude": 3.8,
    "stimulus_start_time": 1.92,
    "stimulus_units": "pA",
    "sweep_number": 73,
    "vm_delta_mv": 0.347511291503906
  },
  {
    "bridge_balance_mohm": 16.1782665252686,
    "id": 464306831,
    "leak_pa": 0.0,
    "num_spikes": 1,
    "peak_deflection": 0.0,
    "post_noise_rms_mv": 0.0376467145979404,
    "post_vm_mv": -64.6655960083008,
    "pre_noise_rms_mv": 0.0372445285320282,
    "pre_vm_mv": -65.0917053222656,
    "slow_noise_rms_mv": 0.12205459177494,
    "slow_vm_mv": -65.0917053222656,
    "specimen_id": 464212183,
    "stimulus_absolute_amplitude": 400.000005340573,
    "stimulus_description": "C1SSCOARSE141203[3]",
    "stimulus_duration": 0.002995,
    "stimulus_interval": 0.0,
    "stimulus_name": "Short Square",
    "stimulus_relative_amplitude": 1.0,
    "stimulus_start_time": 0.92,
    "stimulus_units": "pA",
    "sweep_number": 10,
    "vm_delta_mv": 0.426109313964844
  },
  {
    "bridge_balance_mohm": 16.1782665252686,
    "id": 464306871,
    "leak_pa": 0.0,
    "num_spikes": 0,
    "peak_deflection": -73.21875,
    "post_noise_rms_mv": 0.0349727086722851,
    "post_vm_mv": -65.8851776123047,
    "pre_noise_rms_mv": 0.0365629121661186,
    "pre_vm_mv": -65.716438293457,
    "slow_noise_rms_mv": 0.116163060069084,
    "slow_vm_mv": -65.716438293457,
    "specimen_id": 464212183,
    "stimulus_absolute_amplitude": -29.9999990127642,
    "stimulus_description": "C1LSCOARSE141203[4]",
    "stimulus_duration": 0.999995,
    "stimulus_interval": 0.0,
    "stimulus_name": "Long Square",
    "stimulus_relative_amplitude": 1.0,
    "stimulus_start_time": 0.92,
    "stimulus_units": "pA",
    "sweep_number": 23,
    "vm_delta_mv": 0.168739318847656
  },
  {
    "bridge_balance_mohm": 16.1782665252686,
    "id": 464306937,
    "leak_pa": 0.0,
    "num_spikes": 67,
    "peak_deflection": 0.0,
    "post_noise_rms_mv": 0.0366837196052074,
    "post_vm_mv": -67.6592788696289,
    "pre_noise_rms_mv": 0.0378522090613842,
    "pre_vm_mv": -66.4809875488281,
    "slow_noise_rms_mv": 0.109588004648685,
    "slow_vm_mv": -66.4809875488281,
    "specimen_id": 464212183,
    "stimulus_absolute_amplitude": 149.999998533268,
    "stimulus_description": "C2SQRHELNG141203[0]",
    "stimulus_duration": 1.999995,
    "stimulus_interval": 0.0,
    "stimulus_name": "Square - 2s Suprathreshold",
    "stimulus_relative_amplitude": 1.5,
    "stimulus_start_time": 0.92,
    "stimulus_units": "pA",
    "sweep_number": 53,
    "vm_delta_mv": 1.17829132080078
  },
  {
    "bridge_balance_mohm": 16.1782665252686,
    "id": 464306979,
    "leak_pa": 0.0,
    "num_spikes": 3,
    "peak_deflection": 0.0,
    "post_noise_rms_mv": 0.0387938916683197,
    "post_vm_mv": -66.6494140625,
    "pre_noise_rms_mv": 0.0404719784855843,
    "pre_vm_mv": -66.4082183837891,
    "slow_noise_rms_mv": 0.161322847008705,
    "slow_vm_mv": -66.4082183837891,
    "specimen_id": 464212183,
    "stimulus_absolute_amplitude": 380.000003685765,
    "stimulus_description": "C2SSTRIPLE141203[0]",
    "stimulus_duration": 0.016995,
    "stimulus_interval": 0.004,
    "stimulus_name": "Short Square - Triple",
    "stimulus_relative_amplitude": 3.8,
    "stimulus_start_time": 1.92,
    "stimulus_units": "pA",
    "sweep_number": 72,
    "vm_delta_mv": 0.241195678710938
  },
  {
    "bridge_balance_mohm": 16.1782665252686,
    "id": 464306977,
    "leak_pa": 0.0,
    "num_spikes": 3,
    "peak_deflection": 0.0,
    "post_noise_rms_mv": 0.0357955023646355,
    "post_vm_mv": -66.8309936523438,
    "pre_noise_rms_mv": 0.0301183685660362,
    "pre_vm_mv": -66.5455856323242,
    "slow_noise_rms_mv": 0.145038649439812,
    "slow_vm_mv": -66.5455856323242,
    "specimen_id": 464212183,
    "stimulus_absolute_amplitude": 380.000003685765,
    "stimulus_description": "C2SSTRIPLE141203[7]",
    "stimulus_duration": 0.072995,
    "stimulus_interval": 0.032,
    "stimulus_name": "Short Square - Triple",
    "stimulus_relative_amplitude": 3.8,
    "stimulus_start_time": 1.92,
    "stimulus_units": "pA",
    "sweep_number": 71,
    "vm_delta_mv": 0.285408020019531
  },
  {
    "bridge_balance_mohm": 16.1782665252686,
    "id": 464306865,
    "leak_pa": 0.0,
    "num_spikes": 0,
    "peak_deflection": -86.3750076293945,
    "post_noise_rms_mv": 0.0265310686081648,
    "post_vm_mv": -65.3003158569336,
    "pre_noise_rms_mv": 0.0369935035705566,
    "pre_vm_mv": -65.4179382324219,
    "slow_noise_rms_mv": 0.0996637418866158,
    "slow_vm_mv": -65.4179382324219,
    "specimen_id": 464212183,
    "stimulus_absolute_amplitude": -90.0000005077395,
    "stimulus_description": "C1LSCOARSE141203[1]",
    "stimulus_duration": 0.999995,
    "stimulus_interval": 0.0,
    "stimulus_name": "Long Square",
    "stimulus_relative_amplitude": 1.0,
    "stimulus_start_time": 0.92,
    "stimulus_units": "pA",
    "sweep_number": 20,
    "vm_delta_mv": 0.117622375488281
  },
  {
    "bridge_balance_mohm": 16.1782665252686,
    "id": 464306897,
    "leak_pa": 0.0,
    "num_spikes": 55,
    "peak_deflection": 0.0,
    "post_noise_rms_mv": 0.0349867567420006,
    "post_vm_mv": -66.5441131591797,
    "pre_noise_rms_mv": 0.0319827944040298,
    "pre_vm_mv": -65.4011535644531,
    "slow_noise_rms_mv": 0.224106192588806,
    "slow_vm_mv": -65.4011535644531,
    "specimen_id": 464212183,
    "stimulus_absolute_amplitude": 210.00000349769,
    "stimulus_description": "C1LSCOARSE141203[16]",
    "stimulus_duration": 0.999995,
    "stimulus_interval": 0.0,
    "stimulus_name": "Long Square",
    "stimulus_relative_amplitude": 1.0,
    "stimulus_start_time": 0.92,
    "stimulus_units": "pA",
    "sweep_number": 35,
    "vm_delta_mv": 1.14295959472656
  },
  {
    "bridge_balance_mohm": 16.1782665252686,
    "id": 464306969,
    "leak_pa": 0.0,
    "num_spikes": 3,
    "peak_deflection": 0.0,
    "post_noise_rms_mv": 0.0285602975636721,
    "post_vm_mv": -66.6410369873047,
    "pre_noise_rms_mv": 0.050220288336277,
    "pre_vm_mv": -66.5192260742188,
    "slow_noise_rms_mv": 0.228346824645996,
    "slow_vm_mv": -66.5192260742188,
    "specimen_id": 464212183,
    "stimulus_absolute_amplitude": 380.000003685765,
    "stimulus_description": "C2SSTRIPLE141203[4]",
    "stimulus_duration": 0.048995,
    "stimulus_interval": 0.02,
    "stimulus_name": "Short Square - Triple",
    "stimulus_relative_amplitude": 3.8,
    "stimulus_start_time": 1.92,
    "stimulus_units": "pA",
    "sweep_number": 68,
    "vm_delta_mv": 0.121810913085938
  },
  {
    "bridge_balance_mohm": 16.1782665252686,
    "id": 464306943,
    "leak_pa": 0.0,
    "num_spikes": 3,
    "peak_deflection": 0.0,
    "post_noise_rms_mv": 0.0464295074343681,
    "post_vm_mv": -66.075553894043,
    "pre_noise_rms_mv": 0.0411342345178127,
    "pre_vm_mv": -66.0147399902344,
    "slow_noise_rms_mv": 0.200330674648285,
    "slow_vm_mv": -66.0147399902344,
    "specimen_id": 464212183,
    "stimulus_absolute_amplitude": 380.000003685765,
    "stimulus_description": "C2SSTRIPLE141203[0]",
    "stimulus_duration": 0.016995,
    "stimulus_interval": 0.004,
    "stimulus_name": "Short Square - Triple",
    "stimulus_relative_amplitude": 3.8,
    "stimulus_start_time": 1.92,
    "stimulus_units": "pA",
    "sweep_number": 56,
    "vm_delta_mv": 0.0608139038085938
  },
  {
    "bridge_balance_mohm": 16.1782665252686,
    "id": 464306881,
    "leak_pa": 0.0,
    "num_spikes": 0,
    "peak_deflection": -43.9687538146973,
    "post_noise_rms_mv": 0.0417319908738136,
    "post_vm_mv": -65.7056045532227,
    "pre_noise_rms_mv": 0.0396461635828018,
    "pre_vm_mv": -65.5684967041016,
    "slow_noise_rms_mv": 0.1110744997859,
    "slow_vm_mv": -65.5684967041016,
    "specimen_id": 464212183,
    "stimulus_absolute_amplitude": 69.9999988529321,
    "stimulus_description": "C1LSCOARSE141203[9]",
    "stimulus_duration": 0.999995,
    "stimulus_interval": 0.0,
    "stimulus_name": "Long Square",
    "stimulus_relative_amplitude": 1.0,
    "stimulus_start_time": 0.92,
    "stimulus_units": "pA",
    "sweep_number": 28,
    "vm_delta_mv": 0.137107849121094
  },
  {
    "bridge_balance_mohm": 16.1782665252686,
    "id": 464306879,
    "leak_pa": 0.0,
    "num_spikes": 0,
    "peak_deflection": -52.3125,
    "post_noise_rms_mv": 0.0390618965029716,
    "post_vm_mv": -65.7199249267578,
    "pre_noise_rms_mv": 0.0372661501169205,
    "pre_vm_mv": -65.7656173706055,
    "slow_noise_rms_mv": 0.101356387138367,
    "slow_vm_mv": -65.7656173706055,
    "specimen_id": 464212183,
    "stimulus_absolute_amplitude": 50.0000006675716,
    "stimulus_description": "C1LSCOARSE141203[8]",
    "stimulus_duration": 0.999995,
    "stimulus_interval": 0.0,
    "stimulus_name": "Long Square",
    "stimulus_relative_amplitude": 1.0,
    "stimulus_start_time": 0.92,
    "stimulus_units": "pA",
    "sweep_number": 27,
    "vm_delta_mv": 0.0456924438476562
  },
  {
    "bridge_balance_mohm": 16.1782665252686,
    "id": 464306867,
    "leak_pa": 0.0,
    "num_spikes": 0,
    "peak_deflection": -81.84375,
    "post_noise_rms_mv": 0.03859793394804,
    "post_vm_mv": -65.4790878295898,
    "pre_noise_rms_mv": 0.0523654036223888,
    "pre_vm_mv": -65.3995056152344,
    "slow_noise_rms_mv": 0.205216318368912,
    "slow_vm_mv": -65.3995056152344,
    "specimen_id": 464212183,
    "stimulus_absolute_amplitude": -69.9999988529321,
    "stimulus_description": "C1LSCOARSE141203[2]",
    "stimulus_duration": 0.999995,
    "stimulus_interval": 0.0,
    "stimulus_name": "Long Square",
    "stimulus_relative_amplitude": 1.0,
    "stimulus_start_time": 0.92,
    "stimulus_units": "pA",
    "sweep_number": 21,
    "vm_delta_mv": 0.0795822143554688
  },
  {
    "bridge_balance_mohm": 16.1782665252686,
    "id": 464307013,
    "leak_pa": 0.0,
    "num_spikes": 1,
    "peak_deflection": 0.0,
    "post_noise_rms_mv": 0.0445859022438526,
    "post_vm_mv": -76.0538482666016,
    "pre_noise_rms_mv": 0.0368071869015694,
    "pre_vm_mv": -76.273811340332,
    "slow_noise_rms_mv": 0.3685262799263,
    "slow_vm_mv": -76.273811340332,
    "specimen_id": 464212183,
    "stimulus_absolute_amplitude": 489.999985031631,
    "stimulus_description": "C2SSHM80FN141203[0]",
    "stimulus_duration": 0.002995,
    "stimulus_interval": 0.0,
    "stimulus_name": "Short Square - Hold -80mV",
    "stimulus_relative_amplitude": 4.9,
    "stimulus_start_time": 0.92,
    "stimulus_units": "pA",
    "sweep_number": 88,
    "vm_delta_mv": 0.219963073730469
  },
  {
    "bridge_balance_mohm": 16.1782665252686,
    "id": 464306995,
    "leak_pa": 0.0,
    "num_spikes": 0,
    "peak_deflection": 0.0,
    "post_noise_rms_mv": 0.0319784581661224,
    "post_vm_mv": -64.7707595825195,
    "pre_noise_rms_mv": 0.0401795916259289,
    "pre_vm_mv": -65.0757522583008,
    "slow_noise_rms_mv": 0.089653454720974,
    "slow_vm_mv": -65.0757522583008,
    "specimen_id": 464212183,
    "stimulus_absolute_amplitude": 200.000002670286,
    "stimulus_description": "C1SSCOARSE141203[1]",
    "stimulus_duration": 0.002995,
    "stimulus_interval": 0.0,
    "stimulus_name": "Short Square",
    "stimulus_relative_amplitude": 1.0,
    "stimulus_start_time": 0.92,
    "stimulus_units": "pA",
    "sweep_number": 8,
    "vm_delta_mv": 0.30499267578125
  },
  {
    "bridge_balance_mohm": 16.1782665252686,
    "id": 464306853,
    "leak_pa": 0.0,
    "num_spikes": 1,
    "peak_deflection": 0.0,
    "post_noise_rms_mv": 0.0315135605633259,
    "post_vm_mv": -65.2314071655273,
    "pre_noise_rms_mv": 0.0361594893038273,
    "pre_vm_mv": -65.4166870117188,
    "slow_noise_rms_mv": 0.22420509159565,
    "slow_vm_mv": -65.4166870117188,
    "specimen_id": 464212183,
    "stimulus_absolute_amplitude": 380.000003685765,
    "stimulus_description": "C1SSFINEST141203[0]",
    "stimulus_duration": 0.002995,
    "stimulus_interval": 0.0,
    "stimulus_name": "Short Square",
    "stimulus_relative_amplitude": 3.8,
    "stimulus_start_time": 0.92,
    "stimulus_units": "pA",
    "sweep_number": 15,
    "vm_delta_mv": 0.185279846191406
  },
  {
    "bridge_balance_mohm": 16.1782665252686,
    "id": 464306929,
    "leak_pa": 0.0,
    "num_spikes": 26,
    "peak_deflection": 0.0,
    "post_noise_rms_mv": 0.0,
    "post_vm_mv": 0.0,
    "pre_noise_rms_mv": 0.0404101312160492,
    "pre_vm_mv": -65.1912689208984,
    "slow_noise_rms_mv": 0.118373677134514,
    "slow_vm_mv": -65.1912689208984,
    "specimen_id": 464212183,
    "stimulus_absolute_amplitude": 499.999985859034,
    "stimulus_description": "C1RP25PR1S141203[0]",
    "stimulus_duration": 19.997495,
    "stimulus_interval": 0.0,
    "stimulus_name": "Ramp",
    "stimulus_relative_amplitude": 1.0,
    "stimulus_start_time": 0.9225,
    "stimulus_units": "pA",
    "sweep_number": 5,
    "vm_delta_mv": 0.0
  },
  {
    "bridge_balance_mohm": 16.1782665252686,
    "id": 464306963,
    "leak_pa": 0.0,
    "num_spikes": 3,
    "peak_deflection": 0.0,
    "post_noise_rms_mv": 0.0399751551449299,
    "post_vm_mv": -66.4282760620117,
    "pre_noise_rms_mv": 0.0405835956335068,
    "pre_vm_mv": -66.3302841186523,
    "slow_noise_rms_mv": 0.160147368907928,
    "slow_vm_mv": -66.3302841186523,
    "specimen_id": 464212183,
    "stimulus_absolute_amplitude": 380.000003685765,
    "stimulus_description": "C2SSTRIPLE141203[1]",
    "stimulus_duration": 0.024995,
    "stimulus_interval": 0.008,
    "stimulus_name": "Short Square - Triple",
    "stimulus_relative_amplitude": 3.8,
    "stimulus_start_time": 1.92,
    "stimulus_units": "pA",
    "sweep_number": 65,
    "vm_delta_mv": 0.097991943359375
  },
  {
    "bridge_balance_mohm": 16.1782665252686,
    "id": 464306949,
    "leak_pa": 0.0,
    "num_spikes": 3,
    "peak_deflection": 0.0,
    "post_noise_rms_mv": 0.0391226932406425,
    "post_vm_mv": -66.5067138671875,
    "pre_noise_rms_mv": 0.0318020768463612,
    "pre_vm_mv": -66.1194610595703,
    "slow_noise_rms_mv": 0.186212226748466,
    "slow_vm_mv": -66.1194610595703,
    "specimen_id": 464212183,
    "stimulus_absolute_amplitude": 380.000003685765,
    "stimulus_description": "C2SSTRIPLE141203[3]",
    "stimulus_duration": 0.040995,
    "stimulus_interval": 0.016,
    "stimulus_name": "Short Square - Triple",
    "stimulus_relative_amplitude": 3.8,
    "stimulus_start_time": 1.92,
    "stimulus_units": "pA",
    "sweep_number": 59,
    "vm_delta_mv": 0.387252807617188
  },
  {
    "bridge_balance_mohm": 16.1782665252686,
    "id": 464306851,
    "leak_pa": 0.0,
    "num_spikes": 1,
    "peak_deflection": 0.0,
    "post_noise_rms_mv": 0.0377883277833462,
    "post_vm_mv": -65.0426635742188,
    "pre_noise_rms_mv": 0.036611519753933,
    "pre_vm_mv": -65.222053527832,
    "slow_noise_rms_mv": 0.122428856790066,
    "slow_vm_mv": -65.222053527832,
    "specimen_id": 464212183,
    "stimulus_absolute_amplitude": 380.000003685765,
    "stimulus_description": "C1SSFINEST141203[0]",
    "stimulus_duration": 0.002995,
    "stimulus_interval": 0.0,
    "stimulus_name": "Short Square",
    "stimulus_relative_amplitude": 3.8,
    "stimulus_start_time": 0.92,
    "stimulus_units": "pA",
    "sweep_number": 14,
    "vm_delta_mv": 0.179389953613281
  },
  {
    "bridge_balance_mohm": 16.1782665252686,
    "id": 464306961,
    "leak_pa": 0.0,
    "num_spikes": 3,
    "peak_deflection": 0.0,
    "post_noise_rms_mv": 0.0328582264482975,
    "post_vm_mv": -66.6688919067383,
    "pre_noise_rms_mv": 0.0358675457537174,
    "pre_vm_mv": -66.4272155761719,
    "slow_noise_rms_mv": 0.18521474301815,
    "slow_vm_mv": -66.4272155761719,
    "specimen_id": 464212183,
    "stimulus_absolute_amplitude": 380.000003685765,
    "stimulus_description": "C2SSTRIPLE141203[0]",
    "stimulus_duration": 0.016995,
    "stimulus_interval": 0.004,
    "stimulus_name": "Short Square - Triple",
    "stimulus_relative_amplitude": 3.8,
    "stimulus_start_time": 1.92,
    "stimulus_units": "pA",
    "sweep_number": 64,
    "vm_delta_mv": 0.241676330566406
  },
  {
    "bridge_balance_mohm": 16.1782665252686,
    "id": 464306933,
    "leak_pa": 0.0,
    "num_spikes": 37,
    "peak_deflection": 0.0,
    "post_noise_rms_mv": 0.0349808596074581,
    "post_vm_mv": -65.4134674072266,
    "pre_noise_rms_mv": 0.0445316694676876,
    "pre_vm_mv": -65.6700668334961,
    "slow_noise_rms_mv": 0.139292940497398,
    "slow_vm_mv": -65.6700668334961,
    "specimen_id": 464212183,
    "stimulus_absolute_amplitude": 110.000002162547,
    "stimulus_description": "C2SQRHELNG141203[0]",
    "stimulus_duration": 1.999995,
    "stimulus_interval": 0.0,
    "stimulus_name": "Square - 2s Suprathreshold",
    "stimulus_relative_amplitude": 1.1,
    "stimulus_start_time": 0.92,
    "stimulus_units": "pA",
    "sweep_number": 51,
    "vm_delta_mv": 0.256599426269531
  },
  {
    "bridge_balance_mohm": 16.1782665252686,
    "id": 464306919,
    "leak_pa": 0.0,
    "num_spikes": 1,
    "peak_deflection": 0.0,
    "post_noise_rms_mv": 0.0349381305277348,
    "post_vm_mv": -66.3120880126953,
    "pre_noise_rms_mv": 0.0372780151665211,
    "pre_vm_mv": -66.5528793334961,
    "slow_noise_rms_mv": 0.139949068427086,
    "slow_vm_mv": -66.5528793334961,
    "specimen_id": 464212183,
    "stimulus_absolute_amplitude": 69.9999988529321,
    "stimulus_description": "C1LSFINEST141203[0]",
    "stimulus_duration": 0.999995,
    "stimulus_interval": 0.0,
    "stimulus_name": "Long Square",
    "stimulus_relative_amplitude": 0.7,
    "stimulus_start_time": 0.92,
    "stimulus_units": "pA",
    "sweep_number": 45,
    "vm_delta_mv": 0.240791320800781
  }
]