[
  {
    "bridge_balance_mohm": 8.97435855865479,
    "id": 396304022,
    "leak_pa": 0.0,
    "num_spikes": 0,
    "peak_deflection": 0.0,
    "post_noise_rms_mv": 0.0406894832849503,
    "post_vm_mv": -65.0193557739258,
    "pre_noise_rms_mv": 0.0358579829335213,
    "pre_vm_mv": -65.8408966064453,
    "slow_noise_rms_mv": 0.182247415184975,
    "slow_vm_mv": -65.8408966064453,
    "specimen_id": 313862306,
    "stimulus_absolute_amplitude": 249.999992929517,
    "stimulus_description": "C2SSHM60FN141203[0]",
    "stimulus_duration": 0.002995,
    "stimulus_interval": 0.0,
    "stimulus_name": "Short Square - Hold -60mV",
    "stimulus_relative_amplitude": 2.5,
    "stimulus_start_time": 0.92,
    "stimulus_units": "pA",
    "sweep_number": 93,
    "vm_delta_mv": 0.821540832519531
  },
  {
    "bridge_balance_mohm": 8.97435855865479,
    "id": 396303868,
    "leak_pa": 0.0,
    "num_spikes": 0,
    "peak_deflection": -85.6875,
    "post_noise_rms_mv": 0.0408174358308315,
    "post_vm_mv": -72.0586624145508,
    "pre_noise_rms_mv": 0.0409273393452168,
    "pre_vm_mv": -72.1251525878906,
    "slow_noise_rms_mv": 0.167368054389954,
    "slow_vm_mv": -72.1251525878906,
    "specimen_id": 313862306,
    "stimulus_absolute_amplitude": -29.9999990127642,
    "stimulus_description": "C1LSCOARSE141203[4]",
    "stimulus_duration": 0.999995,
    "stimulus_interval": 0.0,
    "stimulus_name": "Long Square",
    "stimulus_relative_amplitude": 1.0,
    "stimulus_start_time": 0.92,
    "stimulus_units": "pA",
    "sweep_number": 23,
    "vm_delta_mv": 0.0664901733398438
  },
  {
    "bridge_balance_mohm": 0.0,
    "id": 396303828,
    "leak_pa": 0.0,
    "num_spikes": 0,
    "peak_deflection": 0.0,
    "post_noise_rms_mv": 0.0,
    "post_vm_mv": 0.0,
    "pre_noise_rms_mv": 0.0,
    "pre_vm_mv": 0.0,
    "slow_noise_rms_mv": 0.0,
    "slow_vm_mv": 0.0,
    "specimen_id": 313862306,
    "stimulus_absolute_amplitude": 9.99999977648258,
    "stimulus_description": "EXTPINBATH141203[0]",
    "stimulus_duration": 0.069995,
    "stimulus_interval": 0.05,
    "stimulus_name": "Test",
    "stimulus_relative_amplitude": 1.0,
    "stimulus_start_time": 0.03,
    "stimulus_units": "mV",
    "sweep_number": 1,
    "vm_delta_mv": 0.0
  },
  {
    "bridge_balance_mohm": 8.97435855865479,
    "id": 396303832,
    "leak_pa": 0.0,
    "num_spikes": 150,
    "peak_deflection": 0.0,
    "post_noise_rms_mv": 0.0386811532080173,
    "post_vm_mv": -71.5976028442383,
    "pre_noise_rms_mv": 0.0529248416423798,
    "pre_vm_mv": -74.6625823974609,
    "slow_noise_rms_mv": 0.103475168347359,
    "slow_vm_mv": -74.6625823974609,
    "specimen_id": 313862306,
    "stimulus_absolute_amplitude": 76.7500021869871,
    "stimulus_description": "C2NSRMPRHE141203[0]",
    "stimulus_duration": 29.99993,
    "stimulus_interval": 5.5e-05,
    "stimulus_name": "Ramp to Rheobase",
    "stimulus_relative_amplitude": 0.3,
    "stimulus_start_time": 1.920065,
    "stimulus_units": "pA",
    "sweep_number": 100,
    "vm_delta_mv": 3.06497955322266
  },
  {
    "bridge_balance_mohm": 8.97435855865479,
    "id": 396303952,
    "leak_pa": 0.0,
    "num_spikes": 3,
    "peak_deflection": 0.0,
    "post_noise_rms_mv": 0.0352044329047203,
    "post_vm_mv": -73.4490051269531,
    "pre_noise_rms_mv": 0.0400579832494259,
    "pre_vm_mv": -74.257438659668,
    "slow_noise_rms_mv": 0.127847850322723,
    "slow_vm_mv": -74.257438659668,
    "specimen_id": 313862306,
    "stimulus_absolute_amplitude": 390.000004513169,
    "stimulus_description": "C2SSTRIPLE141203[3]",
    "stimulus_duration": 0.040995,
    "stimulus_interval": 0.016,
    "stimulus_name": "Short Square - Triple",
    "stimulus_relative_amplitude": 3.9,
    "stimulus_start_time": 1.92,
    "stimulus_units": "pA",
    "sweep_number": 61,
    "vm_delta_mv": 0.808433532714844
  },
  {
    "bridge_balance_mohm": 8.97435855865479,
    "id": 396303918,
    "leak_pa": 0.0,
    "num_spikes": 48,
    "peak_deflection": 0.0,
    "post_noise_rms_mv": 0.0324369184672832,
    "post_vm_mv": -72.64208984375,
    "pre_noise_rms_mv": 0.0417780242860317,
    "pre_vm_mv": -74.1235961914062,
    "slow_noise_rms_mv": 0.254321664571762,
    "slow_vm_mv": -74.1235961914062,
    "specimen_id": 313862306,
    "stimulus_absolute_amplitude": 69.9999988529321,
    "stimulus_description": "C2SQRHELNG141203[0]",
    "stimulus_duration": 1.999995,
    "stimulus_interval": 0.0,
    "stimulus_name": "Square - 2s Suprathreshold",
    "stimulus_relative_amplitude": 0.7,
    "stimulus_start_time": 0.92,
    "stimulus_units": "pA",
    "sweep_number": 46,
    "vm_delta_mv": 1.48150634765625
  },
  {
    "bridge_balance_mohm": 8.97435855865479,
    "id": 396303892,
    "leak_pa": 0.0,
    "num_spikes": 27,
    "peak_deflection": 0.0,
    "post_noise_rms_mv": 0.0393873825669289,
    "post_vm_mv": -72.8319931030273,
    "pre_noise_rms_mv": 0.0349372178316116,
    "pre_vm_mv": -74.1334075927734,
    "slow_noise_rms_mv": 0.113675430417061,
    "slow_vm_mv": -74.1334075927734,
    "specimen_id": 313862306,
    "stimulus_absolute_amplitude": 69.5000029748982,
    "stimulus_description": "C1NSSEED_1141203[0]",
    "stimulus_duration": 18.999995,
    "stimulus_interval": 5.0,
    "stimulus_name": "Noise 1",
    "stimulus_relative_amplitude": 0.3,
    "stimulus_start_time": 1.92,
    "stimulus_units": "pA",
    "sweep_number": 34,
    "vm_delta_mv": 1.30141448974609
  },
  {
    "bridge_balance_mohm": 8.97435855865479,
    "id": 396303898,
    "leak_pa": 0.0,
    "num_spikes": 26,
    "peak_deflection": 0.0,
    "post_noise_rms_mv": 0.0406505092978477,
    "post_vm_mv": -74.154296875,
    "pre_noise_rms_mv": 0.0320813469588757,
    "pre_vm_mv": -75.1828079223633,
    "slow_noise_rms_mv": 0.145957335829735,
    "slow_vm_mv": -75.1828079223633,
    "specimen_id": 313862306,
    "stimulus_absolute_amplitude": 70.7500030783237,
    "stimulus_description": "C1NSSEED_2141203[0]",
    "stimulus_duration": 18.999995,
    "stimulus_interval": 5.0,
    "stimulus_name": "Noise 2",
    "stimulus_relative_amplitude": 0.3,
    "stimulus_start_time": 1.92,
    "stimulus_units": "pA",
    "sweep_number": 37,
    "vm_delta_mv": 1.02851104736328
  },
  {
    "bridge_balance_mohm": 8.97435855865479,
    "id": 396303910,
    "leak_pa": 0.0,
    "num_spikes": 2,
    "peak_deflection": 0.0,
    "post_noise_rms_mv": 0.0425003580749035,
    "post_vm_mv": -74.7456436157227,
    "pre_noise_rms_mv": 0.0392379388213158,
    "pre_vm_mv": -75.053108215332,
    "slow_noise_rms_mv": 0.167526468634605,
    "slow_vm_mv": -75.053108215332,
    "specimen_id": 313862306,
    "stimulus_absolute_amplitude": 29.9999990127642,
    "stimulus_description": "C2SQRHELNG141203[0]",
    "stimulus_duration": 1.999995,
    "stimulus_interval": 0.0,
    "stimulus_name": "Square - 2s Suprathreshold",
    "stimulus_relative_amplitude": 0.3,
    "stimulus_start_time": 0.92,
    "stimulus_units": "pA",
    "sweep_number": 42,
    "vm_delta_mv": 0.307464599609375
  },
  {
    "bridge_balance_mohm": 8.97435855865479,
    "id": 396304000,
    "leak_pa": 0.0,
    "num_spikes": 2,
    "peak_deflection": 0.0,
    "post_noise_rms_mv": 0.0411422476172447,
    "post_vm_mv": -77.8564071655273,
    "pre_noise_rms_mv": 0.040108572691679,
    "pre_vm_mv": -82.6592178344727,
    "slow_noise_rms_mv": 0.124482847750187,
    "slow_vm_mv": -82.6592178344727,
    "specimen_id": 313862306,
    "stimulus_absolute_amplitude": 509.999986686438,
    "stimulus_description": "C2SSHM80FN141203[0]",
    "stimulus_duration": 0.002995,
    "stimulus_interval": 0.0,
    "stimulus_name": "Short Square - Hold -80mV",
    "stimulus_relative_amplitude": 5.1,
    "stimulus_start_time": 0.92,
    "stimulus_units": "pA",
    "sweep_number": 83,
    "vm_delta_mv": 4.80281066894531
  },
  {
    "bridge_balance_mohm": 8.97435855865479,
    "id": 396303998,
    "leak_pa": 0.0,
    "num_spikes": 2,
    "peak_deflection": 0.0,
    "post_noise_rms_mv": 0.0433689542114735,
    "post_vm_mv": -77.595588684082,
    "pre_noise_rms_mv": 0.0320891141891479,
    "pre_vm_mv": -82.7532196044922,
    "slow_noise_rms_mv": 0.164950951933861,
    "slow_vm_mv": -82.7532196044922,
    "specimen_id": 313862306,
    "stimulus_absolute_amplitude": 519.999987513842,
    "stimulus_description": "C2SSHM80FN141203[0]",
    "stimulus_duration": 0.002995,
    "stimulus_interval": 0.0,
    "stimulus_name": "Short Square - Hold -80mV",
    "stimulus_relative_amplitude": 5.2,
    "stimulus_start_time": 0.92,
    "stimulus_units": "pA",
    "sweep_number": 82,
    "vm_delta_mv": 5.15763092041016
  },
  {
    "bridge_balance_mohm": 8.97435855865479,
    "id": 396303932,
    "leak_pa": 0.0,
    "num_spikes": 3,
    "peak_deflection": 0.0,
    "post_noise_rms_mv": 0.0390104129910469,
    "post_vm_mv": -73.6734237670898,
    "pre_noise_rms_mv": 0.041214257478714,
    "pre_vm_mv": -73.9809112548828,
    "slow_noise_rms_mv": 0.25541678071022,
    "slow_vm_mv": -73.9809112548828,
    "specimen_id": 313862306,
    "stimulus_absolute_amplitude": 390.000004513169,
    "stimulus_description": "C2SSTRIPLE141203[2]",
    "stimulus_duration": 0.032995,
    "stimulus_interval": 0.012,
    "stimulus_name": "Short Square - Triple",
    "stimulus_relative_amplitude": 3.9,
    "stimulus_start_time": 1.92,
    "stimulus_units": "pA",
    "sweep_number": 52,
    "vm_delta_mv": 0.307487487792969
  },
  {
    "bridge_balance_mohm": 8.97435855865479,
    "id": 396303946,
    "leak_pa": 0.0,
    "num_spikes": 3,
    "peak_deflection": 0.0,
    "post_noise_rms_mv": 0.0394316799938679,
    "post_vm_mv": -73.7120590209961,
    "pre_noise_rms_mv": 0.044660422950983,
    "pre_vm_mv": -74.1704483032227,
    "slow_noise_rms_mv": 0.192201301455498,
    "slow_vm_mv": -74.1704483032227,
    "specimen_id": 313862306,
    "stimulus_absolute_amplitude": 390.000004513169,
    "stimulus_description": "C2SSTRIPLE141203[1]",
    "stimulus_duration": 0.024995,
    "stimulus_interval": 0.008,
    "stimulus_name": "Short Square - Triple",
    "stimulus_relative_amplitude": 3.9,
    "stimulus_start_time": 1.92,
    "stimulus_units": "pA",
    "sweep_number": 59,
    "vm_delta_mv": 0.458389282226562
  },
  {
    "bridge_balance_mohm": 8.97435855865479,
    "id": 396304018,
    "leak_pa": 0.0,
    "num_spikes": 0,
    "peak_deflection": 0.0,
    "post_noise_rms_mv": 0.0412777177989483,
    "post_vm_mv": -65.0537261962891,
    "pre_noise_rms_mv": 0.0408316738903522,
    "pre_vm_mv": -65.6439819335938,
    "slow_noise_rms_mv": 0.15442156791687,
    "slow_vm_mv": -65.6439819335938,
    "specimen_id": 313862306,
    "stimulus_absolute_amplitude": 230.000005152498,
    "stimulus_description": "C2SSHM60FN141203[0]",
    "stimulus_duration": 0.002995,
    "stimulus_interval": 0.0,
    "stimulus_name": "Short Square - Hold -60mV",
    "stimulus_relative_amplitude": 2.3,
    "stimulus_start_time": 0.92,
    "stimulus_units": "pA",
    "sweep_number": 91,
    "vm_delta_mv": 0.590255737304688
  },
  {
    "bridge_balance_mohm": 8.97435855865479,
    "id": 396303936,
    "leak_pa": 0.0,
    "num_spikes": 3,
    "peak_deflection": 0.0,
    "post_noise_rms_mv": 0.0384517759084702,
    "post_vm_mv": -73.3713073730469,
    "pre_noise_rms_mv": 0.0424375347793102,
    "pre_vm_mv": -74.2089004516602,
    "slow_noise_rms_mv": 0.142628371715546,
    "slow_vm_mv": -74.2089004516602,
    "specimen_id": 313862306,
    "stimulus_absolute_amplitude": 390.000004513169,
    "stimulus_description": "C2SSTRIPLE141203[4]",
    "stimulus_duration": 0.048995,
    "stimulus_interval": 0.02,
    "stimulus_name": "Short Square - Triple",
    "stimulus_relative_amplitude": 3.9,
    "stimulus_start_time": 1.92,
    "stimulus_units": "pA",
    "sweep_number": 54,
    "vm_delta_mv": 0.837593078613281
  },
  {
    "bridge_balance_mohm": 8.97435855865479,
    "id": 396304006,
    "leak_pa": 0.0,
    "num_spikes": 2,
    "peak_deflection": 0.0,
    "post_noise_rms_mv": 0.0394503585994244,
    "post_vm_mv": -76.894401550293,
    "pre_noise_rms_mv": 0.0437560603022575,
    "pre_vm_mv": -82.0716323852539,
    "slow_noise_rms_mv": 0.10684660077095,
    "slow_vm_mv": -82.0716323852539,
    "specimen_id": 313862306,
    "stimulus_absolute_amplitude": 509.999986686438,
    "stimulus_description": "C2SSHM80FN141203[0]",
    "stimulus_duration": 0.002995,
    "stimulus_interval": 0.0,
    "stimulus_name": "Short Square - Hold -80mV",
    "stimulus_relative_amplitude": 5.1,
    "stimulus_start_time": 0.92,
    "stimulus_units": "pA",
    "sweep_number": 86,
    "vm_delta_mv": 5.17723083496094
  },
  {
    "bridge_balance_mohm": 8.97435855865479,
    "id": 396303870,
    "leak_pa": 0.0,
    "num_spikes": 0,
    "peak_deflection": -77.0,
    "post_noise_rms_mv": 0.0346911884844303,
    "post_vm_mv": -72.2344131469727,
    "pre_noise_rms_mv": 0.0481930300593376,
    "pre_vm_mv": -72.1412353515625,
    "slow_noise_rms_mv": 0.187829539179802,
    "slow_vm_mv": -72.1412353515625,
    "specimen_id": 313862306,
    "stimulus_absolute_amplitude": -9.99999996004197,
    "stimulus_description": "C1LSCOARSE141203[5]",
    "stimulus_duration": 0.999995,
    "stimulus_interval": 0.0,
    "stimulus_name": "Long Square",
    "stimulus_relative_amplitude": 1.0,
    "stimulus_start_time": 0.92,
    "stimulus_units": "pA",
    "sweep_number": 24,
    "vm_delta_mv": 0.0931777954101562
  },
  {
    "bridge_balance_mohm": 8.97435855865479,
    "id": 396304004,
    "leak_pa": 0.0,
    "num_spikes": 2,
    "peak_deflection": 0.0,
    "post_noise_rms_mv": 0.0413254573941231,
    "post_vm_mv": -76.9747772216797,
    "pre_noise_rms_mv": 0.0393218398094177,
    "pre_vm_mv": -82.3208694458008,
    "slow_noise_rms_mv": 0.113066904246807,
    "slow_vm_mv": -82.3208694458008,
    "specimen_id": 313862306,
    "stimulus_absolute_amplitude": 509.999986686438,
    "stimulus_description": "C2SSHM80FN141203[0]",
    "stimulus_duration": 0.002995,
    "stimulus_interval": 0.0,
    "stimulus_name": "Short Square - Hold -80mV",
    "stimulus_relative_amplitude": 5.1,
    "stimulus_start_time": 0.92,
    "stimulus_units": "pA",
    "sweep_number": 85,
    "vm_delta_mv": 5.34609222412109
  },
  {
    "bridge_balance_mohm": 8.97435855865479,
    "id": 396304028,
    "leak_pa": 0.0,
    "num_spikes": 1,
    "peak_deflection": 0.0,
    "post_noise_rms_mv": 0.0454206913709641,
    "post_vm_mv": -64.8162231445312,
    "pre_noise_rms_mv": 0.042525015771389,
    "pre_vm_mv": -65.5768661499023,
    "slow_noise_rms_mv": 0.202815771102905,
    "slow_vm_mv": -65.5768661499023,
    "specimen_id": 313862306,
    "stimulus_absolute_amplitude": 259.999993756921,
    "stimulus_description": "C2SSHM60FN141203[0]",
    "stimulus_duration": 0.002995,
    "stimulus_interval": 0.0,
    "stimulus_name": "Short Square - Hold -60mV",
    "stimulus_relative_amplitude": 2.6,
    "stimulus_start_time": 0.92,
    "stimulus_units": "pA",
    "sweep_number": 96,
    "vm_delta_mv": 0.760643005371094
  },
  {
    "bridge_balance_mohm": 8.97435855865479,
    "id": 396303938,
    "leak_pa": 0.0,
    "num_spikes": 3,
    "peak_deflection": 0.0,
    "post_noise_rms_mv": 0.0395169481635094,
    "post_vm_mv": -73.3816757202148,
    "pre_noise_rms_mv": 0.0400098599493504,
    "pre_vm_mv": -74.297233581543,
    "slow_noise_rms_mv": 0.131776094436646,
    "slow_vm_mv": -74.297233581543,
    "specimen_id": 313862306,
    "stimulus_absolute_amplitude": 390.000004513169,
    "stimulus_description": "C2SSTRIPLE141203[5]",
    "stimulus_duration": 0.056995,
    "stimulus_interval": 0.024,
    "stimulus_name": "Short Square - Triple",
    "stimulus_relative_amplitude": 3.9,
    "stimulus_start_time": 1.92,
    "stimulus_units": "pA",
    "sweep_number": 55,
    "vm_delta_mv": 0.915557861328125
  },
  {
    "bridge_balance_mohm": 8.97435855865479,
    "id": 396303992,
    "leak_pa": 0.0,
    "num_spikes": 0,
    "peak_deflection": 0.0,
    "post_noise_rms_mv": 0.0455940552055836,
    "post_vm_mv": -74.8975677490234,
    "pre_noise_rms_mv": 0.044316902756691,
    "pre_vm_mv": -75.4770812988281,
    "slow_noise_rms_mv": 0.191928043961525,
    "slow_vm_mv": -75.4770812988281,
    "specimen_id": 313862306,
    "stimulus_absolute_amplitude": 200.000002670286,
    "stimulus_description": "C1SSCOARSE141203[1]",
    "stimulus_duration": 0.002995,
    "stimulus_interval": 0.0,
    "stimulus_name": "Short Square",
    "stimulus_relative_amplitude": 1.0,
    "stimulus_start_time": 0.92,
    "stimulus_units": "pA",
    "sweep_number": 8,
    "vm_delta_mv": 0.579513549804688
  },
  {
    "bridge_balance_mohm": 8.97435855865479,
    "id": 396303886,
    "leak_pa": 0.0,
    "num_spikes": 47,
    "peak_deflection": 0.0,
    "post_noise_rms_mv": 0.0372791774570942,
    "post_vm_mv": -73.1444778442383,
    "pre_noise_rms_mv": 0.0378012731671333,
    "pre_vm_mv": -74.0272750854492,
    "slow_noise_rms_mv": 0.152871802449226,
    "slow_vm_mv": -74.0272750854492,
    "specimen_id": 313862306,
    "stimulus_absolute_amplitude": 129.99999687846,
    "stimulus_description": "C1LSCOARSE141203[12]",
    "stimulus_duration": 0.999995,
    "stimulus_interval": 0.0,
    "stimulus_name": "Long Square",
    "stimulus_relative_amplitude": 1.0,
    "stimulus_start_time": 0.92,
    "stimulus_units": "pA",
    "sweep_number": 31,
    "vm_delta_mv": 0.882797241210938
  },
  {
    "bridge_balance_mohm": 8.97435855865479,
    "id": 396303996,
    "leak_pa": 0.0,
    "num_spikes": 2,
    "peak_deflection": 0.0,
    "post_noise_rms_mv": 0.0389368236064911,
    "post_vm_mv": -77.145393371582,
    "pre_noise_rms_mv": 0.033417209982872,
    "pre_vm_mv": -82.5144424438477,
    "slow_noise_rms_mv": 0.190765857696533,
    "slow_vm_mv": -82.5144424438477,
    "specimen_id": 313862306,
    "stimulus_absolute_amplitude": 529.999988341245,
    "stimulus_description": "C2SSHM80FN141203[0]",
    "stimulus_duration": 0.002995,
    "stimulus_interval": 0.0,
    "stimulus_name": "Short Square - Hold -80mV",
    "stimulus_relative_amplitude": 5.3,
    "stimulus_start_time": 0.92,
    "stimulus_units": "pA",
    "sweep_number": 81,
    "vm_delta_mv": 5.36904907226562
  },
  {
    "bridge_balance_mohm": 8.97435855865479,
    "id": 396303906,
    "leak_pa": 0.0,
    "num_spikes": 0,
    "peak_deflection": 0.0,
    "post_noise_rms_mv": 0.0407539792358875,
    "post_vm_mv": -75.121223449707,
    "pre_noise_rms_mv": 0.0409654527902603,
    "pre_vm_mv": -74.8271484375,
    "slow_noise_rms_mv": 0.413045734167099,
    "slow_vm_mv": -74.8271484375,
    "specimen_id": 313862306,
    "stimulus_absolute_amplitude": -200.000002670286,
    "stimulus_description": "C1SQCAPCHK141203[0]",
    "stimulus_duration": 7.819995,
    "stimulus_interval": 0.2,
    "stimulus_name": "Square - 0.5ms Subthreshold",
    "stimulus_relative_amplitude": 1.0,
    "stimulus_start_time": 0.12,
    "stimulus_units": "pA",
    "sweep_number": 40,
    "vm_delta_mv": 0.294075012207031
  },
  {
    "bridge_balance_mohm": 8.97435855865479,
    "id": 396303994,
    "leak_pa": 0.0,
    "num_spikes": 2,
    "peak_deflection": 0.0,
    "post_noise_rms_mv": 0.0384504161775112,
    "post_vm_mv": -77.6244430541992,
    "pre_noise_rms_mv": 0.0330202355980873,
    "pre_vm_mv": -82.9291763305664,
    "slow_noise_rms_mv": 0.179631173610687,
    "slow_vm_mv": -82.9291763305664,
    "specimen_id": 313862306,
    "stimulus_absolute_amplitude": 549.999989996053,
    "stimulus_description": "C2SSHM80FN141203[0]",
    "stimulus_duration": 0.002995,
    "stimulus_interval": 0.0,
    "stimulus_name": "Short Square - Hold -80mV",
    "stimulus_relative_amplitude": 5.5,
    "stimulus_start_time": 0.92,
    "stimulus_units": "pA",
    "sweep_number": 80,
    "vm_delta_mv": 5.30473327636719
  },
  {
    "bridge_balance_mohm": 8.97435855865479,
    "id": 396303930,
    "leak_pa": 0.0,
    "num_spikes": 2,
    "peak_deflection": 0.0,
    "post_noise_rms_mv": 0.0412318892776966,
    "post_vm_mv": -73.435432434082,
    "pre_noise_rms_mv": 0.0371069796383381,
    "pre_vm_mv": -74.2006607055664,
    "slow_noise_rms_mv": 0.120980247855186,
    "slow_vm_mv": -74.2006607055664,
    "specimen_id": 313862306,
    "stimulus_absolute_amplitude": 390.000004513169,
    "stimulus_description": "C2SSTRIPLE141203[1]",
    "stimulus_duration": 0.024995,
    "stimulus_interval": 0.008,
    "stimulus_name": "Short Square - Triple",
    "stimulus_relative_amplitude": 3.9,
    "stimulus_start_time": 1.92,
    "stimulus_units": "pA",
    "sweep_number": 51,
    "vm_delta_mv": 0.765228271484375
  },
  {
    "bridge_balance_mohm": 8.97435855865479,
    "id": 396303884,
    "leak_pa": 0.0,
    "num_spikes": 40,
    "peak_deflection": 0.0,
    "post_noise_rms_mv": 0.036981787532568,
    "post_vm_mv": -73.6555709838867,
    "pre_noise_rms_mv": 0.0406887605786324,
    "pre_vm_mv": -74.2870635986328,
    "slow_noise_rms_mv": 0.165549695491791,
    "slow_vm_mv": -74.2870635986328,
    "specimen_id": 313862306,
    "stimulus_absolute_amplitude": 110.000002162547,
    "stimulus_description": "C1LSCOARSE141203[11]",
    "stimulus_duration": 0.999995,
    "stimulus_interval": 0.0,
    "stimulus_name": "Long Square",
    "stimulus_relative_amplitude": 1.0,
    "stimulus_start_time": 0.92,
    "stimulus_units": "pA",
    "sweep_number": 30,
    "vm_delta_mv": 0.631492614746094
  },
  {
    "bridge_balance_mohm": 8.97435855865479,
    "id": 396303872,
    "leak_pa": 0.0,
    "num_spikes": 0,
    "peak_deflection": -67.09375,
    "post_noise_rms_mv": 0.0394586846232414,
    "post_vm_mv": -72.2598648071289,
    "pre_noise_rms_mv": 0.0417285822331905,
    "pre_vm_mv": -72.1237182617188,
    "slow_noise_rms_mv": 0.137861698865891,
    "slow_vm_mv": -72.1237182617188,
    "specimen_id": 313862306,
    "stimulus_absolute_amplitude": 9.99999996004197,
    "stimulus_description": "C1LSCOARSE141203[6]",
    "stimulus_duration": 0.999995,
    "stimulus_interval": 0.0,
    "stimulus_name": "Long Square",
    "stimulus_relative_amplitude": 1.0,
    "stimulus_start_time": 0.92,
    "stimulus_units": "pA",
    "sweep_number": 25,
    "vm_delta_mv": 0.136146545410156
  },
  {
    "bridge_balance_mohm": 8.97435855865479,
    "id": 396303858,
    "leak_pa": 0.0,
    "num_spikes": 0,
    "peak_deflection": -112.03125,
    "post_noise_rms_mv": 0.0387050360441208,
    "post_vm_mv": -72.5126876831055,
    "pre_noise_rms_mv": 0.036709189414978,
    "pre_vm_mv": -73.1371994018555,
    "slow_noise_rms_mv": 0.0894790589809418,
    "slow_vm_mv": -73.1371994018555,
    "specimen_id": 313862306,
    "stimulus_absolute_amplitude": -110.000002162547,
    "stimulus_description": "C1LSCOARSE141203[0]",
    "stimulus_duration": 0.999995,
    "stimulus_interval": 0.0,
    "stimulus_name": "Long Square",
    "stimulus_relative_amplitude": 1.0,
    "stimulus_start_time": 0.92,
    "stimulus_units": "pA",
    "sweep_number": 19,
    "vm_delta_mv": 0.62451171875
  },
  {
    "bridge_balance_mohm": 8.97435855865479,
    "id": 396303854,
    "leak_pa": 0.0,
    "num_spikes": 1,
    "peak_deflection": 0.0,
    "post_noise_rms_mv": 0.0386367067694664,
    "post_vm_mv": -67.7622985839844,
    "pre_noise_rms_mv": 0.0361833944916725,
    "pre_vm_mv": -72.7081527709961,
    "slow_noise_rms_mv": 0.180415645241737,
    "slow_vm_mv": -72.7081527709961,
    "specimen_id": 313862306,
    "stimulus_absolute_amplitude": 390.000004513169,
    "stimulus_description": "C1SSFINEST141203[0]",
    "stimulus_duration": 0.002995,
    "stimulus_interval": 0.0,
    "stimulus_name": "Short Square",
    "stimulus_relative_amplitude": 3.9,
    "stimulus_start_time": 0.92,
    "stimulus_units": "pA",
    "sweep_number": 17,
    "vm_delta_mv": 4.94585418701172
  },
  {
    "bridge_balance_mohm": 8.97435855865479,
    "id": 396303844,
    "leak_pa": 0.0,
    "num_spikes": 0,
    "peak_deflection": 0.0,
    "post_noise_rms_mv": 0.0373521186411381,
    "post_vm_mv": -71.7215881347656,
    "pre_noise_rms_mv": 0.0361858643591404,
    "pre_vm_mv": -72.9488906860352,
    "slow_noise_rms_mv": 0.123776592314243,
    "slow_vm_mv": -72.9488906860352,
    "specimen_id": 313862306,
    "stimulus_absolute_amplitude": 370.000002858362,
    "stimulus_description": "C1SSFINEST141203[0]",
    "stimulus_duration": 0.002995,
    "stimulus_interval": 0.0,
    "stimulus_name": "Short Square",
    "stimulus_relative_amplitude": 3.7,
    "stimulus_start_time": 0.92,
    "stimulus_units": "pA",
    "sweep_number": 12,
    "vm_delta_mv": 1.22730255126953
  },
  {
    "bridge_balance_mohm": 8.97435855865479,
    "id": 396303962,
    "leak_pa": 0.0,
    "num_spikes": 3,
    "peak_deflection": 0.0,
    "post_noise_rms_mv": 0.0396954119205475,
    "post_vm_mv": -73.5948715209961,
    "pre_noise_rms_mv": 0.039793074131012,
    "pre_vm_mv": -73.9391860961914,
    "slow_noise_rms_mv": 0.155474081635475,
    "slow_vm_mv": -73.9391860961914,
    "specimen_id": 313862306,
    "stimulus_absolute_amplitude": 390.000004513169,
    "stimulus_description": "C2SSTRIPLE141203[0]",
    "stimulus_duration": 0.016995,
    "stimulus_interval": 0.004,
    "stimulus_name": "Short Square - Triple",
    "stimulus_relative_amplitude": 3.9,
    "stimulus_start_time": 1.92,
    "stimulus_units": "pA",
    "sweep_number": 66,
    "vm_delta_mv": 0.344314575195312
  },
  {
    "bridge_balance_mohm": 8.97435855865479,
    "id": 396303916,
    "leak_pa": 0.0,
    "num_spikes": 47,
    "peak_deflection": 0.0,
    "post_noise_rms_mv": 0.0334744192659855,
    "post_vm_mv": -73.3080978393555,
    "pre_noise_rms_mv": 0.0371541045606136,
    "pre_vm_mv": -74.3165969848633,
    "slow_noise_rms_mv": 0.171523153781891,
    "slow_vm_mv": -74.3165969848633,
    "specimen_id": 313862306,
    "stimulus_absolute_amplitude": 69.9999988529321,
    "stimulus_description": "C2SQRHELNG141203[0]",
    "stimulus_duration": 1.999995,
    "stimulus_interval": 0.0,
    "stimulus_name": "Square - 2s Suprathreshold",
    "stimulus_relative_amplitude": 0.7,
    "stimulus_start_time": 0.92,
    "stimulus_units": "pA",
    "sweep_number": 45,
    "vm_delta_mv": 1.00849914550781
  },
  {
    "bridge_balance_mohm": 8.97435855865479,
    "id": 396303894,
    "leak_pa": 0.0,
    "num_spikes": 26,
    "peak_deflection": 0.0,
    "post_noise_rms_mv": 0.0347361601889133,
    "post_vm_mv": -73.591438293457,
    "pre_noise_rms_mv": 0.0290321633219719,
    "pre_vm_mv": -74.8447189331055,
    "slow_noise_rms_mv": 0.135973036289215,
    "slow_vm_mv": -74.8447189331055,
    "specimen_id": 313862306,
    "stimulus_absolute_amplitude": 70.7500030783237,
    "stimulus_description": "C1NSSEED_2141203[0]",
    "stimulus_duration": 18.999995,
    "stimulus_interval": 5.0,
    "stimulus_name": "Noise 2",
    "stimulus_relative_amplitude": 0.3,
    "stimulus_start_time": 1.92,
    "stimulus_units": "pA",
    "sweep_number": 35,
    "vm_delta_mv": 1.25328063964844
  },
  {
    "bridge_balance_mohm": 8.97435855865479,
    "id": 396304034,
    "leak_pa": 0.0,
    "num_spikes": 121,
    "peak_deflection": 0.0,
    "post_noise_rms_mv": 0.0401479750871658,
    "post_vm_mv": -71.7935485839844,
    "pre_noise_rms_mv": 0.0430633574724197,
    "pre_vm_mv": -74.9756927490234,
    "slow_noise_rms_mv": 0.12772224843502,
    "slow_vm_mv": -74.9756927490234,
    "specimen_id": 313862306,
    "stimulus_absolute_amplitude": 76.7500021869871,
    "stimulus_description": "C2NSRMPRHE141203[0]",
    "stimulus_duration": 29.99993,
    "stimulus_interval": 5.5e-05,
    "stimulus_name": "Ramp to Rheobase",
    "stimulus_relative_amplitude": 0.3,
    "stimulus_start_time": 1.920065,
    "stimulus_units": "pA",
    "sweep_number": 99,
    "vm_delta_mv": 3.18214416503906
  },
  {
    "bridge_balance_mohm": 8.97435855865479,
    "id": 396303926,
    "leak_pa": 0.0,
    "num_spikes": 59,
    "peak_deflection": 0.0,
    "post_noise_rms_mv": 0.0,
    "post_vm_mv": 0.0,
    "pre_noise_rms_mv": 0.0424418076872826,
    "pre_vm_mv": -72.1482315063477,
    "slow_noise_rms_mv": 0.168824806809425,
    "slow_vm_mv": -72.1482315063477,
    "specimen_id": 313862306,
    "stimulus_absolute_amplitude": 800.000010681146,
    "stimulus_description": "C1RP25PR1S141203[0]",
    "stimulus_duration": 31.997495,
    "stimulus_interval": 0.0,
    "stimulus_name": "Ramp",
    "stimulus_relative_amplitude": 1.0,
    "stimulus_start_time": 0.9225,
    "stimulus_units": "pA",
    "sweep_number": 5,
    "vm_delta_mv": 0.0
  },
  {
    "bridge_balance_mohm": 8.97435855865479,
    "id": 396303980,
    "leak_pa": 0.0,
    "num_spikes": 0,
    "peak_deflection": 0.0,
    "post_noise_rms_mv": 0.0417293906211853,
    "post_vm_mv": -83.4021606445312,
    "pre_noise_rms_mv": 0.0380872823297977,
    "pre_vm_mv": -83.7942276000977,
    "slow_noise_rms_mv": 0.139095678925514,
    "slow_vm_mv": -83.7942276000977,
    "specimen_id": 313862306,
    "stimulus_absolute_amplitude": 100.000001335143,
    "stimulus_description": "C2SSHM80CS141203[0]",
    "stimulus_duration": 0.002995,
    "stimulus_interval": 0.0,
    "stimulus_name": "Short Square - Hold -80mV",
    "stimulus_relative_amplitude": 1.0,
    "stimulus_start_time": 0.92,
    "stimulus_units": "pA",
    "sweep_number": 74,
    "vm_delta_mv": 0.392066955566406
  },
  {
    "bridge_balance_mohm": 8.97435855865479,
    "id": 396304016,
    "leak_pa": 0.0,
    "num_spikes": 1,
    "peak_deflection": 0.0,
    "post_noise_rms_mv": 0.0403554849326611,
    "post_vm_mv": -64.3727416992188,
    "pre_noise_rms_mv": 0.0306671280413866,
    "pre_vm_mv": -65.0748825073242,
    "slow_noise_rms_mv": 0.138305947184563,
    "slow_vm_mv": -65.0748825073242,
    "specimen_id": 313862306,
    "stimulus_absolute_amplitude": 299.999997066536,
    "stimulus_description": "C2SSHM60CS141203[2]",
    "stimulus_duration": 0.002995,
    "stimulus_interval": 0.0,
    "stimulus_name": "Short Square - Hold -60mV",
    "stimulus_relative_amplitude": 1.0,
    "stimulus_start_time": 0.92,
    "stimulus_units": "pA",
    "sweep_number": 90,
    "vm_delta_mv": 0.702140808105469
  },
  {
    "bridge_balance_mohm": 8.97435855865479,
    "id": 396303944,
    "leak_pa": 0.0,
    "num_spikes": 3,
    "peak_deflection": 0.0,
    "post_noise_rms_mv": 0.0394022762775421,
    "post_vm_mv": -73.3797912597656,
    "pre_noise_rms_mv": 0.037325594574213,
    "pre_vm_mv": -74.0468444824219,
    "slow_noise_rms_mv": 0.256169855594635,
    "slow_vm_mv": -74.0468444824219,
    "specimen_id": 313862306,
    "stimulus_absolute_amplitude": 390.000004513169,
    "stimulus_description": "C2SSTRIPLE141203[0]",
    "stimulus_duration": 0.016995,
    "stimulus_interval": 0.004,
    "stimulus_name": "Short Square - Triple",
    "stimulus_relative_amplitude": 3.9,
    "stimulus_start_time": 1.92,
    "stimulus_units": "pA",
    "sweep_number": 58,
    "vm_delta_mv": 0.66705322265625
  },
  {
    "bridge_balance_mohm": 8.97435855865479,
    "id": 396303964,
    "leak_pa": 0.0,
    "num_spikes": 3,
    "peak_deflection": 0.0,
    "post_noise_rms_mv": 0.0398540645837784,
    "post_vm_mv": -73.5142974853516,
    "pre_noise_rms_mv": 0.0357010774314404,
    "pre_vm_mv": -73.8787307739258,
    "slow_noise_rms_mv": 0.183174729347229,
    "slow_vm_mv": -73.8787307739258,
    "specimen_id": 313862306,
    "stimulus_absolute_amplitude": 390.000004513169,
    "stimulus_description": "C2SSTRIPLE141203[1]",
    "stimulus_duration": 0.024995,
    "stimulus_interval": 0.008,
    "stimulus_name": "Short Square - Triple",
    "stimulus_relative_amplitude": 3.9,
    "stimulus_start_time": 1.92,
    "stimulus_units": "pA",
    "sweep_number": 67,
    "vm_delta_mv": 0.364433288574219
  },
  {
    "bridge_balance_mohm": 8.97435855865479,
    "id": 396303968,
    "leak_pa": 0.0,
    "num_spikes": 3,
    "peak_deflection": 0.0,
    "post_noise_rms_mv": 0.0383307635784149,
    "post_vm_mv": -73.5903549194336,
    "pre_noise_rms_mv": 0.0390804633498192,
    "pre_vm_mv": -74.1439590454102,
    "slow_noise_rms_mv": 0.311898052692413,
    "slow_vm_mv": -74.1439590454102,
    "specimen_id": 313862306,
    "stimulus_absolute_amplitude": 390.000004513169,
    "stimulus_description": "C2SSTRIPLE141203[3]",
    "stimulus_duration": 0.040995,
    "stimulus_interval": 0.016,
    "stimulus_name": "Short Square - Triple",
    "stimulus_relative_amplitude": 3.9,
    "stimulus_start_time": 1.92,
    "stimulus_units": "pA",
    "sweep_number": 69,
    "vm_delta_mv": 0.553604125976562
  },
  {
    "bridge_balance_mohm": 8.97435855865479,
    "id": 396303974,
    "leak_pa": 0.0,
    "num_spikes": 3,
    "peak_deflection": 0.0,
    "post_noise_rms_mv": 0.0404591299593449,
    "post_vm_mv": -73.5800323486328,
    "pre_noise_rms_mv": 0.0361392609775066,
    "pre_vm_mv": -73.9256286621094,
    "slow_noise_rms_mv": 0.143991038203239,
    "slow_vm_mv": -73.9256286621094,
    "specimen_id": 313862306,
    "stimulus_absolute_amplitude": 390.000004513169,
    "stimulus_description": "C2SSTRIPLE141203[5]",
    "stimulus_duration": 0.056995,
    "stimulus_interval": 0.024,
    "stimulus_name": "Short Square - Triple",
    "stimulus_relative_amplitude": 3.9,
    "stimulus_start_time": 1.92,
    "stimulus_units": "pA",
    "sweep_number": 71,
    "vm_delta_mv": 0.345596313476562
  },
  {
    "bridge_balance_mohm": 8.97435855865479,
    "id": 396303852,
    "leak_pa": 0.0,
    "num_spikes": 1,
    "peak_deflection": 0.0,
    "post_noise_rms_mv": 0.0428697764873505,
    "post_vm_mv": -69.9181976318359,
    "pre_noise_rms_mv": 0.041510421782732,
    "pre_vm_mv": -72.8584365844727,
    "slow_noise_rms_mv": 0.111350737512112,
    "slow_vm_mv": -72.8584365844727,
    "specimen_id": 313862306,
    "stimulus_absolute_amplitude": 390.000004513169,
    "stimulus_description": "C1SSFINEST141203[0]",
    "stimulus_duration": 0.002995,
    "stimulus_interval": 0.0,
    "stimulus_name": "Short Square",
    "stimulus_relative_amplitude": 3.9,
    "stimulus_start_time": 0.92,
    "stimulus_units": "pA",
    "sweep_number": 16,
    "vm_delta_mv": 2.94023895263672
  },
  {
    "bridge_balance_mohm": 8.97435855865479,
    "id": 396303890,
    "leak_pa": 0.0,
    "num_spikes": 56,
    "peak_deflection": 0.0,
    "post_noise_rms_mv": 0.0437099523842335,
    "post_vm_mv": -71.8783264160156,
    "pre_noise_rms_mv": 0.0400468409061432,
    "pre_vm_mv": -73.5104141235352,
    "slow_noise_rms_mv": 0.167465627193451,
    "slow_vm_mv": -73.5104141235352,
    "specimen_id": 313862306,
    "stimulus_absolute_amplitude": 170.000000188075,
    "stimulus_description": "C1LSCOARSE141203[14]",
    "stimulus_duration": 0.999995,
    "stimulus_interval": 0.0,
    "stimulus_name": "Long Square",
    "stimulus_relative_amplitude": 1.0,
    "stimulus_start_time": 0.92,
    "stimulus_units": "pA",
    "sweep_number": 33,
    "vm_delta_mv": 1.63208770751953
  },
  {
    "bridge_balance_mohm": 0.0,
    "id": 396303826,
    "leak_pa": 0.0,
    "num_spikes": 0,
    "peak_deflection": 0.0,
    "post_noise_rms_mv": 0.0,
    "post_vm_mv": 0.0,
    "pre_noise_rms_mv": 0.0,
    "pre_vm_mv": 0.0,
    "slow_noise_rms_mv": 0.0,
    "slow_vm_mv": 0.0,
    "specimen_id": 313862306,
    "stimulus_absolute_amplitude": 9.99999977648258,
    "stimulus_description": "EXTPSMOKET141203[0]",
    "stimulus_duration": 0.069995,
    "stimulus_interval": 0.05,
    "stimulus_name": "Test",
    "stimulus_relative_amplitude": 1.0,
    "stimulus_start_time": 0.03,
    "stimulus_units": "mV",
    "sweep_number": 0,
    "vm_delta_mv": 0.0
  },
  {
    "bridge_balance_mohm": 8.97435855865479,
    "id": 396303976,
    "leak_pa": 0.0,
    "num_spikes": 4,
    "peak_deflection": 0.0,
    "post_noise_rms_mv": 0.0411494411528111,
    "post_vm_mv": -73.3252182006836,
    "pre_noise_rms_mv": 0.0436963513493538,
    "pre_vm_mv": -73.9847412109375,
    "slow_noise_rms_mv": 0.11039175838232,
    "slow_vm_mv": -73.9847412109375,
    "specimen_id": 313862306,
    "stimulus_absolute_amplitude": 390.000004513169,
    "stimulus_description": "C2SSTRIPLE141203[6]",
    "stimulus_duration": 0.064995,
    "stimulus_interval": 0.028,
    "stimulus_name": "Short Square - Triple",
    "stimulus_relative_amplitude": 3.9,
    "stimulus_start_time": 1.92,
    "stimulus_units": "pA",
    "sweep_number": 72,
    "vm_delta_mv": 0.659523010253906
  },
  {
    "bridge_balance_mohm": 8.97435855865479,
    "id": 396303866,
    "leak_pa": 0.0,
    "num_spikes": 0,
    "peak_deflection": -93.5937576293945,
    "post_noise_rms_mv": 0.0499431788921356,
    "post_vm_mv": -71.9369964599609,
    "pre_noise_rms_mv": 0.0416537411510944,
    "pre_vm_mv": -72.094856262207,
    "slow_noise_rms_mv": 0.151494830846786,
    "slow_vm_mv": -72.094856262207,
    "specimen_id": 313862306,
    "stimulus_absolute_amplitude": -50.0000006675716,
    "stimulus_description": "C1LSCOARSE141203[3]",
    "stimulus_duration": 0.999995,
    "stimulus_interval": 0.0,
    "stimulus_name": "Long Square",
    "stimulus_relative_amplitude": 1.0,
    "stimulus_start_time": 0.92,
    "stimulus_units": "pA",
    "sweep_number": 22,
    "vm_delta_mv": 0.157859802246094
  },
  {
    "bridge_balance_mohm": 8.97435855865479,
    "id": 396303850,
    "leak_pa": 0.0,
    "num_spikes": 2,
    "peak_deflection": 0.0,
    "post_noise_rms_mv": 0.0394740253686905,
    "post_vm_mv": -67.9463806152344,
    "pre_noise_rms_mv": 0.0339229851961136,
    "pre_vm_mv": -72.5406112670898,
    "slow_noise_rms_mv": 0.169870153069496,
    "slow_vm_mv": -72.5406112670898,
    "specimen_id": 313862306,
    "stimulus_absolute_amplitude": 390.000004513169,
    "stimulus_description": "C1SSFINEST141203[0]",
    "stimulus_duration": 0.002995,
    "stimulus_interval": 0.0,
    "stimulus_name": "Short Square",
    "stimulus_relative_amplitude": 3.9,
    "stimulus_start_time": 0.92,
    "stimulus_units": "pA",
    "sweep_number": 15,
    "vm_delta_mv": 4.59423065185547
  },
  {
    "bridge_balance_mohm": 8.97435855865479,
    "id": 396303842,
    "leak_pa": 0.0,
    "num_spikes": 0,
    "peak_deflection": 0.0,
    "post_noise_rms_mv": 0.0365123525261879,
    "post_vm_mv": -71.8803558349609,
    "pre_noise_rms_mv": 0.0420528575778008,
    "pre_vm_mv": -72.9931869506836,
    "slow_noise_rms_mv": 0.124251395463943,
    "slow_vm_mv": -72.9931869506836,
    "specimen_id": 313862306,
    "stimulus_absolute_amplitude": 350.000001203554,
    "stimulus_description": "C1SSFINEST141203[0]",
    "stimulus_duration": 0.002995,
    "stimulus_interval": 0.0,
    "stimulus_name": "Short Square",
    "stimulus_relative_amplitude": 3.5,
    "stimulus_start_time": 0.92,
    "stimulus_units": "pA",
    "sweep_number": 11,
    "vm_delta_mv": 1.11283111572266
  },
  {
    "bridge_balance_mohm": 8.97435855865479,
    "id": 396303876,
    "leak_pa": 0.0,
    "num_spikes": 13,
    "peak_deflection": 0.0,
    "post_noise_rms_mv": 0.0370187945663929,
    "post_vm_mv": -71.2478179931641,
    "pre_noise_rms_mv": 0.0402552634477615,
    "pre_vm_mv": -71.8504028320312,
    "slow_noise_rms_mv": 0.159447774291039,
    "slow_vm_mv": -71.8504028320312,
    "specimen_id": 313862306,
    "stimulus_absolute_amplitude": 50.0000006675716,
    "stimulus_description": "C1LSCOARSE141203[8]",
    "stimulus_duration": 0.999995,
    "stimulus_interval": 0.0,
    "stimulus_name": "Long Square",
    "stimulus_relative_amplitude": 1.0,
    "stimulus_start_time": 0.92,
    "stimulus_units": "pA",
    "sweep_number": 27,
    "vm_delta_mv": 0.602584838867188
  },
  {
    "bridge_balance_mohm": 8.97435855865479,
    "id": 396303978,
    "leak_pa": 0.0,
    "num_spikes": 4,
    "peak_deflection": 0.0,
    "post_noise_rms_mv": 0.0388860590755939,
    "post_vm_mv": -73.3161697387695,
    "pre_noise_rms_mv": 0.0461549758911133,
    "pre_vm_mv": -74.1698989868164,
    "slow_noise_rms_mv": 0.208275035023689,
    "slow_vm_mv": -74.1698989868164,
    "specimen_id": 313862306,
    "stimulus_absolute_amplitude": 390.000004513169,
    "stimulus_description": "C2SSTRIPLE141203[7]",
    "stimulus_duration": 0.072995,
    "stimulus_interval": 0.032,
    "stimulus_name": "Short Square - Triple",
    "stimulus_relative_amplitude": 3.9,
    "stimulus_start_time": 1.92,
    "stimulus_units": "pA",
    "sweep_number": 73,
    "vm_delta_mv": 0.853729248046875
  },
  {
    "bridge_balance_mohm": 8.97435855865479,
    "id": 396303966,
    "leak_pa": 0.0,
    "num_spikes": 3,
    "peak_deflection": 0.0,
    "post_noise_rms_mv": 0.0405148416757584,
    "post_vm_mv": -73.5065612792969,
    "pre_noise_rms_mv": 0.0333352237939835,
    "pre_vm_mv": -74.047981262207,
    "slow_noise_rms_mv": 0.144054338335991,
    "slow_vm_mv": -74.047981262207,
    "specimen_id": 313862306,
    "stimulus_absolute_amplitude": 390.000004513169,
    "stimulus_description": "C2SSTRIPLE141203[2]",
    "stimulus_duration": 0.032995,
    "stimulus_interval": 0.012,
    "stimulus_name": "Short Square - Triple",
    "stimulus_relative_amplitude": 3.9,
    "stimulus_start_time": 1.92,
    "stimulus_units": "pA",
    "sweep_number": 68,
    "vm_delta_mv": 0.541419982910156
  },
  {
    "bridge_balance_mohm": 8.97435855865479,
    "id": 396304014,
    "leak_pa": 0.0,
    "num_spikes": 0,
    "peak_deflection": 0.0,
    "post_noise_rms_mv": 0.0357515253126621,
    "post_vm_mv": -74.6484985351562,
    "pre_noise_rms_mv": 0.0365645997226238,
    "pre_vm_mv": -75.3649291992188,
    "slow_noise_rms_mv": 0.156981915235519,
    "slow_vm_mv": -75.3649291992188,
    "specimen_id": 313862306,
    "stimulus_absolute_amplitude": 299.999997066536,
    "stimulus_description": "C1SSCOARSE141203[2]",
    "stimulus_duration": 0.002995,
    "stimulus_interval": 0.0,
    "stimulus_name": "Short Square",
    "stimulus_relative_amplitude": 1.0,
    "stimulus_start_time": 0.92,
    "stimulus_units": "pA",
    "sweep_number": 9,
    "vm_delta_mv": 0.7164306640625
  },
  {
    "bridge_balance_mohm": 8.97435855865479,
    "id": 396303904,
    "leak_pa": 0.0,
    "num_spikes": 14,
    "peak_deflection": 0.0,
    "post_noise_rms_mv": 0.0,
    "post_vm_mv": 0.0,
    "pre_noise_rms_mv": 0.0394460335373878,
    "pre_vm_mv": -73.1026916503906,
    "slow_noise_rms_mv": 0.160100042819977,
    "slow_vm_mv": -73.1026916503906,
    "specimen_id": 313862306,
    "stimulus_absolute_amplitude": 800.000010681146,
    "stimulus_description": "C1RP25PR1S141203[0]",
    "stimulus_duration": 31.997495,
    "stimulus_interval": 0.0,
    "stimulus_name": "Ramp",
    "stimulus_relative_amplitude": 1.0,
    "stimulus_start_time": 0.9225,
    "stimulus_units": "pA",
    "sweep_number": 4,
    "vm_delta_mv": 0.0
  },
  {
    "bridge_balance_mohm": 8.97435855865479,
    "id": 396303864,
    "leak_pa": 0.0,
    "num_spikes": 0,
    "peak_deflection": -100.65625,
    "post_noise_rms_mv": 0.0392444953322411,
    "post_vm_mv": -72.0437088012695,
    "pre_noise_rms_mv": 0.0296297017484903,
    "pre_vm_mv": -72.8626403808594,
    "slow_noise_rms_mv": 0.158972963690758,
    "slow_vm_mv": -72.8626403808594,
    "specimen_id": 313862306,
    "stimulus_absolute_amplitude": -69.9999988529321,
    "stimulus_description": "C1LSCOARSE141203[2]",
    "stimulus_duration": 0.999995,
    "stimulus_interval": 0.0,
    "stimulus_name": "Long Square",
    "stimulus_relative_amplitude": 1.0,
    "stimulus_start_time": 0.92,
    "stimulus_units": "pA",
    "sweep_number": 21,
    "vm_delta_mv": 0.818931579589844
  },
  {
    "bridge_balance_mohm": 8.97435855865479,
    "id": 396303924,
    "leak_pa": 0.0,
    "num_spikes": 83,
    "peak_deflection": 0.0,
    "post_noise_rms_mv": 0.0377686433494091,
    "post_vm_mv": -71.9708786010742,
    "pre_noise_rms_mv": 0.0415017977356911,
    "pre_vm_mv": -73.2812652587891,
    "slow_noise_rms_mv": 0.147749245166779,
    "slow_vm_mv": -73.2812652587891,
    "specimen_id": 313862306,
    "stimulus_absolute_amplitude": 110.000002162547,
    "stimulus_description": "C2SQRHELNG141203[0]",
    "stimulus_duration": 1.999995,
    "stimulus_interval": 0.0,
    "stimulus_name": "Square - 2s Suprathreshold",
    "stimulus_relative_amplitude": 1.1,
    "stimulus_start_time": 0.92,
    "stimulus_units": "pA",
    "sweep_number": 49,
    "vm_delta_mv": 1.31038665771484
  },
  {
    "bridge_balance_mohm": 8.97435855865479,
    "id": 396303940,
    "leak_pa": 0.0,
    "num_spikes": 3,
    "peak_deflection": 0.0,
    "post_noise_rms_mv": 0.0317208468914032,
    "post_vm_mv": -73.4474105834961,
    "pre_noise_rms_mv": 0.0364613234996796,
    "pre_vm_mv": -73.9679794311523,
    "slow_noise_rms_mv": 0.167449489235878,
    "slow_vm_mv": -73.9679794311523,
    "specimen_id": 313862306,
    "stimulus_absolute_amplitude": 390.000004513169,
    "stimulus_description": "C2SSTRIPLE141203[6]",
    "stimulus_duration": 0.064995,
    "stimulus_interval": 0.028,
    "stimulus_name": "Short Square - Triple",
    "stimulus_relative_amplitude": 3.9,
    "stimulus_start_time": 1.92,
    "stimulus_units": "pA",
    "sweep_number": 56,
    "vm_delta_mv": 0.52056884765625
  },
  {
    "bridge_balance_mohm": 8.97435855865479,
    "id": 396303874,
    "leak_pa": 0.0,
    "num_spikes": 2,
    "peak_deflection": 0.0,
    "post_noise_rms_mv": 0.0391244105994701,
    "post_vm_mv": -71.7764129638672,
    "pre_noise_rms_mv": 0.0312628671526909,
    "pre_vm_mv": -72.1558227539062,
    "slow_noise_rms_mv": 0.279404819011688,
    "slow_vm_mv": -72.1558227539062,
    "specimen_id": 313862306,
    "stimulus_absolute_amplitude": 29.9999990127642,
    "stimulus_description": "C1LSCOARSE141203[7]",
    "stimulus_duration": 0.999995,
    "stimulus_interval": 0.0,
    "stimulus_name": "Long Square",
    "stimulus_relative_amplitude": 1.0,
    "stimulus_start_time": 0.92,
    "stimulus_units": "pA",
    "sweep_number": 26,
    "vm_delta_mv": 0.379409790039062
  },
  {
    "bridge_balance_mohm": 8.97435855865479,
    "id": 396303984,
    "leak_pa": 0.0,
    "num_spikes": 0,
    "peak_deflection": 0.0,
    "post_noise_rms_mv": 0.0321568585932255,
    "post_vm_mv": -82.6364288330078,
    "pre_noise_rms_mv": 0.0387244299054146,
    "pre_vm_mv": -83.5448837280273,
    "slow_noise_rms_mv": 0.143219590187073,
    "slow_vm_mv": -83.5448837280273,
    "specimen_id": 313862306,
    "stimulus_absolute_amplitude": 299.999997066536,
    "stimulus_description": "C2SSHM80CS141203[2]",
    "stimulus_duration": 0.002995,
    "stimulus_interval": 0.0,
    "stimulus_name": "Short Square - Hold -80mV",
    "stimulus_relative_amplitude": 1.0,
    "stimulus_start_time": 0.92,
    "stimulus_units": "pA",
    "sweep_number": 76,
    "vm_delta_mv": 0.908454895019531
  },
  {
    "bridge_balance_mohm": 8.97435855865479,
    "id": 396303970,
    "leak_pa": 0.0,
    "num_spikes": 0,
    "peak_deflection": 0.0,
    "post_noise_rms_mv": 0.03319201618433,
    "post_vm_mv": -74.9801330566406,
    "pre_noise_rms_mv": 0.0395096577703953,
    "pre_vm_mv": -75.2865447998047,
    "slow_noise_rms_mv": 0.0993697345256805,
    "slow_vm_mv": -75.2865447998047,
    "specimen_id": 313862306,
    "stimulus_absolute_amplitude": 100.000001335143,
    "stimulus_description": "C1SSCOARSE141203[0]",
    "stimulus_duration": 0.002995,
    "stimulus_interval": 0.0,
    "stimulus_name": "Short Square",
    "stimulus_relative_amplitude": 1.0,
    "stimulus_start_time": 0.92,
    "stimulus_units": "pA",
    "sweep_number": 7,
    "vm_delta_mv": 0.306411743164062
  },
  {
    "bridge_balance_mohm": 8.97435855865479,
    "id": 396303956,
    "leak_pa": 0.0,
    "num_spikes": 3,
    "peak_deflection": 0.0,
    "post_noise_rms_mv": 0.0422066189348698,
    "post_vm_mv": -73.5542144775391,
    "pre_noise_rms_mv": 0.0376263149082661,
    "pre_vm_mv": -73.9874114990234,
    "slow_noise_rms_mv": 0.189706340432167,
    "slow_vm_mv": -73.9874114990234,
    "specimen_id": 313862306,
    "stimulus_absolute_amplitude": 390.000004513169,
    "stimulus_description": "C2SSTRIPLE141203[5]",
    "stimulus_duration": 0.056995,
    "stimulus_interval": 0.024,
    "stimulus_name": "Short Square - Triple",
    "stimulus_relative_amplitude": 3.9,
    "stimulus_start_time": 1.92,
    "stimulus_units": "pA",
    "sweep_number": 63,
    "vm_delta_mv": 0.433197021484375
  },
  {
    "bridge_balance_mohm": 0.0,
    "id": 396303882,
    "leak_pa": 0.0,
    "num_spikes": 0,
    "peak_deflection": 0.0,
    "post_noise_rms_mv": 0.0,
    "post_vm_mv": 0.0,
    "pre_noise_rms_mv": 0.0,
    "pre_vm_mv": 0.0,
    "slow_noise_rms_mv": 0.0,
    "slow_vm_mv": 0.0,
    "specimen_id": 313862306,
    "stimulus_absolute_amplitude": 9.99999977648258,
    "stimulus_description": "EXTPBREAKN141203[0]",
    "stimulus_duration": 0.069995,
    "stimulus_interval": 0.05,
    "stimulus_name": "Test",
    "stimulus_relative_amplitude": 1.0,
    "stimulus_start_time": 0.03,
    "stimulus_units": "mV",
    "sweep_number": 3,
    "vm_delta_mv": 0.0
  },
  {
    "bridge_balance_mohm": 0.0,
    "id": 396303836,
    "leak_pa": 0.0,
    "num_spikes": 0,
    "peak_deflection": 0.0,
    "post_noise_rms_mv": 0.0,
    "post_vm_mv": 0.0,
    "pre_noise_rms_mv": 0.0,
    "pre_vm_mv": 0.0,
    "slow_noise_rms_mv": 0.0,
    "slow_vm_mv": 0.0,
    "specimen_id": 313862306,
    "stimulus_absolute_amplitude": 9.99999977648258,
    "stimulus_description": "EXTPEXPEND141203[0]",
    "stimulus_duration": 0.069995,
    "stimulus_interval": 0.05,
    "stimulus_name": "Test",
    "stimulus_relative_amplitude": 1.0,
    "stimulus_start_time": 0.03,
    "stimulus_units": "mV",
    "sweep_number": 102,
    "vm_delta_mv": 0.0
  },
  {
    "bridge_balance_mohm": 8.97435855865479,
    "id": 396304032,
    "leak_pa": 0.0,
    "num_spikes": 1,
    "peak_deflection": 0.0,
    "post_noise_rms_mv": 0.0422971248626709,
    "post_vm_mv": -65.0605010986328,
    "pre_noise_rms_mv": 0.038948405534029,
    "pre_vm_mv": -65.7208633422852,
    "slow_noise_rms_mv": 0.193346560001373,
    "slow_vm_mv": -65.7208633422852,
    "specimen_id": 313862306,
    "stimulus_absolute_amplitude": 259.999993756921,
    "stimulus_description": "C2SSHM60FN141203[0]",
    "stimulus_duration": 0.002995,
    "stimulus_interval": 0.0,
    "stimulus_name": "Short Square - Hold -60mV",
    "stimulus_relative_amplitude": 2.6,
    "stimulus_start_time": 0.92,
    "stimulus_units": "pA",
    "sweep_number": 98,
    "vm_delta_mv": 0.660362243652344
  },
  {
    "bridge_balance_mohm": 8.97435855865479,
    "id": 396303942,
    "leak_pa": 0.0,
    "num_spikes": 4,
    "peak_deflection": 0.0,
    "post_noise_rms_mv": 0.0350604318082333,
    "post_vm_mv": -73.6499862670898,
    "pre_noise_rms_mv": 0.0399626344442368,
    "pre_vm_mv": -74.1064300537109,
    "slow_noise_rms_mv": 0.126129686832428,
    "slow_vm_mv": -74.1064300537109,
    "specimen_id": 313862306,
    "stimulus_absolute_amplitude": 390.000004513169,
    "stimulus_description": "C2SSTRIPLE141203[7]",
    "stimulus_duration": 0.072995,
    "stimulus_interval": 0.032,
    "stimulus_name": "Short Square - Triple",
    "stimulus_relative_amplitude": 3.9,
    "stimulus_start_time": 1.92,
    "stimulus_units": "pA",
    "sweep_number": 57,
    "vm_delta_mv": 0.456443786621094
  },
  {
    "bridge_balance_mohm": 8.97435855865479,
    "id": 396303878,
    "leak_pa": 0.0,
    "num_spikes": 24,
    "peak_deflection": 0.0,
    "post_noise_rms_mv": 0.0440327897667885,
    "post_vm_mv": -71.0985412597656,
    "pre_noise_rms_mv": 0.0361527726054192,
    "pre_vm_mv": -71.9853057861328,
    "slow_noise_rms_mv": 0.195174142718315,
    "slow_vm_mv": -71.9853057861328,
    "specimen_id": 313862306,
    "stimulus_absolute_amplitude": 69.9999988529321,
    "stimulus_description": "C1LSCOARSE141203[9]",
    "stimulus_duration": 0.999995,
    "stimulus_interval": 0.0,
    "stimulus_name": "Long Square",
    "stimulus_relative_amplitude": 1.0,
    "stimulus_start_time": 0.92,
    "stimulus_units": "pA",
    "sweep_number": 28,
    "vm_delta_mv": 0.886764526367188
  },
  {
    "bridge_balance_mohm": 8.97435855865479,
    "id": 396303920,
    "leak_pa": 0.0,
    "num_spikes": 82,
    "peak_deflection": 0.0,
    "post_noise_rms_mv": 0.0263514090329409,
    "post_vm_mv": -72.2070388793945,
    "pre_noise_rms_mv": 0.0449224337935448,
    "pre_vm_mv": -73.5740127563477,
    "slow_noise_rms_mv": 0.17297126352787,
    "slow_vm_mv": -73.5740127563477,
    "specimen_id": 313862306,
    "stimulus_absolute_amplitude": 110.000002162547,
    "stimulus_description": "C2SQRHELNG141203[0]",
    "stimulus_duration": 1.999995,
    "stimulus_interval": 0.0,
    "stimulus_name": "Square - 2s Suprathreshold",
    "stimulus_relative_amplitude": 1.1,
    "stimulus_start_time": 0.92,
    "stimulus_units": "pA",
    "sweep_number": 47,
    "vm_delta_mv": 1.36697387695312
  },
  {
    "bridge_balance_mohm": 8.97435855865479,
    "id": 396304002,
    "leak_pa": 0.0,
    "num_spikes": 2,
    "peak_deflection": 0.0,
    "post_noise_rms_mv": 0.0385773405432701,
    "post_vm_mv": -77.4069061279297,
    "pre_noise_rms_mv": 0.0338767096400261,
    "pre_vm_mv": -82.5008850097656,
    "slow_noise_rms_mv": 0.0919521600008011,
    "slow_vm_mv": -82.5008850097656,
    "specimen_id": 313862306,
    "stimulus_absolute_amplitude": 509.999986686438,
    "stimulus_description": "C2SSHM80FN141203[0]",
    "stimulus_duration": 0.002995,
    "stimulus_interval": 0.0,
    "stimulus_name": "Short Square - Hold -80mV",
    "stimulus_relative_amplitude": 5.1,
    "stimulus_start_time": 0.92,
    "stimulus_units": "pA",
    "sweep_number": 84,
    "vm_delta_mv": 5.09397888183594
  },
  {
    "bridge_balance_mohm": 8.97435855865479,
    "id": 396303972,
    "leak_pa": 0.0,
    "num_spikes": 3,
    "peak_deflection": 0.0,
    "post_noise_rms_mv": 0.0365746803581715,
    "post_vm_mv": -73.4175338745117,
    "pre_noise_rms_mv": 0.0396372266113758,
    "pre_vm_mv": -73.8194427490234,
    "slow_noise_rms_mv": 0.149314612150192,
    "slow_vm_mv": -73.8194427490234,
    "specimen_id": 313862306,
    "stimulus_absolute_amplitude": 390.000004513169,
    "stimulus_description": "C2SSTRIPLE141203[4]",
    "stimulus_duration": 0.048995,
    "stimulus_interval": 0.02,
    "stimulus_name": "Short Square - Triple",
    "stimulus_relative_amplitude": 3.9,
    "stimulus_start_time": 1.92,
    "stimulus_units": "pA",
    "sweep_number": 70,
    "vm_delta_mv": 0.401908874511719
  },
  {
    "bridge_balance_mohm": 8.97435855865479,
    "id": 396304008,
    "leak_pa": 0.0,
    "num_spikes": 2,
    "peak_deflection": 0.0,
    "post_noise_rms_mv": 0.0468234308063984,
    "post_vm_mv": -77.1012725830078,
    "pre_noise_rms_mv": 0.0376740694046021,
    "pre_vm_mv": -82.0226516723633,
    "slow_noise_rms_mv": 0.142394840717316,
    "slow_vm_mv": -82.0226516723633,
    "specimen_id": 313862306,
    "stimulus_absolute_amplitude": 509.999986686438,
    "stimulus_description": "C2SSHM80FN141203[0]",
    "stimulus_duration": 0.002995,
    "stimulus_interval": 0.0,
    "stimulus_name": "Short Square - Hold -80mV",
    "stimulus_relative_amplitude": 5.1,
    "stimulus_start_time": 0.92,
    "stimulus_units": "pA",
    "sweep_number": 87,
    "vm_delta_mv": 4.92137908935547
  },
  {
    "bridge_balance_mohm": 8.97435855865479,
    "id": 396303846,
    "leak_pa": 0.0,
    "num_spikes": 0,
    "peak_deflection": 0.0,
    "post_noise_rms_mv": 0.0400429032742977,
    "post_vm_mv": -71.8011093139648,
    "pre_noise_rms_mv": 0.032001718878746,
    "pre_vm_mv": -73.0135879516602,
    "slow_noise_rms_mv": 0.112048104405403,
    "slow_vm_mv": -73.0135879516602,
    "specimen_id": 313862306,
    "stimulus_absolute_amplitude": 380.000003685765,
    "stimulus_description": "C1SSFINEST141203[0]",
    "stimulus_duration": 0.002995,
    "stimulus_interval": 0.0,
    "stimulus_name": "Short Square",
    "stimulus_relative_amplitude": 3.8,
    "stimulus_start_time": 0.92,
    "stimulus_units": "pA",
    "sweep_number": 13,
    "vm_delta_mv": 1.21247863769531
  },
  {
    "bridge_balance_mohm": 8.97435855865479,
    "id": 396303988,
    "leak_pa": 0.0,
    "num_spikes": 0,
    "peak_deflection": 0.0,
    "post_noise_rms_mv": 0.0432638190686703,
    "post_vm_mv": -82.4772567749023,
    "pre_noise_rms_mv": 0.0429499298334122,
    "pre_vm_mv": -83.5929565429688,
    "slow_noise_rms_mv": 0.14906907081604,
    "slow_vm_mv": -83.5929565429688,
    "specimen_id": 313862306,
    "stimulus_absolute_amplitude": 499.999985859034,
    "stimulus_description": "C2SSHM80CS141203[4]",
    "stimulus_duration": 0.002995,
    "stimulus_interval": 0.0,
    "stimulus_name": "Short Square - Hold -80mV",
    "stimulus_relative_amplitude": 1.0,
    "stimulus_start_time": 0.92,
    "stimulus_units": "pA",
    "sweep_number": 78,
    "vm_delta_mv": 1.11569976806641
  },
  {
    "bridge_balance_mohm": 8.97435855865479,
    "id": 396304010,
    "leak_pa": 0.0,
    "num_spikes": 0,
    "peak_deflection": 0.0,
    "post_noise_rms_mv": 0.0421659611165524,
    "post_vm_mv": -64.5546646118164,
    "pre_noise_rms_mv": 0.0346423573791981,
    "pre_vm_mv": -64.7465515136719,
    "slow_noise_rms_mv": 0.151790082454681,
    "slow_vm_mv": -64.7465515136719,
    "specimen_id": 313862306,
    "stimulus_absolute_amplitude": 100.000001335143,
    "stimulus_description": "C2SSHM60CS141203[0]",
    "stimulus_duration": 0.002995,
    "stimulus_interval": 0.0,
    "stimulus_name": "Short Square - Hold -60mV",
    "stimulus_relative_amplitude": 1.0,
    "stimulus_start_time": 0.92,
    "stimulus_units": "pA",
    "sweep_number": 88,
    "vm_delta_mv": 0.191886901855469
  },
  {
    "bridge_balance_mohm": 8.97435855865479,
    "id": 396303934,
    "leak_pa": 0.0,
    "num_spikes": 3,
    "peak_deflection": 0.0,
    "post_noise_rms_mv": 0.0427213832736015,
    "post_vm_mv": -73.567024230957,
    "pre_noise_rms_mv": 0.0357981882989407,
    "pre_vm_mv": -73.9662857055664,
    "slow_noise_rms_mv": 0.137478888034821,
    "slow_vm_mv": -73.9662857055664,
    "specimen_id": 313862306,
    "stimulus_absolute_amplitude": 390.000004513169,
    "stimulus_description": "C2SSTRIPLE141203[3]",
    "stimulus_duration": 0.040995,
    "stimulus_interval": 0.016,
    "stimulus_name": "Short Square - Triple",
    "stimulus_relative_amplitude": 3.9,
    "stimulus_start_time": 1.92,
    "stimulus_units": "pA",
    "sweep_number": 53,
    "vm_delta_mv": 0.399261474609375
  },
  {
    "bridge_balance_mohm": 8.97435855865479,
    "id": 396304020,
    "leak_pa": 0.0,
    "num_spikes": 0,
    "peak_deflection": 0.0,
    "post_noise_rms_mv": 0.0350933447480202,
    "post_vm_mv": -64.9094085693359,
    "pre_noise_rms_mv": 0.0419535487890244,
    "pre_vm_mv": -65.7719192504883,
    "slow_noise_rms_mv": 0.185056418180466,
    "slow_vm_mv": -65.7719192504883,
    "specimen_id": 313862306,
    "stimulus_absolute_amplitude": 239.999992102113,
    "stimulus_description": "C2SSHM60FN141203[0]",
    "stimulus_duration": 0.002995,
    "stimulus_interval": 0.0,
    "stimulus_name": "Short Square - Hold -60mV",
    "stimulus_relative_amplitude": 2.4,
    "stimulus_start_time": 0.92,
    "stimulus_units": "pA",
    "sweep_number": 92,
    "vm_delta_mv": 0.862510681152344
  },
  {
    "bridge_balance_mohm": 8.97435855865479,
    "id": 396303948,
    "leak_pa": 0.0,
    "num_spikes": 16,
    "peak_deflection": 0.0,
    "post_noise_rms_mv": 0.0,
    "post_vm_mv": 0.0,
    "pre_noise_rms_mv": 0.0276727415621281,
    "pre_vm_mv": -70.7452621459961,
    "slow_noise_rms_mv": 0.106252178549767,
    "slow_vm_mv": -70.7452621459961,
    "specimen_id": 313862306,
    "stimulus_absolute_amplitude": 800.000010681146,
    "stimulus_description": "C1RP25PR1S141203[0]",
    "stimulus_duration": 31.997495,
    "stimulus_interval": 0.0,
    "stimulus_name": "Ramp",
    "stimulus_relative_amplitude": 1.0,
    "stimulus_start_time": 0.9225,
    "stimulus_units": "pA",
    "sweep_number": 6,
    "vm_delta_mv": 0.0
  },
  {
    "bridge_balance_mohm": 8.97435855865479,
    "id": 396304026,
    "leak_pa": 0.0,
    "num_spikes": 1,
    "peak_deflection": 0.0,
    "post_noise_rms_mv": 0.0376597717404366,
    "post_vm_mv": -65.034782409668,
    "pre_noise_rms_mv": 0.0404175855219364,
    "pre_vm_mv": -65.9419250488281,
    "slow_noise_rms_mv": 0.214835777878761,
    "slow_vm_mv": -65.9419250488281,
    "specimen_id": 313862306,
    "stimulus_absolute_amplitude": 259.999993756921,
    "stimulus_description": "C2SSHM60FN141203[0]",
    "stimulus_duration": 0.002995,
    "stimulus_interval": 0.0,
    "stimulus_name": "Short Square - Hold -60mV",
    "stimulus_relative_amplitude": 2.6,
    "stimulus_start_time": 0.92,
    "stimulus_units": "pA",
    "sweep_number": 95,
    "vm_delta_mv": 0.907142639160156
  },
  {
    "bridge_balance_mohm": 8.97435855865479,
    "id": 396303834,
    "leak_pa": 0.0,
    "num_spikes": 201,
    "peak_deflection": 0.0,
    "post_noise_rms_mv": 0.0375357940793037,
    "post_vm_mv": -69.9700622558594,
    "pre_noise_rms_mv": 0.042451623827219,
    "pre_vm_mv": -73.9218597412109,
    "slow_noise_rms_mv": 0.452319324016571,
    "slow_vm_mv": -73.9218597412109,
    "specimen_id": 313862306,
    "stimulus_absolute_amplitude": 76.7500021869871,
    "stimulus_description": "C2NSRMPRHE141203[0]",
    "stimulus_duration": 29.99993,
    "stimulus_interval": 5.5e-05,
    "stimulus_name": "Ramp to Rheobase",
    "stimulus_relative_amplitude": 0.3,
    "stimulus_start_time": 1.920065,
    "stimulus_units": "pA",
    "sweep_number": 101,
    "vm_delta_mv": 3.95179748535156
  },
  {
    "bridge_balance_mohm": 8.97435855865479,
    "id": 396303928,
    "leak_pa": 0.0,
    "num_spikes": 3,
    "peak_deflection": 0.0,
    "post_noise_rms_mv": 0.0402142964303493,
    "post_vm_mv": -73.6337585449219,
    "pre_noise_rms_mv": 0.0371407642960548,
    "pre_vm_mv": -74.25146484375,
    "slow_noise_rms_mv": 0.161596938967705,
    "slow_vm_mv": -74.25146484375,
    "specimen_id": 313862306,
    "stimulus_absolute_amplitude": 390.000004513169,
    "stimulus_description": "C2SSTRIPLE141203[0]",
    "stimulus_duration": 0.016995,
    "stimulus_interval": 0.004,
    "stimulus_name": "Short Square - Triple",
    "stimulus_relative_amplitude": 3.9,
    "stimulus_start_time": 1.92,
    "stimulus_units": "pA",
    "sweep_number": 50,
    "vm_delta_mv": 0.617706298828125
  },
  {
    "bridge_balance_mohm": 8.97435855865479,
    "id": 396303862,
    "leak_pa": 0.0,
    "num_spikes": 0,
    "peak_deflection": -106.28125,
    "post_noise_rms_mv": 0.0370236225426197,
    "post_vm_mv": -72.4618072509766,
    "pre_noise_rms_mv": 0.0351497232913971,
    "pre_vm_mv": -72.7043380737305,
    "slow_noise_rms_mv": 0.147460922598839,
    "slow_vm_mv": -72.7043380737305,
    "specimen_id": 313862306,
    "stimulus_absolute_amplitude": -90.0000005077395,
    "stimulus_description": "C1LSCOARSE141203[1]",
    "stimulus_duration": 0.999995,
    "stimulus_interval": 0.0,
    "stimulus_name": "Long Square",
    "stimulus_relative_amplitude": 1.0,
    "stimulus_start_time": 0.92,
    "stimulus_units": "pA",
    "sweep_number": 20,
    "vm_delta_mv": 0.242530822753906
  },
  {
    "bridge_balance_mohm": 8.97435855865479,
    "id": 396303960,
    "leak_pa": 0.0,
    "num_spikes": 3,
    "peak_deflection": 0.0,
    "post_noise_rms_mv": 0.0421761833131313,
    "post_vm_mv": -73.6098709106445,
    "pre_noise_rms_mv": 0.0413372963666916,
    "pre_vm_mv": -73.6826095581055,
    "slow_noise_rms_mv": 0.230878755450249,
    "slow_vm_mv": -73.6826095581055,
    "specimen_id": 313862306,
    "stimulus_absolute_amplitude": 390.000004513169,
    "stimulus_description": "C2SSTRIPLE141203[7]",
    "stimulus_duration": 0.072995,
    "stimulus_interval": 0.032,
    "stimulus_name": "Short Square - Triple",
    "stimulus_relative_amplitude": 3.9,
    "stimulus_start_time": 1.92,
    "stimulus_units": "pA",
    "sweep_number": 65,
    "vm_delta_mv": 0.0727386474609375
  },
  {
    "bridge_balance_mohm": 8.97435855865479,
    "id": 396303982,
    "leak_pa": 0.0,
    "num_spikes": 0,
    "peak_deflection": 0.0,
    "post_noise_rms_mv": 0.0372394695878029,
    "post_vm_mv": -82.9653396606445,
    "pre_noise_rms_mv": 0.0374424085021019,
    "pre_vm_mv": -83.4438323974609,
    "slow_noise_rms_mv": 0.122778870165348,
    "slow_vm_mv": -83.4438323974609,
    "specimen_id": 313862306,
    "stimulus_absolute_amplitude": 200.000002670286,
    "stimulus_description": "C2SSHM80CS141203[1]",
    "stimulus_duration": 0.002995,
    "stimulus_interval": 0.0,
    "stimulus_name": "Short Square - Hold -80mV",
    "stimulus_relative_amplitude": 1.0,
    "stimulus_start_time": 0.92,
    "stimulus_units": "pA",
    "sweep_number": 75,
    "vm_delta_mv": 0.478492736816406
  },
  {
    "bridge_balance_mohm": 8.97435855865479,
    "id": 396303990,
    "leak_pa": 0.0,
    "num_spikes": 2,
    "peak_deflection": 0.0,
    "post_noise_rms_mv": 0.034017950296402,
    "post_vm_mv": -78.7316665649414,
    "pre_noise_rms_mv": 0.0376807413995266,
    "pre_vm_mv": -83.8340148925781,
    "slow_noise_rms_mv": 0.113749139010906,
    "slow_vm_mv": -83.8340148925781,
    "specimen_id": 313862306,
    "stimulus_absolute_amplitude": 599.999994133071,
    "stimulus_description": "C2SSHM80CS141203[5]",
    "stimulus_duration": 0.002995,
    "stimulus_interval": 0.0,
    "stimulus_name": "Short Square - Hold -80mV",
    "stimulus_relative_amplitude": 1.0,
    "stimulus_start_time": 0.92,
    "stimulus_units": "pA",
    "sweep_number": 79,
    "vm_delta_mv": 5.10234832763672
  },
  {
    "bridge_balance_mohm": 8.97435855865479,
    "id": 396303912,
    "leak_pa": 0.0,
    "num_spikes": 2,
    "peak_deflection": 0.0,
    "post_noise_rms_mv": 0.0408676005899906,
    "post_vm_mv": -74.937141418457,
    "pre_noise_rms_mv": 0.0423048362135887,
    "pre_vm_mv": -75.2628479003906,
    "slow_noise_rms_mv": 0.135162532329559,
    "slow_vm_mv": -75.2628479003906,
    "specimen_id": 313862306,
    "stimulus_absolute_amplitude": 29.9999990127642,
    "stimulus_description": "C2SQRHELNG141203[0]",
    "stimulus_duration": 1.999995,
    "stimulus_interval": 0.0,
    "stimulus_name": "Square - 2s Suprathreshold",
    "stimulus_relative_amplitude": 0.3,
    "stimulus_start_time": 0.92,
    "stimulus_units": "pA",
    "sweep_number": 43,
    "vm_delta_mv": 0.325706481933594
  },
  {
    "bridge_balance_mohm": 8.97435855865479,
    "id": 396304012,
    "leak_pa": 0.0,
    "num_spikes": 0,
    "peak_deflection": 0.0,
    "post_noise_rms_mv": 0.0436631068587303,
    "post_vm_mv": -64.3433532714844,
    "pre_noise_rms_mv": 0.0284645613282919,
    "pre_vm_mv": -64.9800186157227,
    "slow_noise_rms_mv": 0.178411602973938,
    "slow_vm_mv": -64.9800186157227,
    "specimen_id": 313862306,
    "stimulus_absolute_amplitude": 200.000002670286,
    "stimulus_description": "C2SSHM60CS141203[1]",
    "stimulus_duration": 0.002995,
    "stimulus_interval": 0.0,
    "stimulus_name": "Short Square - Hold -60mV",
    "stimulus_relative_amplitude": 1.0,
    "stimulus_start_time": 0.92,
    "stimulus_units": "pA",
    "sweep_number": 89,
    "vm_delta_mv": 0.636665344238281
  },
  {
    "bridge_balance_mohm": 0.0,
    "id": 396303860,
    "leak_pa": 0.0,
    "num_spikes": 0,
    "peak_deflection": 0.0,
    "post_noise_rms_mv": 0.0,
    "post_vm_mv": 0.0,
    "pre_noise_rms_mv": 0.0,
    "pre_vm_mv": 0.0,
    "slow_noise_rms_mv": 0.0,
    "slow_vm_mv": 0.0,
    "specimen_id": 313862306,
    "stimulus_absolute_amplitude": 9.99999977648258,
    "stimulus_description": "EXTPCllATT141203[0]",
    "stimulus_duration": 0.069995,
    "stimulus_interval": 0.05,
    "stimulus_name": "Test",
    "stimulus_relative_amplitude": 1.0,
    "stimulus_start_time": 0.03,
    "stimulus_units": "mV",
    "sweep_number": 2,
    "vm_delta_mv": 0.0
  },
  {
    "bridge_balance_mohm": 8.97435855865479,
    "id": 396303830,
    "leak_pa": 0.0,
    "num_spikes": 2,
    "peak_deflection": 0.0,
    "post_noise_rms_mv": 0.0333090722560883,
    "post_vm_mv": -68.3714218139648,
    "pre_noise_rms_mv": 0.0341453924775124,
    "pre_vm_mv": -72.9865036010742,
    "slow_noise_rms_mv": 0.102797836065292,
    "slow_vm_mv": -72.9865036010742,
    "specimen_id": 313862306,
    "stimulus_absolute_amplitude": 400.000005340573,
    "stimulus_description": "C1SSCOARSE141203[3]",
    "stimulus_duration": 0.002995,
    "stimulus_interval": 0.0,
    "stimulus_name": "Short Square",
    "stimulus_relative_amplitude": 1.0,
    "stimulus_start_time": 0.92,
    "stimulus_units": "pA",
    "sweep_number": 10,
    "vm_delta_mv": 4.61508178710938
  },
  {
    "bridge_balance_mohm": 8.97435855865479,
    "id": 396303954,
    "leak_pa": 0.0,
    "num_spikes": 3,
    "peak_deflection": 0.0,
    "post_noise_rms_mv": 0.0276728235185146,
    "post_vm_mv": -73.5736770629883,
    "pre_noise_rms_mv": 0.0381391271948814,
    "pre_vm_mv": -74.2016677856445,
    "slow_noise_rms_mv": 0.166360706090927,
    "slow_vm_mv": -74.2016677856445,
    "specimen_id": 313862306,
    "stimulus_absolute_amplitude": 390.000004513169,
    "stimulus_description": "C2SSTRIPLE141203[4]",
    "stimulus_duration": 0.048995,
    "stimulus_interval": 0.02,
    "stimulus_name": "Short Square - Triple",
    "stimulus_relative_amplitude": 3.9,
    "stimulus_start_time": 1.92,
    "stimulus_units": "pA",
    "sweep_number": 62,
    "vm_delta_mv": 0.62799072265625
  },
  {
    "bridge_balance_mohm": 0.0,
    "id": 396303838,
    "leak_pa": 0.0,
    "num_spikes": 0,
    "peak_deflection": 0.0,
    "post_noise_rms_mv": 0.0,
    "post_vm_mv": 0.0,
    "pre_noise_rms_mv": 0.0,
    "pre_vm_mv": 0.0,
    "slow_noise_rms_mv": 0.0,
    "slow_vm_mv": 0.0,
    "specimen_id": 313862306,
    "stimulus_absolute_amplitude": 9.99999977648258,
    "stimulus_description": "EXTPGGAEND141203[0]",
    "stimulus_duration": 0.069995,
    "stimulus_interval": 0.05,
    "stimulus_name": "Test",
    "stimulus_relative_amplitude": 1.0,
    "stimulus_start_time": 0.03,
    "stimulus_units": "mV",
    "sweep_number": 103,
    "vm_delta_mv": 0.0
  },
  {
    "bridge_balance_mohm": 0.0,
    "id": 396303840,
    "leak_pa": 0.0,
    "num_spikes": 0,
    "peak_deflection": 0.0,
    "post_noise_rms_mv": 0.0401563532650471,
    "post_vm_mv": -0.171202182769775,
    "pre_noise_rms_mv": 0.0368713177740574,
    "pre_vm_mv": -0.262889057397842,
    "slow_noise_rms_mv": 0.0741244480013847,
    "slow_vm_mv": -0.262889057397842,
    "specimen_id": 313862306,
    "stimulus_absolute_amplitude": 0.0,
    "stimulus_description": "EXTPBLWOUT141203[0]",
    "stimulus_duration": 0.0,
    "stimulus_interval": 0.0,
    "stimulus_name": "Test",
    "stimulus_relative_amplitude": 1.0,
    "stimulus_start_time": 0.0,
    "stimulus_units": "pA",
    "sweep_number": 104,
    "vm_delta_mv": 0.091686874628067
  },
  {
    "bridge_balance_mohm": 8.97435855865479,
    "id": 396304030,
    "leak_pa": 0.0,
    "num_spikes": 1,
    "peak_deflection": 0.0,
    "post_noise_rms_mv": 0.0349683575332165,
    "post_vm_mv": -65.1721878051758,
    "pre_noise_rms_mv": 0.0387869030237198,
    "pre_vm_mv": -65.8036270141602,
    "slow_noise_rms_mv": 0.176442921161652,
    "slow_vm_mv": -65.8036270141602,
    "specimen_id": 313862306,
    "stimulus_absolute_amplitude": 259.999993756921,
    "stimulus_description": "C2SSHM60FN141203[0]",
    "stimulus_duration": 0.002995,
    "stimulus_interval": 0.0,
    "stimulus_name": "Short Square - Hold -60mV",
    "stimulus_relative_amplitude": 2.6,
    "stimulus_start_time": 0.92,
    "stimulus_units": "pA",
    "sweep_number": 97,
    "vm_delta_mv": 0.631439208984375
  },
  {
    "bridge_balance_mohm": 8.97435855865479,
    "id": 396303986,
    "leak_pa": 0.0,
    "num_spikes": 0,
    "peak_deflection": 0.0,
    "post_noise_rms_mv": 0.0438350513577461,
    "post_vm_mv": -82.8072128295898,
    "pre_noise_rms_mv": 0.0311245024204254,
    "pre_vm_mv": -83.5257034301758,
    "slow_noise_rms_mv": 0.184286072850227,
    "slow_vm_mv": -83.5257034301758,
    "specimen_id": 313862306,
    "stimulus_absolute_amplitude": 400.000005340573,
    "stimulus_description": "C2SSHM80CS141203[3]",
    "stimulus_duration": 0.002995,
    "stimulus_interval": 0.0,
    "stimulus_name": "Short Square - Hold -80mV",
    "stimulus_relative_amplitude": 1.0,
    "stimulus_start_time": 0.92,
    "stimulus_units": "pA",
    "sweep_number": 77,
    "vm_delta_mv": 0.718490600585938
  },
  {
    "bridge_balance_mohm": 8.97435855865479,
    "id": 396303914,
    "leak_pa": 0.0,
    "num_spikes": 44,
    "peak_deflection": 0.0,
    "post_noise_rms_mv": 0.0400381162762642,
    "post_vm_mv": -73.8826446533203,
    "pre_noise_rms_mv": 0.0401061251759529,
    "pre_vm_mv": -75.3673629760742,
    "slow_noise_rms_mv": 0.193241894245148,
    "slow_vm_mv": -75.3673629760742,
    "specimen_id": 313862306,
    "stimulus_absolute_amplitude": 69.9999988529321,
    "stimulus_description": "C2SQRHELNG141203[0]",
    "stimulus_duration": 1.999995,
    "stimulus_interval": 0.0,
    "stimulus_name": "Square - 2s Suprathreshold",
    "stimulus_relative_amplitude": 0.7,
    "stimulus_start_time": 0.92,
    "stimulus_units": "pA",
    "sweep_number": 44,
    "vm_delta_mv": 1.48471832275391
  },
  {
    "bridge_balance_mohm": 8.97435855865479,
    "id": 396303856,
    "leak_pa": 0.0,
    "num_spikes": 1,
    "peak_deflection": 0.0,
    "post_noise_rms_mv": 0.0402622632682323,
    "post_vm_mv": -70.1064834594727,
    "pre_noise_rms_mv": 0.0398271009325981,
    "pre_vm_mv": -72.635139465332,
    "slow_noise_rms_mv": 0.106660276651382,
    "slow_vm_mv": -72.635139465332,
    "specimen_id": 313862306,
    "stimulus_absolute_amplitude": 390.000004513169,
    "stimulus_description": "C1SSFINEST141203[0]",
    "stimulus_duration": 0.002995,
    "stimulus_interval": 0.0,
    "stimulus_name": "Short Square",
    "stimulus_relative_amplitude": 3.9,
    "stimulus_start_time": 0.92,
    "stimulus_units": "pA",
    "sweep_number": 18,
    "vm_delta_mv": 2.52865600585938
  },
  {
    "bridge_balance_mohm": 8.97435855865479,
    "id": 396304024,
    "leak_pa": 0.0,
    "num_spikes": 1,
    "peak_deflection": 0.0,
    "post_noise_rms_mv": 0.0378623828291893,
    "post_vm_mv": -65.2234115600586,
    "pre_noise_rms_mv": 0.0393083393573761,
    "pre_vm_mv": -66.0562973022461,
    "slow_noise_rms_mv": 0.213010370731354,
    "slow_vm_mv": -66.0562973022461,
    "specimen_id": 313862306,
    "stimulus_absolute_amplitude": 259.999993756921,
    "stimulus_description": "C2SSHM60FN141203[0]",
    "stimulus_duration": 0.002995,
    "stimulus_interval": 0.0,
    "stimulus_name": "Short Square - Hold -60mV",
    "stimulus_relative_amplitude": 2.6,
    "stimulus_start_time": 0.92,
    "stimulus_units": "pA",
    "sweep_number": 94,
    "vm_delta_mv": 0.8328857421875
  },
  {
    "bridge_balance_mohm": 8.97435855865479,
    "id": 396303958,
    "leak_pa": 0.0,
    "num_spikes": 3,
    "peak_deflection": 0.0,
    "post_noise_rms_mv": 0.0405390113592148,
    "post_vm_mv": -73.5258483886719,
    "pre_noise_rms_mv": 0.0383665002882481,
    "pre_vm_mv": -73.9033126831055,
    "slow_noise_rms_mv": 0.182090058922768,
    "slow_vm_mv": -73.9033126831055,
    "specimen_id": 313862306,
    "stimulus_absolute_amplitude": 390.000004513169,
    "stimulus_description": "C2SSTRIPLE141203[6]",
    "stimulus_duration": 0.064995,
    "stimulus_interval": 0.028,
    "stimulus_name": "Short Square - Triple",
    "stimulus_relative_amplitude": 3.9,
    "stimulus_start_time": 1.92,
    "stimulus_units": "pA",
    "sweep_number": 64,
    "vm_delta_mv": 0.377464294433594
  },
  {
    "bridge_balance_mohm": 8.97435855865479,
    "id": 396303950,
    "leak_pa": 0.0,
    "num_spikes": 3,
    "peak_deflection": 0.0,
    "post_noise_rms_mv": 0.0373683050274849,
    "post_vm_mv": -73.8630676269531,
    "pre_noise_rms_mv": 0.0339946523308754,
    "pre_vm_mv": -74.3764724731445,
    "slow_noise_rms_mv": 0.165275856852531,
    "slow_vm_mv": -74.3764724731445,
    "specimen_id": 313862306,
    "stimulus_absolute_amplitude": 390.000004513169,
    "stimulus_description": "C2SSTRIPLE141203[2]",
    "stimulus_duration": 0.032995,
    "stimulus_interval": 0.012,
    "stimulus_name": "Short Square - Triple",
    "stimulus_relative_amplitude": 3.9,
    "stimulus_start_time": 1.92,
    "stimulus_units": "pA",
    "sweep_number": 60,
    "vm_delta_mv": 0.513404846191406
  },
  {
    "bridge_balance_mohm": 8.97435855865479,
    "id": 396303848,
    "leak_pa": 0.0,
    "num_spikes": 2,
    "peak_deflection": 0.0,
    "post_noise_rms_mv": 0.0386607274413109,
    "post_vm_mv": -68.0609130859375,
    "pre_noise_rms_mv": 0.0406150370836258,
    "pre_vm_mv": -72.8141555786133,
    "slow_noise_rms_mv": 0.163957163691521,
    "slow_vm_mv": -72.8141555786133,
    "specimen_id": 313862306,
    "stimulus_absolute_amplitude": 390.000004513169,
    "stimulus_description": "C1SSFINEST141203[0]",
    "stimulus_duration": 0.002995,
    "stimulus_interval": 0.0,
    "stimulus_name": "Short Square",
    "stimulus_relative_amplitude": 3.9,
    "stimulus_start_time": 0.92,
    "stimulus_units": "pA",
    "sweep_number": 14,
    "vm_delta_mv": 4.75324249267578
  }
]