{
    "cell":
    {
        "prefix": "L2-3",
        "dynamic_params": "L2-3_fit.json",
        "model_template": "ctdb:Biophys1.hoc",
        "morphology": "L2-3.swc",
        "model_processing": "aibs_allactive",
        "segments_file": "L2-3Segments.csv"
    },
    
    "lengths":
    {
        "basal_dist": 825,
        "basal_prox": 421,
        "apic": 914
    },

    "syn_density":
    {
        "exc": 2.16,
        "inh": 0.22
    },

    "n_soma_syns": 150,

    "divergence":
    {
        "exc": {"min":2, "max":8},
        "peri_inh": {"m":2.8, "s":1.9, "min":1, "max":5},
        "basal_inh": {"m":2.7, "s":1.6, "min":1 , "max":5},
        "apic_inh": {"m":12, "s":3, "min":6 , "max":18}
    },

    "groups":
    {
        "cells_per_group": 100,
        "cluster_radius": 5,
        "group_radius": 100
    },

    "file_current_clamp": {"input_file":"None"},

    "record_cellvars":
    {
        "vars": ["v"],
        "locs": ["soma"]
    },

    "inh_frs":
    {
        "proximal": {"m":16.9, "s":14.3, "rhythmicity":{"f":"None", "mod":"None"}},
        "distal": {"m":3.9, "s":4.9, "rhythmicity":{"f":"None", "mod":"None"}}
    },

    "time": {"start":0,"stop":5},
    "dL": 5,
    "dt": 0.1,

    "inh_shift": 2
}
