[
  {
    "bridge_balance_mohm": 11.5995121002197,
    "id": 471143809,
    "leak_pa": 0.0,
    "num_spikes": 0,
    "peak_deflection": 0.0,
    "post_noise_rms_mv": 0.0413019172847271,
    "post_vm_mv": -78.2446975708008,
    "pre_noise_rms_mv": 0.0435325652360916,
    "pre_vm_mv": -78.4111022949219,
    "slow_noise_rms_mv": 0.0844986811280251,
    "slow_vm_mv": -78.4111022949219,
    "specimen_id": 471141261,
    "stimulus_absolute_amplitude": 400.000005340573,
    "stimulus_description": "C1SSCOARSE150112[3]",
    "stimulus_duration": 0.002995,
    "stimulus_interval": 0.0,
    "stimulus_name": "Short Square",
    "stimulus_relative_amplitude": 1.0,
    "stimulus_start_time": 0.92,
    "stimulus_units": "pA",
    "sweep_number": 10,
    "vm_delta_mv": 0.166404724121094
  },
  {
    "bridge_balance_mohm": 13.1868133544922,
    "id": 471144083,
    "leak_pa": 0.0,
    "num_spikes": 23,
    "peak_deflection": 0.0,
    "post_noise_rms_mv": 0.0373149365186691,
    "post_vm_mv": -79.4379425048828,
    "pre_noise_rms_mv": 0.0350128635764122,
    "pre_vm_mv": -79.1004257202148,
    "slow_noise_rms_mv": 0.208247572183609,
    "slow_vm_mv": -79.1004257202148,
    "specimen_id": 471141261,
    "stimulus_absolute_amplitude": 249.999992929517,
    "stimulus_description": "C2SQRHELNG150216[0]",
    "stimulus_duration": 1.999995,
    "stimulus_interval": 0.0,
    "stimulus_name": "Square - 2s Suprathreshold",
    "stimulus_relative_amplitude": 2.5,
    "stimulus_start_time": 0.92,
    "stimulus_units": "pA",
    "sweep_number": 83,
    "vm_delta_mv": 0.337516784667969
  },
  {
    "bridge_balance_mohm": 11.5995121002197,
    "id": 471144045,
    "leak_pa": 0.0,
    "num_spikes": 85,
    "peak_deflection": 0.0,
    "post_noise_rms_mv": 0.0401790402829647,
    "post_vm_mv": -79.2274017333984,
    "pre_noise_rms_mv": 0.0443539656698704,
    "pre_vm_mv": -78.7515182495117,
    "slow_noise_rms_mv": 0.0856731310486794,
    "slow_vm_mv": -78.7515182495117,
    "specimen_id": 471141261,
    "stimulus_absolute_amplitude": 486.749973660494,
    "stimulus_description": "C1NSSEED_1150216[0]",
    "stimulus_duration": 18.999995,
    "stimulus_interval": 5.0,
    "stimulus_name": "Noise 1",
    "stimulus_relative_amplitude": 2.1,
    "stimulus_start_time": 1.92,
    "stimulus_units": "pA",
    "sweep_number": 66,
    "vm_delta_mv": 0.475883483886719
  },
  {
    "bridge_balance_mohm": 11.5995121002197,
    "id": 471143999,
    "leak_pa": 0.0,
    "num_spikes": 0,
    "peak_deflection": -65.8125,
    "post_noise_rms_mv": 0.0405821055173874,
    "post_vm_mv": -78.7267532348633,
    "pre_noise_rms_mv": 0.0365629456937313,
    "pre_vm_mv": -78.4658813476562,
    "slow_noise_rms_mv": 0.0497204884886742,
    "slow_vm_mv": -78.4658813476562,
    "specimen_id": 471141261,
    "stimulus_absolute_amplitude": 110.000002162547,
    "stimulus_description": "C1LSCOARSE150216[11]",
    "stimulus_duration": 0.999995,
    "stimulus_interval": 0.0,
    "stimulus_name": "Long Square",
    "stimulus_relative_amplitude": 1.0,
    "stimulus_start_time": 0.92,
    "stimulus_units": "pA",
    "sweep_number": 45,
    "vm_delta_mv": 0.260871887207031
  },
  {
    "bridge_balance_mohm": 11.5995121002197,
    "id": 471143979,
    "leak_pa": 0.0,
    "num_spikes": 0,
    "peak_deflection": -85.34375,
    "post_noise_rms_mv": 0.0410996563732624,
    "post_vm_mv": -78.6755218505859,
    "pre_noise_rms_mv": 0.0446547083556652,
    "pre_vm_mv": -78.7643585205078,
    "slow_noise_rms_mv": 0.0603788159787655,
    "slow_vm_mv": -78.7643585205078,
    "specimen_id": 471141261,
    "stimulus_absolute_amplitude": -69.9999988529321,
    "stimulus_description": "C1LSCOARSE150216[2]",
    "stimulus_duration": 0.999995,
    "stimulus_interval": 0.0,
    "stimulus_name": "Long Square",
    "stimulus_relative_amplitude": 1.0,
    "stimulus_start_time": 0.92,
    "stimulus_units": "pA",
    "sweep_number": 36,
    "vm_delta_mv": 0.088836669921875
  },
  {
    "bridge_balance_mohm": 13.1868133544922,
    "id": 471143875,
    "leak_pa": 0.0,
    "num_spikes": 0,
    "peak_deflection": 0.0,
    "post_noise_rms_mv": 0.0406889170408249,
    "post_vm_mv": -70.7343902587891,
    "pre_noise_rms_mv": 0.039054024964571,
    "pre_vm_mv": -70.596923828125,
    "slow_noise_rms_mv": 0.0948730930685997,
    "slow_vm_mv": -70.596923828125,
    "specimen_id": 471141261,
    "stimulus_absolute_amplitude": 700.000002407108,
    "stimulus_description": "C2SSHM70CS150126[6]",
    "stimulus_duration": 0.002995,
    "stimulus_interval": 0.0,
    "stimulus_name": "Short Square - Hold -70mV",
    "stimulus_relative_amplitude": 1.0,
    "stimulus_start_time": 0.92,
    "stimulus_units": "pA",
    "sweep_number": 122,
    "vm_delta_mv": 0.137466430664062
  },
  {
    "bridge_balance_mohm": 11.5995121002197,
    "id": 471144029,
    "leak_pa": 0.0,
    "num_spikes": 6,
    "peak_deflection": 0.0,
    "post_noise_rms_mv": 0.0357211157679558,
    "post_vm_mv": -78.4671859741211,
    "pre_noise_rms_mv": 0.0415752865374088,
    "pre_vm_mv": -78.750358581543,
    "slow_noise_rms_mv": 0.0583116225898266,
    "slow_vm_mv": -78.750358581543,
    "specimen_id": 471141261,
    "stimulus_absolute_amplitude": 220.000004325094,
    "stimulus_description": "C1LSFINEST150112[0]",
    "stimulus_duration": 0.999995,
    "stimulus_interval": 0.0,
    "stimulus_name": "Long Square",
    "stimulus_relative_amplitude": 2.2,
    "stimulus_start_time": 0.92,
    "stimulus_units": "pA",
    "sweep_number": 59,
    "vm_delta_mv": 0.283172607421875
  },
  {
    "bridge_balance_mohm": 11.5995121002197,
    "id": 471143939,
    "leak_pa": 0.0,
    "num_spikes": 0,
    "peak_deflection": 0.0,
    "post_noise_rms_mv": 0.0389726758003235,
    "post_vm_mv": -78.3815994262695,
    "pre_noise_rms_mv": 0.0381851457059383,
    "pre_vm_mv": -78.2450103759766,
    "slow_noise_rms_mv": 0.0737882554531097,
    "slow_vm_mv": -78.2450103759766,
    "specimen_id": 471141261,
    "stimulus_absolute_amplitude": 1199.99998826614,
    "stimulus_description": "C1SSCOARSE150112[11]",
    "stimulus_duration": 0.002995,
    "stimulus_interval": 0.0,
    "stimulus_name": "Short Square",
    "stimulus_relative_amplitude": 1.0,
    "stimulus_start_time": 0.92,
    "stimulus_units": "pA",
    "sweep_number": 18,
    "vm_delta_mv": 0.136589050292969
  },
  {
    "bridge_balance_mohm": 13.1868133544922,
    "id": 471143859,
    "leak_pa": 0.0,
    "num_spikes": 3,
    "peak_deflection": 0.0,
    "post_noise_rms_mv": 0.0400189831852913,
    "post_vm_mv": -78.1762466430664,
    "pre_noise_rms_mv": 0.0361594893038273,
    "pre_vm_mv": -78.491325378418,
    "slow_noise_rms_mv": 0.0964434146881104,
    "slow_vm_mv": -78.491325378418,
    "specimen_id": 471141261,
    "stimulus_absolute_amplitude": 1329.99999902239,
    "stimulus_description": "C2SSTRIPLE141203[7]",
    "stimulus_duration": 0.072995,
    "stimulus_interval": 0.032,
    "stimulus_name": "Short Square - Triple",
    "stimulus_relative_amplitude": 13.3,
    "stimulus_start_time": 1.92,
    "stimulus_units": "pA",
    "sweep_number": 115,
    "vm_delta_mv": 0.315078735351562
  },
  {
    "bridge_balance_mohm": 13.1868133544922,
    "id": 471143855,
    "leak_pa": 0.0,
    "num_spikes": 3,
    "peak_deflection": 0.0,
    "post_noise_rms_mv": 0.0384068563580513,
    "post_vm_mv": -77.9688873291016,
    "pre_noise_rms_mv": 0.0385523624718189,
    "pre_vm_mv": -78.2099685668945,
    "slow_noise_rms_mv": 0.0922814756631851,
    "slow_vm_mv": -78.2099685668945,
    "specimen_id": 471141261,
    "stimulus_absolute_amplitude": 1329.99999902239,
    "stimulus_description": "C2SSTRIPLE141203[5]",
    "stimulus_duration": 0.056995,
    "stimulus_interval": 0.024,
    "stimulus_name": "Short Square - Triple",
    "stimulus_relative_amplitude": 13.3,
    "stimulus_start_time": 1.92,
    "stimulus_units": "pA",
    "sweep_number": 113,
    "vm_delta_mv": 0.241081237792969
  },
  {
    "bridge_balance_mohm": 13.1868133544922,
    "id": 471143857,
    "leak_pa": 0.0,
    "num_spikes": 3,
    "peak_deflection": 0.0,
    "post_noise_rms_mv": 0.0332386344671249,
    "post_vm_mv": -77.8377151489258,
    "pre_noise_rms_mv": 0.0419235527515411,
    "pre_vm_mv": -77.9882049560547,
    "slow_noise_rms_mv": 0.0765862688422203,
    "slow_vm_mv": -77.9882049560547,
    "specimen_id": 471141261,
    "stimulus_absolute_amplitude": 1329.99999902239,
    "stimulus_description": "C2SSTRIPLE141203[6]",
    "stimulus_duration": 0.064995,
    "stimulus_interval": 0.028,
    "stimulus_name": "Short Square - Triple",
    "stimulus_relative_amplitude": 13.3,
    "stimulus_start_time": 1.92,
    "stimulus_units": "pA",
    "sweep_number": 114,
    "vm_delta_mv": 0.150489807128906
  },
  {
    "bridge_balance_mohm": 13.1868133544922,
    "id": 471143843,
    "leak_pa": 0.0,
    "num_spikes": 3,
    "peak_deflection": 0.0,
    "post_noise_rms_mv": 0.0408613570034504,
    "post_vm_mv": -77.8889312744141,
    "pre_noise_rms_mv": 0.0416218489408493,
    "pre_vm_mv": -78.0503616333008,
    "slow_noise_rms_mv": 0.0749616399407387,
    "slow_vm_mv": -78.0503616333008,
    "specimen_id": 471141261,
    "stimulus_absolute_amplitude": 1329.99999902239,
    "stimulus_description": "C2SSTRIPLE141203[0]",
    "stimulus_duration": 0.016995,
    "stimulus_interval": 0.004,
    "stimulus_name": "Short Square - Triple",
    "stimulus_relative_amplitude": 13.3,
    "stimulus_start_time": 1.92,
    "stimulus_units": "pA",
    "sweep_number": 108,
    "vm_delta_mv": 0.161430358886719
  },
  {
    "bridge_balance_mohm": 13.1868133544922,
    "id": 471143863,
    "leak_pa": 0.0,
    "num_spikes": 0,
    "peak_deflection": 0.0,
    "post_noise_rms_mv": 0.0426420979201794,
    "post_vm_mv": -70.4547882080078,
    "pre_noise_rms_mv": 0.0373856760561466,
    "pre_vm_mv": -70.4852828979492,
    "slow_noise_rms_mv": 0.114297777414322,
    "slow_vm_mv": -70.4852828979492,
    "specimen_id": 471141261,
    "stimulus_absolute_amplitude": 200.000002670286,
    "stimulus_description": "C2SSHM70CS150126[1]",
    "stimulus_duration": 0.002995,
    "stimulus_interval": 0.0,
    "stimulus_name": "Short Square - Hold -70mV",
    "stimulus_relative_amplitude": 1.0,
    "stimulus_start_time": 0.92,
    "stimulus_units": "pA",
    "sweep_number": 117,
    "vm_delta_mv": 0.0304946899414062
  },
  {
    "bridge_balance_mohm": 11.5995121002197,
    "id": 471143941,
    "leak_pa": 0.0,
    "num_spikes": 1,
    "peak_deflection": 0.0,
    "post_noise_rms_mv": 0.0397991649806499,
    "post_vm_mv": -78.4298248291016,
    "pre_noise_rms_mv": 0.0411562509834766,
    "pre_vm_mv": -78.4158096313477,
    "slow_noise_rms_mv": 0.0574311278760433,
    "slow_vm_mv": -78.4158096313477,
    "specimen_id": 471141261,
    "stimulus_absolute_amplitude": 1299.99999654018,
    "stimulus_description": "C1SSCOARSE150112[12]",
    "stimulus_duration": 0.002995,
    "stimulus_interval": 0.0,
    "stimulus_name": "Short Square",
    "stimulus_relative_amplitude": 1.0,
    "stimulus_start_time": 0.92,
    "stimulus_units": "pA",
    "sweep_number": 19,
    "vm_delta_mv": 0.0140151977539062
  },
  {
    "bridge_balance_mohm": 13.1868133544922,
    "id": 471143829,
    "leak_pa": 0.0,
    "num_spikes": 3,
    "peak_deflection": 0.0,
    "post_noise_rms_mv": 0.0353078916668892,
    "post_vm_mv": -78.4042739868164,
    "pre_noise_rms_mv": 0.0358666256070137,
    "pre_vm_mv": -78.4582290649414,
    "slow_noise_rms_mv": 0.0763418972492218,
    "slow_vm_mv": -78.4582290649414,
    "specimen_id": 471141261,
    "stimulus_absolute_amplitude": 1329.99999902239,
    "stimulus_description": "C2SSTRIPLE141203[4]",
    "stimulus_duration": 0.048995,
    "stimulus_interval": 0.02,
    "stimulus_name": "Short Square - Triple",
    "stimulus_relative_amplitude": 13.3,
    "stimulus_start_time": 1.92,
    "stimulus_units": "pA",
    "sweep_number": 104,
    "vm_delta_mv": 0.053955078125
  },
  {
    "bridge_balance_mohm": 13.1868133544922,
    "id": 471144079,
    "leak_pa": 0.0,
    "num_spikes": 24,
    "peak_deflection": 0.0,
    "post_noise_rms_mv": 0.0333676598966122,
    "post_vm_mv": -79.3579254150391,
    "pre_noise_rms_mv": 0.0407498069107533,
    "pre_vm_mv": -79.2307586669922,
    "slow_noise_rms_mv": 0.127883717417717,
    "slow_vm_mv": -79.2307586669922,
    "specimen_id": 471141261,
    "stimulus_absolute_amplitude": 249.999992929517,
    "stimulus_description": "C2SQRHELNG150216[0]",
    "stimulus_duration": 1.999995,
    "stimulus_interval": 0.0,
    "stimulus_name": "Square - 2s Suprathreshold",
    "stimulus_relative_amplitude": 2.5,
    "stimulus_start_time": 0.92,
    "stimulus_units": "pA",
    "sweep_number": 81,
    "vm_delta_mv": 0.127166748046875
  },
  {
    "bridge_balance_mohm": 13.1868133544922,
    "id": 471143851,
    "leak_pa": 0.0,
    "num_spikes": 3,
    "peak_deflection": 0.0,
    "post_noise_rms_mv": 0.0419949293136597,
    "post_vm_mv": -78.124641418457,
    "pre_noise_rms_mv": 0.0380017049610615,
    "pre_vm_mv": -78.3090972900391,
    "slow_noise_rms_mv": 0.0934089049696922,
    "slow_vm_mv": -78.3090972900391,
    "specimen_id": 471141261,
    "stimulus_absolute_amplitude": 1329.99999902239,
    "stimulus_description": "C2SSTRIPLE141203[3]",
    "stimulus_duration": 0.040995,
    "stimulus_interval": 0.016,
    "stimulus_name": "Short Square - Triple",
    "stimulus_relative_amplitude": 13.3,
    "stimulus_start_time": 1.92,
    "stimulus_units": "pA",
    "sweep_number": 111,
    "vm_delta_mv": 0.184455871582031
  },
  {
    "bridge_balance_mohm": 11.5995121002197,
    "id": 471143983,
    "leak_pa": 0.0,
    "num_spikes": 0,
    "peak_deflection": -81.84375,
    "post_noise_rms_mv": 0.0387044697999954,
    "post_vm_mv": -78.4644470214844,
    "pre_noise_rms_mv": 0.0376178696751595,
    "pre_vm_mv": -78.7971801757812,
    "slow_noise_rms_mv": 0.0716954693198204,
    "slow_vm_mv": -78.7971801757812,
    "specimen_id": 471141261,
    "stimulus_absolute_amplitude": -30.0000024822111,
    "stimulus_description": "C1LSCOARSE150216[4]",
    "stimulus_duration": 0.999995,
    "stimulus_interval": 0.0,
    "stimulus_name": "Long Square",
    "stimulus_relative_amplitude": 1.0,
    "stimulus_start_time": 0.92,
    "stimulus_units": "pA",
    "sweep_number": 38,
    "vm_delta_mv": 0.332733154296875
  },
  {
    "bridge_balance_mohm": 13.1868133544922,
    "id": 471144069,
    "leak_pa": 0.0,
    "num_spikes": 8,
    "peak_deflection": 0.0,
    "post_noise_rms_mv": 0.0416145510971546,
    "post_vm_mv": -78.9085922241211,
    "pre_noise_rms_mv": 0.0419164374470711,
    "pre_vm_mv": -78.8160858154297,
    "slow_noise_rms_mv": 0.0614166408777237,
    "slow_vm_mv": -78.8160858154297,
    "specimen_id": 471141261,
    "stimulus_absolute_amplitude": 209.999989619902,
    "stimulus_description": "C2SQRHELNG150216[0]",
    "stimulus_duration": 1.999995,
    "stimulus_interval": 0.0,
    "stimulus_name": "Square - 2s Suprathreshold",
    "stimulus_relative_amplitude": 2.1,
    "stimulus_start_time": 0.92,
    "stimulus_units": "pA",
    "sweep_number": 77,
    "vm_delta_mv": 0.0925064086914062
  },
  {
    "bridge_balance_mohm": 11.5995121002197,
    "id": 471143967,
    "leak_pa": 0.0,
    "num_spikes": 1,
    "peak_deflection": 0.0,
    "post_noise_rms_mv": 0.0379708558320999,
    "post_vm_mv": -78.7377166748047,
    "pre_noise_rms_mv": 0.0420321226119995,
    "pre_vm_mv": -78.7948760986328,
    "slow_noise_rms_mv": 0.0633046850562096,
    "slow_vm_mv": -78.7948760986328,
    "specimen_id": 471141261,
    "stimulus_absolute_amplitude": 1329.99999902239,
    "stimulus_description": "C1SSFINEST150112[0]",
    "stimulus_duration": 0.002995,
    "stimulus_interval": 0.0,
    "stimulus_name": "Short Square",
    "stimulus_relative_amplitude": 13.3,
    "stimulus_start_time": 0.92,
    "stimulus_units": "pA",
    "sweep_number": 30,
    "vm_delta_mv": 0.057159423828125
  },
  {
    "bridge_balance_mohm": 11.5995121002197,
    "id": 471144049,
    "leak_pa": 0.0,
    "num_spikes": 80,
    "peak_deflection": 0.0,
    "post_noise_rms_mv": 0.0390894338488579,
    "post_vm_mv": -79.6447601318359,
    "pre_noise_rms_mv": 0.043103352189064,
    "pre_vm_mv": -78.922966003418,
    "slow_noise_rms_mv": 0.0725826844573021,
    "slow_vm_mv": -78.922966003418,
    "specimen_id": 471141261,
    "stimulus_absolute_amplitude": 486.749973660494,
    "stimulus_description": "C1NSSEED_1150216[0]",
    "stimulus_duration": 18.999995,
    "stimulus_interval": 5.0,
    "stimulus_name": "Noise 1",
    "stimulus_relative_amplitude": 2.1,
    "stimulus_start_time": 1.92,
    "stimulus_units": "pA",
    "sweep_number": 68,
    "vm_delta_mv": 0.721794128417969
  },
  {
    "bridge_balance_mohm": 11.5995121002197,
    "id": 471144053,
    "leak_pa": 0.0,
    "num_spikes": 0,
    "peak_deflection": 0.0,
    "post_noise_rms_mv": 0.0375709682703018,
    "post_vm_mv": -78.4566650390625,
    "pre_noise_rms_mv": 0.0376299805939198,
    "pre_vm_mv": -78.4940032958984,
    "slow_noise_rms_mv": 0.0585629567503929,
    "slow_vm_mv": -78.4940032958984,
    "specimen_id": 471141261,
    "stimulus_absolute_amplitude": 100.000001335143,
    "stimulus_description": "C1SSCOARSE150112[0]",
    "stimulus_duration": 0.002995,
    "stimulus_interval": 0.0,
    "stimulus_name": "Short Square",
    "stimulus_relative_amplitude": 1.0,
    "stimulus_start_time": 0.92,
    "stimulus_units": "pA",
    "sweep_number": 7,
    "vm_delta_mv": 0.0373382568359375
  },
  {
    "bridge_balance_mohm": 11.5995121002197,
    "id": 471143847,
    "leak_pa": 0.0,
    "num_spikes": 0,
    "peak_deflection": 0.0,
    "post_noise_rms_mv": 0.0402255989611149,
    "post_vm_mv": -78.0934829711914,
    "pre_noise_rms_mv": 0.0393152944743633,
    "pre_vm_mv": -78.2024765014648,
    "slow_noise_rms_mv": 0.0800031870603561,
    "slow_vm_mv": -78.2024765014648,
    "specimen_id": 471141261,
    "stimulus_absolute_amplitude": 499.999985859034,
    "stimulus_description": "C1SSCOARSE150112[4]",
    "stimulus_duration": 0.002995,
    "stimulus_interval": 0.0,
    "stimulus_name": "Short Square",
    "stimulus_relative_amplitude": 1.0,
    "stimulus_start_time": 0.92,
    "stimulus_units": "pA",
    "sweep_number": 11,
    "vm_delta_mv": 0.108993530273438
  },
  {
    "bridge_balance_mohm": 11.5995121002197,
    "id": 471144017,
    "leak_pa": 0.0,
    "num_spikes": 15,
    "peak_deflection": 0.0,
    "post_noise_rms_mv": 0.0379159487783909,
    "post_vm_mv": -79.3922729492188,
    "pre_noise_rms_mv": 0.0393704511225224,
    "pre_vm_mv": -79.1942367553711,
    "slow_noise_rms_mv": 0.0700372532010078,
    "slow_vm_mv": -79.1942367553711,
    "specimen_id": 471141261,
    "stimulus_absolute_amplitude": 269.999994584325,
    "stimulus_description": "C1LSCOARSE150216[19]",
    "stimulus_duration": 0.999995,
    "stimulus_interval": 0.0,
    "stimulus_name": "Long Square",
    "stimulus_relative_amplitude": 1.0,
    "stimulus_start_time": 0.92,
    "stimulus_units": "pA",
    "sweep_number": 53,
    "vm_delta_mv": 0.198036193847656
  },
  {
    "bridge_balance_mohm": 11.5995121002197,
    "id": 471143985,
    "leak_pa": 0.0,
    "num_spikes": 0,
    "peak_deflection": -79.65625,
    "post_noise_rms_mv": 0.039612241089344,
    "post_vm_mv": -78.2873687744141,
    "pre_noise_rms_mv": 0.0401995629072189,
    "pre_vm_mv": -78.3063659667969,
    "slow_noise_rms_mv": 0.0735672488808632,
    "slow_vm_mv": -78.3063659667969,
    "specimen_id": 471141261,
    "stimulus_absolute_amplitude": -9.99999996004197,
    "stimulus_description": "C1LSCOARSE150216[5]",
    "stimulus_duration": 0.999995,
    "stimulus_interval": 0.0,
    "stimulus_name": "Long Square",
    "stimulus_relative_amplitude": 1.0,
    "stimulus_start_time": 0.92,
    "stimulus_units": "pA",
    "sweep_number": 39,
    "vm_delta_mv": 0.0189971923828125
  },
  {
    "bridge_balance_mohm": 11.5995121002197,
    "id": 471144031,
    "leak_pa": 0.0,
    "num_spikes": 24,
    "peak_deflection": 0.0,
    "post_noise_rms_mv": 0.0,
    "post_vm_mv": 0.0,
    "pre_noise_rms_mv": 0.0386451296508312,
    "pre_vm_mv": -79.341064453125,
    "slow_noise_rms_mv": 0.0664385706186295,
    "slow_vm_mv": -79.341064453125,
    "specimen_id": 471141261,
    "stimulus_absolute_amplitude": 800.000010681146,
    "stimulus_description": "C1RP25PR1S141203[0]",
    "stimulus_duration": 31.997495,
    "stimulus_interval": 0.0,
    "stimulus_name": "Ramp",
    "stimulus_relative_amplitude": 1.0,
    "stimulus_start_time": 0.9225,
    "stimulus_units": "pA",
    "sweep_number": 6,
    "vm_delta_mv": 0.0
  },
  {
    "bridge_balance_mohm": 11.5995121002197,
    "id": 471144025,
    "leak_pa": 0.0,
    "num_spikes": 26,
    "peak_deflection": 0.0,
    "post_noise_rms_mv": 0.0422679297626019,
    "post_vm_mv": -79.2549362182617,
    "pre_noise_rms_mv": 0.0350161157548428,
    "pre_vm_mv": -79.381217956543,
    "slow_noise_rms_mv": 0.0594758950173855,
    "slow_vm_mv": -79.381217956543,
    "specimen_id": 471141261,
    "stimulus_absolute_amplitude": 350.000001203554,
    "stimulus_description": "C1LSCOARSE150216[23]",
    "stimulus_duration": 0.999995,
    "stimulus_interval": 0.0,
    "stimulus_name": "Long Square",
    "stimulus_relative_amplitude": 1.0,
    "stimulus_start_time": 0.92,
    "stimulus_units": "pA",
    "sweep_number": 57,
    "vm_delta_mv": 0.12628173828125
  },
  {
    "bridge_balance_mohm": 11.5995121002197,
    "id": 471143945,
    "leak_pa": 0.0,
    "num_spikes": 0,
    "peak_deflection": 0.0,
    "post_noise_rms_mv": 0.039919625967741,
    "post_vm_mv": -78.2139053344727,
    "pre_noise_rms_mv": 0.03853814676404,
    "pre_vm_mv": -78.3440017700195,
    "slow_noise_rms_mv": 0.0733204111456871,
    "slow_vm_mv": -78.3440017700195,
    "specimen_id": 471141261,
    "stimulus_absolute_amplitude": 1209.99998909355,
    "stimulus_description": "C1SSFINEST150112[0]",
    "stimulus_duration": 0.002995,
    "stimulus_interval": 0.0,
    "stimulus_name": "Short Square",
    "stimulus_relative_amplitude": 12.1,
    "stimulus_start_time": 0.92,
    "stimulus_units": "pA",
    "sweep_number": 20,
    "vm_delta_mv": 0.130096435546875
  },
  {
    "bridge_balance_mohm": 13.1868133544922,
    "id": 471143867,
    "leak_pa": 0.0,
    "num_spikes": 0,
    "peak_deflection": 0.0,
    "post_noise_rms_mv": 0.0474254712462425,
    "post_vm_mv": -70.6623229980469,
    "pre_noise_rms_mv": 0.0411123260855675,
    "pre_vm_mv": -70.6490478515625,
    "slow_noise_rms_mv": 0.13212563097477,
    "slow_vm_mv": -70.6490478515625,
    "specimen_id": 471141261,
    "stimulus_absolute_amplitude": 400.000005340573,
    "stimulus_description": "C2SSHM70CS150126[3]",
    "stimulus_duration": 0.002995,
    "stimulus_interval": 0.0,
    "stimulus_name": "Short Square - Hold -70mV",
    "stimulus_relative_amplitude": 1.0,
    "stimulus_start_time": 0.92,
    "stimulus_units": "pA",
    "sweep_number": 119,
    "vm_delta_mv": 0.013275146484375
  },
  {
    "bridge_balance_mohm": 13.1868133544922,
    "id": 471143825,
    "leak_pa": 0.0,
    "num_spikes": 3,
    "peak_deflection": 0.0,
    "post_noise_rms_mv": 0.0397598817944527,
    "post_vm_mv": -78.6251449584961,
    "pre_noise_rms_mv": 0.0409536622464657,
    "pre_vm_mv": -78.4747467041016,
    "slow_noise_rms_mv": 0.0869881361722946,
    "slow_vm_mv": -78.4747467041016,
    "specimen_id": 471141261,
    "stimulus_absolute_amplitude": 1329.99999902239,
    "stimulus_description": "C2SSTRIPLE141203[3]",
    "stimulus_duration": 0.040995,
    "stimulus_interval": 0.016,
    "stimulus_name": "Short Square - Triple",
    "stimulus_relative_amplitude": 13.3,
    "stimulus_start_time": 1.92,
    "stimulus_units": "pA",
    "sweep_number": 103,
    "vm_delta_mv": 0.150398254394531
  },
  {
    "bridge_balance_mohm": 11.5995121002197,
    "id": 471144009,
    "leak_pa": 0.0,
    "num_spikes": 17,
    "peak_deflection": 0.0,
    "post_noise_rms_mv": 0.0,
    "post_vm_mv": 0.0,
    "pre_noise_rms_mv": 0.0338058955967426,
    "pre_vm_mv": -79.4565200805664,
    "slow_noise_rms_mv": 0.0538281835615635,
    "slow_vm_mv": -79.4565200805664,
    "specimen_id": 471141261,
    "stimulus_absolute_amplitude": 800.000010681146,
    "stimulus_description": "C1RP25PR1S141203[0]",
    "stimulus_duration": 31.997495,
    "stimulus_interval": 0.0,
    "stimulus_name": "Ramp",
    "stimulus_relative_amplitude": 1.0,
    "stimulus_start_time": 0.9225,
    "stimulus_units": "pA",
    "sweep_number": 5,
    "vm_delta_mv": 0.0
  },
  {
    "bridge_balance_mohm": 13.1868133544922,
    "id": 471144117,
    "leak_pa": 0.0,
    "num_spikes": 3,
    "peak_deflection": 0.0,
    "post_noise_rms_mv": 0.0390727743506432,
    "post_vm_mv": -78.3568725585938,
    "pre_noise_rms_mv": 0.0357520878314972,
    "pre_vm_mv": -78.2447128295898,
    "slow_noise_rms_mv": 0.085152730345726,
    "slow_vm_mv": -78.2447128295898,
    "specimen_id": 471141261,
    "stimulus_absolute_amplitude": 1329.99999902239,
    "stimulus_description": "C2SSTRIPLE141203[7]",
    "stimulus_duration": 0.072995,
    "stimulus_interval": 0.032,
    "stimulus_name": "Short Square - Triple",
    "stimulus_relative_amplitude": 13.3,
    "stimulus_start_time": 1.92,
    "stimulus_units": "pA",
    "sweep_number": 99,
    "vm_delta_mv": 0.112159729003906
  },
  {
    "bridge_balance_mohm": 11.5995121002197,
    "id": 471143955,
    "leak_pa": 0.0,
    "num_spikes": 0,
    "peak_deflection": 0.0,
    "post_noise_rms_mv": 0.041165079921484,
    "post_vm_mv": -78.6594390869141,
    "pre_noise_rms_mv": 0.0384851768612862,
    "pre_vm_mv": -78.7051467895508,
    "slow_noise_rms_mv": 0.0856474488973618,
    "slow_vm_mv": -78.7051467895508,
    "specimen_id": 471141261,
    "stimulus_absolute_amplitude": 1299.99999654018,
    "stimulus_description": "C1SSFINEST150112[0]",
    "stimulus_duration": 0.002995,
    "stimulus_interval": 0.0,
    "stimulus_name": "Short Square",
    "stimulus_relative_amplitude": 13.0,
    "stimulus_start_time": 0.92,
    "stimulus_units": "pA",
    "sweep_number": 25,
    "vm_delta_mv": 0.0457077026367188
  },
  {
    "bridge_balance_mohm": 11.5995121002197,
    "id": 471144051,
    "leak_pa": 0.0,
    "num_spikes": 78,
    "peak_deflection": 0.0,
    "post_noise_rms_mv": 0.0411017686128616,
    "post_vm_mv": -79.5435256958008,
    "pre_noise_rms_mv": 0.0368842668831348,
    "pre_vm_mv": -79.3038177490234,
    "slow_noise_rms_mv": 0.103652030229568,
    "slow_vm_mv": -79.3038177490234,
    "specimen_id": 471141261,
    "stimulus_absolute_amplitude": 495.124996557905,
    "stimulus_description": "C1NSSEED_2150216[0]",
    "stimulus_duration": 18.999995,
    "stimulus_interval": 5.0,
    "stimulus_name": "Noise 2",
    "stimulus_relative_amplitude": 2.1,
    "stimulus_start_time": 1.92,
    "stimulus_units": "pA",
    "sweep_number": 69,
    "vm_delta_mv": 0.239707946777344
  },
  {
    "bridge_balance_mohm": 11.5995121002197,
    "id": 471144011,
    "leak_pa": 0.0,
    "num_spikes": 0,
    "peak_deflection": -48.40625,
    "post_noise_rms_mv": 0.0425493717193604,
    "post_vm_mv": -78.7706069946289,
    "pre_noise_rms_mv": 0.035290215164423,
    "pre_vm_mv": -78.8864593505859,
    "slow_noise_rms_mv": 0.080558642745018,
    "slow_vm_mv": -78.8864593505859,
    "specimen_id": 471141261,
    "stimulus_absolute_amplitude": 209.999989619902,
    "stimulus_description": "C1LSCOARSE150216[16]",
    "stimulus_duration": 0.999995,
    "stimulus_interval": 0.0,
    "stimulus_name": "Long Square",
    "stimulus_relative_amplitude": 1.0,
    "stimulus_start_time": 0.92,
    "stimulus_units": "pA",
    "sweep_number": 50,
    "vm_delta_mv": 0.115852355957031
  },
  {
    "bridge_balance_mohm": 13.1868133544922,
    "id": 471143873,
    "leak_pa": 0.0,
    "num_spikes": 0,
    "peak_deflection": 0.0,
    "post_noise_rms_mv": 0.0361618883907795,
    "post_vm_mv": -70.6899261474609,
    "pre_noise_rms_mv": 0.0411017723381519,
    "pre_vm_mv": -70.7306671142578,
    "slow_noise_rms_mv": 0.0815913453698158,
    "slow_vm_mv": -70.7306671142578,
    "specimen_id": 471141261,
    "stimulus_absolute_amplitude": 599.999994133071,
    "stimulus_description": "C2SSHM70CS150126[5]",
    "stimulus_duration": 0.002995,
    "stimulus_interval": 0.0,
    "stimulus_name": "Short Square - Hold -70mV",
    "stimulus_relative_amplitude": 1.0,
    "stimulus_start_time": 0.92,
    "stimulus_units": "pA",
    "sweep_number": 121,
    "vm_delta_mv": 0.040740966796875
  },
  {
    "bridge_balance_mohm": 13.1868133544922,
    "id": 471144091,
    "leak_pa": 0.0,
    "num_spikes": 35,
    "peak_deflection": 0.0,
    "post_noise_rms_mv": 0.0401466228067875,
    "post_vm_mv": -79.3809204101562,
    "pre_noise_rms_mv": 0.0392253547906876,
    "pre_vm_mv": -79.3960037231445,
    "slow_noise_rms_mv": 0.153156757354736,
    "slow_vm_mv": -79.3960037231445,
    "specimen_id": 471141261,
    "stimulus_absolute_amplitude": 289.999996239132,
    "stimulus_description": "C2SQRHELNG150216[0]",
    "stimulus_duration": 1.999995,
    "stimulus_interval": 0.0,
    "stimulus_name": "Square - 2s Suprathreshold",
    "stimulus_relative_amplitude": 2.9,
    "stimulus_start_time": 0.92,
    "stimulus_units": "pA",
    "sweep_number": 87,
    "vm_delta_mv": 0.0150833129882812
  },
  {
    "bridge_balance_mohm": 13.1868133544922,
    "id": 471144101,
    "leak_pa": 0.0,
    "num_spikes": 107,
    "peak_deflection": 0.0,
    "post_noise_rms_mv": 0.0408857837319374,
    "post_vm_mv": -79.5188217163086,
    "pre_noise_rms_mv": 0.0346103087067604,
    "pre_vm_mv": -79.5043258666992,
    "slow_noise_rms_mv": 0.162047296762466,
    "slow_vm_mv": -79.5043258666992,
    "specimen_id": 471141261,
    "stimulus_absolute_amplitude": 711.749992277078,
    "stimulus_description": "C2NSRMPRH2150216[0]",
    "stimulus_duration": 31.99998,
    "stimulus_interval": 3.5e-05,
    "stimulus_name": "Ramp to Rheobase",
    "stimulus_relative_amplitude": 2.1,
    "stimulus_start_time": 1.920015,
    "stimulus_units": "pA",
    "sweep_number": 91,
    "vm_delta_mv": 0.014495849609375
  },
  {
    "bridge_balance_mohm": 11.5995121002197,
    "id": 471144043,
    "leak_pa": 0.0,
    "num_spikes": 82,
    "peak_deflection": 0.0,
    "post_noise_rms_mv": 0.0534912794828415,
    "post_vm_mv": -79.9474411010742,
    "pre_noise_rms_mv": 0.0443719439208508,
    "pre_vm_mv": -79.0466537475586,
    "slow_noise_rms_mv": 0.0707767084240913,
    "slow_vm_mv": -79.0466537475586,
    "specimen_id": 471141261,
    "stimulus_absolute_amplitude": 495.124996557905,
    "stimulus_description": "C1NSSEED_2150216[0]",
    "stimulus_duration": 18.999995,
    "stimulus_interval": 5.0,
    "stimulus_name": "Noise 2",
    "stimulus_relative_amplitude": 2.1,
    "stimulus_start_time": 1.92,
    "stimulus_units": "pA",
    "sweep_number": 65,
    "vm_delta_mv": 0.900787353515625
  },
  {
    "bridge_balance_mohm": 11.5995121002197,
    "id": 471143947,
    "leak_pa": 0.0,
    "num_spikes": 0,
    "peak_deflection": 0.0,
    "post_noise_rms_mv": 0.0355292335152626,
    "post_vm_mv": -78.9386138916016,
    "pre_noise_rms_mv": 0.0377323515713215,
    "pre_vm_mv": -79.0056228637695,
    "slow_noise_rms_mv": 0.0753127858042717,
    "slow_vm_mv": -79.0056228637695,
    "specimen_id": 471141261,
    "stimulus_absolute_amplitude": 1229.99999074835,
    "stimulus_description": "C1SSFINEST150112[0]",
    "stimulus_duration": 0.002995,
    "stimulus_interval": 0.0,
    "stimulus_name": "Short Square",
    "stimulus_relative_amplitude": 12.3,
    "stimulus_start_time": 0.92,
    "stimulus_units": "pA",
    "sweep_number": 21,
    "vm_delta_mv": 0.0670089721679688
  },
  {
    "bridge_balance_mohm": 0.0,
    "id": 471143807,
    "leak_pa": 0.0,
    "num_spikes": 0,
    "peak_deflection": 0.0,
    "post_noise_rms_mv": 0.0,
    "post_vm_mv": 0.0,
    "pre_noise_rms_mv": 0.0,
    "pre_vm_mv": 0.0,
    "slow_noise_rms_mv": 0.0,
    "slow_vm_mv": 0.0,
    "specimen_id": 471141261,
    "stimulus_absolute_amplitude": 9.99999977648258,
    "stimulus_description": "EXTPINBATH141203[0]",
    "stimulus_duration": 0.069995,
    "stimulus_interval": 0.05,
    "stimulus_name": "Test",
    "stimulus_relative_amplitude": 1.0,
    "stimulus_start_time": 0.03,
    "stimulus_units": "mV",
    "sweep_number": 1,
    "vm_delta_mv": 0.0
  },
  {
    "bridge_balance_mohm": 11.5995121002197,
    "id": 471144007,
    "leak_pa": 0.0,
    "num_spikes": 0,
    "peak_deflection": -54.125,
    "post_noise_rms_mv": 0.0366469845175743,
    "post_vm_mv": -78.9605560302734,
    "pre_noise_rms_mv": 0.0396184027194977,
    "pre_vm_mv": -78.7942199707031,
    "slow_noise_rms_mv": 0.0772891789674759,
    "slow_vm_mv": -78.7942199707031,
    "specimen_id": 471141261,
    "stimulus_absolute_amplitude": 190.000001842883,
    "stimulus_description": "C1LSCOARSE150216[15]",
    "stimulus_duration": 0.999995,
    "stimulus_interval": 0.0,
    "stimulus_name": "Long Square",
    "stimulus_relative_amplitude": 1.0,
    "stimulus_start_time": 0.92,
    "stimulus_units": "pA",
    "sweep_number": 49,
    "vm_delta_mv": 0.166336059570312
  },
  {
    "bridge_balance_mohm": 13.1868133544922,
    "id": 471143877,
    "leak_pa": 0.0,
    "num_spikes": 0,
    "peak_deflection": 0.0,
    "post_noise_rms_mv": 0.0421445220708847,
    "post_vm_mv": -70.7851181030273,
    "pre_noise_rms_mv": 0.0407464802265167,
    "pre_vm_mv": -70.7819976806641,
    "slow_noise_rms_mv": 0.155053973197937,
    "slow_vm_mv": -70.7819976806641,
    "specimen_id": 471141261,
    "stimulus_absolute_amplitude": 800.000010681146,
    "stimulus_description": "C2SSHM70CS150126[7]",
    "stimulus_duration": 0.002995,
    "stimulus_interval": 0.0,
    "stimulus_name": "Short Square - Hold -70mV",
    "stimulus_relative_amplitude": 1.0,
    "stimulus_start_time": 0.92,
    "stimulus_units": "pA",
    "sweep_number": 123,
    "vm_delta_mv": 0.00312042236328125
  },
  {
    "bridge_balance_mohm": 11.5995121002197,
    "id": 471144035,
    "leak_pa": 0.0,
    "num_spikes": 0,
    "peak_deflection": -50.46875,
    "post_noise_rms_mv": 0.0397878475487232,
    "post_vm_mv": -78.6565322875977,
    "pre_noise_rms_mv": 0.0452350899577141,
    "pre_vm_mv": -78.5735931396484,
    "slow_noise_rms_mv": 0.063226655125618,
    "slow_vm_mv": -78.5735931396484,
    "specimen_id": 471141261,
    "stimulus_absolute_amplitude": 200.000002670286,
    "stimulus_description": "C1LSFINEST150112[0]",
    "stimulus_duration": 0.999995,
    "stimulus_interval": 0.0,
    "stimulus_name": "Long Square",
    "stimulus_relative_amplitude": 2.0,
    "stimulus_start_time": 0.92,
    "stimulus_units": "pA",
    "sweep_number": 61,
    "vm_delta_mv": 0.0829391479492188
  },
  {
    "bridge_balance_mohm": 11.5995121002197,
    "id": 471144033,
    "leak_pa": 0.0,
    "num_spikes": 5,
    "peak_deflection": 0.0,
    "post_noise_rms_mv": 0.0414278320968151,
    "post_vm_mv": -78.5534362792969,
    "pre_noise_rms_mv": 0.0461131371557713,
    "pre_vm_mv": -78.59130859375,
    "slow_noise_rms_mv": 0.058733481913805,
    "slow_vm_mv": -78.59130859375,
    "specimen_id": 471141261,
    "stimulus_absolute_amplitude": 209.999989619902,
    "stimulus_description": "C1LSFINEST150112[0]",
    "stimulus_duration": 0.999995,
    "stimulus_interval": 0.0,
    "stimulus_name": "Long Square",
    "stimulus_relative_amplitude": 2.1,
    "stimulus_start_time": 0.92,
    "stimulus_units": "pA",
    "sweep_number": 60,
    "vm_delta_mv": 0.037872314453125
  },
  {
    "bridge_balance_mohm": 11.5995121002197,
    "id": 471143933,
    "leak_pa": 0.0,
    "num_spikes": 0,
    "peak_deflection": 0.0,
    "post_noise_rms_mv": 0.0402438044548035,
    "post_vm_mv": -78.1222839355469,
    "pre_noise_rms_mv": 0.0379120893776417,
    "pre_vm_mv": -78.2040786743164,
    "slow_noise_rms_mv": 0.144268065690994,
    "slow_vm_mv": -78.2040786743164,
    "specimen_id": 471141261,
    "stimulus_absolute_amplitude": 900.000018955183,
    "stimulus_description": "C1SSCOARSE150112[8]",
    "stimulus_duration": 0.002995,
    "stimulus_interval": 0.0,
    "stimulus_name": "Short Square",
    "stimulus_relative_amplitude": 1.0,
    "stimulus_start_time": 0.92,
    "stimulus_units": "pA",
    "sweep_number": 15,
    "vm_delta_mv": 0.0817947387695312
  },
  {
    "bridge_balance_mohm": 11.5995121002197,
    "id": 471144023,
    "leak_pa": 0.0,
    "num_spikes": 24,
    "peak_deflection": 0.0,
    "post_noise_rms_mv": 0.0368426144123077,
    "post_vm_mv": -79.7352066040039,
    "pre_noise_rms_mv": 0.0384614877402782,
    "pre_vm_mv": -79.7399520874023,
    "slow_noise_rms_mv": 0.104854196310043,
    "slow_vm_mv": -79.7399520874023,
    "specimen_id": 471141261,
    "stimulus_absolute_amplitude": 329.999999548747,
    "stimulus_description": "C1LSCOARSE150216[22]",
    "stimulus_duration": 0.999995,
    "stimulus_interval": 0.0,
    "stimulus_name": "Long Square",
    "stimulus_relative_amplitude": 1.0,
    "stimulus_start_time": 0.92,
    "stimulus_units": "pA",
    "sweep_number": 56,
    "vm_delta_mv": 0.0047454833984375
  },
  {
    "bridge_balance_mohm": 13.1868133544922,
    "id": 471144105,
    "leak_pa": 0.0,
    "num_spikes": 3,
    "peak_deflection": 0.0,
    "post_noise_rms_mv": 0.0367334820330143,
    "post_vm_mv": -78.2236709594727,
    "pre_noise_rms_mv": 0.0405285991728306,
    "pre_vm_mv": -78.4830627441406,
    "slow_noise_rms_mv": 0.078314907848835,
    "slow_vm_mv": -78.4830627441406,
    "specimen_id": 471141261,
    "stimulus_absolute_amplitude": 1329.99999902239,
    "stimulus_description": "C2SSTRIPLE141203[1]",
    "stimulus_duration": 0.024995,
    "stimulus_interval": 0.008,
    "stimulus_name": "Short Square - Triple",
    "stimulus_relative_amplitude": 13.3,
    "stimulus_start_time": 1.92,
    "stimulus_units": "pA",
    "sweep_number": 93,
    "vm_delta_mv": 0.259391784667969
  },
  {
    "bridge_balance_mohm": 13.1868133544922,
    "id": 471143821,
    "leak_pa": 0.0,
    "num_spikes": 3,
    "peak_deflection": 0.0,
    "post_noise_rms_mv": 0.0356359630823135,
    "post_vm_mv": -78.412239074707,
    "pre_noise_rms_mv": 0.0384174510836601,
    "pre_vm_mv": -78.5607223510742,
    "slow_noise_rms_mv": 0.0838552713394165,
    "slow_vm_mv": -78.5607223510742,
    "specimen_id": 471141261,
    "stimulus_absolute_amplitude": 1329.99999902239,
    "stimulus_description": "C2SSTRIPLE141203[2]",
    "stimulus_duration": 0.032995,
    "stimulus_interval": 0.012,
    "stimulus_name": "Short Square - Triple",
    "stimulus_relative_amplitude": 13.3,
    "stimulus_start_time": 1.92,
    "stimulus_units": "pA",
    "sweep_number": 102,
    "vm_delta_mv": 0.148483276367188
  },
  {
    "bridge_balance_mohm": 11.5995121002197,
    "id": 471143949,
    "leak_pa": 0.0,
    "num_spikes": 0,
    "peak_deflection": 0.0,
    "post_noise_rms_mv": 0.0389806069433689,
    "post_vm_mv": -78.7023162841797,
    "pre_noise_rms_mv": 0.0419897586107254,
    "pre_vm_mv": -78.7310409545898,
    "slow_noise_rms_mv": 0.0734027028083801,
    "slow_vm_mv": -78.7310409545898,
    "specimen_id": 471141261,
    "stimulus_absolute_amplitude": 1249.99999240316,
    "stimulus_description": "C1SSFINEST150112[0]",
    "stimulus_duration": 0.002995,
    "stimulus_interval": 0.0,
    "stimulus_name": "Short Square",
    "stimulus_relative_amplitude": 12.5,
    "stimulus_start_time": 0.92,
    "stimulus_units": "pA",
    "sweep_number": 22,
    "vm_delta_mv": 0.0287246704101562
  },
  {
    "bridge_balance_mohm": 11.5995121002197,
    "id": 471143997,
    "leak_pa": 0.0,
    "num_spikes": 0,
    "peak_deflection": -68.21875,
    "post_noise_rms_mv": 0.0378941930830479,
    "post_vm_mv": -78.4186935424805,
    "pre_noise_rms_mv": 0.0351404659450054,
    "pre_vm_mv": -78.5440139770508,
    "slow_noise_rms_mv": 0.0631124004721642,
    "slow_vm_mv": -78.5440139770508,
    "specimen_id": 471141261,
    "stimulus_absolute_amplitude": 90.0000005077395,
    "stimulus_description": "C1LSCOARSE150216[10]",
    "stimulus_duration": 0.999995,
    "stimulus_interval": 0.0,
    "stimulus_name": "Long Square",
    "stimulus_relative_amplitude": 1.0,
    "stimulus_start_time": 0.92,
    "stimulus_units": "pA",
    "sweep_number": 44,
    "vm_delta_mv": 0.125320434570312
  },
  {
    "bridge_balance_mohm": 11.5995121002197,
    "id": 471144075,
    "leak_pa": 0.0,
    "num_spikes": 0,
    "peak_deflection": 0.0,
    "post_noise_rms_mv": 0.0443748757243156,
    "post_vm_mv": -78.3995361328125,
    "pre_noise_rms_mv": 0.0331675559282303,
    "pre_vm_mv": -78.4325103759766,
    "slow_noise_rms_mv": 0.091529555618763,
    "slow_vm_mv": -78.4325103759766,
    "specimen_id": 471141261,
    "stimulus_absolute_amplitude": 200.000002670286,
    "stimulus_description": "C1SSCOARSE150112[1]",
    "stimulus_duration": 0.002995,
    "stimulus_interval": 0.0,
    "stimulus_name": "Short Square",
    "stimulus_relative_amplitude": 1.0,
    "stimulus_start_time": 0.92,
    "stimulus_units": "pA",
    "sweep_number": 8,
    "vm_delta_mv": 0.0329742431640625
  },
  {
    "bridge_balance_mohm": 11.5995121002197,
    "id": 471143977,
    "leak_pa": 0.0,
    "num_spikes": 0,
    "peak_deflection": -87.03125,
    "post_noise_rms_mv": 0.0429099649190903,
    "post_vm_mv": -78.7493286132812,
    "pre_noise_rms_mv": 0.0467330031096935,
    "pre_vm_mv": -78.7991027832031,
    "slow_noise_rms_mv": 0.229872956871986,
    "slow_vm_mv": -78.7991027832031,
    "specimen_id": 471141261,
    "stimulus_absolute_amplitude": -90.0000005077395,
    "stimulus_description": "C1LSCOARSE150216[1]",
    "stimulus_duration": 0.999995,
    "stimulus_interval": 0.0,
    "stimulus_name": "Long Square",
    "stimulus_relative_amplitude": 1.0,
    "stimulus_start_time": 0.92,
    "stimulus_units": "pA",
    "sweep_number": 35,
    "vm_delta_mv": 0.049774169921875
  },
  {
    "bridge_balance_mohm": 11.5995121002197,
    "id": 471144047,
    "leak_pa": 0.0,
    "num_spikes": 81,
    "peak_deflection": 0.0,
    "post_noise_rms_mv": 0.0374976843595505,
    "post_vm_mv": -79.3207550048828,
    "pre_noise_rms_mv": 0.0377457216382027,
    "pre_vm_mv": -78.5011367797852,
    "slow_noise_rms_mv": 0.0834909752011299,
    "slow_vm_mv": -78.5011367797852,
    "specimen_id": 471141261,
    "stimulus_absolute_amplitude": 495.124996557905,
    "stimulus_description": "C1NSSEED_2150216[0]",
    "stimulus_duration": 18.999995,
    "stimulus_interval": 5.0,
    "stimulus_name": "Noise 2",
    "stimulus_relative_amplitude": 2.1,
    "stimulus_start_time": 1.92,
    "stimulus_units": "pA",
    "sweep_number": 67,
    "vm_delta_mv": 0.819618225097656
  },
  {
    "bridge_balance_mohm": 11.5995121002197,
    "id": 471143987,
    "leak_pa": 0.0,
    "num_spikes": 14,
    "peak_deflection": 0.0,
    "post_noise_rms_mv": 0.0,
    "post_vm_mv": 0.0,
    "pre_noise_rms_mv": 0.0401898436248302,
    "pre_vm_mv": -79.1384124755859,
    "slow_noise_rms_mv": 0.158917874097824,
    "slow_vm_mv": -79.1384124755859,
    "specimen_id": 471141261,
    "stimulus_absolute_amplitude": 800.000010681146,
    "stimulus_description": "C1RP25PR1S141203[0]",
    "stimulus_duration": 31.997495,
    "stimulus_interval": 0.0,
    "stimulus_name": "Ramp",
    "stimulus_relative_amplitude": 1.0,
    "stimulus_start_time": 0.9225,
    "stimulus_units": "pA",
    "sweep_number": 4,
    "vm_delta_mv": 0.0
  },
  {
    "bridge_balance_mohm": 13.1868133544922,
    "id": 471144115,
    "leak_pa": 0.0,
    "num_spikes": 3,
    "peak_deflection": 0.0,
    "post_noise_rms_mv": 0.0317248627543449,
    "post_vm_mv": -78.3237380981445,
    "pre_noise_rms_mv": 0.0353938341140747,
    "pre_vm_mv": -78.4084167480469,
    "slow_noise_rms_mv": 0.0909781157970428,
    "slow_vm_mv": -78.4084167480469,
    "specimen_id": 471141261,
    "stimulus_absolute_amplitude": 1329.99999902239,
    "stimulus_description": "C2SSTRIPLE141203[6]",
    "stimulus_duration": 0.064995,
    "stimulus_interval": 0.028,
    "stimulus_name": "Short Square - Triple",
    "stimulus_relative_amplitude": 13.3,
    "stimulus_start_time": 1.92,
    "stimulus_units": "pA",
    "sweep_number": 98,
    "vm_delta_mv": 0.0846786499023438
  },
  {
    "bridge_balance_mohm": 13.1868133544922,
    "id": 471144103,
    "leak_pa": 0.0,
    "num_spikes": 3,
    "peak_deflection": 0.0,
    "post_noise_rms_mv": 0.0370744056999683,
    "post_vm_mv": -78.4068374633789,
    "pre_noise_rms_mv": 0.0387548990547657,
    "pre_vm_mv": -78.7464904785156,
    "slow_noise_rms_mv": 0.0806923285126686,
    "slow_vm_mv": -78.7464904785156,
    "specimen_id": 471141261,
    "stimulus_absolute_amplitude": 1329.99999902239,
    "stimulus_description": "C2SSTRIPLE141203[0]",
    "stimulus_duration": 0.016995,
    "stimulus_interval": 0.004,
    "stimulus_name": "Short Square - Triple",
    "stimulus_relative_amplitude": 13.3,
    "stimulus_start_time": 1.92,
    "stimulus_units": "pA",
    "sweep_number": 92,
    "vm_delta_mv": 0.339653015136719
  },
  {
    "bridge_balance_mohm": 11.5995121002197,
    "id": 471144027,
    "leak_pa": 0.0,
    "num_spikes": 28,
    "peak_deflection": 0.0,
    "post_noise_rms_mv": 0.0408634804189205,
    "post_vm_mv": -79.020622253418,
    "pre_noise_rms_mv": 0.0405446588993073,
    "pre_vm_mv": -79.0817031860352,
    "slow_noise_rms_mv": 0.0601335018873215,
    "slow_vm_mv": -79.0817031860352,
    "specimen_id": 471141261,
    "stimulus_absolute_amplitude": 370.000002858362,
    "stimulus_description": "C1LSCOARSE150216[24]",
    "stimulus_duration": 0.999995,
    "stimulus_interval": 0.0,
    "stimulus_name": "Long Square",
    "stimulus_relative_amplitude": 1.0,
    "stimulus_start_time": 0.92,
    "stimulus_units": "pA",
    "sweep_number": 58,
    "vm_delta_mv": 0.0610809326171875
  },
  {
    "bridge_balance_mohm": 13.1868133544922,
    "id": 471143837,
    "leak_pa": 0.0,
    "num_spikes": 3,
    "peak_deflection": 0.0,
    "post_noise_rms_mv": 0.0428382158279419,
    "post_vm_mv": -78.2037506103516,
    "pre_noise_rms_mv": 0.0423715114593506,
    "pre_vm_mv": -78.2748336791992,
    "slow_noise_rms_mv": 0.0689687356352806,
    "slow_vm_mv": -78.2748336791992,
    "specimen_id": 471141261,
    "stimulus_absolute_amplitude": 1329.99999902239,
    "stimulus_description": "C2SSTRIPLE141203[6]",
    "stimulus_duration": 0.064995,
    "stimulus_interval": 0.028,
    "stimulus_name": "Short Square - Triple",
    "stimulus_relative_amplitude": 13.3,
    "stimulus_start_time": 1.92,
    "stimulus_units": "pA",
    "sweep_number": 106,
    "vm_delta_mv": 0.0710830688476562
  },
  {
    "bridge_balance_mohm": 13.1868133544922,
    "id": 471143861,
    "leak_pa": 0.0,
    "num_spikes": 0,
    "peak_deflection": 0.0,
    "post_noise_rms_mv": 0.0326218008995056,
    "post_vm_mv": -71.0267486572266,
    "pre_noise_rms_mv": 0.0364339202642441,
    "pre_vm_mv": -71.0972061157227,
    "slow_noise_rms_mv": 0.117897234857082,
    "slow_vm_mv": -71.0972061157227,
    "specimen_id": 471141261,
    "stimulus_absolute_amplitude": 100.000001335143,
    "stimulus_description": "C2SSHM70CS150126[0]",
    "stimulus_duration": 0.002995,
    "stimulus_interval": 0.0,
    "stimulus_name": "Short Square - Hold -70mV",
    "stimulus_relative_amplitude": 1.0,
    "stimulus_start_time": 0.92,
    "stimulus_units": "pA",
    "sweep_number": 116,
    "vm_delta_mv": 0.0704574584960938
  },
  {
    "bridge_balance_mohm": 11.5995121002197,
    "id": 471144001,
    "leak_pa": 0.0,
    "num_spikes": 0,
    "peak_deflection": -63.3750038146973,
    "post_noise_rms_mv": 0.040278434753418,
    "post_vm_mv": -78.6387481689453,
    "pre_noise_rms_mv": 0.0388221777975559,
    "pre_vm_mv": -78.6282424926758,
    "slow_noise_rms_mv": 0.229339510202408,
    "slow_vm_mv": -78.6282424926758,
    "specimen_id": 471141261,
    "stimulus_absolute_amplitude": 129.99999687846,
    "stimulus_description": "C1LSCOARSE150216[12]",
    "stimulus_duration": 0.999995,
    "stimulus_interval": 0.0,
    "stimulus_name": "Long Square",
    "stimulus_relative_amplitude": 1.0,
    "stimulus_start_time": 0.92,
    "stimulus_units": "pA",
    "sweep_number": 46,
    "vm_delta_mv": 0.0105056762695312
  },
  {
    "bridge_balance_mohm": 13.1868133544922,
    "id": 471143841,
    "leak_pa": 0.0,
    "num_spikes": 3,
    "peak_deflection": 0.0,
    "post_noise_rms_mv": 0.040424183011055,
    "post_vm_mv": -78.0209121704102,
    "pre_noise_rms_mv": 0.0386539734899998,
    "pre_vm_mv": -78.1970901489258,
    "slow_noise_rms_mv": 0.0797934085130692,
    "slow_vm_mv": -78.1970901489258,
    "specimen_id": 471141261,
    "stimulus_absolute_amplitude": 1329.99999902239,
    "stimulus_description": "C2SSTRIPLE141203[7]",
    "stimulus_duration": 0.072995,
    "stimulus_interval": 0.032,
    "stimulus_name": "Short Square - Triple",
    "stimulus_relative_amplitude": 13.3,
    "stimulus_start_time": 1.92,
    "stimulus_units": "pA",
    "sweep_number": 107,
    "vm_delta_mv": 0.176177978515625
  },
  {
    "bridge_balance_mohm": 11.5995121002197,
    "id": 471144063,
    "leak_pa": 0.0,
    "num_spikes": 0,
    "peak_deflection": 0.0,
    "post_noise_rms_mv": 0.0373659320175648,
    "post_vm_mv": -79.044563293457,
    "pre_noise_rms_mv": 0.0380564890801907,
    "pre_vm_mv": -79.1567764282227,
    "slow_noise_rms_mv": 0.156367421150208,
    "slow_vm_mv": -79.1567764282227,
    "specimen_id": 471141261,
    "stimulus_absolute_amplitude": -200.000002670286,
    "stimulus_description": "C1SQCAPCHK141203[0]",
    "stimulus_duration": 7.819995,
    "stimulus_interval": 0.2,
    "stimulus_name": "Square - 0.5ms Subthreshold",
    "stimulus_relative_amplitude": 1.0,
    "stimulus_start_time": 0.12,
    "stimulus_units": "pA",
    "sweep_number": 74,
    "vm_delta_mv": 0.112213134765625
  },
  {
    "bridge_balance_mohm": 13.1868133544922,
    "id": 471143871,
    "leak_pa": 0.0,
    "num_spikes": 0,
    "peak_deflection": 0.0,
    "post_noise_rms_mv": 0.0377852283418179,
    "post_vm_mv": -70.7861633300781,
    "pre_noise_rms_mv": 0.0415231883525848,
    "pre_vm_mv": -70.6877365112305,
    "slow_noise_rms_mv": 0.114023990929127,
    "slow_vm_mv": -70.6877365112305,
    "specimen_id": 471141261,
    "stimulus_absolute_amplitude": 499.999985859034,
    "stimulus_description": "C2SSHM70CS150126[4]",
    "stimulus_duration": 0.002995,
    "stimulus_interval": 0.0,
    "stimulus_name": "Short Square - Hold -70mV",
    "stimulus_relative_amplitude": 1.0,
    "stimulus_start_time": 0.92,
    "stimulus_units": "pA",
    "sweep_number": 120,
    "vm_delta_mv": 0.0984268188476562
  },
  {
    "bridge_balance_mohm": 0.0,
    "id": 471143965,
    "leak_pa": 0.0,
    "num_spikes": 0,
    "peak_deflection": 0.0,
    "post_noise_rms_mv": 0.0,
    "post_vm_mv": 0.0,
    "pre_noise_rms_mv": 0.0,
    "pre_vm_mv": 0.0,
    "slow_noise_rms_mv": 0.0,
    "slow_vm_mv": 0.0,
    "specimen_id": 471141261,
    "stimulus_absolute_amplitude": 9.99999977648258,
    "stimulus_description": "EXTPBREAKN141203[0]",
    "stimulus_duration": 0.069995,
    "stimulus_interval": 0.05,
    "stimulus_name": "Test",
    "stimulus_relative_amplitude": 1.0,
    "stimulus_start_time": 0.03,
    "stimulus_units": "mV",
    "sweep_number": 3,
    "vm_delta_mv": 0.0
  },
  {
    "bridge_balance_mohm": 13.1868133544922,
    "id": 471144109,
    "leak_pa": 0.0,
    "num_spikes": 3,
    "peak_deflection": 0.0,
    "post_noise_rms_mv": 0.0379502773284912,
    "post_vm_mv": -78.3087463378906,
    "pre_noise_rms_mv": 0.0418655388057232,
    "pre_vm_mv": -78.3650512695312,
    "slow_noise_rms_mv": 0.0839045494794846,
    "slow_vm_mv": -78.3650512695312,
    "specimen_id": 471141261,
    "stimulus_absolute_amplitude": 1329.99999902239,
    "stimulus_description": "C2SSTRIPLE141203[3]",
    "stimulus_duration": 0.040995,
    "stimulus_interval": 0.016,
    "stimulus_name": "Short Square - Triple",
    "stimulus_relative_amplitude": 13.3,
    "stimulus_start_time": 1.92,
    "stimulus_units": "pA",
    "sweep_number": 95,
    "vm_delta_mv": 0.056304931640625
  },
  {
    "bridge_balance_mohm": 11.5995121002197,
    "id": 471144019,
    "leak_pa": 0.0,
    "num_spikes": 18,
    "peak_deflection": 0.0,
    "post_noise_rms_mv": 0.0378254130482674,
    "post_vm_mv": -79.2638473510742,
    "pre_noise_rms_mv": 0.0454887598752975,
    "pre_vm_mv": -79.3015060424805,
    "slow_noise_rms_mv": 0.0566234737634659,
    "slow_vm_mv": -79.3015060424805,
    "specimen_id": 471141261,
    "stimulus_absolute_amplitude": 289.999996239132,
    "stimulus_description": "C1LSCOARSE150216[20]",
    "stimulus_duration": 0.999995,
    "stimulus_interval": 0.0,
    "stimulus_name": "Long Square",
    "stimulus_relative_amplitude": 1.0,
    "stimulus_start_time": 0.92,
    "stimulus_units": "pA",
    "sweep_number": 54,
    "vm_delta_mv": 0.03765869140625
  },
  {
    "bridge_balance_mohm": 13.1868133544922,
    "id": 471143849,
    "leak_pa": 0.0,
    "num_spikes": 3,
    "peak_deflection": 0.0,
    "post_noise_rms_mv": 0.0374911725521088,
    "post_vm_mv": -78.0408935546875,
    "pre_noise_rms_mv": 0.0407285019755363,
    "pre_vm_mv": -78.2265777587891,
    "slow_noise_rms_mv": 0.11297782510519,
    "slow_vm_mv": -78.2265777587891,
    "specimen_id": 471141261,
    "stimulus_absolute_amplitude": 1329.99999902239,
    "stimulus_description": "C2SSTRIPLE141203[2]",
    "stimulus_duration": 0.032995,
    "stimulus_interval": 0.012,
    "stimulus_name": "Short Square - Triple",
    "stimulus_relative_amplitude": 13.3,
    "stimulus_start_time": 1.92,
    "stimulus_units": "pA",
    "sweep_number": 110,
    "vm_delta_mv": 0.185684204101562
  },
  {
    "bridge_balance_mohm": 11.5995121002197,
    "id": 471143961,
    "leak_pa": 0.0,
    "num_spikes": 1,
    "peak_deflection": 0.0,
    "post_noise_rms_mv": 0.0363735593855381,
    "post_vm_mv": -78.7946472167969,
    "pre_noise_rms_mv": 0.040934182703495,
    "pre_vm_mv": -78.7199249267578,
    "slow_noise_rms_mv": 0.199240505695343,
    "slow_vm_mv": -78.7199249267578,
    "specimen_id": 471141261,
    "stimulus_absolute_amplitude": 1319.99999819499,
    "stimulus_description": "C1SSFINEST150112[0]",
    "stimulus_duration": 0.002995,
    "stimulus_interval": 0.0,
    "stimulus_name": "Short Square",
    "stimulus_relative_amplitude": 13.2,
    "stimulus_start_time": 0.92,
    "stimulus_units": "pA",
    "sweep_number": 28,
    "vm_delta_mv": 0.0747222900390625
  },
  {
    "bridge_balance_mohm": 11.5995121002197,
    "id": 471143963,
    "leak_pa": 0.0,
    "num_spikes": 0,
    "peak_deflection": 0.0,
    "post_noise_rms_mv": 0.0430822037160397,
    "post_vm_mv": -78.7658767700195,
    "pre_noise_rms_mv": 0.038776870816946,
    "pre_vm_mv": -78.76611328125,
    "slow_noise_rms_mv": 0.0697274431586266,
    "slow_vm_mv": -78.76611328125,
    "specimen_id": 471141261,
    "stimulus_absolute_amplitude": 1319.99999819499,
    "stimulus_description": "C1SSFINEST150112[0]",
    "stimulus_duration": 0.002995,
    "stimulus_interval": 0.0,
    "stimulus_name": "Short Square",
    "stimulus_relative_amplitude": 13.2,
    "stimulus_start_time": 0.92,
    "stimulus_units": "pA",
    "sweep_number": 29,
    "vm_delta_mv": 0.00023651123046875
  },
  {
    "bridge_balance_mohm": 0.0,
    "id": 471143805,
    "leak_pa": 0.0,
    "num_spikes": 0,
    "peak_deflection": 0.0,
    "post_noise_rms_mv": 0.0,
    "post_vm_mv": 0.0,
    "pre_noise_rms_mv": 0.0,
    "pre_vm_mv": 0.0,
    "slow_noise_rms_mv": 0.0,
    "slow_vm_mv": 0.0,
    "specimen_id": 471141261,
    "stimulus_absolute_amplitude": 9.99999977648258,
    "stimulus_description": "EXTPSMOKET141203[0]",
    "stimulus_duration": 0.069995,
    "stimulus_interval": 0.05,
    "stimulus_name": "Test",
    "stimulus_relative_amplitude": 1.0,
    "stimulus_start_time": 0.03,
    "stimulus_units": "mV",
    "sweep_number": 0,
    "vm_delta_mv": 0.0
  },
  {
    "bridge_balance_mohm": 11.5995121002197,
    "id": 471143991,
    "leak_pa": 0.0,
    "num_spikes": 0,
    "peak_deflection": -74.59375,
    "post_noise_rms_mv": 0.0379742868244648,
    "post_vm_mv": -78.3040771484375,
    "pre_noise_rms_mv": 0.0447886362671852,
    "pre_vm_mv": -78.3653030395508,
    "slow_noise_rms_mv": 0.0853080302476883,
    "slow_vm_mv": -78.3653030395508,
    "specimen_id": 471141261,
    "stimulus_absolute_amplitude": 30.0000024822111,
    "stimulus_description": "C1LSCOARSE150216[7]",
    "stimulus_duration": 0.999995,
    "stimulus_interval": 0.0,
    "stimulus_name": "Long Square",
    "stimulus_relative_amplitude": 1.0,
    "stimulus_start_time": 0.92,
    "stimulus_units": "pA",
    "sweep_number": 41,
    "vm_delta_mv": 0.0612258911132812
  },
  {
    "bridge_balance_mohm": 13.1868133544922,
    "id": 471144093,
    "leak_pa": 0.0,
    "num_spikes": 35,
    "peak_deflection": 0.0,
    "post_noise_rms_mv": 0.0391726233065128,
    "post_vm_mv": -79.2196731567383,
    "pre_noise_rms_mv": 0.0370634272694588,
    "pre_vm_mv": -79.4275588989258,
    "slow_noise_rms_mv": 0.0527114868164062,
    "slow_vm_mv": -79.4275588989258,
    "specimen_id": 471141261,
    "stimulus_absolute_amplitude": 289.999996239132,
    "stimulus_description": "C2SQRHELNG150216[0]",
    "stimulus_duration": 1.999995,
    "stimulus_interval": 0.0,
    "stimulus_name": "Square - 2s Suprathreshold",
    "stimulus_relative_amplitude": 2.9,
    "stimulus_start_time": 0.92,
    "stimulus_units": "pA",
    "sweep_number": 88,
    "vm_delta_mv": 0.2078857421875
  },
  {
    "bridge_balance_mohm": 11.5995121002197,
    "id": 471143995,
    "leak_pa": 0.0,
    "num_spikes": 0,
    "peak_deflection": -70.5625,
    "post_noise_rms_mv": 0.0388640761375427,
    "post_vm_mv": -78.5147171020508,
    "pre_noise_rms_mv": 0.0384853146970272,
    "pre_vm_mv": -78.5807723999023,
    "slow_noise_rms_mv": 0.0589380636811256,
    "slow_vm_mv": -78.5807723999023,
    "specimen_id": 471141261,
    "stimulus_absolute_amplitude": 69.9999988529321,
    "stimulus_description": "C1LSCOARSE150216[9]",
    "stimulus_duration": 0.999995,
    "stimulus_interval": 0.0,
    "stimulus_name": "Long Square",
    "stimulus_relative_amplitude": 1.0,
    "stimulus_start_time": 0.92,
    "stimulus_units": "pA",
    "sweep_number": 43,
    "vm_delta_mv": 0.0660552978515625
  },
  {
    "bridge_balance_mohm": 11.5995121002197,
    "id": 471144015,
    "leak_pa": 0.0,
    "num_spikes": 11,
    "peak_deflection": 0.0,
    "post_noise_rms_mv": 0.0368100591003895,
    "post_vm_mv": -79.0588684082031,
    "pre_noise_rms_mv": 0.0313512235879898,
    "pre_vm_mv": -79.0125274658203,
    "slow_noise_rms_mv": 0.0529302358627319,
    "slow_vm_mv": -79.0125274658203,
    "specimen_id": 471141261,
    "stimulus_absolute_amplitude": 249.999992929517,
    "stimulus_description": "C1LSCOARSE150216[18]",
    "stimulus_duration": 0.999995,
    "stimulus_interval": 0.0,
    "stimulus_name": "Long Square",
    "stimulus_relative_amplitude": 1.0,
    "stimulus_start_time": 0.92,
    "stimulus_units": "pA",
    "sweep_number": 52,
    "vm_delta_mv": 0.0463409423828125
  },
  {
    "bridge_balance_mohm": 13.1868133544922,
    "id": 471144071,
    "leak_pa": 0.0,
    "num_spikes": 9,
    "peak_deflection": 0.0,
    "post_noise_rms_mv": 0.0417024604976177,
    "post_vm_mv": -79.2297210693359,
    "pre_noise_rms_mv": 0.0395793579518795,
    "pre_vm_mv": -79.1004257202148,
    "slow_noise_rms_mv": 0.252613335847855,
    "slow_vm_mv": -79.1004257202148,
    "specimen_id": 471141261,
    "stimulus_absolute_amplitude": 209.999989619902,
    "stimulus_description": "C2SQRHELNG150216[0]",
    "stimulus_duration": 1.999995,
    "stimulus_interval": 0.0,
    "stimulus_name": "Square - 2s Suprathreshold",
    "stimulus_relative_amplitude": 2.1,
    "stimulus_start_time": 0.92,
    "stimulus_units": "pA",
    "sweep_number": 78,
    "vm_delta_mv": 0.129295349121094
  },
  {
    "bridge_balance_mohm": 11.5995121002197,
    "id": 471143969,
    "leak_pa": 0.0,
    "num_spikes": 1,
    "peak_deflection": 0.0,
    "post_noise_rms_mv": 0.0389477461576462,
    "post_vm_mv": -78.3990478515625,
    "pre_noise_rms_mv": 0.0373550429940224,
    "pre_vm_mv": -78.4998168945312,
    "slow_noise_rms_mv": 0.0592099241912365,
    "slow_vm_mv": -78.4998168945312,
    "specimen_id": 471141261,
    "stimulus_absolute_amplitude": 1329.99999902239,
    "stimulus_description": "C1SSFINEST150112[0]",
    "stimulus_duration": 0.002995,
    "stimulus_interval": 0.0,
    "stimulus_name": "Short Square",
    "stimulus_relative_amplitude": 13.3,
    "stimulus_start_time": 0.92,
    "stimulus_units": "pA",
    "sweep_number": 31,
    "vm_delta_mv": 0.10076904296875
  },
  {
    "bridge_balance_mohm": 11.5995121002197,
    "id": 471143895,
    "leak_pa": 0.0,
    "num_spikes": 0,
    "peak_deflection": 0.0,
    "post_noise_rms_mv": 0.0396304540336132,
    "post_vm_mv": -78.1323928833008,
    "pre_noise_rms_mv": 0.0388745479285717,
    "pre_vm_mv": -78.1439666748047,
    "slow_noise_rms_mv": 0.0645891800522804,
    "slow_vm_mv": -78.1439666748047,
    "specimen_id": 471141261,
    "stimulus_absolute_amplitude": 700.000002407108,
    "stimulus_description": "C1SSCOARSE150112[6]",
    "stimulus_duration": 0.002995,
    "stimulus_interval": 0.0,
    "stimulus_name": "Short Square",
    "stimulus_relative_amplitude": 1.0,
    "stimulus_start_time": 0.92,
    "stimulus_units": "pA",
    "sweep_number": 13,
    "vm_delta_mv": 0.0115737915039062
  },
  {
    "bridge_balance_mohm": 11.5995121002197,
    "id": 471143981,
    "leak_pa": 0.0,
    "num_spikes": 0,
    "peak_deflection": -83.59375,
    "post_noise_rms_mv": 0.0416270643472672,
    "post_vm_mv": -78.7746734619141,
    "pre_noise_rms_mv": 0.0414958745241165,
    "pre_vm_mv": -78.765251159668,
    "slow_noise_rms_mv": 0.066768154501915,
    "slow_vm_mv": -78.765251159668,
    "specimen_id": 471141261,
    "stimulus_absolute_amplitude": -50.0000006675716,
    "stimulus_description": "C1LSCOARSE150216[3]",
    "stimulus_duration": 0.999995,
    "stimulus_interval": 0.0,
    "stimulus_name": "Long Square",
    "stimulus_relative_amplitude": 1.0,
    "stimulus_start_time": 0.92,
    "stimulus_units": "pA",
    "sweep_number": 37,
    "vm_delta_mv": 0.00942230224609375
  },
  {
    "bridge_balance_mohm": 11.5995121002197,
    "id": 471144013,
    "leak_pa": 0.0,
    "num_spikes": 7,
    "peak_deflection": 0.0,
    "post_noise_rms_mv": 0.0387779921293259,
    "post_vm_mv": -78.8056182861328,
    "pre_noise_rms_mv": 0.039149347692728,
    "pre_vm_mv": -78.7885971069336,
    "slow_noise_rms_mv": 0.0804925560951233,
    "slow_vm_mv": -78.7885971069336,
    "specimen_id": 471141261,
    "stimulus_absolute_amplitude": 230.000005152498,
    "stimulus_description": "C1LSCOARSE150216[17]",
    "stimulus_duration": 0.999995,
    "stimulus_interval": 0.0,
    "stimulus_name": "Long Square",
    "stimulus_relative_amplitude": 1.0,
    "stimulus_start_time": 0.92,
    "stimulus_units": "pA",
    "sweep_number": 51,
    "vm_delta_mv": 0.0170211791992188
  },
  {
    "bridge_balance_mohm": 13.1868133544922,
    "id": 471144113,
    "leak_pa": 0.0,
    "num_spikes": 3,
    "peak_deflection": 0.0,
    "post_noise_rms_mv": 0.0389158353209496,
    "post_vm_mv": -78.1796951293945,
    "pre_noise_rms_mv": 0.0411029569804668,
    "pre_vm_mv": -78.0914993286133,
    "slow_noise_rms_mv": 0.0861156135797501,
    "slow_vm_mv": -78.0914993286133,
    "specimen_id": 471141261,
    "stimulus_absolute_amplitude": 1329.99999902239,
    "stimulus_description": "C2SSTRIPLE141203[5]",
    "stimulus_duration": 0.056995,
    "stimulus_interval": 0.024,
    "stimulus_name": "Short Square - Triple",
    "stimulus_relative_amplitude": 13.3,
    "stimulus_start_time": 1.92,
    "stimulus_units": "pA",
    "sweep_number": 97,
    "vm_delta_mv": 0.08819580078125
  },
  {
    "bridge_balance_mohm": 13.1868133544922,
    "id": 471144099,
    "leak_pa": 0.0,
    "num_spikes": 109,
    "peak_deflection": 0.0,
    "post_noise_rms_mv": 0.0352163426578045,
    "post_vm_mv": -79.4502792358398,
    "pre_noise_rms_mv": 0.037227600812912,
    "pre_vm_mv": -79.6437454223633,
    "slow_noise_rms_mv": 0.0599798820912838,
    "slow_vm_mv": -79.6437454223633,
    "specimen_id": 471141261,
    "stimulus_absolute_amplitude": 711.749992277078,
    "stimulus_description": "C2NSRMPRH2150216[0]",
    "stimulus_duration": 31.99998,
    "stimulus_interval": 3.5e-05,
    "stimulus_name": "Ramp to Rheobase",
    "stimulus_relative_amplitude": 2.1,
    "stimulus_start_time": 1.920015,
    "stimulus_units": "pA",
    "sweep_number": 90,
    "vm_delta_mv": 0.193466186523438
  },
  {
    "bridge_balance_mohm": 11.5995121002197,
    "id": 471144037,
    "leak_pa": 0.0,
    "num_spikes": 1,
    "peak_deflection": 0.0,
    "post_noise_rms_mv": 0.0383531413972378,
    "post_vm_mv": -78.4784622192383,
    "pre_noise_rms_mv": 0.0413806587457657,
    "pre_vm_mv": -78.623046875,
    "slow_noise_rms_mv": 0.065682664513588,
    "slow_vm_mv": -78.623046875,
    "specimen_id": 471141261,
    "stimulus_absolute_amplitude": 209.999989619902,
    "stimulus_description": "C1LSFINEST150112[0]",
    "stimulus_duration": 0.999995,
    "stimulus_interval": 0.0,
    "stimulus_name": "Long Square",
    "stimulus_relative_amplitude": 2.1,
    "stimulus_start_time": 0.92,
    "stimulus_units": "pA",
    "sweep_number": 62,
    "vm_delta_mv": 0.144584655761719
  },
  {
    "bridge_balance_mohm": 13.1868133544922,
    "id": 471144111,
    "leak_pa": 0.0,
    "num_spikes": 3,
    "peak_deflection": 0.0,
    "post_noise_rms_mv": 0.0355823338031769,
    "post_vm_mv": -78.2149124145508,
    "pre_noise_rms_mv": 0.0423038490116596,
    "pre_vm_mv": -78.2845916748047,
    "slow_noise_rms_mv": 0.0806697160005569,
    "slow_vm_mv": -78.2845916748047,
    "specimen_id": 471141261,
    "stimulus_absolute_amplitude": 1329.99999902239,
    "stimulus_description": "C2SSTRIPLE141203[4]",
    "stimulus_duration": 0.048995,
    "stimulus_interval": 0.02,
    "stimulus_name": "Short Square - Triple",
    "stimulus_relative_amplitude": 13.3,
    "stimulus_start_time": 1.92,
    "stimulus_units": "pA",
    "sweep_number": 96,
    "vm_delta_mv": 0.0696792602539062
  },
  {
    "bridge_balance_mohm": 13.1868133544922,
    "id": 471143813,
    "leak_pa": 0.0,
    "num_spikes": 3,
    "peak_deflection": 0.0,
    "post_noise_rms_mv": 0.0437265560030937,
    "post_vm_mv": -78.2299652099609,
    "pre_noise_rms_mv": 0.0356755219399929,
    "pre_vm_mv": -78.5377655029297,
    "slow_noise_rms_mv": 0.0671363770961761,
    "slow_vm_mv": -78.5377655029297,
    "specimen_id": 471141261,
    "stimulus_absolute_amplitude": 1329.99999902239,
    "stimulus_description": "C2SSTRIPLE141203[0]",
    "stimulus_duration": 0.016995,
    "stimulus_interval": 0.004,
    "stimulus_name": "Short Square - Triple",
    "stimulus_relative_amplitude": 13.3,
    "stimulus_start_time": 1.92,
    "stimulus_units": "pA",
    "sweep_number": 100,
    "vm_delta_mv": 0.30780029296875
  },
  {
    "bridge_balance_mohm": 11.5995121002197,
    "id": 471143959,
    "leak_pa": 0.0,
    "num_spikes": 1,
    "peak_deflection": 0.0,
    "post_noise_rms_mv": 0.0417159870266914,
    "post_vm_mv": -78.4559020996094,
    "pre_noise_rms_mv": 0.0420946776866913,
    "pre_vm_mv": -78.4723587036133,
    "slow_noise_rms_mv": 0.0865996032953262,
    "slow_vm_mv": -78.4723587036133,
    "specimen_id": 471141261,
    "stimulus_absolute_amplitude": 1329.99999902239,
    "stimulus_description": "C1SSFINEST150112[0]",
    "stimulus_duration": 0.002995,
    "stimulus_interval": 0.0,
    "stimulus_name": "Short Square",
    "stimulus_relative_amplitude": 13.3,
    "stimulus_start_time": 0.92,
    "stimulus_units": "pA",
    "sweep_number": 27,
    "vm_delta_mv": 0.0164566040039062
  },
  {
    "bridge_balance_mohm": 13.1868133544922,
    "id": 471144087,
    "leak_pa": 0.0,
    "num_spikes": 35,
    "peak_deflection": 0.0,
    "post_noise_rms_mv": 0.0346422679722309,
    "post_vm_mv": -79.5300598144531,
    "pre_noise_rms_mv": 0.0383865088224411,
    "pre_vm_mv": -79.3102722167969,
    "slow_noise_rms_mv": 0.105669297277927,
    "slow_vm_mv": -79.3102722167969,
    "specimen_id": 471141261,
    "stimulus_absolute_amplitude": 289.999996239132,
    "stimulus_description": "C2SQRHELNG150216[0]",
    "stimulus_duration": 1.999995,
    "stimulus_interval": 0.0,
    "stimulus_name": "Square - 2s Suprathreshold",
    "stimulus_relative_amplitude": 2.9,
    "stimulus_start_time": 0.92,
    "stimulus_units": "pA",
    "sweep_number": 85,
    "vm_delta_mv": 0.21978759765625
  },
  {
    "bridge_balance_mohm": 13.1868133544922,
    "id": 471144067,
    "leak_pa": 0.0,
    "num_spikes": 0,
    "peak_deflection": -49.4375,
    "post_noise_rms_mv": 0.039069440215826,
    "post_vm_mv": -78.7168426513672,
    "pre_noise_rms_mv": 0.0396286733448505,
    "pre_vm_mv": -78.6658172607422,
    "slow_noise_rms_mv": 0.064901627600193,
    "slow_vm_mv": -78.6658172607422,
    "specimen_id": 471141261,
    "stimulus_absolute_amplitude": 200.000002670286,
    "stimulus_description": "C1LSFINEST150112[0]",
    "stimulus_duration": 0.999995,
    "stimulus_interval": 0.0,
    "stimulus_name": "Long Square",
    "stimulus_relative_amplitude": 2.0,
    "stimulus_start_time": 0.92,
    "stimulus_units": "pA",
    "sweep_number": 76,
    "vm_delta_mv": 0.051025390625
  },
  {
    "bridge_balance_mohm": 11.5995121002197,
    "id": 471143937,
    "leak_pa": 0.0,
    "num_spikes": 0,
    "peak_deflection": 0.0,
    "post_noise_rms_mv": 0.0368312783539295,
    "post_vm_mv": -78.4921875,
    "pre_noise_rms_mv": 0.0365414246916771,
    "pre_vm_mv": -78.4809722900391,
    "slow_noise_rms_mv": 0.0693603530526161,
    "slow_vm_mv": -78.4809722900391,
    "specimen_id": 471141261,
    "stimulus_absolute_amplitude": 1099.99997999211,
    "stimulus_description": "C1SSCOARSE150112[10]",
    "stimulus_duration": 0.002995,
    "stimulus_interval": 0.0,
    "stimulus_name": "Short Square",
    "stimulus_relative_amplitude": 1.0,
    "stimulus_start_time": 0.92,
    "stimulus_units": "pA",
    "sweep_number": 17,
    "vm_delta_mv": 0.0112152099609375
  },
  {
    "bridge_balance_mohm": 11.5995121002197,
    "id": 471143971,
    "leak_pa": 0.0,
    "num_spikes": 1,
    "peak_deflection": 0.0,
    "post_noise_rms_mv": 0.0390473566949368,
    "post_vm_mv": -78.371452331543,
    "pre_noise_rms_mv": 0.0360631868243217,
    "pre_vm_mv": -78.5364837646484,
    "slow_noise_rms_mv": 0.056834552437067,
    "slow_vm_mv": -78.5364837646484,
    "specimen_id": 471141261,
    "stimulus_absolute_amplitude": 1329.99999902239,
    "stimulus_description": "C1SSFINEST150112[0]",
    "stimulus_duration": 0.002995,
    "stimulus_interval": 0.0,
    "stimulus_name": "Short Square",
    "stimulus_relative_amplitude": 13.3,
    "stimulus_start_time": 0.92,
    "stimulus_units": "pA",
    "sweep_number": 32,
    "vm_delta_mv": 0.165031433105469
  },
  {
    "bridge_balance_mohm": 0.0,
    "id": 471143943,
    "leak_pa": 0.0,
    "num_spikes": 0,
    "peak_deflection": 0.0,
    "post_noise_rms_mv": 0.0,
    "post_vm_mv": 0.0,
    "pre_noise_rms_mv": 0.0,
    "pre_vm_mv": 0.0,
    "slow_noise_rms_mv": 0.0,
    "slow_vm_mv": 0.0,
    "specimen_id": 471141261,
    "stimulus_absolute_amplitude": 9.99999977648258,
    "stimulus_description": "EXTPCllATT141203[0]",
    "stimulus_duration": 0.069995,
    "stimulus_interval": 0.05,
    "stimulus_name": "Test",
    "stimulus_relative_amplitude": 1.0,
    "stimulus_start_time": 0.03,
    "stimulus_units": "mV",
    "sweep_number": 2,
    "vm_delta_mv": 0.0
  },
  {
    "bridge_balance_mohm": 13.1868133544922,
    "id": 471144107,
    "leak_pa": 0.0,
    "num_spikes": 3,
    "peak_deflection": 0.0,
    "post_noise_rms_mv": 0.0356759801506996,
    "post_vm_mv": -78.4974822998047,
    "pre_noise_rms_mv": 0.038800373673439,
    "pre_vm_mv": -78.5877838134766,
    "slow_noise_rms_mv": 0.102813310921192,
    "slow_vm_mv": -78.5877838134766,
    "specimen_id": 471141261,
    "stimulus_absolute_amplitude": 1329.99999902239,
    "stimulus_description": "C2SSTRIPLE141203[2]",
    "stimulus_duration": 0.032995,
    "stimulus_interval": 0.012,
    "stimulus_name": "Short Square - Triple",
    "stimulus_relative_amplitude": 13.3,
    "stimulus_start_time": 1.92,
    "stimulus_units": "pA",
    "sweep_number": 94,
    "vm_delta_mv": 0.090301513671875
  },
  {
    "bridge_balance_mohm": 13.1868133544922,
    "id": 471144095,
    "leak_pa": 0.0,
    "num_spikes": 136,
    "peak_deflection": 0.0,
    "post_noise_rms_mv": 0.0421136170625687,
    "post_vm_mv": -79.390754699707,
    "pre_noise_rms_mv": 0.0410453677177429,
    "pre_vm_mv": -78.7462005615234,
    "slow_noise_rms_mv": 0.0960768386721611,
    "slow_vm_mv": -78.7462005615234,
    "specimen_id": 471141261,
    "stimulus_absolute_amplitude": 711.749992277078,
    "stimulus_description": "C2NSRMPRH2150216[0]",
    "stimulus_duration": 31.99998,
    "stimulus_interval": 3.5e-05,
    "stimulus_name": "Ramp to Rheobase",
    "stimulus_relative_amplitude": 2.1,
    "stimulus_start_time": 1.920015,
    "stimulus_units": "pA",
    "sweep_number": 89,
    "vm_delta_mv": 0.644554138183594
  },
  {
    "bridge_balance_mohm": 13.1868133544922,
    "id": 471143865,
    "leak_pa": 0.0,
    "num_spikes": 0,
    "peak_deflection": 0.0,
    "post_noise_rms_mv": 0.0432892367243767,
    "post_vm_mv": -70.5929565429688,
    "pre_noise_rms_mv": 0.0363018959760666,
    "pre_vm_mv": -70.6820297241211,
    "slow_noise_rms_mv": 0.185126721858978,
    "slow_vm_mv": -70.6820297241211,
    "specimen_id": 471141261,
    "stimulus_absolute_amplitude": 299.999997066536,
    "stimulus_description": "C2SSHM70CS150126[2]",
    "stimulus_duration": 0.002995,
    "stimulus_interval": 0.0,
    "stimulus_name": "Short Square - Hold -70mV",
    "stimulus_relative_amplitude": 1.0,
    "stimulus_start_time": 0.92,
    "stimulus_units": "pA",
    "sweep_number": 118,
    "vm_delta_mv": 0.0890731811523438
  },
  {
    "bridge_balance_mohm": 11.5995121002197,
    "id": 471143917,
    "leak_pa": 0.0,
    "num_spikes": 0,
    "peak_deflection": 0.0,
    "post_noise_rms_mv": 0.0408613570034504,
    "post_vm_mv": -78.1137771606445,
    "pre_noise_rms_mv": 0.0374444015324116,
    "pre_vm_mv": -78.1291046142578,
    "slow_noise_rms_mv": 0.0598160326480865,
    "slow_vm_mv": -78.1291046142578,
    "specimen_id": 471141261,
    "stimulus_absolute_amplitude": 800.000010681146,
    "stimulus_description": "C1SSCOARSE150112[7]",
    "stimulus_duration": 0.002995,
    "stimulus_interval": 0.0,
    "stimulus_name": "Short Square",
    "stimulus_relative_amplitude": 1.0,
    "stimulus_start_time": 0.92,
    "stimulus_units": "pA",
    "sweep_number": 14,
    "vm_delta_mv": 0.0153274536132812
  },
  {
    "bridge_balance_mohm": 11.5995121002197,
    "id": 471144041,
    "leak_pa": 0.0,
    "num_spikes": 79,
    "peak_deflection": 0.0,
    "post_noise_rms_mv": 0.0419257543981075,
    "post_vm_mv": -79.8857574462891,
    "pre_noise_rms_mv": 0.0432635359466076,
    "pre_vm_mv": -79.0209579467773,
    "slow_noise_rms_mv": 0.0682474225759506,
    "slow_vm_mv": -79.0209579467773,
    "specimen_id": 471141261,
    "stimulus_absolute_amplitude": 486.749973660494,
    "stimulus_description": "C1NSSEED_1150216[0]",
    "stimulus_duration": 18.999995,
    "stimulus_interval": 5.0,
    "stimulus_name": "Noise 1",
    "stimulus_relative_amplitude": 2.1,
    "stimulus_start_time": 1.92,
    "stimulus_units": "pA",
    "sweep_number": 64,
    "vm_delta_mv": 0.864799499511719
  },
  {
    "bridge_balance_mohm": 11.5995121002197,
    "id": 471144039,
    "leak_pa": 0.0,
    "num_spikes": 3,
    "peak_deflection": 0.0,
    "post_noise_rms_mv": 0.0399395972490311,
    "post_vm_mv": -78.8084335327148,
    "pre_noise_rms_mv": 0.0395683906972408,
    "pre_vm_mv": -78.6920776367188,
    "slow_noise_rms_mv": 0.0771082043647766,
    "slow_vm_mv": -78.6920776367188,
    "specimen_id": 471141261,
    "stimulus_absolute_amplitude": 209.999989619902,
    "stimulus_description": "C1LSFINEST150112[0]",
    "stimulus_duration": 0.999995,
    "stimulus_interval": 0.0,
    "stimulus_name": "Long Square",
    "stimulus_relative_amplitude": 2.1,
    "stimulus_start_time": 0.92,
    "stimulus_units": "pA",
    "sweep_number": 63,
    "vm_delta_mv": 0.116355895996094
  },
  {
    "bridge_balance_mohm": 13.1868133544922,
    "id": 471143879,
    "leak_pa": 0.0,
    "num_spikes": 0,
    "peak_deflection": 0.0,
    "post_noise_rms_mv": 0.043000902980566,
    "post_vm_mv": -70.8601913452148,
    "pre_noise_rms_mv": 0.0373933650553226,
    "pre_vm_mv": -70.9358825683594,
    "slow_noise_rms_mv": 0.100466325879097,
    "slow_vm_mv": -70.9358825683594,
    "specimen_id": 471141261,
    "stimulus_absolute_amplitude": 900.000018955183,
    "stimulus_description": "C2SSHM70CS150126[8]",
    "stimulus_duration": 0.002995,
    "stimulus_interval": 0.0,
    "stimulus_name": "Short Square - Hold -70mV",
    "stimulus_relative_amplitude": 1.0,
    "stimulus_start_time": 0.92,
    "stimulus_units": "pA",
    "sweep_number": 124,
    "vm_delta_mv": 0.0756912231445312
  },
  {
    "bridge_balance_mohm": 11.5995121002197,
    "id": 471144005,
    "leak_pa": 0.0,
    "num_spikes": 0,
    "peak_deflection": -57.40625,
    "post_noise_rms_mv": 0.0376989804208279,
    "post_vm_mv": -78.6757278442383,
    "pre_noise_rms_mv": 0.0411503165960312,
    "pre_vm_mv": -78.6295166015625,
    "slow_noise_rms_mv": 0.135453402996063,
    "slow_vm_mv": -78.6295166015625,
    "specimen_id": 471141261,
    "stimulus_absolute_amplitude": 170.000000188075,
    "stimulus_description": "C1LSCOARSE150216[14]",
    "stimulus_duration": 0.999995,
    "stimulus_interval": 0.0,
    "stimulus_name": "Long Square",
    "stimulus_relative_amplitude": 1.0,
    "stimulus_start_time": 0.92,
    "stimulus_units": "pA",
    "sweep_number": 48,
    "vm_delta_mv": 0.0462112426757812
  },
  {
    "bridge_balance_mohm": 11.5995121002197,
    "id": 471143953,
    "leak_pa": 0.0,
    "num_spikes": 0,
    "peak_deflection": 0.0,
    "post_noise_rms_mv": 0.0404107570648193,
    "post_vm_mv": -78.9195709228516,
    "pre_noise_rms_mv": 0.0416316241025925,
    "pre_vm_mv": -78.9182815551758,
    "slow_noise_rms_mv": 0.148448184132576,
    "slow_vm_mv": -78.9182815551758,
    "specimen_id": 471141261,
    "stimulus_absolute_amplitude": 1289.99999571278,
    "stimulus_description": "C1SSFINEST150112[0]",
    "stimulus_duration": 0.002995,
    "stimulus_interval": 0.0,
    "stimulus_name": "Short Square",
    "stimulus_relative_amplitude": 12.9,
    "stimulus_start_time": 0.92,
    "stimulus_units": "pA",
    "sweep_number": 24,
    "vm_delta_mv": 0.00128936767578125
  },
  {
    "bridge_balance_mohm": 13.1868133544922,
    "id": 471143853,
    "leak_pa": 0.0,
    "num_spikes": 3,
    "peak_deflection": 0.0,
    "post_noise_rms_mv": 0.040155403316021,
    "post_vm_mv": -78.1494140625,
    "pre_noise_rms_mv": 0.0423798337578773,
    "pre_vm_mv": -78.2476119995117,
    "slow_noise_rms_mv": 0.0591575726866722,
    "slow_vm_mv": -78.2476119995117,
    "specimen_id": 471141261,
    "stimulus_absolute_amplitude": 1329.99999902239,
    "stimulus_description": "C2SSTRIPLE141203[4]",
    "stimulus_duration": 0.048995,
    "stimulus_interval": 0.02,
    "stimulus_name": "Short Square - Triple",
    "stimulus_relative_amplitude": 13.3,
    "stimulus_start_time": 1.92,
    "stimulus_units": "pA",
    "sweep_number": 112,
    "vm_delta_mv": 0.0981979370117188
  },
  {
    "bridge_balance_mohm": 13.1868133544922,
    "id": 471144073,
    "leak_pa": 0.0,
    "num_spikes": 7,
    "peak_deflection": 0.0,
    "post_noise_rms_mv": 0.034312441945076,
    "post_vm_mv": -79.4333572387695,
    "pre_noise_rms_mv": 0.0398973301053047,
    "pre_vm_mv": -79.3492279052734,
    "slow_noise_rms_mv": 0.0732584819197655,
    "slow_vm_mv": -79.3492279052734,
    "specimen_id": 471141261,
    "stimulus_absolute_amplitude": 209.999989619902,
    "stimulus_description": "C2SQRHELNG150216[0]",
    "stimulus_duration": 1.999995,
    "stimulus_interval": 0.0,
    "stimulus_name": "Square - 2s Suprathreshold",
    "stimulus_relative_amplitude": 2.1,
    "stimulus_start_time": 0.92,
    "stimulus_units": "pA",
    "sweep_number": 79,
    "vm_delta_mv": 0.0841293334960938
  },
  {
    "bridge_balance_mohm": 11.5995121002197,
    "id": 471144055,
    "leak_pa": 0.0,
    "num_spikes": 80,
    "peak_deflection": 0.0,
    "post_noise_rms_mv": 0.0377162434160709,
    "post_vm_mv": -79.4860382080078,
    "pre_noise_rms_mv": 0.0420482531189919,
    "pre_vm_mv": -79.0700225830078,
    "slow_noise_rms_mv": 0.0569505803287029,
    "slow_vm_mv": -79.0700225830078,
    "specimen_id": 471141261,
    "stimulus_absolute_amplitude": 486.749973660494,
    "stimulus_description": "C1NSSEED_1150216[0]",
    "stimulus_duration": 18.999995,
    "stimulus_interval": 5.0,
    "stimulus_name": "Noise 1",
    "stimulus_relative_amplitude": 2.1,
    "stimulus_start_time": 1.92,
    "stimulus_units": "pA",
    "sweep_number": 70,
    "vm_delta_mv": 0.416015625
  },
  {
    "bridge_balance_mohm": 11.5995121002197,
    "id": 471144003,
    "leak_pa": 0.0,
    "num_spikes": 0,
    "peak_deflection": -60.8125,
    "post_noise_rms_mv": 0.0424942560493946,
    "post_vm_mv": -78.6325912475586,
    "pre_noise_rms_mv": 0.0446480251848698,
    "pre_vm_mv": -78.631591796875,
    "slow_noise_rms_mv": 0.0607129000127316,
    "slow_vm_mv": -78.631591796875,
    "specimen_id": 471141261,
    "stimulus_absolute_amplitude": 149.999998533268,
    "stimulus_description": "C1LSCOARSE150216[13]",
    "stimulus_duration": 0.999995,
    "stimulus_interval": 0.0,
    "stimulus_name": "Long Square",
    "stimulus_relative_amplitude": 1.0,
    "stimulus_start_time": 0.92,
    "stimulus_units": "pA",
    "sweep_number": 47,
    "vm_delta_mv": 0.00099945068359375
  },
  {
    "bridge_balance_mohm": 11.5995121002197,
    "id": 471144097,
    "leak_pa": 0.0,
    "num_spikes": 0,
    "peak_deflection": 0.0,
    "post_noise_rms_mv": 0.0403289161622524,
    "post_vm_mv": -78.1905670166016,
    "pre_noise_rms_mv": 0.0381134711205959,
    "pre_vm_mv": -78.2569885253906,
    "slow_noise_rms_mv": 0.0680139809846878,
    "slow_vm_mv": -78.2569885253906,
    "specimen_id": 471141261,
    "stimulus_absolute_amplitude": 299.999997066536,
    "stimulus_description": "C1SSCOARSE150112[2]",
    "stimulus_duration": 0.002995,
    "stimulus_interval": 0.0,
    "stimulus_name": "Short Square",
    "stimulus_relative_amplitude": 1.0,
    "stimulus_start_time": 0.92,
    "stimulus_units": "pA",
    "sweep_number": 9,
    "vm_delta_mv": 0.0664215087890625
  },
  {
    "bridge_balance_mohm": 13.1868133544922,
    "id": 471144077,
    "leak_pa": 0.0,
    "num_spikes": 8,
    "peak_deflection": 0.0,
    "post_noise_rms_mv": 0.0400004051625729,
    "post_vm_mv": -79.3153076171875,
    "pre_noise_rms_mv": 0.0377543419599533,
    "pre_vm_mv": -79.2882537841797,
    "slow_noise_rms_mv": 0.0729194581508636,
    "slow_vm_mv": -79.2882537841797,
    "specimen_id": 471141261,
    "stimulus_absolute_amplitude": 209.999989619902,
    "stimulus_description": "C2SQRHELNG150216[0]",
    "stimulus_duration": 1.999995,
    "stimulus_interval": 0.0,
    "stimulus_name": "Square - 2s Suprathreshold",
    "stimulus_relative_amplitude": 2.1,
    "stimulus_start_time": 0.92,
    "stimulus_units": "pA",
    "sweep_number": 80,
    "vm_delta_mv": 0.0270538330078125
  },
  {
    "bridge_balance_mohm": 11.5995121002197,
    "id": 471144057,
    "leak_pa": 0.0,
    "num_spikes": 75,
    "peak_deflection": 0.0,
    "post_noise_rms_mv": 0.0362817123532295,
    "post_vm_mv": -79.3776550292969,
    "pre_noise_rms_mv": 0.0377783365547657,
    "pre_vm_mv": -79.3394546508789,
    "slow_noise_rms_mv": 0.0703592300415039,
    "slow_vm_mv": -79.3394546508789,
    "specimen_id": 471141261,
    "stimulus_absolute_amplitude": 495.124996557905,
    "stimulus_description": "C1NSSEED_2150216[0]",
    "stimulus_duration": 18.999995,
    "stimulus_interval": 5.0,
    "stimulus_name": "Noise 2",
    "stimulus_relative_amplitude": 2.1,
    "stimulus_start_time": 1.92,
    "stimulus_units": "pA",
    "sweep_number": 71,
    "vm_delta_mv": 0.0382003784179688
  },
  {
    "bridge_balance_mohm": 13.1868133544922,
    "id": 471144081,
    "leak_pa": 0.0,
    "num_spikes": 23,
    "peak_deflection": 0.0,
    "post_noise_rms_mv": 0.0412368439137936,
    "post_vm_mv": -78.8443756103516,
    "pre_noise_rms_mv": 0.0355040282011032,
    "pre_vm_mv": -79.5090179443359,
    "slow_noise_rms_mv": 0.0682069957256317,
    "slow_vm_mv": -79.5090179443359,
    "specimen_id": 471141261,
    "stimulus_absolute_amplitude": 249.999992929517,
    "stimulus_description": "C2SQRHELNG150216[0]",
    "stimulus_duration": 1.999995,
    "stimulus_interval": 0.0,
    "stimulus_name": "Square - 2s Suprathreshold",
    "stimulus_relative_amplitude": 2.5,
    "stimulus_start_time": 0.92,
    "stimulus_units": "pA",
    "sweep_number": 82,
    "vm_delta_mv": 0.664642333984375
  },
  {
    "bridge_balance_mohm": 13.1868133544922,
    "id": 471143833,
    "leak_pa": 0.0,
    "num_spikes": 3,
    "peak_deflection": 0.0,
    "post_noise_rms_mv": 0.0423736870288849,
    "post_vm_mv": -78.2773666381836,
    "pre_noise_rms_mv": 0.0419587418437004,
    "pre_vm_mv": -78.3282623291016,
    "slow_noise_rms_mv": 0.0744612291455269,
    "slow_vm_mv": -78.3282623291016,
    "specimen_id": 471141261,
    "stimulus_absolute_amplitude": 1329.99999902239,
    "stimulus_description": "C2SSTRIPLE141203[5]",
    "stimulus_duration": 0.056995,
    "stimulus_interval": 0.024,
    "stimulus_name": "Short Square - Triple",
    "stimulus_relative_amplitude": 13.3,
    "stimulus_start_time": 1.92,
    "stimulus_units": "pA",
    "sweep_number": 105,
    "vm_delta_mv": 0.0508956909179688
  },
  {
    "bridge_balance_mohm": 11.5995121002197,
    "id": 471143993,
    "leak_pa": 0.0,
    "num_spikes": 0,
    "peak_deflection": -72.4375,
    "post_noise_rms_mv": 0.0418406501412392,
    "post_vm_mv": -78.5602645874023,
    "pre_noise_rms_mv": 0.0369191132485867,
    "pre_vm_mv": -78.3408432006836,
    "slow_noise_rms_mv": 0.0673556849360466,
    "slow_vm_mv": -78.3408432006836,
    "specimen_id": 471141261,
    "stimulus_absolute_amplitude": 50.0000006675716,
    "stimulus_description": "C1LSCOARSE150216[8]",
    "stimulus_duration": 0.999995,
    "stimulus_interval": 0.0,
    "stimulus_name": "Long Square",
    "stimulus_relative_amplitude": 1.0,
    "stimulus_start_time": 0.92,
    "stimulus_units": "pA",
    "sweep_number": 42,
    "vm_delta_mv": 0.21942138671875
  },
  {
    "bridge_balance_mohm": 13.1868133544922,
    "id": 471143817,
    "leak_pa": 0.0,
    "num_spikes": 3,
    "peak_deflection": 0.0,
    "post_noise_rms_mv": 0.0376920700073242,
    "post_vm_mv": -78.4347610473633,
    "pre_noise_rms_mv": 0.0372111275792122,
    "pre_vm_mv": -78.458610534668,
    "slow_noise_rms_mv": 0.363271772861481,
    "slow_vm_mv": -78.458610534668,
    "specimen_id": 471141261,
    "stimulus_absolute_amplitude": 1329.99999902239,
    "stimulus_description": "C2SSTRIPLE141203[1]",
    "stimulus_duration": 0.024995,
    "stimulus_interval": 0.008,
    "stimulus_name": "Short Square - Triple",
    "stimulus_relative_amplitude": 13.3,
    "stimulus_start_time": 1.92,
    "stimulus_units": "pA",
    "sweep_number": 101,
    "vm_delta_mv": 0.0238494873046875
  },
  {
    "bridge_balance_mohm": 13.1868133544922,
    "id": 471143845,
    "leak_pa": 0.0,
    "num_spikes": 3,
    "peak_deflection": 0.0,
    "post_noise_rms_mv": 0.0418698191642761,
    "post_vm_mv": -78.1050262451172,
    "pre_noise_rms_mv": 0.0377043038606644,
    "pre_vm_mv": -78.2230606079102,
    "slow_noise_rms_mv": 0.0886721312999725,
    "slow_vm_mv": -78.2230606079102,
    "specimen_id": 471141261,
    "stimulus_absolute_amplitude": 1329.99999902239,
    "stimulus_description": "C2SSTRIPLE141203[1]",
    "stimulus_duration": 0.024995,
    "stimulus_interval": 0.008,
    "stimulus_name": "Short Square - Triple",
    "stimulus_relative_amplitude": 13.3,
    "stimulus_start_time": 1.92,
    "stimulus_units": "pA",
    "sweep_number": 109,
    "vm_delta_mv": 0.118034362792969
  },
  {
    "bridge_balance_mohm": 11.5995121002197,
    "id": 471143989,
    "leak_pa": 0.0,
    "num_spikes": 0,
    "peak_deflection": -77.0625,
    "post_noise_rms_mv": 0.0360860452055931,
    "post_vm_mv": -78.59716796875,
    "pre_noise_rms_mv": 0.0348326563835144,
    "pre_vm_mv": -78.4544677734375,
    "slow_noise_rms_mv": 0.0647297278046608,
    "slow_vm_mv": -78.4544677734375,
    "specimen_id": 471141261,
    "stimulus_absolute_amplitude": 9.99999996004197,
    "stimulus_description": "C1LSCOARSE150216[6]",
    "stimulus_duration": 0.999995,
    "stimulus_interval": 0.0,
    "stimulus_name": "Long Square",
    "stimulus_relative_amplitude": 1.0,
    "stimulus_start_time": 0.92,
    "stimulus_units": "pA",
    "sweep_number": 40,
    "vm_delta_mv": 0.1427001953125
  },
  {
    "bridge_balance_mohm": 13.1868133544922,
    "id": 471144089,
    "leak_pa": 0.0,
    "num_spikes": 36,
    "peak_deflection": 0.0,
    "post_noise_rms_mv": 0.0407848060131073,
    "post_vm_mv": -79.5638427734375,
    "pre_noise_rms_mv": 0.0378701351583004,
    "pre_vm_mv": -79.7136383056641,
    "slow_noise_rms_mv": 0.0645466148853302,
    "slow_vm_mv": -79.7136383056641,
    "specimen_id": 471141261,
    "stimulus_absolute_amplitude": 289.999996239132,
    "stimulus_description": "C2SQRHELNG150216[0]",
    "stimulus_duration": 1.999995,
    "stimulus_interval": 0.0,
    "stimulus_name": "Square - 2s Suprathreshold",
    "stimulus_relative_amplitude": 2.9,
    "stimulus_start_time": 0.92,
    "stimulus_units": "pA",
    "sweep_number": 86,
    "vm_delta_mv": 0.149795532226562
  },
  {
    "bridge_balance_mohm": 11.5995121002197,
    "id": 471143951,
    "leak_pa": 0.0,
    "num_spikes": 0,
    "peak_deflection": 0.0,
    "post_noise_rms_mv": 0.0376298390328884,
    "post_vm_mv": -78.8952560424805,
    "pre_noise_rms_mv": 0.0344429537653923,
    "pre_vm_mv": -78.6644973754883,
    "slow_noise_rms_mv": 0.140015587210655,
    "slow_vm_mv": -78.6644973754883,
    "specimen_id": 471141261,
    "stimulus_absolute_amplitude": 1269.99999405797,
    "stimulus_description": "C1SSFINEST150112[0]",
    "stimulus_duration": 0.002995,
    "stimulus_interval": 0.0,
    "stimulus_name": "Short Square",
    "stimulus_relative_amplitude": 12.7,
    "stimulus_start_time": 0.92,
    "stimulus_units": "pA",
    "sweep_number": 23,
    "vm_delta_mv": 0.230758666992188
  },
  {
    "bridge_balance_mohm": 11.5995121002197,
    "id": 471143975,
    "leak_pa": 0.0,
    "num_spikes": 0,
    "peak_deflection": -88.5,
    "post_noise_rms_mv": 0.0443924814462662,
    "post_vm_mv": -78.8277435302734,
    "pre_noise_rms_mv": 0.0411077104508877,
    "pre_vm_mv": -78.8943481445312,
    "slow_noise_rms_mv": 0.062579981982708,
    "slow_vm_mv": -78.8943481445312,
    "specimen_id": 471141261,
    "stimulus_absolute_amplitude": -110.000002162547,
    "stimulus_description": "C1LSCOARSE150216[0]",
    "stimulus_duration": 0.999995,
    "stimulus_interval": 0.0,
    "stimulus_name": "Long Square",
    "stimulus_relative_amplitude": 1.0,
    "stimulus_start_time": 0.92,
    "stimulus_units": "pA",
    "sweep_number": 34,
    "vm_delta_mv": 0.0666046142578125
  },
  {
    "bridge_balance_mohm": 11.5995121002197,
    "id": 471144021,
    "leak_pa": 0.0,
    "num_spikes": 20,
    "peak_deflection": 0.0,
    "post_noise_rms_mv": 0.0358829572796822,
    "post_vm_mv": -80.0232620239258,
    "pre_noise_rms_mv": 0.0401952415704727,
    "pre_vm_mv": -79.6503753662109,
    "slow_noise_rms_mv": 0.0630241334438324,
    "slow_vm_mv": -79.6503753662109,
    "specimen_id": 471141261,
    "stimulus_absolute_amplitude": 309.999997893939,
    "stimulus_description": "C1LSCOARSE150216[21]",
    "stimulus_duration": 0.999995,
    "stimulus_interval": 0.0,
    "stimulus_name": "Long Square",
    "stimulus_relative_amplitude": 1.0,
    "stimulus_start_time": 0.92,
    "stimulus_units": "pA",
    "sweep_number": 55,
    "vm_delta_mv": 0.372886657714844
  },
  {
    "bridge_balance_mohm": 11.5995121002197,
    "id": 471143957,
    "leak_pa": 0.0,
    "num_spikes": 0,
    "peak_deflection": 0.0,
    "post_noise_rms_mv": 0.0423909686505795,
    "post_vm_mv": -78.7561187744141,
    "pre_noise_rms_mv": 0.0414185300469398,
    "pre_vm_mv": -78.8110427856445,
    "slow_noise_rms_mv": 0.071674756705761,
    "slow_vm_mv": -78.8110427856445,
    "specimen_id": 471141261,
    "stimulus_absolute_amplitude": 1309.99999736758,
    "stimulus_description": "C1SSFINEST150112[0]",
    "stimulus_duration": 0.002995,
    "stimulus_interval": 0.0,
    "stimulus_name": "Short Square",
    "stimulus_relative_amplitude": 13.1,
    "stimulus_start_time": 0.92,
    "stimulus_units": "pA",
    "sweep_number": 26,
    "vm_delta_mv": 0.0549240112304688
  },
  {
    "bridge_balance_mohm": 11.5995121002197,
    "id": 471144061,
    "leak_pa": 0.0,
    "num_spikes": 0,
    "peak_deflection": 0.0,
    "post_noise_rms_mv": 0.0387835875153542,
    "post_vm_mv": -79.2190170288086,
    "pre_noise_rms_mv": 0.0366765782237053,
    "pre_vm_mv": -79.4638977050781,
    "slow_noise_rms_mv": 0.142673283815384,
    "slow_vm_mv": -79.4638977050781,
    "specimen_id": 471141261,
    "stimulus_absolute_amplitude": -200.000002670286,
    "stimulus_description": "C1SQCAPCHK141203[0]",
    "stimulus_duration": 7.819995,
    "stimulus_interval": 0.2,
    "stimulus_name": "Square - 0.5ms Subthreshold",
    "stimulus_relative_amplitude": 1.0,
    "stimulus_start_time": 0.12,
    "stimulus_units": "pA",
    "sweep_number": 73,
    "vm_delta_mv": 0.244880676269531
  },
  {
    "bridge_balance_mohm": 13.1868133544922,
    "id": 471144085,
    "leak_pa": 0.0,
    "num_spikes": 23,
    "peak_deflection": 0.0,
    "post_noise_rms_mv": 0.0381783246994019,
    "post_vm_mv": -79.3112487792969,
    "pre_noise_rms_mv": 0.0452916622161865,
    "pre_vm_mv": -79.5296783447266,
    "slow_noise_rms_mv": 0.094830796122551,
    "slow_vm_mv": -79.5296783447266,
    "specimen_id": 471141261,
    "stimulus_absolute_amplitude": 249.999992929517,
    "stimulus_description": "C2SQRHELNG150216[0]",
    "stimulus_duration": 1.999995,
    "stimulus_interval": 0.0,
    "stimulus_name": "Square - 2s Suprathreshold",
    "stimulus_relative_amplitude": 2.5,
    "stimulus_start_time": 0.92,
    "stimulus_units": "pA",
    "sweep_number": 84,
    "vm_delta_mv": 0.218429565429688
  },
  {
    "bridge_balance_mohm": 11.5995121002197,
    "id": 471143935,
    "leak_pa": 0.0,
    "num_spikes": 0,
    "peak_deflection": 0.0,
    "post_noise_rms_mv": 0.0400264374911785,
    "post_vm_mv": -77.892707824707,
    "pre_noise_rms_mv": 0.0334533974528313,
    "pre_vm_mv": -78.0046615600586,
    "slow_noise_rms_mv": 0.107688874006271,
    "slow_vm_mv": -78.0046615600586,
    "specimen_id": 471141261,
    "stimulus_absolute_amplitude": 999.999971718069,
    "stimulus_description": "C1SSCOARSE150112[9]",
    "stimulus_duration": 0.002995,
    "stimulus_interval": 0.0,
    "stimulus_name": "Short Square",
    "stimulus_relative_amplitude": 1.0,
    "stimulus_start_time": 0.92,
    "stimulus_units": "pA",
    "sweep_number": 16,
    "vm_delta_mv": 0.111953735351562
  },
  {
    "bridge_balance_mohm": 13.1868133544922,
    "id": 471144065,
    "leak_pa": 0.0,
    "num_spikes": 5,
    "peak_deflection": 0.0,
    "post_noise_rms_mv": 0.0392324104905128,
    "post_vm_mv": -78.8709106445312,
    "pre_noise_rms_mv": 0.0417207963764668,
    "pre_vm_mv": -78.8457260131836,
    "slow_noise_rms_mv": 0.059735894203186,
    "slow_vm_mv": -78.8457260131836,
    "specimen_id": 471141261,
    "stimulus_absolute_amplitude": 209.999989619902,
    "stimulus_description": "C1LSFINEST150112[0]",
    "stimulus_duration": 0.999995,
    "stimulus_interval": 0.0,
    "stimulus_name": "Long Square",
    "stimulus_relative_amplitude": 2.1,
    "stimulus_start_time": 0.92,
    "stimulus_units": "pA",
    "sweep_number": 75,
    "vm_delta_mv": 0.0251846313476562
  },
  {
    "bridge_balance_mohm": 11.5995121002197,
    "id": 471143869,
    "leak_pa": 0.0,
    "num_spikes": 0,
    "peak_deflection": 0.0,
    "post_noise_rms_mv": 0.0329575166106224,
    "post_vm_mv": -78.0258483886719,
    "pre_noise_rms_mv": 0.032659862190485,
    "pre_vm_mv": -78.0272216796875,
    "slow_noise_rms_mv": 0.0485849864780903,
    "slow_vm_mv": -78.0272216796875,
    "specimen_id": 471141261,
    "stimulus_absolute_amplitude": 599.999994133071,
    "stimulus_description": "C1SSCOARSE150112[5]",
    "stimulus_duration": 0.002995,
    "stimulus_interval": 0.0,
    "stimulus_name": "Short Square",
    "stimulus_relative_amplitude": 1.0,
    "stimulus_start_time": 0.92,
    "stimulus_units": "pA",
    "sweep_number": 12,
    "vm_delta_mv": 0.001373291015625
  }
]