[
  {
    "bridge_balance_mohm": 8.97435855865479,
    "id": 396395906,
    "leak_pa": 0.0,
    "num_spikes": 0,
    "peak_deflection": 0.0,
    "post_noise_rms_mv": 0.0410216115415096,
    "post_vm_mv": -73.7178039550781,
    "pre_noise_rms_mv": 0.0446162708103657,
    "pre_vm_mv": -73.5555877685547,
    "slow_noise_rms_mv": 0.145820766687393,
    "slow_vm_mv": -73.5555877685547,
    "specimen_id": 325941643,
    "stimulus_absolute_amplitude": 400.000005340573,
    "stimulus_description": "C1SSCOARSE150112[3]",
    "stimulus_duration": 0.002995,
    "stimulus_interval": 0.0,
    "stimulus_name": "Short Square",
    "stimulus_relative_amplitude": 1.0,
    "stimulus_start_time": 0.92,
    "stimulus_units": "pA",
    "sweep_number": 10,
    "vm_delta_mv": 0.162216186523438
  },
  {
    "bridge_balance_mohm": 8.97435855865479,
    "id": 396396034,
    "leak_pa": 0.0,
    "num_spikes": 0,
    "peak_deflection": 0.0,
    "post_noise_rms_mv": 0.0340675935149193,
    "post_vm_mv": -73.4549179077148,
    "pre_noise_rms_mv": 0.0387379564344883,
    "pre_vm_mv": -73.2591018676758,
    "slow_noise_rms_mv": 0.191898837685585,
    "slow_vm_mv": -73.2591018676758,
    "specimen_id": 325941643,
    "stimulus_absolute_amplitude": 299.999997066536,
    "stimulus_description": "C1SSCOARSE150112[2]",
    "stimulus_duration": 0.002995,
    "stimulus_interval": 0.0,
    "stimulus_name": "Short Square",
    "stimulus_relative_amplitude": 1.0,
    "stimulus_start_time": 0.92,
    "stimulus_units": "pA",
    "sweep_number": 9,
    "vm_delta_mv": 0.195816040039062
  },
  {
    "bridge_balance_mohm": 8.97435855865479,
    "id": 396395916,
    "leak_pa": 0.0,
    "num_spikes": 0,
    "peak_deflection": 0.0,
    "post_noise_rms_mv": 0.0403337217867374,
    "post_vm_mv": -73.8115768432617,
    "pre_noise_rms_mv": 0.0428533777594566,
    "pre_vm_mv": -73.6852951049805,
    "slow_noise_rms_mv": 0.103363245725632,
    "slow_vm_mv": -73.6852951049805,
    "specimen_id": 325941643,
    "stimulus_absolute_amplitude": 900.000018955183,
    "stimulus_description": "C1SSCOARSE150112[8]",
    "stimulus_duration": 0.002995,
    "stimulus_interval": 0.0,
    "stimulus_name": "Short Square",
    "stimulus_relative_amplitude": 1.0,
    "stimulus_start_time": 0.92,
    "stimulus_units": "pA",
    "sweep_number": 15,
    "vm_delta_mv": 0.12628173828125
  },
  {
    "bridge_balance_mohm": 8.97435855865479,
    "id": 396395912,
    "leak_pa": 0.0,
    "num_spikes": 0,
    "peak_deflection": 0.0,
    "post_noise_rms_mv": 0.0366586297750473,
    "post_vm_mv": -73.7401351928711,
    "pre_noise_rms_mv": 0.0365479178726673,
    "pre_vm_mv": -73.9783477783203,
    "slow_noise_rms_mv": 0.119827926158905,
    "slow_vm_mv": -73.9783477783203,
    "specimen_id": 325941643,
    "stimulus_absolute_amplitude": 700.000002407108,
    "stimulus_description": "C1SSCOARSE150112[6]",
    "stimulus_duration": 0.002995,
    "stimulus_interval": 0.0,
    "stimulus_name": "Short Square",
    "stimulus_relative_amplitude": 1.0,
    "stimulus_start_time": 0.92,
    "stimulus_units": "pA",
    "sweep_number": 13,
    "vm_delta_mv": 0.238212585449219
  },
  {
    "bridge_balance_mohm": 8.97435855865479,
    "id": 396395920,
    "leak_pa": 0.0,
    "num_spikes": 0,
    "peak_deflection": 0.0,
    "post_noise_rms_mv": 0.0469164066016674,
    "post_vm_mv": -73.2112426757812,
    "pre_noise_rms_mv": 0.035282839089632,
    "pre_vm_mv": -73.4834442138672,
    "slow_noise_rms_mv": 0.3453728556633,
    "slow_vm_mv": -73.4834442138672,
    "specimen_id": 325941643,
    "stimulus_absolute_amplitude": 1099.99997999211,
    "stimulus_description": "C1SSCOARSE150112[10]",
    "stimulus_duration": 0.002995,
    "stimulus_interval": 0.0,
    "stimulus_name": "Short Square",
    "stimulus_relative_amplitude": 1.0,
    "stimulus_start_time": 0.92,
    "stimulus_units": "pA",
    "sweep_number": 17,
    "vm_delta_mv": 0.272201538085938
  },
  {
    "bridge_balance_mohm": 8.97435855865479,
    "id": 396395910,
    "leak_pa": 0.0,
    "num_spikes": 0,
    "peak_deflection": 0.0,
    "post_noise_rms_mv": 0.0421728417277336,
    "post_vm_mv": -73.562370300293,
    "pre_noise_rms_mv": 0.0371656529605389,
    "pre_vm_mv": -73.3928451538086,
    "slow_noise_rms_mv": 0.154624789953232,
    "slow_vm_mv": -73.3928451538086,
    "specimen_id": 325941643,
    "stimulus_absolute_amplitude": 599.999994133071,
    "stimulus_description": "C1SSCOARSE150112[5]",
    "stimulus_duration": 0.002995,
    "stimulus_interval": 0.0,
    "stimulus_name": "Short Square",
    "stimulus_relative_amplitude": 1.0,
    "stimulus_start_time": 0.92,
    "stimulus_units": "pA",
    "sweep_number": 12,
    "vm_delta_mv": 0.169525146484375
  },
  {
    "bridge_balance_mohm": 8.97435855865479,
    "id": 396395984,
    "leak_pa": 0.0,
    "num_spikes": 9,
    "peak_deflection": 0.0,
    "post_noise_rms_mv": 0.040663480758667,
    "post_vm_mv": -73.1977157592773,
    "pre_noise_rms_mv": 0.0374694541096687,
    "pre_vm_mv": -73.5675659179688,
    "slow_noise_rms_mv": 0.0928798094391823,
    "slow_vm_mv": -73.5675659179688,
    "specimen_id": 325941643,
    "stimulus_absolute_amplitude": 210.00000349769,
    "stimulus_description": "C1LSCOARSE150112[16]",
    "stimulus_duration": 0.999995,
    "stimulus_interval": 0.0,
    "stimulus_name": "Long Square",
    "stimulus_relative_amplitude": 1.0,
    "stimulus_start_time": 0.92,
    "stimulus_units": "pA",
    "sweep_number": 46,
    "vm_delta_mv": 0.369850158691406
  },
  {
    "bridge_balance_mohm": 8.97435855865479,
    "id": 396395978,
    "leak_pa": 0.0,
    "num_spikes": 5,
    "peak_deflection": 0.0,
    "post_noise_rms_mv": 0.0381448231637478,
    "post_vm_mv": -70.1282730102539,
    "pre_noise_rms_mv": 0.0376631766557693,
    "pre_vm_mv": -69.7970504760742,
    "slow_noise_rms_mv": 0.391613900661469,
    "slow_vm_mv": -69.7970504760742,
    "specimen_id": 325941643,
    "stimulus_absolute_amplitude": 149.999998533268,
    "stimulus_description": "C1LSCOARSE150112[13]",
    "stimulus_duration": 0.999995,
    "stimulus_interval": 0.0,
    "stimulus_name": "Long Square",
    "stimulus_relative_amplitude": 1.0,
    "stimulus_start_time": 0.92,
    "stimulus_units": "pA",
    "sweep_number": 43,
    "vm_delta_mv": 0.331222534179688
  },
  {
    "bridge_balance_mohm": 8.97435855865479,
    "id": 396395968,
    "leak_pa": 0.0,
    "num_spikes": 0,
    "peak_deflection": -57.7812538146973,
    "post_noise_rms_mv": 0.0378426164388657,
    "post_vm_mv": -72.5605163574219,
    "pre_noise_rms_mv": 0.051402073353529,
    "pre_vm_mv": -71.9076385498047,
    "slow_noise_rms_mv": 0.176599591970444,
    "slow_vm_mv": -71.9076385498047,
    "specimen_id": 325941643,
    "stimulus_absolute_amplitude": 69.9999988529321,
    "stimulus_description": "C1LSCOARSE150112[9]",
    "stimulus_duration": 0.999995,
    "stimulus_interval": 0.0,
    "stimulus_name": "Long Square",
    "stimulus_relative_amplitude": 1.0,
    "stimulus_start_time": 0.92,
    "stimulus_units": "pA",
    "sweep_number": 39,
    "vm_delta_mv": 0.652877807617188
  },
  {
    "bridge_balance_mohm": 8.97435855865479,
    "id": 396395932,
    "leak_pa": 0.0,
    "num_spikes": 0,
    "peak_deflection": 0.0,
    "post_noise_rms_mv": 0.0383826345205307,
    "post_vm_mv": -73.6467666625977,
    "pre_noise_rms_mv": 0.0359168648719788,
    "pre_vm_mv": -73.1117477416992,
    "slow_noise_rms_mv": 0.325772643089294,
    "slow_vm_mv": -73.1117477416992,
    "specimen_id": 325941643,
    "stimulus_absolute_amplitude": 1199.99998826614,
    "stimulus_description": "C1SSFINEST150112[0]",
    "stimulus_duration": 0.002995,
    "stimulus_interval": 0.0,
    "stimulus_name": "Short Square",
    "stimulus_relative_amplitude": 12.0,
    "stimulus_start_time": 0.92,
    "stimulus_units": "pA",
    "sweep_number": 22,
    "vm_delta_mv": 0.535018920898438
  },
  {
    "bridge_balance_mohm": 8.97435855865479,
    "id": 396396014,
    "leak_pa": 0.0,
    "num_spikes": 8,
    "peak_deflection": 0.0,
    "post_noise_rms_mv": 0.0,
    "post_vm_mv": 0.0,
    "pre_noise_rms_mv": 0.0413377620279789,
    "pre_vm_mv": -73.2988662719727,
    "slow_noise_rms_mv": 0.141767799854279,
    "slow_vm_mv": -73.2988662719727,
    "specimen_id": 325941643,
    "stimulus_absolute_amplitude": 800.000010681146,
    "stimulus_description": "C1RP25PR1S141203[0]",
    "stimulus_duration": 31.997495,
    "stimulus_interval": 0.0,
    "stimulus_name": "Ramp",
    "stimulus_relative_amplitude": 1.0,
    "stimulus_start_time": 0.9225,
    "stimulus_units": "pA",
    "sweep_number": 6,
    "vm_delta_mv": 0.0
  },
  {
    "bridge_balance_mohm": 8.97435855865479,
    "id": 396395930,
    "leak_pa": 0.0,
    "num_spikes": 0,
    "peak_deflection": 0.0,
    "post_noise_rms_mv": 0.0404746122658253,
    "post_vm_mv": -74.2772445678711,
    "pre_noise_rms_mv": 0.0419686771929264,
    "pre_vm_mv": -73.9184875488281,
    "slow_noise_rms_mv": 0.1534603536129,
    "slow_vm_mv": -73.9184875488281,
    "specimen_id": 325941643,
    "stimulus_absolute_amplitude": 1179.99998661134,
    "stimulus_description": "C1SSFINEST150112[0]",
    "stimulus_duration": 0.002995,
    "stimulus_interval": 0.0,
    "stimulus_name": "Short Square",
    "stimulus_relative_amplitude": 11.8,
    "stimulus_start_time": 0.92,
    "stimulus_units": "pA",
    "sweep_number": 21,
    "vm_delta_mv": 0.358757019042969
  },
  {
    "bridge_balance_mohm": 8.97435855865479,
    "id": 396395938,
    "leak_pa": 0.0,
    "num_spikes": 1,
    "peak_deflection": 0.0,
    "post_noise_rms_mv": 0.0457238256931305,
    "post_vm_mv": -72.2722473144531,
    "pre_noise_rms_mv": 0.0380565673112869,
    "pre_vm_mv": -72.5411376953125,
    "slow_noise_rms_mv": 0.189135521650314,
    "slow_vm_mv": -72.5411376953125,
    "specimen_id": 325941643,
    "stimulus_absolute_amplitude": 1229.99999074835,
    "stimulus_description": "C1SSFINEST150112[0]",
    "stimulus_duration": 0.002995,
    "stimulus_interval": 0.0,
    "stimulus_name": "Short Square",
    "stimulus_relative_amplitude": 12.3,
    "stimulus_start_time": 0.92,
    "stimulus_units": "pA",
    "sweep_number": 25,
    "vm_delta_mv": 0.268890380859375
  },
  {
    "bridge_balance_mohm": 8.97435855865479,
    "id": 396395986,
    "leak_pa": 0.0,
    "num_spikes": 12,
    "peak_deflection": 0.0,
    "post_noise_rms_mv": 0.0422358214855194,
    "post_vm_mv": -72.8220901489258,
    "pre_noise_rms_mv": 0.0389964133501053,
    "pre_vm_mv": -73.7168807983398,
    "slow_noise_rms_mv": 0.176890701055527,
    "slow_vm_mv": -73.7168807983398,
    "specimen_id": 325941643,
    "stimulus_absolute_amplitude": 230.000005152498,
    "stimulus_description": "C1LSCOARSE150112[17]",
    "stimulus_duration": 0.999995,
    "stimulus_interval": 0.0,
    "stimulus_name": "Long Square",
    "stimulus_relative_amplitude": 1.0,
    "stimulus_start_time": 0.92,
    "stimulus_units": "pA",
    "sweep_number": 47,
    "vm_delta_mv": 0.894790649414062
  },
  {
    "bridge_balance_mohm": 8.97435855865479,
    "id": 396395918,
    "leak_pa": 0.0,
    "num_spikes": 0,
    "peak_deflection": 0.0,
    "post_noise_rms_mv": 0.0417022071778774,
    "post_vm_mv": -73.3861541748047,
    "pre_noise_rms_mv": 0.0437268726527691,
    "pre_vm_mv": -73.6884918212891,
    "slow_noise_rms_mv": 0.141309231519699,
    "slow_vm_mv": -73.6884918212891,
    "specimen_id": 325941643,
    "stimulus_absolute_amplitude": 999.999971718069,
    "stimulus_description": "C1SSCOARSE150112[9]",
    "stimulus_duration": 0.002995,
    "stimulus_interval": 0.0,
    "stimulus_name": "Short Square",
    "stimulus_relative_amplitude": 1.0,
    "stimulus_start_time": 0.92,
    "stimulus_units": "pA",
    "sweep_number": 16,
    "vm_delta_mv": 0.302337646484375
  },
  {
    "bridge_balance_mohm": 8.97435855865479,
    "id": 396395936,
    "leak_pa": 0.0,
    "num_spikes": 0,
    "peak_deflection": 0.0,
    "post_noise_rms_mv": 0.0400084108114243,
    "post_vm_mv": -72.5221786499023,
    "pre_noise_rms_mv": 0.0308095924556255,
    "pre_vm_mv": -73.1143035888672,
    "slow_noise_rms_mv": 0.297613680362701,
    "slow_vm_mv": -73.1143035888672,
    "specimen_id": 325941643,
    "stimulus_absolute_amplitude": 1219.99998992095,
    "stimulus_description": "C1SSFINEST150112[0]",
    "stimulus_duration": 0.002995,
    "stimulus_interval": 0.0,
    "stimulus_name": "Short Square",
    "stimulus_relative_amplitude": 12.2,
    "stimulus_start_time": 0.92,
    "stimulus_units": "pA",
    "sweep_number": 24,
    "vm_delta_mv": 0.592124938964844
  },
  {
    "bridge_balance_mohm": 0.0,
    "id": 396395948,
    "leak_pa": 0.0,
    "num_spikes": 0,
    "peak_deflection": 0.0,
    "post_noise_rms_mv": 0.0,
    "post_vm_mv": 0.0,
    "pre_noise_rms_mv": 0.0,
    "pre_vm_mv": 0.0,
    "slow_noise_rms_mv": 0.0,
    "slow_vm_mv": 0.0,
    "specimen_id": 325941643,
    "stimulus_absolute_amplitude": 9.99999977648258,
    "stimulus_description": "EXTPBREAKN141203[0]",
    "stimulus_duration": 0.069995,
    "stimulus_interval": 0.05,
    "stimulus_name": "Test",
    "stimulus_relative_amplitude": 1.0,
    "stimulus_start_time": 0.03,
    "stimulus_units": "mV",
    "sweep_number": 3,
    "vm_delta_mv": 0.0
  },
  {
    "bridge_balance_mohm": 8.97435855865479,
    "id": 396395942,
    "leak_pa": 0.0,
    "num_spikes": 1,
    "peak_deflection": 0.0,
    "post_noise_rms_mv": 0.0386408679187298,
    "post_vm_mv": -72.4094619750977,
    "pre_noise_rms_mv": 0.0423567853868008,
    "pre_vm_mv": -72.7097320556641,
    "slow_noise_rms_mv": 0.441008061170578,
    "slow_vm_mv": -72.7097320556641,
    "specimen_id": 325941643,
    "stimulus_absolute_amplitude": 1229.99999074835,
    "stimulus_description": "C1SSFINEST150112[0]",
    "stimulus_duration": 0.002995,
    "stimulus_interval": 0.0,
    "stimulus_name": "Short Square",
    "stimulus_relative_amplitude": 12.3,
    "stimulus_start_time": 0.92,
    "stimulus_units": "pA",
    "sweep_number": 27,
    "vm_delta_mv": 0.300270080566406
  },
  {
    "bridge_balance_mohm": 8.97435855865479,
    "id": 396395946,
    "leak_pa": 0.0,
    "num_spikes": 1,
    "peak_deflection": 0.0,
    "post_noise_rms_mv": 0.041305910795927,
    "post_vm_mv": -70.4386215209961,
    "pre_noise_rms_mv": 0.0400464087724686,
    "pre_vm_mv": -71.2472229003906,
    "slow_noise_rms_mv": 0.403352916240692,
    "slow_vm_mv": -71.2472229003906,
    "specimen_id": 325941643,
    "stimulus_absolute_amplitude": 1229.99999074835,
    "stimulus_description": "C1SSFINEST150112[0]",
    "stimulus_duration": 0.002995,
    "stimulus_interval": 0.0,
    "stimulus_name": "Short Square",
    "stimulus_relative_amplitude": 12.3,
    "stimulus_start_time": 0.92,
    "stimulus_units": "pA",
    "sweep_number": 29,
    "vm_delta_mv": 0.808601379394531
  },
  {
    "bridge_balance_mohm": 8.97435855865479,
    "id": 396395976,
    "leak_pa": 0.0,
    "num_spikes": 2,
    "peak_deflection": 0.0,
    "post_noise_rms_mv": 0.0375406295061111,
    "post_vm_mv": -70.8852615356445,
    "pre_noise_rms_mv": 0.0412814505398273,
    "pre_vm_mv": -71.7919311523438,
    "slow_noise_rms_mv": 0.127881243824959,
    "slow_vm_mv": -71.7919311523438,
    "specimen_id": 325941643,
    "stimulus_absolute_amplitude": 129.99999687846,
    "stimulus_description": "C1LSCOARSE150112[12]",
    "stimulus_duration": 0.999995,
    "stimulus_interval": 0.0,
    "stimulus_name": "Long Square",
    "stimulus_relative_amplitude": 1.0,
    "stimulus_start_time": 0.92,
    "stimulus_units": "pA",
    "sweep_number": 42,
    "vm_delta_mv": 0.906669616699219
  },
  {
    "bridge_balance_mohm": 8.97435855865479,
    "id": 396395988,
    "leak_pa": 0.0,
    "num_spikes": 13,
    "peak_deflection": 0.0,
    "post_noise_rms_mv": 0.0391771830618382,
    "post_vm_mv": -72.9432830810547,
    "pre_noise_rms_mv": 0.0408550091087818,
    "pre_vm_mv": -73.6601104736328,
    "slow_noise_rms_mv": 0.171661987900734,
    "slow_vm_mv": -73.6601104736328,
    "specimen_id": 325941643,
    "stimulus_absolute_amplitude": 249.999992929517,
    "stimulus_description": "C1LSCOARSE150112[18]",
    "stimulus_duration": 0.999995,
    "stimulus_interval": 0.0,
    "stimulus_name": "Long Square",
    "stimulus_relative_amplitude": 1.0,
    "stimulus_start_time": 0.92,
    "stimulus_units": "pA",
    "sweep_number": 48,
    "vm_delta_mv": 0.716827392578125
  },
  {
    "bridge_balance_mohm": 8.97435855865479,
    "id": 396395966,
    "leak_pa": 0.0,
    "num_spikes": 0,
    "peak_deflection": -61.4375038146973,
    "post_noise_rms_mv": 0.0428137518465519,
    "post_vm_mv": -71.0110473632812,
    "pre_noise_rms_mv": 0.0407802648842335,
    "pre_vm_mv": -70.7532501220703,
    "slow_noise_rms_mv": 0.409932225942612,
    "slow_vm_mv": -70.7532501220703,
    "specimen_id": 325941643,
    "stimulus_absolute_amplitude": 50.0000006675716,
    "stimulus_description": "C1LSCOARSE150112[8]",
    "stimulus_duration": 0.999995,
    "stimulus_interval": 0.0,
    "stimulus_name": "Long Square",
    "stimulus_relative_amplitude": 1.0,
    "stimulus_start_time": 0.92,
    "stimulus_units": "pA",
    "sweep_number": 38,
    "vm_delta_mv": 0.257797241210938
  },
  {
    "bridge_balance_mohm": 8.97435855865479,
    "id": 396395922,
    "leak_pa": 0.0,
    "num_spikes": 1,
    "peak_deflection": 0.0,
    "post_noise_rms_mv": 0.0435354709625244,
    "post_vm_mv": -73.3529815673828,
    "pre_noise_rms_mv": 0.0436372049152851,
    "pre_vm_mv": -72.4470977783203,
    "slow_noise_rms_mv": 0.348993510007858,
    "slow_vm_mv": -72.4470977783203,
    "specimen_id": 325941643,
    "stimulus_absolute_amplitude": 1199.99998826614,
    "stimulus_description": "C1SSCOARSE150112[11]",
    "stimulus_duration": 0.002995,
    "stimulus_interval": 0.0,
    "stimulus_name": "Short Square",
    "stimulus_relative_amplitude": 1.0,
    "stimulus_start_time": 0.92,
    "stimulus_units": "pA",
    "sweep_number": 18,
    "vm_delta_mv": 0.9058837890625
  },
  {
    "bridge_balance_mohm": 0.0,
    "id": 396395904,
    "leak_pa": 0.0,
    "num_spikes": 0,
    "peak_deflection": 0.0,
    "post_noise_rms_mv": 0.0,
    "post_vm_mv": 0.0,
    "pre_noise_rms_mv": 0.0,
    "pre_vm_mv": 0.0,
    "slow_noise_rms_mv": 0.0,
    "slow_vm_mv": 0.0,
    "specimen_id": 325941643,
    "stimulus_absolute_amplitude": 9.99999977648258,
    "stimulus_description": "EXTPINBATH141203[0]",
    "stimulus_duration": 0.069995,
    "stimulus_interval": 0.05,
    "stimulus_name": "Test",
    "stimulus_relative_amplitude": 1.0,
    "stimulus_start_time": 0.03,
    "stimulus_units": "mV",
    "sweep_number": 1,
    "vm_delta_mv": 0.0
  },
  {
    "bridge_balance_mohm": 8.97435855865479,
    "id": 396396030,
    "leak_pa": 0.0,
    "num_spikes": 0,
    "peak_deflection": 0.0,
    "post_noise_rms_mv": 0.0384918600320816,
    "post_vm_mv": -72.030029296875,
    "pre_noise_rms_mv": 0.0368960313498974,
    "pre_vm_mv": -72.4921264648438,
    "slow_noise_rms_mv": 0.448776483535767,
    "slow_vm_mv": -72.4921264648438,
    "specimen_id": 325941643,
    "stimulus_absolute_amplitude": 100.000001335143,
    "stimulus_description": "C1SSCOARSE150112[0]",
    "stimulus_duration": 0.002995,
    "stimulus_interval": 0.0,
    "stimulus_name": "Short Square",
    "stimulus_relative_amplitude": 1.0,
    "stimulus_start_time": 0.92,
    "stimulus_units": "pA",
    "sweep_number": 7,
    "vm_delta_mv": 0.46209716796875
  },
  {
    "bridge_balance_mohm": 8.97435855865479,
    "id": 396395970,
    "leak_pa": 0.0,
    "num_spikes": 12,
    "peak_deflection": 0.0,
    "post_noise_rms_mv": 0.0,
    "post_vm_mv": 0.0,
    "pre_noise_rms_mv": 0.0360124371945858,
    "pre_vm_mv": -73.659553527832,
    "slow_noise_rms_mv": 0.201334103941917,
    "slow_vm_mv": -73.659553527832,
    "specimen_id": 325941643,
    "stimulus_absolute_amplitude": 800.000010681146,
    "stimulus_description": "C1RP25PR1S141203[0]",
    "stimulus_duration": 31.997495,
    "stimulus_interval": 0.0,
    "stimulus_name": "Ramp",
    "stimulus_relative_amplitude": 1.0,
    "stimulus_start_time": 0.9225,
    "stimulus_units": "pA",
    "sweep_number": 4,
    "vm_delta_mv": 0.0
  },
  {
    "bridge_balance_mohm": 8.97435855865479,
    "id": 396395992,
    "leak_pa": 0.0,
    "num_spikes": 12,
    "peak_deflection": 0.0,
    "post_noise_rms_mv": 0.0,
    "post_vm_mv": 0.0,
    "pre_noise_rms_mv": 0.0376576706767082,
    "pre_vm_mv": -73.3375091552734,
    "slow_noise_rms_mv": 0.0975762158632278,
    "slow_vm_mv": -73.3375091552734,
    "specimen_id": 325941643,
    "stimulus_absolute_amplitude": 800.000010681146,
    "stimulus_description": "C1RP25PR1S141203[0]",
    "stimulus_duration": 31.997495,
    "stimulus_interval": 0.0,
    "stimulus_name": "Ramp",
    "stimulus_relative_amplitude": 1.0,
    "stimulus_start_time": 0.9225,
    "stimulus_units": "pA",
    "sweep_number": 5,
    "vm_delta_mv": 0.0
  },
  {
    "bridge_balance_mohm": 0.0,
    "id": 396395902,
    "leak_pa": 0.0,
    "num_spikes": 0,
    "peak_deflection": 0.0,
    "post_noise_rms_mv": 0.0,
    "post_vm_mv": 0.0,
    "pre_noise_rms_mv": 0.0,
    "pre_vm_mv": 0.0,
    "slow_noise_rms_mv": 0.0,
    "slow_vm_mv": 0.0,
    "specimen_id": 325941643,
    "stimulus_absolute_amplitude": 9.99999977648258,
    "stimulus_description": "EXTPSMOKET141203[0]",
    "stimulus_duration": 0.069995,
    "stimulus_interval": 0.05,
    "stimulus_name": "Test",
    "stimulus_relative_amplitude": 1.0,
    "stimulus_start_time": 0.03,
    "stimulus_units": "mV",
    "sweep_number": 0,
    "vm_delta_mv": 0.0
  },
  {
    "bridge_balance_mohm": 8.97435855865479,
    "id": 396395958,
    "leak_pa": 0.0,
    "num_spikes": 0,
    "peak_deflection": -79.125,
    "post_noise_rms_mv": 0.0409917123615742,
    "post_vm_mv": -73.593132019043,
    "pre_noise_rms_mv": 0.0395021177828312,
    "pre_vm_mv": -73.6529998779297,
    "slow_noise_rms_mv": 0.167607024312019,
    "slow_vm_mv": -73.6529998779297,
    "specimen_id": 325941643,
    "stimulus_absolute_amplitude": -29.9999990127642,
    "stimulus_description": "C1LSCOARSE150112[4]",
    "stimulus_duration": 0.999995,
    "stimulus_interval": 0.0,
    "stimulus_name": "Long Square",
    "stimulus_relative_amplitude": 1.0,
    "stimulus_start_time": 0.92,
    "stimulus_units": "pA",
    "sweep_number": 34,
    "vm_delta_mv": 0.0598678588867188
  },
  {
    "bridge_balance_mohm": 8.97435855865479,
    "id": 396395980,
    "leak_pa": 0.0,
    "num_spikes": 8,
    "peak_deflection": 0.0,
    "post_noise_rms_mv": 0.0408925265073776,
    "post_vm_mv": -70.3718948364258,
    "pre_noise_rms_mv": 0.0286850295960903,
    "pre_vm_mv": -71.1532897949219,
    "slow_noise_rms_mv": 0.17181608080864,
    "slow_vm_mv": -71.1532897949219,
    "specimen_id": 325941643,
    "stimulus_absolute_amplitude": 170.000000188075,
    "stimulus_description": "C1LSCOARSE150112[14]",
    "stimulus_duration": 0.999995,
    "stimulus_interval": 0.0,
    "stimulus_name": "Long Square",
    "stimulus_relative_amplitude": 1.0,
    "stimulus_start_time": 0.92,
    "stimulus_units": "pA",
    "sweep_number": 44,
    "vm_delta_mv": 0.781394958496094
  },
  {
    "bridge_balance_mohm": 8.97435855865479,
    "id": 396395928,
    "leak_pa": 0.0,
    "num_spikes": 0,
    "peak_deflection": 0.0,
    "post_noise_rms_mv": 0.0421300306916237,
    "post_vm_mv": -73.8234634399414,
    "pre_noise_rms_mv": 0.0452688820660114,
    "pre_vm_mv": -73.266487121582,
    "slow_noise_rms_mv": 0.353056967258453,
    "slow_vm_mv": -73.266487121582,
    "specimen_id": 325941643,
    "stimulus_absolute_amplitude": 1159.99998495653,
    "stimulus_description": "C1SSFINEST150112[0]",
    "stimulus_duration": 0.002995,
    "stimulus_interval": 0.0,
    "stimulus_name": "Short Square",
    "stimulus_relative_amplitude": 11.6,
    "stimulus_start_time": 0.92,
    "stimulus_units": "pA",
    "sweep_number": 20,
    "vm_delta_mv": 0.556976318359375
  },
  {
    "bridge_balance_mohm": 0.0,
    "id": 396395926,
    "leak_pa": 0.0,
    "num_spikes": 0,
    "peak_deflection": 0.0,
    "post_noise_rms_mv": 0.0,
    "post_vm_mv": 0.0,
    "pre_noise_rms_mv": 0.0,
    "pre_vm_mv": 0.0,
    "slow_noise_rms_mv": 0.0,
    "slow_vm_mv": 0.0,
    "specimen_id": 325941643,
    "stimulus_absolute_amplitude": 9.99999977648258,
    "stimulus_description": "EXTPCllATT141203[0]",
    "stimulus_duration": 0.069995,
    "stimulus_interval": 0.05,
    "stimulus_name": "Test",
    "stimulus_relative_amplitude": 1.0,
    "stimulus_start_time": 0.03,
    "stimulus_units": "mV",
    "sweep_number": 2,
    "vm_delta_mv": 0.0
  },
  {
    "bridge_balance_mohm": 8.97435855865479,
    "id": 396395964,
    "leak_pa": 0.0,
    "num_spikes": 0,
    "peak_deflection": -62.9375,
    "post_noise_rms_mv": 0.0392476730048656,
    "post_vm_mv": -70.4048385620117,
    "pre_noise_rms_mv": 0.0610056594014168,
    "pre_vm_mv": -69.9116363525391,
    "slow_noise_rms_mv": 0.391308426856995,
    "slow_vm_mv": -69.9116363525391,
    "specimen_id": 325941643,
    "stimulus_absolute_amplitude": 29.9999990127642,
    "stimulus_description": "C1LSCOARSE150112[7]",
    "stimulus_duration": 0.999995,
    "stimulus_interval": 0.0,
    "stimulus_name": "Long Square",
    "stimulus_relative_amplitude": 1.0,
    "stimulus_start_time": 0.92,
    "stimulus_units": "pA",
    "sweep_number": 37,
    "vm_delta_mv": 0.493202209472656
  },
  {
    "bridge_balance_mohm": 8.97435855865479,
    "id": 396395934,
    "leak_pa": 0.0,
    "num_spikes": 1,
    "peak_deflection": 0.0,
    "post_noise_rms_mv": 0.0360850766301155,
    "post_vm_mv": -72.3214645385742,
    "pre_noise_rms_mv": 0.0398053415119648,
    "pre_vm_mv": -72.4457473754883,
    "slow_noise_rms_mv": 0.170990139245987,
    "slow_vm_mv": -72.4457473754883,
    "specimen_id": 325941643,
    "stimulus_absolute_amplitude": 1219.99998992095,
    "stimulus_description": "C1SSFINEST150112[0]",
    "stimulus_duration": 0.002995,
    "stimulus_interval": 0.0,
    "stimulus_name": "Short Square",
    "stimulus_relative_amplitude": 12.2,
    "stimulus_start_time": 0.92,
    "stimulus_units": "pA",
    "sweep_number": 23,
    "vm_delta_mv": 0.124282836914062
  },
  {
    "bridge_balance_mohm": 8.97435855865479,
    "id": 396395974,
    "leak_pa": 0.0,
    "num_spikes": 0,
    "peak_deflection": -47.75,
    "post_noise_rms_mv": 0.0391236171126366,
    "post_vm_mv": -72.2038421630859,
    "pre_noise_rms_mv": 0.0368252731859684,
    "pre_vm_mv": -72.1448974609375,
    "slow_noise_rms_mv": 0.150147676467896,
    "slow_vm_mv": -72.1448974609375,
    "specimen_id": 325941643,
    "stimulus_absolute_amplitude": 110.000002162547,
    "stimulus_description": "C1LSCOARSE150112[11]",
    "stimulus_duration": 0.999995,
    "stimulus_interval": 0.0,
    "stimulus_name": "Long Square",
    "stimulus_relative_amplitude": 1.0,
    "stimulus_start_time": 0.92,
    "stimulus_units": "pA",
    "sweep_number": 41,
    "vm_delta_mv": 0.0589447021484375
  },
  {
    "bridge_balance_mohm": 8.97435855865479,
    "id": 396395960,
    "leak_pa": 0.0,
    "num_spikes": 0,
    "peak_deflection": -76.15625,
    "post_noise_rms_mv": 0.0390582606196404,
    "post_vm_mv": -73.1036834716797,
    "pre_noise_rms_mv": 0.0471607036888599,
    "pre_vm_mv": -73.3305435180664,
    "slow_noise_rms_mv": 0.361986100673676,
    "slow_vm_mv": -73.3305435180664,
    "specimen_id": 325941643,
    "stimulus_absolute_amplitude": -9.99999996004197,
    "stimulus_description": "C1LSCOARSE150112[5]",
    "stimulus_duration": 0.999995,
    "stimulus_interval": 0.0,
    "stimulus_name": "Long Square",
    "stimulus_relative_amplitude": 1.0,
    "stimulus_start_time": 0.92,
    "stimulus_units": "pA",
    "sweep_number": 35,
    "vm_delta_mv": 0.226860046386719
  },
  {
    "bridge_balance_mohm": 8.97435855865479,
    "id": 396396032,
    "leak_pa": 0.0,
    "num_spikes": 0,
    "peak_deflection": 0.0,
    "post_noise_rms_mv": 0.0406180918216705,
    "post_vm_mv": -73.1558227539062,
    "pre_noise_rms_mv": 0.0424675457179546,
    "pre_vm_mv": -73.3251113891602,
    "slow_noise_rms_mv": 0.131377607584,
    "slow_vm_mv": -73.3251113891602,
    "specimen_id": 325941643,
    "stimulus_absolute_amplitude": 200.000002670286,
    "stimulus_description": "C1SSCOARSE150112[1]",
    "stimulus_duration": 0.002995,
    "stimulus_interval": 0.0,
    "stimulus_name": "Short Square",
    "stimulus_relative_amplitude": 1.0,
    "stimulus_start_time": 0.92,
    "stimulus_units": "pA",
    "sweep_number": 8,
    "vm_delta_mv": 0.169288635253906
  },
  {
    "bridge_balance_mohm": 8.97435855865479,
    "id": 396395940,
    "leak_pa": 0.0,
    "num_spikes": 1,
    "peak_deflection": 0.0,
    "post_noise_rms_mv": 0.0376770161092281,
    "post_vm_mv": -72.3130874633789,
    "pre_noise_rms_mv": 0.0414676405489445,
    "pre_vm_mv": -72.6526565551758,
    "slow_noise_rms_mv": 0.183014586567879,
    "slow_vm_mv": -72.6526565551758,
    "specimen_id": 325941643,
    "stimulus_absolute_amplitude": 1229.99999074835,
    "stimulus_description": "C1SSFINEST150112[0]",
    "stimulus_duration": 0.002995,
    "stimulus_interval": 0.0,
    "stimulus_name": "Short Square",
    "stimulus_relative_amplitude": 12.3,
    "stimulus_start_time": 0.92,
    "stimulus_units": "pA",
    "sweep_number": 26,
    "vm_delta_mv": 0.339569091796875
  },
  {
    "bridge_balance_mohm": 8.97435855865479,
    "id": 396395924,
    "leak_pa": 0.0,
    "num_spikes": 0,
    "peak_deflection": 0.0,
    "post_noise_rms_mv": 0.0440469421446323,
    "post_vm_mv": -72.9999084472656,
    "pre_noise_rms_mv": 0.0446381270885468,
    "pre_vm_mv": -72.7314987182617,
    "slow_noise_rms_mv": 0.108639858663082,
    "slow_vm_mv": -72.7314987182617,
    "specimen_id": 325941643,
    "stimulus_absolute_amplitude": 1129.99998247432,
    "stimulus_description": "C1SSFINEST150112[0]",
    "stimulus_duration": 0.002995,
    "stimulus_interval": 0.0,
    "stimulus_name": "Short Square",
    "stimulus_relative_amplitude": 11.3,
    "stimulus_start_time": 0.92,
    "stimulus_units": "pA",
    "sweep_number": 19,
    "vm_delta_mv": 0.268409729003906
  },
  {
    "bridge_balance_mohm": 8.97435855865479,
    "id": 396395914,
    "leak_pa": 0.0,
    "num_spikes": 0,
    "peak_deflection": 0.0,
    "post_noise_rms_mv": 0.0334355346858501,
    "post_vm_mv": -72.4643630981445,
    "pre_noise_rms_mv": 0.0383904688060284,
    "pre_vm_mv": -73.3468017578125,
    "slow_noise_rms_mv": 0.344847679138184,
    "slow_vm_mv": -73.3468017578125,
    "specimen_id": 325941643,
    "stimulus_absolute_amplitude": 800.000010681146,
    "stimulus_description": "C1SSCOARSE150112[7]",
    "stimulus_duration": 0.002995,
    "stimulus_interval": 0.0,
    "stimulus_name": "Short Square",
    "stimulus_relative_amplitude": 1.0,
    "stimulus_start_time": 0.92,
    "stimulus_units": "pA",
    "sweep_number": 14,
    "vm_delta_mv": 0.882438659667969
  },
  {
    "bridge_balance_mohm": 8.97435855865479,
    "id": 396395962,
    "leak_pa": 0.0,
    "num_spikes": 0,
    "peak_deflection": -70.84375,
    "post_noise_rms_mv": 0.0342762134969234,
    "post_vm_mv": -73.1066665649414,
    "pre_noise_rms_mv": 0.0413623601198196,
    "pre_vm_mv": -73.470458984375,
    "slow_noise_rms_mv": 0.22427499294281,
    "slow_vm_mv": -73.470458984375,
    "specimen_id": 325941643,
    "stimulus_absolute_amplitude": 9.99999996004197,
    "stimulus_description": "C1LSCOARSE150112[6]",
    "stimulus_duration": 0.999995,
    "stimulus_interval": 0.0,
    "stimulus_name": "Long Square",
    "stimulus_relative_amplitude": 1.0,
    "stimulus_start_time": 0.92,
    "stimulus_units": "pA",
    "sweep_number": 36,
    "vm_delta_mv": 0.363792419433594
  }
]