[
  {
    "bridge_balance_mohm": 16.9719161987305,
    "id": 464290399,
    "leak_pa": 0.0,
    "num_spikes": 0,
    "peak_deflection": -50.25,
    "post_noise_rms_mv": 0.0521970428526402,
    "post_vm_mv": -72.4573745727539,
    "pre_noise_rms_mv": 0.0360947735607624,
    "pre_vm_mv": -73.1330718994141,
    "slow_noise_rms_mv": 0.285051852464676,
    "slow_vm_mv": -73.1330718994141,
    "specimen_id": 333604946,
    "stimulus_absolute_amplitude": 149.999998533268,
    "stimulus_description": "C1LSCOARSE150217[21]",
    "stimulus_duration": 0.999995,
    "stimulus_interval": 0.0,
    "stimulus_name": "Long Square",
    "stimulus_relative_amplitude": 1.0,
    "stimulus_start_time": 0.92,
    "stimulus_units": "pA",
    "sweep_number": 45,
    "vm_delta_mv": 0.675697326660156
  },
  {
    "bridge_balance_mohm": 16.9719161987305,
    "id": 464290333,
    "leak_pa": 0.0,
    "num_spikes": 0,
    "peak_deflection": 0.0,
    "post_noise_rms_mv": 0.0350268743932247,
    "post_vm_mv": -73.8758697509766,
    "pre_noise_rms_mv": 0.0324737653136253,
    "pre_vm_mv": -73.9461822509766,
    "slow_noise_rms_mv": 0.162093684077263,
    "slow_vm_mv": -73.9461822509766,
    "specimen_id": 333604946,
    "stimulus_absolute_amplitude": 639.999997442686,
    "stimulus_description": "C1SSFINEST150112[0]",
    "stimulus_duration": 0.002995,
    "stimulus_interval": 0.0,
    "stimulus_name": "Short Square",
    "stimulus_relative_amplitude": 6.4,
    "stimulus_start_time": 0.92,
    "stimulus_units": "pA",
    "sweep_number": 15,
    "vm_delta_mv": 0.0703125
  },
  {
    "bridge_balance_mohm": 16.9719161987305,
    "id": 464290353,
    "leak_pa": 0.0,
    "num_spikes": 0,
    "peak_deflection": -97.3125,
    "post_noise_rms_mv": 0.0359303206205368,
    "post_vm_mv": -74.2886428833008,
    "pre_noise_rms_mv": 0.042911633849144,
    "pre_vm_mv": -73.695426940918,
    "slow_noise_rms_mv": 0.347096085548401,
    "slow_vm_mv": -73.695426940918,
    "specimen_id": 333604946,
    "stimulus_absolute_amplitude": -269.999994584325,
    "stimulus_description": "C1LSCOARSE150217[0]",
    "stimulus_duration": 0.999995,
    "stimulus_interval": 0.0,
    "stimulus_name": "Long Square",
    "stimulus_relative_amplitude": 1.0,
    "stimulus_start_time": 0.92,
    "stimulus_units": "pA",
    "sweep_number": 24,
    "vm_delta_mv": 0.593215942382812
  },
  {
    "bridge_balance_mohm": 0.0,
    "id": 464290507,
    "leak_pa": 0.0,
    "num_spikes": 0,
    "peak_deflection": 0.0,
    "post_noise_rms_mv": 0.0387242287397385,
    "post_vm_mv": 1.35217714309692,
    "pre_noise_rms_mv": 0.0372495949268341,
    "pre_vm_mv": 1.32380330562592,
    "slow_noise_rms_mv": 0.0482200421392918,
    "slow_vm_mv": 1.32380330562592,
    "specimen_id": 333604946,
    "stimulus_absolute_amplitude": 0.0,
    "stimulus_description": "EXTPBLWOUT141203[0]",
    "stimulus_duration": 0.0,
    "stimulus_interval": 0.0,
    "stimulus_name": "Test",
    "stimulus_relative_amplitude": 1.0,
    "stimulus_start_time": 0.0,
    "stimulus_units": "pA",
    "sweep_number": 93,
    "vm_delta_mv": 0.0283738374710083
  },
  {
    "bridge_balance_mohm": 16.9719161987305,
    "id": 464290383,
    "leak_pa": 0.0,
    "num_spikes": 0,
    "peak_deflection": -72.125,
    "post_noise_rms_mv": 0.0459352508187294,
    "post_vm_mv": -73.738883972168,
    "pre_noise_rms_mv": 0.0482103377580643,
    "pre_vm_mv": -74.3252258300781,
    "slow_noise_rms_mv": 0.177560076117516,
    "slow_vm_mv": -74.3252258300781,
    "specimen_id": 333604946,
    "stimulus_absolute_amplitude": 9.99999996004197,
    "stimulus_description": "C1LSCOARSE150217[14]",
    "stimulus_duration": 0.999995,
    "stimulus_interval": 0.0,
    "stimulus_name": "Long Square",
    "stimulus_relative_amplitude": 1.0,
    "stimulus_start_time": 0.92,
    "stimulus_units": "pA",
    "sweep_number": 38,
    "vm_delta_mv": 0.586341857910156
  },
  {
    "bridge_balance_mohm": 16.9719161987305,
    "id": 464290373,
    "leak_pa": 0.0,
    "num_spikes": 0,
    "peak_deflection": -84.5,
    "post_noise_rms_mv": 0.0376715138554573,
    "post_vm_mv": -74.1088333129883,
    "pre_noise_rms_mv": 0.0409147702157497,
    "pre_vm_mv": -74.1184310913086,
    "slow_noise_rms_mv": 0.161627545952797,
    "slow_vm_mv": -74.1184310913086,
    "specimen_id": 333604946,
    "stimulus_absolute_amplitude": -90.0000005077395,
    "stimulus_description": "C1LSCOARSE150217[9]",
    "stimulus_duration": 0.999995,
    "stimulus_interval": 0.0,
    "stimulus_name": "Long Square",
    "stimulus_relative_amplitude": 1.0,
    "stimulus_start_time": 0.92,
    "stimulus_units": "pA",
    "sweep_number": 33,
    "vm_delta_mv": 0.0095977783203125
  },
  {
    "bridge_balance_mohm": 16.9719161987305,
    "id": 464290461,
    "leak_pa": 0.0,
    "num_spikes": 0,
    "peak_deflection": 0.0,
    "post_noise_rms_mv": 0.0376411713659763,
    "post_vm_mv": -71.3026275634766,
    "pre_noise_rms_mv": 0.0356680229306221,
    "pre_vm_mv": -71.3567428588867,
    "slow_noise_rms_mv": 0.219181507825851,
    "slow_vm_mv": -71.3567428588867,
    "specimen_id": 333604946,
    "stimulus_absolute_amplitude": -200.000002670286,
    "stimulus_description": "C1SQCAPCHK141203[0]",
    "stimulus_duration": 7.819995,
    "stimulus_interval": 0.2,
    "stimulus_name": "Square - 0.5ms Subthreshold",
    "stimulus_relative_amplitude": 1.0,
    "stimulus_start_time": 0.12,
    "stimulus_units": "pA",
    "sweep_number": 73,
    "vm_delta_mv": 0.0541152954101562
  },
  {
    "bridge_balance_mohm": 16.9719161987305,
    "id": 464290411,
    "leak_pa": 0.0,
    "num_spikes": 6,
    "peak_deflection": 0.0,
    "post_noise_rms_mv": 0.0406518429517746,
    "post_vm_mv": -73.0415191650391,
    "pre_noise_rms_mv": 0.0395536124706268,
    "pre_vm_mv": -72.8464813232422,
    "slow_noise_rms_mv": 0.140795782208443,
    "slow_vm_mv": -72.8464813232422,
    "specimen_id": 333604946,
    "stimulus_absolute_amplitude": 249.999992929517,
    "stimulus_description": "C1LSCOARSE150217[26]",
    "stimulus_duration": 0.999995,
    "stimulus_interval": 0.0,
    "stimulus_name": "Long Square",
    "stimulus_relative_amplitude": 1.0,
    "stimulus_start_time": 0.92,
    "stimulus_units": "pA",
    "sweep_number": 50,
    "vm_delta_mv": 0.195037841796875
  },
  {
    "bridge_balance_mohm": 16.9719161987305,
    "id": 464290423,
    "leak_pa": 0.0,
    "num_spikes": 108,
    "peak_deflection": 0.0,
    "post_noise_rms_mv": 0.0398425906896591,
    "post_vm_mv": -72.5435028076172,
    "pre_noise_rms_mv": 0.0346952229738235,
    "pre_vm_mv": -72.3408889770508,
    "slow_noise_rms_mv": 0.109068542718887,
    "slow_vm_mv": -72.3408889770508,
    "specimen_id": 333604946,
    "stimulus_absolute_amplitude": 370.000002858362,
    "stimulus_description": "C1LSCOARSE150217[32]",
    "stimulus_duration": 0.999995,
    "stimulus_interval": 0.0,
    "stimulus_name": "Long Square",
    "stimulus_relative_amplitude": 1.0,
    "stimulus_start_time": 0.92,
    "stimulus_units": "pA",
    "sweep_number": 56,
    "vm_delta_mv": 0.202613830566406
  },
  {
    "bridge_balance_mohm": 16.9719161987305,
    "id": 464290483,
    "leak_pa": 0.0,
    "num_spikes": 181,
    "peak_deflection": 0.0,
    "post_noise_rms_mv": 0.043128240853548,
    "post_vm_mv": -72.5557403564453,
    "pre_noise_rms_mv": 0.0364852659404278,
    "pre_vm_mv": -71.5713119506836,
    "slow_noise_rms_mv": 0.133171126246452,
    "slow_vm_mv": -71.5713119506836,
    "specimen_id": 333604946,
    "stimulus_absolute_amplitude": 289.999996239132,
    "stimulus_description": "C2SQRHELNG150216[0]",
    "stimulus_duration": 1.999995,
    "stimulus_interval": 0.0,
    "stimulus_name": "Square - 2s Suprathreshold",
    "stimulus_relative_amplitude": 2.9,
    "stimulus_start_time": 0.92,
    "stimulus_units": "pA",
    "sweep_number": 83,
    "vm_delta_mv": 0.984428405761719
  },
  {
    "bridge_balance_mohm": 16.9719161987305,
    "id": 464290459,
    "leak_pa": 0.0,
    "num_spikes": 0,
    "peak_deflection": 0.0,
    "post_noise_rms_mv": 0.0402025990188122,
    "post_vm_mv": -71.5545883178711,
    "pre_noise_rms_mv": 0.0411286540329456,
    "pre_vm_mv": -71.8311614990234,
    "slow_noise_rms_mv": 0.335956037044525,
    "slow_vm_mv": -71.8311614990234,
    "specimen_id": 333604946,
    "stimulus_absolute_amplitude": -200.000002670286,
    "stimulus_description": "C1SQCAPCHK141203[0]",
    "stimulus_duration": 7.819995,
    "stimulus_interval": 0.2,
    "stimulus_name": "Square - 0.5ms Subthreshold",
    "stimulus_relative_amplitude": 1.0,
    "stimulus_start_time": 0.12,
    "stimulus_units": "pA",
    "sweep_number": 72,
    "vm_delta_mv": 0.276573181152344
  },
  {
    "bridge_balance_mohm": 16.9719161987305,
    "id": 464290475,
    "leak_pa": 0.0,
    "num_spikes": 0,
    "peak_deflection": 0.0,
    "post_noise_rms_mv": 0.0375815071165562,
    "post_vm_mv": -73.3113327026367,
    "pre_noise_rms_mv": 0.0393319390714169,
    "pre_vm_mv": -73.2092819213867,
    "slow_noise_rms_mv": 0.118466705083847,
    "slow_vm_mv": -73.2092819213867,
    "specimen_id": 333604946,
    "stimulus_absolute_amplitude": 200.000002670286,
    "stimulus_description": "C1SSCOARSE150112[1]",
    "stimulus_duration": 0.002995,
    "stimulus_interval": 0.0,
    "stimulus_name": "Short Square",
    "stimulus_relative_amplitude": 1.0,
    "stimulus_start_time": 0.92,
    "stimulus_units": "pA",
    "sweep_number": 8,
    "vm_delta_mv": 0.10205078125
  },
  {
    "bridge_balance_mohm": 16.9719161987305,
    "id": 464290327,
    "leak_pa": 0.0,
    "num_spikes": 0,
    "peak_deflection": 0.0,
    "post_noise_rms_mv": 0.0323441177606583,
    "post_vm_mv": -73.2996520996094,
    "pre_noise_rms_mv": 0.0548104271292686,
    "pre_vm_mv": -73.5258102416992,
    "slow_noise_rms_mv": 0.245932713150978,
    "slow_vm_mv": -73.5258102416992,
    "specimen_id": 333604946,
    "stimulus_absolute_amplitude": 599.999994133071,
    "stimulus_description": "C1SSCOARSE150112[5]",
    "stimulus_duration": 0.002995,
    "stimulus_interval": 0.0,
    "stimulus_name": "Short Square",
    "stimulus_relative_amplitude": 1.0,
    "stimulus_start_time": 0.92,
    "stimulus_units": "pA",
    "sweep_number": 12,
    "vm_delta_mv": 0.226158142089844
  },
  {
    "bridge_balance_mohm": 16.9719161987305,
    "id": 464290499,
    "leak_pa": 0.0,
    "num_spikes": 0,
    "peak_deflection": 0.0,
    "post_noise_rms_mv": 0.0378133207559586,
    "post_vm_mv": -73.004997253418,
    "pre_noise_rms_mv": 0.0359841734170914,
    "pre_vm_mv": -73.2783813476562,
    "slow_noise_rms_mv": 0.222947329282761,
    "slow_vm_mv": -73.2783813476562,
    "specimen_id": 333604946,
    "stimulus_absolute_amplitude": 299.999997066536,
    "stimulus_description": "C1SSCOARSE150112[2]",
    "stimulus_duration": 0.002995,
    "stimulus_interval": 0.0,
    "stimulus_name": "Short Square",
    "stimulus_relative_amplitude": 1.0,
    "stimulus_start_time": 0.92,
    "stimulus_units": "pA",
    "sweep_number": 9,
    "vm_delta_mv": 0.273384094238281
  },
  {
    "bridge_balance_mohm": 16.9719161987305,
    "id": 464290427,
    "leak_pa": 0.0,
    "num_spikes": 29,
    "peak_deflection": 0.0,
    "post_noise_rms_mv": 0.0383534282445908,
    "post_vm_mv": -72.6503295898438,
    "pre_noise_rms_mv": 0.0368416532874107,
    "pre_vm_mv": -71.8474426269531,
    "slow_noise_rms_mv": 0.155849233269691,
    "slow_vm_mv": -71.8474426269531,
    "specimen_id": 333604946,
    "stimulus_absolute_amplitude": 249.999992929517,
    "stimulus_description": "C1LSFINEST150112[0]",
    "stimulus_duration": 0.999995,
    "stimulus_interval": 0.0,
    "stimulus_name": "Long Square",
    "stimulus_relative_amplitude": 2.5,
    "stimulus_start_time": 0.92,
    "stimulus_units": "pA",
    "sweep_number": 58,
    "vm_delta_mv": 0.802886962890625
  },
  {
    "bridge_balance_mohm": 16.9719161987305,
    "id": 464290479,
    "leak_pa": 0.0,
    "num_spikes": 125,
    "peak_deflection": 0.0,
    "post_noise_rms_mv": 0.0362916924059391,
    "post_vm_mv": -71.5789337158203,
    "pre_noise_rms_mv": 0.0285364240407944,
    "pre_vm_mv": -71.4094085693359,
    "slow_noise_rms_mv": 0.172229498624802,
    "slow_vm_mv": -71.4094085693359,
    "specimen_id": 333604946,
    "stimulus_absolute_amplitude": 249.999992929517,
    "stimulus_description": "C2SQRHELNG150216[0]",
    "stimulus_duration": 1.999995,
    "stimulus_interval": 0.0,
    "stimulus_name": "Square - 2s Suprathreshold",
    "stimulus_relative_amplitude": 2.5,
    "stimulus_start_time": 0.92,
    "stimulus_units": "pA",
    "sweep_number": 81,
    "vm_delta_mv": 0.169525146484375
  },
  {
    "bridge_balance_mohm": 16.9719161987305,
    "id": 464290453,
    "leak_pa": 0.0,
    "num_spikes": 0,
    "peak_deflection": 0.0,
    "post_noise_rms_mv": 0.0389887616038322,
    "post_vm_mv": -72.9567337036133,
    "pre_noise_rms_mv": 0.0356677807867527,
    "pre_vm_mv": -72.4462585449219,
    "slow_noise_rms_mv": 0.353984773159027,
    "slow_vm_mv": -72.4462585449219,
    "specimen_id": 333604946,
    "stimulus_absolute_amplitude": 100.000001335143,
    "stimulus_description": "C1SSCOARSE150112[0]",
    "stimulus_duration": 0.002995,
    "stimulus_interval": 0.0,
    "stimulus_name": "Short Square",
    "stimulus_relative_amplitude": 1.0,
    "stimulus_start_time": 0.92,
    "stimulus_units": "pA",
    "sweep_number": 7,
    "vm_delta_mv": 0.510475158691406
  },
  {
    "bridge_balance_mohm": 16.9719161987305,
    "id": 464290329,
    "leak_pa": 0.0,
    "num_spikes": 1,
    "peak_deflection": 0.0,
    "post_noise_rms_mv": 0.0417379029095173,
    "post_vm_mv": -73.5305099487305,
    "pre_noise_rms_mv": 0.0429857596755028,
    "pre_vm_mv": -72.9286346435547,
    "slow_noise_rms_mv": 0.156410053372383,
    "slow_vm_mv": -72.9286346435547,
    "specimen_id": 333604946,
    "stimulus_absolute_amplitude": 700.000002407108,
    "stimulus_description": "C1SSCOARSE150112[6]",
    "stimulus_duration": 0.002995,
    "stimulus_interval": 0.0,
    "stimulus_name": "Short Square",
    "stimulus_relative_amplitude": 1.0,
    "stimulus_start_time": 0.92,
    "stimulus_units": "pA",
    "sweep_number": 13,
    "vm_delta_mv": 0.601875305175781
  },
  {
    "bridge_balance_mohm": 16.9719161987305,
    "id": 464290367,
    "leak_pa": 0.0,
    "num_spikes": 0,
    "peak_deflection": -89.7812576293945,
    "post_noise_rms_mv": 0.0362095907330513,
    "post_vm_mv": -74.387809753418,
    "pre_noise_rms_mv": 0.0466996096074581,
    "pre_vm_mv": -74.49560546875,
    "slow_noise_rms_mv": 0.133197277784348,
    "slow_vm_mv": -74.49560546875,
    "specimen_id": 333604946,
    "stimulus_absolute_amplitude": -149.999998533268,
    "stimulus_description": "C1LSCOARSE150217[6]",
    "stimulus_duration": 0.999995,
    "stimulus_interval": 0.0,
    "stimulus_name": "Long Square",
    "stimulus_relative_amplitude": 1.0,
    "stimulus_start_time": 0.92,
    "stimulus_units": "pA",
    "sweep_number": 30,
    "vm_delta_mv": 0.107795715332031
  },
  {
    "bridge_balance_mohm": 16.9719161987305,
    "id": 464290371,
    "leak_pa": 0.0,
    "num_spikes": 0,
    "peak_deflection": -85.9375,
    "post_noise_rms_mv": 0.0375107638537884,
    "post_vm_mv": -74.1615600585938,
    "pre_noise_rms_mv": 0.0375602319836617,
    "pre_vm_mv": -74.0956115722656,
    "slow_noise_rms_mv": 0.218546316027641,
    "slow_vm_mv": -74.0956115722656,
    "specimen_id": 333604946,
    "stimulus_absolute_amplitude": -110.000002162547,
    "stimulus_description": "C1LSCOARSE150217[8]",
    "stimulus_duration": 0.999995,
    "stimulus_interval": 0.0,
    "stimulus_name": "Long Square",
    "stimulus_relative_amplitude": 1.0,
    "stimulus_start_time": 0.92,
    "stimulus_units": "pA",
    "sweep_number": 32,
    "vm_delta_mv": 0.065948486328125
  },
  {
    "bridge_balance_mohm": 16.9719161987305,
    "id": 464290409,
    "leak_pa": 0.0,
    "num_spikes": 22,
    "peak_deflection": 0.0,
    "post_noise_rms_mv": 0.0,
    "post_vm_mv": 0.0,
    "pre_noise_rms_mv": 0.0449686124920845,
    "pre_vm_mv": -72.7873458862305,
    "slow_noise_rms_mv": 0.19436813890934,
    "slow_vm_mv": -72.7873458862305,
    "specimen_id": 333604946,
    "stimulus_absolute_amplitude": 800.000010681146,
    "stimulus_description": "C1RP25PR1S141203[0]",
    "stimulus_duration": 31.997495,
    "stimulus_interval": 0.0,
    "stimulus_name": "Ramp",
    "stimulus_relative_amplitude": 1.0,
    "stimulus_start_time": 0.9225,
    "stimulus_units": "pA",
    "sweep_number": 5,
    "vm_delta_mv": 0.0
  },
  {
    "bridge_balance_mohm": 16.9719161987305,
    "id": 464290361,
    "leak_pa": 0.0,
    "num_spikes": 0,
    "peak_deflection": -92.3437576293945,
    "post_noise_rms_mv": 0.0403131954371929,
    "post_vm_mv": -74.0929718017578,
    "pre_noise_rms_mv": 0.0363275185227394,
    "pre_vm_mv": -74.1200790405273,
    "slow_noise_rms_mv": 0.103179149329662,
    "slow_vm_mv": -74.1200790405273,
    "specimen_id": 333604946,
    "stimulus_absolute_amplitude": -190.000001842883,
    "stimulus_description": "C1LSCOARSE150217[4]",
    "stimulus_duration": 0.999995,
    "stimulus_interval": 0.0,
    "stimulus_name": "Long Square",
    "stimulus_relative_amplitude": 1.0,
    "stimulus_start_time": 0.92,
    "stimulus_units": "pA",
    "sweep_number": 28,
    "vm_delta_mv": 0.0271072387695312
  },
  {
    "bridge_balance_mohm": 16.9719161987305,
    "id": 464290477,
    "leak_pa": 0.0,
    "num_spikes": 126,
    "peak_deflection": 0.0,
    "post_noise_rms_mv": 0.0433755815029144,
    "post_vm_mv": -72.1799087524414,
    "pre_noise_rms_mv": 0.0418500974774361,
    "pre_vm_mv": -71.6232833862305,
    "slow_noise_rms_mv": 0.0797595083713531,
    "slow_vm_mv": -71.6232833862305,
    "specimen_id": 333604946,
    "stimulus_absolute_amplitude": 249.999992929517,
    "stimulus_description": "C2SQRHELNG150216[0]",
    "stimulus_duration": 1.999995,
    "stimulus_interval": 0.0,
    "stimulus_name": "Square - 2s Suprathreshold",
    "stimulus_relative_amplitude": 2.5,
    "stimulus_start_time": 0.92,
    "stimulus_units": "pA",
    "sweep_number": 80,
    "vm_delta_mv": 0.556625366210938
  },
  {
    "bridge_balance_mohm": 16.9719161987305,
    "id": 464290335,
    "leak_pa": 0.0,
    "num_spikes": 0,
    "peak_deflection": 0.0,
    "post_noise_rms_mv": 0.0363336615264416,
    "post_vm_mv": -73.8647232055664,
    "pre_noise_rms_mv": 0.0403402112424374,
    "pre_vm_mv": -73.8881454467773,
    "slow_noise_rms_mv": 0.213396161794662,
    "slow_vm_mv": -73.8881454467773,
    "specimen_id": 333604946,
    "stimulus_absolute_amplitude": 659.999999097494,
    "stimulus_description": "C1SSFINEST150112[0]",
    "stimulus_duration": 0.002995,
    "stimulus_interval": 0.0,
    "stimulus_name": "Short Square",
    "stimulus_relative_amplitude": 6.6,
    "stimulus_start_time": 0.92,
    "stimulus_units": "pA",
    "sweep_number": 16,
    "vm_delta_mv": 0.0234222412109375
  },
  {
    "bridge_balance_mohm": 16.9719161987305,
    "id": 464290405,
    "leak_pa": 0.0,
    "num_spikes": 0,
    "peak_deflection": -43.21875,
    "post_noise_rms_mv": 0.0345186926424503,
    "post_vm_mv": -73.2207336425781,
    "pre_noise_rms_mv": 0.0523121282458305,
    "pre_vm_mv": -72.8820266723633,
    "slow_noise_rms_mv": 0.240112096071243,
    "slow_vm_mv": -72.8820266723633,
    "specimen_id": 333604946,
    "stimulus_absolute_amplitude": 210.00000349769,
    "stimulus_description": "C1LSCOARSE150217[24]",
    "stimulus_duration": 0.999995,
    "stimulus_interval": 0.0,
    "stimulus_name": "Long Square",
    "stimulus_relative_amplitude": 1.0,
    "stimulus_start_time": 0.92,
    "stimulus_units": "pA",
    "sweep_number": 48,
    "vm_delta_mv": 0.338706970214844
  },
  {
    "bridge_balance_mohm": 16.9719161987305,
    "id": 464290347,
    "leak_pa": 0.0,
    "num_spikes": 1,
    "peak_deflection": 0.0,
    "post_noise_rms_mv": 0.0388996824622154,
    "post_vm_mv": -73.6939392089844,
    "pre_noise_rms_mv": 0.0392887890338898,
    "pre_vm_mv": -73.5018310546875,
    "slow_noise_rms_mv": 0.252879768610001,
    "slow_vm_mv": -73.5018310546875,
    "specimen_id": 333604946,
    "stimulus_absolute_amplitude": 720.000004061916,
    "stimulus_description": "C1SSFINEST150112[0]",
    "stimulus_duration": 0.002995,
    "stimulus_interval": 0.0,
    "stimulus_name": "Short Square",
    "stimulus_relative_amplitude": 7.2,
    "stimulus_start_time": 0.92,
    "stimulus_units": "pA",
    "sweep_number": 21,
    "vm_delta_mv": 0.192108154296875
  },
  {
    "bridge_balance_mohm": 16.9719161987305,
    "id": 464290443,
    "leak_pa": 0.0,
    "num_spikes": 384,
    "peak_deflection": 0.0,
    "post_noise_rms_mv": 0.0368430577218533,
    "post_vm_mv": -72.6083679199219,
    "pre_noise_rms_mv": 0.0361476205289364,
    "pre_vm_mv": -71.5653686523438,
    "slow_noise_rms_mv": 0.202384665608406,
    "slow_vm_mv": -71.5653686523438,
    "specimen_id": 333604946,
    "stimulus_absolute_amplitude": 533.124988599809,
    "stimulus_description": "C1NSSEED_1150217[0]",
    "stimulus_duration": 18.999995,
    "stimulus_interval": 5.0,
    "stimulus_name": "Noise 1",
    "stimulus_relative_amplitude": 2.3,
    "stimulus_start_time": 1.92,
    "stimulus_units": "pA",
    "sweep_number": 65,
    "vm_delta_mv": 1.04299926757812
  },
  {
    "bridge_balance_mohm": 16.9719161987305,
    "id": 464290375,
    "leak_pa": 0.0,
    "num_spikes": 0,
    "peak_deflection": -82.5,
    "post_noise_rms_mv": 0.0448027551174164,
    "post_vm_mv": -74.4146118164062,
    "pre_noise_rms_mv": 0.0396223068237305,
    "pre_vm_mv": -74.3427886962891,
    "slow_noise_rms_mv": 0.145983591675758,
    "slow_vm_mv": -74.3427886962891,
    "specimen_id": 333604946,
    "stimulus_absolute_amplitude": -69.9999988529321,
    "stimulus_description": "C1LSCOARSE150217[10]",
    "stimulus_duration": 0.999995,
    "stimulus_interval": 0.0,
    "stimulus_name": "Long Square",
    "stimulus_relative_amplitude": 1.0,
    "stimulus_start_time": 0.92,
    "stimulus_units": "pA",
    "sweep_number": 34,
    "vm_delta_mv": 0.0718231201171875
  },
  {
    "bridge_balance_mohm": 16.9719161987305,
    "id": 464290421,
    "leak_pa": 0.0,
    "num_spikes": 95,
    "peak_deflection": 0.0,
    "post_noise_rms_mv": 0.0391423590481281,
    "post_vm_mv": -72.5829010009766,
    "pre_noise_rms_mv": 0.0342996791005135,
    "pre_vm_mv": -72.1415786743164,
    "slow_noise_rms_mv": 0.0817505866289139,
    "slow_vm_mv": -72.1415786743164,
    "specimen_id": 333604946,
    "stimulus_absolute_amplitude": 350.000001203554,
    "stimulus_description": "C1LSCOARSE150217[31]",
    "stimulus_duration": 0.999995,
    "stimulus_interval": 0.0,
    "stimulus_name": "Long Square",
    "stimulus_relative_amplitude": 1.0,
    "stimulus_start_time": 0.92,
    "stimulus_units": "pA",
    "sweep_number": 55,
    "vm_delta_mv": 0.441322326660156
  },
  {
    "bridge_balance_mohm": 16.9719161987305,
    "id": 464290339,
    "leak_pa": 0.0,
    "num_spikes": 0,
    "peak_deflection": 0.0,
    "post_noise_rms_mv": 0.0388462170958519,
    "post_vm_mv": -74.2439880371094,
    "pre_noise_rms_mv": 0.0512794815003872,
    "pre_vm_mv": -74.1435623168945,
    "slow_noise_rms_mv": 0.14374640583992,
    "slow_vm_mv": -74.1435623168945,
    "specimen_id": 333604946,
    "stimulus_absolute_amplitude": 700.000002407108,
    "stimulus_description": "C1SSFINEST150112[0]",
    "stimulus_duration": 0.002995,
    "stimulus_interval": 0.0,
    "stimulus_name": "Short Square",
    "stimulus_relative_amplitude": 7.0,
    "stimulus_start_time": 0.92,
    "stimulus_units": "pA",
    "sweep_number": 18,
    "vm_delta_mv": 0.100425720214844
  },
  {
    "bridge_balance_mohm": 16.9719161987305,
    "id": 464290401,
    "leak_pa": 0.0,
    "num_spikes": 0,
    "peak_deflection": -48.21875,
    "post_noise_rms_mv": 0.0378371439874172,
    "post_vm_mv": -73.2371978759766,
    "pre_noise_rms_mv": 0.0455204099416733,
    "pre_vm_mv": -72.5015258789062,
    "slow_noise_rms_mv": 0.458051383495331,
    "slow_vm_mv": -72.5015258789062,
    "specimen_id": 333604946,
    "stimulus_absolute_amplitude": 170.000000188075,
    "stimulus_description": "C1LSCOARSE150217[22]",
    "stimulus_duration": 0.999995,
    "stimulus_interval": 0.0,
    "stimulus_name": "Long Square",
    "stimulus_relative_amplitude": 1.0,
    "stimulus_start_time": 0.92,
    "stimulus_units": "pA",
    "sweep_number": 46,
    "vm_delta_mv": 0.735671997070312
  },
  {
    "bridge_balance_mohm": 16.9719161987305,
    "id": 464290337,
    "leak_pa": 0.0,
    "num_spikes": 0,
    "peak_deflection": 0.0,
    "post_noise_rms_mv": 0.0379367209970951,
    "post_vm_mv": -73.983528137207,
    "pre_noise_rms_mv": 0.0387384817004204,
    "pre_vm_mv": -73.6541748046875,
    "slow_noise_rms_mv": 0.439777404069901,
    "slow_vm_mv": -73.6541748046875,
    "specimen_id": 333604946,
    "stimulus_absolute_amplitude": 680.000000752301,
    "stimulus_description": "C1SSFINEST150112[0]",
    "stimulus_duration": 0.002995,
    "stimulus_interval": 0.0,
    "stimulus_name": "Short Square",
    "stimulus_relative_amplitude": 6.8,
    "stimulus_start_time": 0.92,
    "stimulus_units": "pA",
    "sweep_number": 17,
    "vm_delta_mv": 0.329353332519531
  },
  {
    "bridge_balance_mohm": 16.9719161987305,
    "id": 464290467,
    "leak_pa": 0.0,
    "num_spikes": 3,
    "peak_deflection": 0.0,
    "post_noise_rms_mv": 0.0453157760202885,
    "post_vm_mv": -71.5744476318359,
    "pre_noise_rms_mv": 0.0464350506663322,
    "pre_vm_mv": -71.5258102416992,
    "slow_noise_rms_mv": 0.185187801718712,
    "slow_vm_mv": -71.5258102416992,
    "specimen_id": 333604946,
    "stimulus_absolute_amplitude": 210.00000349769,
    "stimulus_description": "C2SQRHELNG150216[0]",
    "stimulus_duration": 1.999995,
    "stimulus_interval": 0.0,
    "stimulus_name": "Square - 2s Suprathreshold",
    "stimulus_relative_amplitude": 2.1,
    "stimulus_start_time": 0.92,
    "stimulus_units": "pA",
    "sweep_number": 76,
    "vm_delta_mv": 0.0486373901367188
  },
  {
    "bridge_balance_mohm": 16.9719161987305,
    "id": 464290425,
    "leak_pa": 0.0,
    "num_spikes": 120,
    "peak_deflection": 0.0,
    "post_noise_rms_mv": 0.0492977537214756,
    "post_vm_mv": -72.622688293457,
    "pre_noise_rms_mv": 0.0318857096135616,
    "pre_vm_mv": -72.0326080322266,
    "slow_noise_rms_mv": 0.117231510579586,
    "slow_vm_mv": -72.0326080322266,
    "specimen_id": 333604946,
    "stimulus_absolute_amplitude": 390.000004513169,
    "stimulus_description": "C1LSCOARSE150217[33]",
    "stimulus_duration": 0.999995,
    "stimulus_interval": 0.0,
    "stimulus_name": "Long Square",
    "stimulus_relative_amplitude": 1.0,
    "stimulus_start_time": 0.92,
    "stimulus_units": "pA",
    "sweep_number": 57,
    "vm_delta_mv": 0.590080261230469
  },
  {
    "bridge_balance_mohm": 16.9719161987305,
    "id": 464290437,
    "leak_pa": 0.0,
    "num_spikes": 4,
    "peak_deflection": 0.0,
    "post_noise_rms_mv": 0.0339545384049416,
    "post_vm_mv": -71.6815948486328,
    "pre_noise_rms_mv": 0.0449157208204269,
    "pre_vm_mv": -71.7321395874023,
    "slow_noise_rms_mv": 0.123384848237038,
    "slow_vm_mv": -71.7321395874023,
    "specimen_id": 333604946,
    "stimulus_absolute_amplitude": 230.000005152498,
    "stimulus_description": "C1LSFINEST150112[0]",
    "stimulus_duration": 0.999995,
    "stimulus_interval": 0.0,
    "stimulus_name": "Long Square",
    "stimulus_relative_amplitude": 2.3,
    "stimulus_start_time": 0.92,
    "stimulus_units": "pA",
    "sweep_number": 62,
    "vm_delta_mv": 0.0505447387695312
  },
  {
    "bridge_balance_mohm": 0.0,
    "id": 464290343,
    "leak_pa": 0.0,
    "num_spikes": 0,
    "peak_deflection": 0.0,
    "post_noise_rms_mv": 0.0,
    "post_vm_mv": 0.0,
    "pre_noise_rms_mv": 0.0,
    "pre_vm_mv": 0.0,
    "slow_noise_rms_mv": 0.0,
    "slow_vm_mv": 0.0,
    "specimen_id": 333604946,
    "stimulus_absolute_amplitude": 9.99999977648258,
    "stimulus_description": "EXTPCllATT141203[0]",
    "stimulus_duration": 0.069995,
    "stimulus_interval": 0.05,
    "stimulus_name": "Test",
    "stimulus_relative_amplitude": 1.0,
    "stimulus_start_time": 0.03,
    "stimulus_units": "mV",
    "sweep_number": 2,
    "vm_delta_mv": 0.0
  },
  {
    "bridge_balance_mohm": 16.9719161987305,
    "id": 464290429,
    "leak_pa": 0.0,
    "num_spikes": 5,
    "peak_deflection": 0.0,
    "post_noise_rms_mv": 0.0368089899420738,
    "post_vm_mv": -72.2525329589844,
    "pre_noise_rms_mv": 0.0375883094966412,
    "pre_vm_mv": -72.3569030761719,
    "slow_noise_rms_mv": 0.222547918558121,
    "slow_vm_mv": -72.3569030761719,
    "specimen_id": 333604946,
    "stimulus_absolute_amplitude": 230.000005152498,
    "stimulus_description": "C1LSFINEST150112[0]",
    "stimulus_duration": 0.999995,
    "stimulus_interval": 0.0,
    "stimulus_name": "Long Square",
    "stimulus_relative_amplitude": 2.3,
    "stimulus_start_time": 0.92,
    "stimulus_units": "pA",
    "sweep_number": 59,
    "vm_delta_mv": 0.1043701171875
  },
  {
    "bridge_balance_mohm": 16.9719161987305,
    "id": 464290377,
    "leak_pa": 0.0,
    "num_spikes": 0,
    "peak_deflection": -79.9375,
    "post_noise_rms_mv": 0.0331048034131527,
    "post_vm_mv": -73.8751220703125,
    "pre_noise_rms_mv": 0.0336049199104309,
    "pre_vm_mv": -73.8605499267578,
    "slow_noise_rms_mv": 0.120351895689964,
    "slow_vm_mv": -73.8605499267578,
    "specimen_id": 333604946,
    "stimulus_absolute_amplitude": -50.0000006675716,
    "stimulus_description": "C1LSCOARSE150217[11]",
    "stimulus_duration": 0.999995,
    "stimulus_interval": 0.0,
    "stimulus_name": "Long Square",
    "stimulus_relative_amplitude": 1.0,
    "stimulus_start_time": 0.92,
    "stimulus_units": "pA",
    "sweep_number": 35,
    "vm_delta_mv": 0.0145721435546875
  },
  {
    "bridge_balance_mohm": 16.9719161987305,
    "id": 464290419,
    "leak_pa": 0.0,
    "num_spikes": 84,
    "peak_deflection": 0.0,
    "post_noise_rms_mv": 0.0389026626944542,
    "post_vm_mv": -72.5744018554688,
    "pre_noise_rms_mv": 0.0336666405200958,
    "pre_vm_mv": -72.3846969604492,
    "slow_noise_rms_mv": 0.121313586831093,
    "slow_vm_mv": -72.3846969604492,
    "specimen_id": 333604946,
    "stimulus_absolute_amplitude": 329.999999548747,
    "stimulus_description": "C1LSCOARSE150217[30]",
    "stimulus_duration": 0.999995,
    "stimulus_interval": 0.0,
    "stimulus_name": "Long Square",
    "stimulus_relative_amplitude": 1.0,
    "stimulus_start_time": 0.92,
    "stimulus_units": "pA",
    "sweep_number": 54,
    "vm_delta_mv": 0.189704895019531
  },
  {
    "bridge_balance_mohm": 16.9719161987305,
    "id": 464290325,
    "leak_pa": 0.0,
    "num_spikes": 0,
    "peak_deflection": 0.0,
    "post_noise_rms_mv": 0.0356822051107883,
    "post_vm_mv": -73.4337158203125,
    "pre_noise_rms_mv": 0.0409747771918774,
    "pre_vm_mv": -73.2788619995117,
    "slow_noise_rms_mv": 0.338674128055573,
    "slow_vm_mv": -73.2788619995117,
    "specimen_id": 333604946,
    "stimulus_absolute_amplitude": 499.999985859034,
    "stimulus_description": "C1SSCOARSE150112[4]",
    "stimulus_duration": 0.002995,
    "stimulus_interval": 0.0,
    "stimulus_name": "Short Square",
    "stimulus_relative_amplitude": 1.0,
    "stimulus_start_time": 0.92,
    "stimulus_units": "pA",
    "sweep_number": 11,
    "vm_delta_mv": 0.154853820800781
  },
  {
    "bridge_balance_mohm": 16.9719161987305,
    "id": 464290469,
    "leak_pa": 0.0,
    "num_spikes": 12,
    "peak_deflection": 0.0,
    "post_noise_rms_mv": 0.0361903719604015,
    "post_vm_mv": -71.7047958374023,
    "pre_noise_rms_mv": 0.0407843440771103,
    "pre_vm_mv": -71.3890533447266,
    "slow_noise_rms_mv": 0.180696398019791,
    "slow_vm_mv": -71.3890533447266,
    "specimen_id": 333604946,
    "stimulus_absolute_amplitude": 210.00000349769,
    "stimulus_description": "C2SQRHELNG150216[0]",
    "stimulus_duration": 1.999995,
    "stimulus_interval": 0.0,
    "stimulus_name": "Square - 2s Suprathreshold",
    "stimulus_relative_amplitude": 2.1,
    "stimulus_start_time": 0.92,
    "stimulus_units": "pA",
    "sweep_number": 77,
    "vm_delta_mv": 0.315742492675781
  },
  {
    "bridge_balance_mohm": 0.0,
    "id": 464290505,
    "leak_pa": 0.0,
    "num_spikes": 0,
    "peak_deflection": 0.0,
    "post_noise_rms_mv": 0.0,
    "post_vm_mv": 0.0,
    "pre_noise_rms_mv": 0.0,
    "pre_vm_mv": 0.0,
    "slow_noise_rms_mv": 0.0,
    "slow_vm_mv": 0.0,
    "specimen_id": 333604946,
    "stimulus_absolute_amplitude": 9.99999977648258,
    "stimulus_description": "EXTPGGAEND141203[0]",
    "stimulus_duration": 0.069995,
    "stimulus_interval": 0.05,
    "stimulus_name": "Test",
    "stimulus_relative_amplitude": 1.0,
    "stimulus_start_time": 0.03,
    "stimulus_units": "mV",
    "sweep_number": 92,
    "vm_delta_mv": 0.0
  },
  {
    "bridge_balance_mohm": 16.9719161987305,
    "id": 464290359,
    "leak_pa": 0.0,
    "num_spikes": 0,
    "peak_deflection": -93.96875,
    "post_noise_rms_mv": 0.0364745035767555,
    "post_vm_mv": -73.8328247070312,
    "pre_noise_rms_mv": 0.0376368761062622,
    "pre_vm_mv": -73.9870223999023,
    "slow_noise_rms_mv": 0.126959905028343,
    "slow_vm_mv": -73.9870223999023,
    "specimen_id": 333604946,
    "stimulus_absolute_amplitude": -210.00000349769,
    "stimulus_description": "C1LSCOARSE150217[3]",
    "stimulus_duration": 0.999995,
    "stimulus_interval": 0.0,
    "stimulus_name": "Long Square",
    "stimulus_relative_amplitude": 1.0,
    "stimulus_start_time": 0.92,
    "stimulus_units": "pA",
    "sweep_number": 27,
    "vm_delta_mv": 0.154197692871094
  },
  {
    "bridge_balance_mohm": 16.9719161987305,
    "id": 464290397,
    "leak_pa": 0.0,
    "num_spikes": 0,
    "peak_deflection": -55.15625,
    "post_noise_rms_mv": 0.0394596830010414,
    "post_vm_mv": -72.4553375244141,
    "pre_noise_rms_mv": 0.0418734513223171,
    "pre_vm_mv": -72.9734954833984,
    "slow_noise_rms_mv": 0.354941040277481,
    "slow_vm_mv": -72.9734954833984,
    "specimen_id": 333604946,
    "stimulus_absolute_amplitude": 129.99999687846,
    "stimulus_description": "C1LSCOARSE150217[20]",
    "stimulus_duration": 0.999995,
    "stimulus_interval": 0.0,
    "stimulus_name": "Long Square",
    "stimulus_relative_amplitude": 1.0,
    "stimulus_start_time": 0.92,
    "stimulus_units": "pA",
    "sweep_number": 44,
    "vm_delta_mv": 0.518157958984375
  },
  {
    "bridge_balance_mohm": 16.9719161987305,
    "id": 464290433,
    "leak_pa": 0.0,
    "num_spikes": 4,
    "peak_deflection": 0.0,
    "post_noise_rms_mv": 0.0386452749371529,
    "post_vm_mv": -72.1029815673828,
    "pre_noise_rms_mv": 0.038734320551157,
    "pre_vm_mv": -71.6904830932617,
    "slow_noise_rms_mv": 0.169631659984589,
    "slow_vm_mv": -71.6904830932617,
    "specimen_id": 333604946,
    "stimulus_absolute_amplitude": 230.000005152498,
    "stimulus_description": "C1LSFINEST150112[0]",
    "stimulus_duration": 0.999995,
    "stimulus_interval": 0.0,
    "stimulus_name": "Long Square",
    "stimulus_relative_amplitude": 2.3,
    "stimulus_start_time": 0.92,
    "stimulus_units": "pA",
    "sweep_number": 60,
    "vm_delta_mv": 0.412498474121094
  },
  {
    "bridge_balance_mohm": 0.0,
    "id": 464290319,
    "leak_pa": 0.0,
    "num_spikes": 0,
    "peak_deflection": 0.0,
    "post_noise_rms_mv": 0.0,
    "post_vm_mv": 0.0,
    "pre_noise_rms_mv": 0.0,
    "pre_vm_mv": 0.0,
    "slow_noise_rms_mv": 0.0,
    "slow_vm_mv": 0.0,
    "specimen_id": 333604946,
    "stimulus_absolute_amplitude": 9.99999977648258,
    "stimulus_description": "EXTPSMOKET141203[0]",
    "stimulus_duration": 0.069995,
    "stimulus_interval": 0.05,
    "stimulus_name": "Test",
    "stimulus_relative_amplitude": 1.0,
    "stimulus_start_time": 0.03,
    "stimulus_units": "mV",
    "sweep_number": 0,
    "vm_delta_mv": 0.0
  },
  {
    "bridge_balance_mohm": 0.0,
    "id": 464290503,
    "leak_pa": 0.0,
    "num_spikes": 0,
    "peak_deflection": 0.0,
    "post_noise_rms_mv": 0.0,
    "post_vm_mv": 0.0,
    "pre_noise_rms_mv": 0.0,
    "pre_vm_mv": 0.0,
    "slow_noise_rms_mv": 0.0,
    "slow_vm_mv": 0.0,
    "specimen_id": 333604946,
    "stimulus_absolute_amplitude": 9.99999977648258,
    "stimulus_description": "EXTPEXPEND141203[0]",
    "stimulus_duration": 0.069995,
    "stimulus_interval": 0.05,
    "stimulus_name": "Test",
    "stimulus_relative_amplitude": 1.0,
    "stimulus_start_time": 0.03,
    "stimulus_units": "mV",
    "sweep_number": 91,
    "vm_delta_mv": 0.0
  },
  {
    "bridge_balance_mohm": 16.9719161987305,
    "id": 464290395,
    "leak_pa": 0.0,
    "num_spikes": 0,
    "peak_deflection": -57.5625,
    "post_noise_rms_mv": 0.0436374135315418,
    "post_vm_mv": -73.3519134521484,
    "pre_noise_rms_mv": 0.0403542630374432,
    "pre_vm_mv": -73.1670684814453,
    "slow_noise_rms_mv": 0.27260759472847,
    "slow_vm_mv": -73.1670684814453,
    "specimen_id": 333604946,
    "stimulus_absolute_amplitude": 110.000002162547,
    "stimulus_description": "C1LSCOARSE150217[19]",
    "stimulus_duration": 0.999995,
    "stimulus_interval": 0.0,
    "stimulus_name": "Long Square",
    "stimulus_relative_amplitude": 1.0,
    "stimulus_start_time": 0.92,
    "stimulus_units": "pA",
    "sweep_number": 43,
    "vm_delta_mv": 0.184844970703125
  },
  {
    "bridge_balance_mohm": 0.0,
    "id": 464290365,
    "leak_pa": 0.0,
    "num_spikes": 0,
    "peak_deflection": 0.0,
    "post_noise_rms_mv": 0.0,
    "post_vm_mv": 0.0,
    "pre_noise_rms_mv": 0.0,
    "pre_vm_mv": 0.0,
    "slow_noise_rms_mv": 0.0,
    "slow_vm_mv": 0.0,
    "specimen_id": 333604946,
    "stimulus_absolute_amplitude": 9.99999977648258,
    "stimulus_description": "EXTPBREAKN141203[0]",
    "stimulus_duration": 0.069995,
    "stimulus_interval": 0.05,
    "stimulus_name": "Test",
    "stimulus_relative_amplitude": 1.0,
    "stimulus_start_time": 0.03,
    "stimulus_units": "mV",
    "sweep_number": 3,
    "vm_delta_mv": 0.0
  },
  {
    "bridge_balance_mohm": 16.9719161987305,
    "id": 464290431,
    "leak_pa": 0.0,
    "num_spikes": 29,
    "peak_deflection": 0.0,
    "post_noise_rms_mv": 0.0,
    "post_vm_mv": 0.0,
    "pre_noise_rms_mv": 0.0413103252649307,
    "pre_vm_mv": -73.6611785888672,
    "slow_noise_rms_mv": 0.268227845430374,
    "slow_vm_mv": -73.6611785888672,
    "specimen_id": 333604946,
    "stimulus_absolute_amplitude": 800.000010681146,
    "stimulus_description": "C1RP25PR1S141203[0]",
    "stimulus_duration": 31.997495,
    "stimulus_interval": 0.0,
    "stimulus_name": "Ramp",
    "stimulus_relative_amplitude": 1.0,
    "stimulus_start_time": 0.9225,
    "stimulus_units": "pA",
    "sweep_number": 6,
    "vm_delta_mv": 0.0
  },
  {
    "bridge_balance_mohm": 16.9719161987305,
    "id": 464290341,
    "leak_pa": 0.0,
    "num_spikes": 1,
    "peak_deflection": 0.0,
    "post_noise_rms_mv": 0.0401469096541405,
    "post_vm_mv": -74.176139831543,
    "pre_noise_rms_mv": 0.0401700399816036,
    "pre_vm_mv": -74.4153137207031,
    "slow_noise_rms_mv": 0.120707876980305,
    "slow_vm_mv": -74.4153137207031,
    "specimen_id": 333604946,
    "stimulus_absolute_amplitude": 720.000004061916,
    "stimulus_description": "C1SSFINEST150112[0]",
    "stimulus_duration": 0.002995,
    "stimulus_interval": 0.0,
    "stimulus_name": "Short Square",
    "stimulus_relative_amplitude": 7.2,
    "stimulus_start_time": 0.92,
    "stimulus_units": "pA",
    "sweep_number": 19,
    "vm_delta_mv": 0.239173889160156
  },
  {
    "bridge_balance_mohm": 16.9719161987305,
    "id": 464290417,
    "leak_pa": 0.0,
    "num_spikes": 71,
    "peak_deflection": 0.0,
    "post_noise_rms_mv": 0.0348152182996273,
    "post_vm_mv": -72.9431991577148,
    "pre_noise_rms_mv": 0.0381790362298489,
    "pre_vm_mv": -72.7011413574219,
    "slow_noise_rms_mv": 0.180582001805305,
    "slow_vm_mv": -72.7011413574219,
    "specimen_id": 333604946,
    "stimulus_absolute_amplitude": 309.999997893939,
    "stimulus_description": "C1LSCOARSE150217[29]",
    "stimulus_duration": 0.999995,
    "stimulus_interval": 0.0,
    "stimulus_name": "Long Square",
    "stimulus_relative_amplitude": 1.0,
    "stimulus_start_time": 0.92,
    "stimulus_units": "pA",
    "sweep_number": 53,
    "vm_delta_mv": 0.242057800292969
  },
  {
    "bridge_balance_mohm": 16.9719161987305,
    "id": 464290393,
    "leak_pa": 0.0,
    "num_spikes": 0,
    "peak_deflection": -60.9687538146973,
    "post_noise_rms_mv": 0.0467111952602863,
    "post_vm_mv": -73.3384399414062,
    "pre_noise_rms_mv": 0.0399111993610859,
    "pre_vm_mv": -73.8478775024414,
    "slow_noise_rms_mv": 0.143456399440765,
    "slow_vm_mv": -73.8478775024414,
    "specimen_id": 333604946,
    "stimulus_absolute_amplitude": 90.0000005077395,
    "stimulus_description": "C1LSCOARSE150217[18]",
    "stimulus_duration": 0.999995,
    "stimulus_interval": 0.0,
    "stimulus_name": "Long Square",
    "stimulus_relative_amplitude": 1.0,
    "stimulus_start_time": 0.92,
    "stimulus_units": "pA",
    "sweep_number": 42,
    "vm_delta_mv": 0.509437561035156
  },
  {
    "bridge_balance_mohm": 16.9719161987305,
    "id": 464290473,
    "leak_pa": 0.0,
    "num_spikes": 121,
    "peak_deflection": 0.0,
    "post_noise_rms_mv": 0.0324661135673523,
    "post_vm_mv": -72.1317901611328,
    "pre_noise_rms_mv": 0.040909618139267,
    "pre_vm_mv": -71.6079254150391,
    "slow_noise_rms_mv": 0.13062858581543,
    "slow_vm_mv": -71.6079254150391,
    "specimen_id": 333604946,
    "stimulus_absolute_amplitude": 249.999992929517,
    "stimulus_description": "C2SQRHELNG150216[0]",
    "stimulus_duration": 1.999995,
    "stimulus_interval": 0.0,
    "stimulus_name": "Square - 2s Suprathreshold",
    "stimulus_relative_amplitude": 2.5,
    "stimulus_start_time": 0.92,
    "stimulus_units": "pA",
    "sweep_number": 79,
    "vm_delta_mv": 0.52386474609375
  },
  {
    "bridge_balance_mohm": 16.9719161987305,
    "id": 464290351,
    "leak_pa": 0.0,
    "num_spikes": 1,
    "peak_deflection": 0.0,
    "post_noise_rms_mv": 0.0321215055882931,
    "post_vm_mv": -73.8442687988281,
    "pre_noise_rms_mv": 0.0422706976532936,
    "pre_vm_mv": -73.4057235717773,
    "slow_noise_rms_mv": 0.228977352380753,
    "slow_vm_mv": -73.4057235717773,
    "specimen_id": 333604946,
    "stimulus_absolute_amplitude": 720.000004061916,
    "stimulus_description": "C1SSFINEST150112[0]",
    "stimulus_duration": 0.002995,
    "stimulus_interval": 0.0,
    "stimulus_name": "Short Square",
    "stimulus_relative_amplitude": 7.2,
    "stimulus_start_time": 0.92,
    "stimulus_units": "pA",
    "sweep_number": 23,
    "vm_delta_mv": 0.438545227050781
  },
  {
    "bridge_balance_mohm": 16.9719161987305,
    "id": 464290385,
    "leak_pa": 0.0,
    "num_spikes": 0,
    "peak_deflection": -69.03125,
    "post_noise_rms_mv": 0.0363438054919243,
    "post_vm_mv": -73.8462829589844,
    "pre_noise_rms_mv": 0.0358210541307926,
    "pre_vm_mv": -73.8753967285156,
    "slow_noise_rms_mv": 0.154604747891426,
    "slow_vm_mv": -73.8753967285156,
    "specimen_id": 333604946,
    "stimulus_absolute_amplitude": 29.9999990127642,
    "stimulus_description": "C1LSCOARSE150217[15]",
    "stimulus_duration": 0.999995,
    "stimulus_interval": 0.0,
    "stimulus_name": "Long Square",
    "stimulus_relative_amplitude": 1.0,
    "stimulus_start_time": 0.92,
    "stimulus_units": "pA",
    "sweep_number": 39,
    "vm_delta_mv": 0.02911376953125
  },
  {
    "bridge_balance_mohm": 16.9719161987305,
    "id": 464290355,
    "leak_pa": 0.0,
    "num_spikes": 0,
    "peak_deflection": -96.3437576293945,
    "post_noise_rms_mv": 0.0368404164910316,
    "post_vm_mv": -73.6421890258789,
    "pre_noise_rms_mv": 0.037161186337471,
    "pre_vm_mv": -73.8646850585938,
    "slow_noise_rms_mv": 0.156877532601357,
    "slow_vm_mv": -73.8646850585938,
    "specimen_id": 333604946,
    "stimulus_absolute_amplitude": -249.999992929517,
    "stimulus_description": "C1LSCOARSE150217[1]",
    "stimulus_duration": 0.999995,
    "stimulus_interval": 0.0,
    "stimulus_name": "Long Square",
    "stimulus_relative_amplitude": 1.0,
    "stimulus_start_time": 0.92,
    "stimulus_units": "pA",
    "sweep_number": 25,
    "vm_delta_mv": 0.222496032714844
  },
  {
    "bridge_balance_mohm": 0.0,
    "id": 464290321,
    "leak_pa": 0.0,
    "num_spikes": 0,
    "peak_deflection": 0.0,
    "post_noise_rms_mv": 0.0,
    "post_vm_mv": 0.0,
    "pre_noise_rms_mv": 0.0,
    "pre_vm_mv": 0.0,
    "slow_noise_rms_mv": 0.0,
    "slow_vm_mv": 0.0,
    "specimen_id": 333604946,
    "stimulus_absolute_amplitude": 9.99999977648258,
    "stimulus_description": "EXTPINBATH141203[0]",
    "stimulus_duration": 0.069995,
    "stimulus_interval": 0.05,
    "stimulus_name": "Test",
    "stimulus_relative_amplitude": 1.0,
    "stimulus_start_time": 0.03,
    "stimulus_units": "mV",
    "sweep_number": 1,
    "vm_delta_mv": 0.0
  },
  {
    "bridge_balance_mohm": 16.9719161987305,
    "id": 464290435,
    "leak_pa": 0.0,
    "num_spikes": 8,
    "peak_deflection": 0.0,
    "post_noise_rms_mv": 0.0377153344452381,
    "post_vm_mv": -71.904182434082,
    "pre_noise_rms_mv": 0.0365118868649006,
    "pre_vm_mv": -71.6746215820312,
    "slow_noise_rms_mv": 0.277992278337479,
    "slow_vm_mv": -71.6746215820312,
    "specimen_id": 333604946,
    "stimulus_absolute_amplitude": 230.000005152498,
    "stimulus_description": "C1LSFINEST150112[0]",
    "stimulus_duration": 0.999995,
    "stimulus_interval": 0.0,
    "stimulus_name": "Long Square",
    "stimulus_relative_amplitude": 2.3,
    "stimulus_start_time": 0.92,
    "stimulus_units": "pA",
    "sweep_number": 61,
    "vm_delta_mv": 0.229560852050781
  },
  {
    "bridge_balance_mohm": 16.9719161987305,
    "id": 464290363,
    "leak_pa": 0.0,
    "num_spikes": 0,
    "peak_deflection": -91.15625,
    "post_noise_rms_mv": 0.0427928827702999,
    "post_vm_mv": -74.1841049194336,
    "pre_noise_rms_mv": 0.0344731993973255,
    "pre_vm_mv": -74.1131820678711,
    "slow_noise_rms_mv": 0.090072326362133,
    "slow_vm_mv": -74.1131820678711,
    "specimen_id": 333604946,
    "stimulus_absolute_amplitude": -170.000000188075,
    "stimulus_description": "C1LSCOARSE150217[5]",
    "stimulus_duration": 0.999995,
    "stimulus_interval": 0.0,
    "stimulus_name": "Long Square",
    "stimulus_relative_amplitude": 1.0,
    "stimulus_start_time": 0.92,
    "stimulus_units": "pA",
    "sweep_number": 29,
    "vm_delta_mv": 0.0709228515625
  },
  {
    "bridge_balance_mohm": 16.9719161987305,
    "id": 464290413,
    "leak_pa": 0.0,
    "num_spikes": 33,
    "peak_deflection": 0.0,
    "post_noise_rms_mv": 0.0377844758331776,
    "post_vm_mv": -73.0173568725586,
    "pre_noise_rms_mv": 0.0357331484556198,
    "pre_vm_mv": -73.1175994873047,
    "slow_noise_rms_mv": 0.177403673529625,
    "slow_vm_mv": -73.1175994873047,
    "specimen_id": 333604946,
    "stimulus_absolute_amplitude": 269.999994584325,
    "stimulus_description": "C1LSCOARSE150217[27]",
    "stimulus_duration": 0.999995,
    "stimulus_interval": 0.0,
    "stimulus_name": "Long Square",
    "stimulus_relative_amplitude": 1.0,
    "stimulus_start_time": 0.92,
    "stimulus_units": "pA",
    "sweep_number": 51,
    "vm_delta_mv": 0.100242614746094
  },
  {
    "bridge_balance_mohm": 16.9719161987305,
    "id": 464290369,
    "leak_pa": 0.0,
    "num_spikes": 0,
    "peak_deflection": -87.84375,
    "post_noise_rms_mv": 0.0456168651580811,
    "post_vm_mv": -74.0270690917969,
    "pre_noise_rms_mv": 0.0367119796574116,
    "pre_vm_mv": -74.1372222900391,
    "slow_noise_rms_mv": 0.125475689768791,
    "slow_vm_mv": -74.1372222900391,
    "specimen_id": 333604946,
    "stimulus_absolute_amplitude": -129.99999687846,
    "stimulus_description": "C1LSCOARSE150217[7]",
    "stimulus_duration": 0.999995,
    "stimulus_interval": 0.0,
    "stimulus_name": "Long Square",
    "stimulus_relative_amplitude": 1.0,
    "stimulus_start_time": 0.92,
    "stimulus_units": "pA",
    "sweep_number": 31,
    "vm_delta_mv": 0.110153198242188
  },
  {
    "bridge_balance_mohm": 16.9719161987305,
    "id": 464290391,
    "leak_pa": 0.0,
    "num_spikes": 0,
    "peak_deflection": -64.21875,
    "post_noise_rms_mv": 0.0387098044157028,
    "post_vm_mv": -73.7177352905273,
    "pre_noise_rms_mv": 0.0402843914926052,
    "pre_vm_mv": -73.7681503295898,
    "slow_noise_rms_mv": 0.141886323690414,
    "slow_vm_mv": -73.7681503295898,
    "specimen_id": 333604946,
    "stimulus_absolute_amplitude": 69.9999988529321,
    "stimulus_description": "C1LSCOARSE150217[17]",
    "stimulus_duration": 0.999995,
    "stimulus_interval": 0.0,
    "stimulus_name": "Long Square",
    "stimulus_relative_amplitude": 1.0,
    "stimulus_start_time": 0.92,
    "stimulus_units": "pA",
    "sweep_number": 41,
    "vm_delta_mv": 0.0504150390625
  },
  {
    "bridge_balance_mohm": 16.9719161987305,
    "id": 464290357,
    "leak_pa": 0.0,
    "num_spikes": 0,
    "peak_deflection": -94.875,
    "post_noise_rms_mv": 0.0405850782990456,
    "post_vm_mv": -73.6618881225586,
    "pre_noise_rms_mv": 0.03935307264328,
    "pre_vm_mv": -73.541389465332,
    "slow_noise_rms_mv": 0.123977839946747,
    "slow_vm_mv": -73.541389465332,
    "specimen_id": 333604946,
    "stimulus_absolute_amplitude": -230.000005152498,
    "stimulus_description": "C1LSCOARSE150217[2]",
    "stimulus_duration": 0.999995,
    "stimulus_interval": 0.0,
    "stimulus_name": "Long Square",
    "stimulus_relative_amplitude": 1.0,
    "stimulus_start_time": 0.92,
    "stimulus_units": "pA",
    "sweep_number": 26,
    "vm_delta_mv": 0.120498657226562
  },
  {
    "bridge_balance_mohm": 16.9719161987305,
    "id": 464290471,
    "leak_pa": 0.0,
    "num_spikes": 122,
    "peak_deflection": 0.0,
    "post_noise_rms_mv": 0.0310809202492237,
    "post_vm_mv": -72.0520553588867,
    "pre_noise_rms_mv": 0.0390071421861649,
    "pre_vm_mv": -71.4123001098633,
    "slow_noise_rms_mv": 0.121941044926643,
    "slow_vm_mv": -71.4123001098633,
    "specimen_id": 333604946,
    "stimulus_absolute_amplitude": 249.999992929517,
    "stimulus_description": "C2SQRHELNG150216[0]",
    "stimulus_duration": 1.999995,
    "stimulus_interval": 0.0,
    "stimulus_name": "Square - 2s Suprathreshold",
    "stimulus_relative_amplitude": 2.5,
    "stimulus_start_time": 0.92,
    "stimulus_units": "pA",
    "sweep_number": 78,
    "vm_delta_mv": 0.639755249023438
  },
  {
    "bridge_balance_mohm": 16.9719161987305,
    "id": 464290415,
    "leak_pa": 0.0,
    "num_spikes": 56,
    "peak_deflection": 0.0,
    "post_noise_rms_mv": 0.0378975197672844,
    "post_vm_mv": -73.1702575683594,
    "pre_noise_rms_mv": 0.04233443364501,
    "pre_vm_mv": -72.7893447875977,
    "slow_noise_rms_mv": 0.191096514463425,
    "slow_vm_mv": -72.7893447875977,
    "specimen_id": 333604946,
    "stimulus_absolute_amplitude": 289.999996239132,
    "stimulus_description": "C1LSCOARSE150217[28]",
    "stimulus_duration": 0.999995,
    "stimulus_interval": 0.0,
    "stimulus_name": "Long Square",
    "stimulus_relative_amplitude": 1.0,
    "stimulus_start_time": 0.92,
    "stimulus_units": "pA",
    "sweep_number": 52,
    "vm_delta_mv": 0.380912780761719
  },
  {
    "bridge_balance_mohm": 16.9719161987305,
    "id": 464290407,
    "leak_pa": 0.0,
    "num_spikes": 0,
    "peak_deflection": -38.8125,
    "post_noise_rms_mv": 0.036948561668396,
    "post_vm_mv": -73.2436370849609,
    "pre_noise_rms_mv": 0.0385189242660999,
    "pre_vm_mv": -73.2123870849609,
    "slow_noise_rms_mv": 0.169923633337021,
    "slow_vm_mv": -73.2123870849609,
    "specimen_id": 333604946,
    "stimulus_absolute_amplitude": 230.000005152498,
    "stimulus_description": "C1LSCOARSE150217[25]",
    "stimulus_duration": 0.999995,
    "stimulus_interval": 0.0,
    "stimulus_name": "Long Square",
    "stimulus_relative_amplitude": 1.0,
    "stimulus_start_time": 0.92,
    "stimulus_units": "pA",
    "sweep_number": 49,
    "vm_delta_mv": 0.03125
  },
  {
    "bridge_balance_mohm": 16.9719161987305,
    "id": 464290465,
    "leak_pa": 0.0,
    "num_spikes": 1,
    "peak_deflection": 0.0,
    "post_noise_rms_mv": 0.0375203564763069,
    "post_vm_mv": -71.3023300170898,
    "pre_noise_rms_mv": 0.0319904759526253,
    "pre_vm_mv": -71.3465881347656,
    "slow_noise_rms_mv": 0.146314725279808,
    "slow_vm_mv": -71.3465881347656,
    "specimen_id": 333604946,
    "stimulus_absolute_amplitude": 210.00000349769,
    "stimulus_description": "C2SQRHELNG150216[0]",
    "stimulus_duration": 1.999995,
    "stimulus_interval": 0.0,
    "stimulus_name": "Square - 2s Suprathreshold",
    "stimulus_relative_amplitude": 2.1,
    "stimulus_start_time": 0.92,
    "stimulus_units": "pA",
    "sweep_number": 75,
    "vm_delta_mv": 0.0442581176757812
  },
  {
    "bridge_balance_mohm": 16.9719161987305,
    "id": 464290389,
    "leak_pa": 0.0,
    "num_spikes": 0,
    "peak_deflection": -66.6562576293945,
    "post_noise_rms_mv": 0.03587381914258,
    "post_vm_mv": -73.0619659423828,
    "pre_noise_rms_mv": 0.038899552077055,
    "pre_vm_mv": -73.5739669799805,
    "slow_noise_rms_mv": 0.264224618673325,
    "slow_vm_mv": -73.5739669799805,
    "specimen_id": 333604946,
    "stimulus_absolute_amplitude": 50.0000006675716,
    "stimulus_description": "C1LSCOARSE150217[16]",
    "stimulus_duration": 0.999995,
    "stimulus_interval": 0.0,
    "stimulus_name": "Long Square",
    "stimulus_relative_amplitude": 1.0,
    "stimulus_start_time": 0.92,
    "stimulus_units": "pA",
    "sweep_number": 40,
    "vm_delta_mv": 0.512001037597656
  },
  {
    "bridge_balance_mohm": 16.9719161987305,
    "id": 464290331,
    "leak_pa": 0.0,
    "num_spikes": 0,
    "peak_deflection": 0.0,
    "post_noise_rms_mv": 0.0436925478279591,
    "post_vm_mv": -73.5610885620117,
    "pre_noise_rms_mv": 0.0350328497588634,
    "pre_vm_mv": -73.7138900756836,
    "slow_noise_rms_mv": 0.154135838150978,
    "slow_vm_mv": -73.7138900756836,
    "specimen_id": 333604946,
    "stimulus_absolute_amplitude": 619.999995787879,
    "stimulus_description": "C1SSFINEST150112[0]",
    "stimulus_duration": 0.002995,
    "stimulus_interval": 0.0,
    "stimulus_name": "Short Square",
    "stimulus_relative_amplitude": 6.2,
    "stimulus_start_time": 0.92,
    "stimulus_units": "pA",
    "sweep_number": 14,
    "vm_delta_mv": 0.152801513671875
  },
  {
    "bridge_balance_mohm": 16.9719161987305,
    "id": 464290349,
    "leak_pa": 0.0,
    "num_spikes": 1,
    "peak_deflection": 0.0,
    "post_noise_rms_mv": 0.038228053599596,
    "post_vm_mv": -73.8542251586914,
    "pre_noise_rms_mv": 0.0468061119318008,
    "pre_vm_mv": -73.8840713500977,
    "slow_noise_rms_mv": 0.211786329746246,
    "slow_vm_mv": -73.8840713500977,
    "specimen_id": 333604946,
    "stimulus_absolute_amplitude": 720.000004061916,
    "stimulus_description": "C1SSFINEST150112[0]",
    "stimulus_duration": 0.002995,
    "stimulus_interval": 0.0,
    "stimulus_name": "Short Square",
    "stimulus_relative_amplitude": 7.2,
    "stimulus_start_time": 0.92,
    "stimulus_units": "pA",
    "sweep_number": 22,
    "vm_delta_mv": 0.02984619140625
  },
  {
    "bridge_balance_mohm": 16.9719161987305,
    "id": 464290485,
    "leak_pa": 0.0,
    "num_spikes": 180,
    "peak_deflection": 0.0,
    "post_noise_rms_mv": 0.0342109240591526,
    "post_vm_mv": -72.3920288085938,
    "pre_noise_rms_mv": 0.0419747047126293,
    "pre_vm_mv": -71.8188095092773,
    "slow_noise_rms_mv": 0.100868977606297,
    "slow_vm_mv": -71.8188095092773,
    "specimen_id": 333604946,
    "stimulus_absolute_amplitude": 289.999996239132,
    "stimulus_description": "C2SQRHELNG150216[0]",
    "stimulus_duration": 1.999995,
    "stimulus_interval": 0.0,
    "stimulus_name": "Square - 2s Suprathreshold",
    "stimulus_relative_amplitude": 2.9,
    "stimulus_start_time": 0.92,
    "stimulus_units": "pA",
    "sweep_number": 84,
    "vm_delta_mv": 0.573219299316406
  },
  {
    "bridge_balance_mohm": 17.0329685211182,
    "id": 464290387,
    "leak_pa": 0.0,
    "num_spikes": 23,
    "peak_deflection": 0.0,
    "post_noise_rms_mv": 0.0,
    "post_vm_mv": 0.0,
    "pre_noise_rms_mv": 0.0458825454115868,
    "pre_vm_mv": -72.558837890625,
    "slow_noise_rms_mv": 0.173086032271385,
    "slow_vm_mv": -72.558837890625,
    "specimen_id": 333604946,
    "stimulus_absolute_amplitude": 800.000010681146,
    "stimulus_description": "C1RP25PR1S141203[0]",
    "stimulus_duration": 31.997495,
    "stimulus_interval": 0.0,
    "stimulus_name": "Ramp",
    "stimulus_relative_amplitude": 1.0,
    "stimulus_start_time": 0.9225,
    "stimulus_units": "pA",
    "sweep_number": 4,
    "vm_delta_mv": 0.0
  },
  {
    "bridge_balance_mohm": 16.9719161987305,
    "id": 464290463,
    "leak_pa": 0.0,
    "num_spikes": 4,
    "peak_deflection": 0.0,
    "post_noise_rms_mv": 0.0339214615523815,
    "post_vm_mv": -71.8447265625,
    "pre_noise_rms_mv": 0.0377999283373356,
    "pre_vm_mv": -71.6080474853516,
    "slow_noise_rms_mv": 0.121810495853424,
    "slow_vm_mv": -71.6080474853516,
    "specimen_id": 333604946,
    "stimulus_absolute_amplitude": 210.00000349769,
    "stimulus_description": "C2SQRHELNG150216[0]",
    "stimulus_duration": 1.999995,
    "stimulus_interval": 0.0,
    "stimulus_name": "Square - 2s Suprathreshold",
    "stimulus_relative_amplitude": 2.1,
    "stimulus_start_time": 0.92,
    "stimulus_units": "pA",
    "sweep_number": 74,
    "vm_delta_mv": 0.236679077148438
  },
  {
    "bridge_balance_mohm": 16.9719161987305,
    "id": 464290323,
    "leak_pa": 0.0,
    "num_spikes": 0,
    "peak_deflection": 0.0,
    "post_noise_rms_mv": 0.0229397900402546,
    "post_vm_mv": -73.4571533203125,
    "pre_noise_rms_mv": 0.0382711850106716,
    "pre_vm_mv": -73.3096389770508,
    "slow_noise_rms_mv": 0.226099625229836,
    "slow_vm_mv": -73.3096389770508,
    "specimen_id": 333604946,
    "stimulus_absolute_amplitude": 400.000005340573,
    "stimulus_description": "C1SSCOARSE150112[3]",
    "stimulus_duration": 0.002995,
    "stimulus_interval": 0.0,
    "stimulus_name": "Short Square",
    "stimulus_relative_amplitude": 1.0,
    "stimulus_start_time": 0.92,
    "stimulus_units": "pA",
    "sweep_number": 10,
    "vm_delta_mv": 0.147514343261719
  }
]