<InitialConditions>
  <ConcentrationSet>
    <NanoMolarity specieID="Ca" value="0"/>
    <NanoMolarity specieID="CaOut" value="1900000"/>
    <NanoMolarity specieID="CaOutLeak" value="0"/>
    <NanoMolarity specieID="Leak" value="5130"/>
    <NanoMolarity specieID="Calbin" value="150000"/>
    <NanoMolarity specieID="CalbinC" value="15000"/>
    <NanoMolarity specieID="LOut" value="2500000"/>
    <NanoMolarity specieID="Epac1" value="500"/>
    <NanoMolarity specieID="Epac1cAMP" value="0"/>
    <NanoMolarity specieID="PMCA" value="6000"/>
    <NanoMolarity specieID="NCX" value="6000"/>
    <NanoMolarity specieID="PMCACa" value="0"/>
    <NanoMolarity specieID="NCXCa" value="0"/>
    <NanoMolarity specieID="L" value="10"/>
    <NanoMolarity specieID="R" value="1600"/>
    <NanoMolarity specieID="Gs" value="13000"/>
    <NanoMolarity specieID="Gi" value="2600"/>
    <NanoMolarity specieID="LR" value="0"/>
    <NanoMolarity specieID="LRGs" value="0"/>
    <NanoMolarity specieID="PKAcLR" value="0"/>
    <NanoMolarity specieID="PKAcpLR" value="0"/>
    <NanoMolarity specieID="PKAcppLR" value="0"/>
    <NanoMolarity specieID="PKAcpppLR" value="0"/>
    <NanoMolarity specieID="pLR" value="0"/>
    <NanoMolarity specieID="ppLR" value="0"/>
    <NanoMolarity specieID="pppLR" value="0"/>
    <NanoMolarity specieID="ppppLR" value="0"/>
    <NanoMolarity specieID="ppppLRGi" value="0"/>
    <NanoMolarity specieID="ppppLRGibg" value="0"/>
    <NanoMolarity specieID="PKAcR" value="0"/>
    <NanoMolarity specieID="PKAcpR" value="0"/>
    <NanoMolarity specieID="PKAcppR" value="0"/>
    <NanoMolarity specieID="PKAcpppR" value="0"/>
    <NanoMolarity specieID="pR" value="0"/>
    <NanoMolarity specieID="ppR" value="0"/>
    <NanoMolarity specieID="pppR" value="0"/>
    <NanoMolarity specieID="ppppR" value="0"/>
    <NanoMolarity specieID="ppppRGi" value="0"/>
    <NanoMolarity specieID="ppppRGibg" value="0"/>
    <NanoMolarity specieID="GsR" value="0"/>
    <NanoMolarity specieID="GsaGTP" value="0"/>
    <NanoMolarity specieID="GsaGDP" value="0"/>
    <NanoMolarity specieID="GiaGTP" value="0"/>
    <NanoMolarity specieID="GiaGDP" value="0"/>
    <NanoMolarity specieID="Gibg" value="0"/>
    <NanoMolarity specieID="Gsbg" value="0"/>
    <NanoMolarity specieID="LRGsbg" value="0"/>
    <NanoMolarity specieID="AC1" value="200"/>
    <NanoMolarity specieID="AC1GsaGTP" value="0"/>
    <NanoMolarity specieID="AC1GsaGTPCaMCa4" value="0"/>
    <NanoMolarity specieID="AC1GsaGTPCaMCa4ATP" value="0"/>
    <NanoMolarity specieID="AC1GiaGTP" value="0"/>
    <NanoMolarity specieID="AC1GiaGTPCaMCa4" value="0"/>
    <NanoMolarity specieID="AC1GiaGTPCaMCa4ATP" value="0"/>
    <NanoMolarity specieID="AC1GsaGTPGiaGTP" value="0"/>
    <NanoMolarity specieID="AC1GsaGTPGiaGTPCaMCa4" value="0"/>
    <NanoMolarity specieID="AC1GsGiCaMCa4ATP" value="0"/>
    <NanoMolarity specieID="ATP" value="2000000"/>
    <NanoMolarity specieID="cAMP" value="0"/>
    <NanoMolarity specieID="AC1CaMCa4" value="0"/>
    <NanoMolarity specieID="AC1CaMCa4ATP" value="0"/>
    <NanoMolarity specieID="AC8" value="100"/>
    <NanoMolarity specieID="AC8CaMCa4" value="0"/>
    <NanoMolarity specieID="AC8CaMCa4ATP" value="0"/>
    <NanoMolarity specieID="PDE1A" value="12000"/>
    <NanoMolarity specieID="PDE1ACaMCa4" value="0"/>
    <NanoMolarity specieID="PDE1ACaMCa4cAMP" value="0"/>
    <NanoMolarity specieID="PDE1A_PKAc" value="0.0"/>
    <NanoMolarity specieID="PDE1Ap" value="0.0"/>
    <NanoMolarity specieID="PDE1ApCaMCa4" value="0"/>
    <NanoMolarity specieID="PDE1ApCaMCa4cAMP" value="0"/>
    <NanoMolarity specieID="AMP" value="980"/>
    <NanoMolarity specieID="Ng" value="20000"/>
    <NanoMolarity specieID="NgCaM" value="0"/>
    <NanoMolarity specieID="Ngp" value="0"/>
    <NanoMolarity specieID="NgpCaM" value="0"/>
    <NanoMolarity specieID="NgPKCtCa" value="0"/>
    <NanoMolarity specieID="NgCaMPKCtCa" value="0"/>
    <NanoMolarity specieID="NgPKCtAACa" value="0"/>
    <NanoMolarity specieID="NgCaMPKCtAACa" value="0"/>
    <NanoMolarity specieID="NgPKCtDAGCa" value="0"/>
    <NanoMolarity specieID="NgCaMPKCtDAGCa" value="0"/>
    <NanoMolarity specieID="NgPKCtAADAGCa" value="0"/>
    <NanoMolarity specieID="NgCaMPKCtAADAGCa" value="0"/>

    <NanoMolarity specieID="NgCaMCa2" value="0"/> <!--Tuomo: Added 6/2020 -->
    <NanoMolarity specieID="NgpCaMCa2" value="0"/>
    <NanoMolarity specieID="NgCaMCa2PKCtCa" value="0"/>
    <NanoMolarity specieID="NgCaMCa2PKCtAACa" value="0"/>
    <NanoMolarity specieID="NgCaMCa2PKCtDAGCa" value="0"/>
    <NanoMolarity specieID="NgCaMCa2PKCtAADAGCa" value="0"/>
    <NanoMolarity specieID="NgCaMCa3" value="0"/>
    <NanoMolarity specieID="NgpCaMCa3" value="0"/>
    <NanoMolarity specieID="NgCaMCa3PKCtCa" value="0"/>
    <NanoMolarity specieID="NgCaMCa3PKCtAACa" value="0"/>
    <NanoMolarity specieID="NgCaMCa3PKCtDAGCa" value="0"/>
    <NanoMolarity specieID="NgCaMCa3PKCtAADAGCa" value="0"/>
    <NanoMolarity specieID="NgCaMCa4" value="0"/>
    <NanoMolarity specieID="NgpCaMCa4" value="0"/>
    <NanoMolarity specieID="NgCaMCa4PKCtCa" value="0"/>
    <NanoMolarity specieID="NgCaMCa4PKCtAACa" value="0"/>
    <NanoMolarity specieID="NgCaMCa4PKCtDAGCa" value="0"/>
    <NanoMolarity specieID="NgCaMCa4PKCtAADAGCa" value="0"/>
    <NanoMolarity specieID="NgpPP1" value="0"/>
    <NanoMolarity specieID="NgpPP2A" value="0"/>
    <NanoMolarity specieID="NgpPP2BCaMCa4" value="0"/>

    <NanoMolarity specieID="CaM" value="60000"/>
    <NanoMolarity specieID="CaMCa2" value="0"/>
    <NanoMolarity specieID="CaMCa3" value="0"/>
    <NanoMolarity specieID="CaMCa4" value="0"/>
    <NanoMolarity specieID="PP2B" value="987"/> <!--Tuomo: Fitted along with PP1 to give the right basal level of serine 845 phos-->
    <NanoMolarity specieID="PP2BCaM" value="0"/>
    <NanoMolarity specieID="PP2BCaMCa2" value="0"/>
    <NanoMolarity specieID="PP2BCaMCa3" value="0"/>
    <NanoMolarity specieID="PP2BCaMCa4" value="0"/>
    <NanoMolarity specieID="CK" value="23000"/>
    <NanoMolarity specieID="CKCaMCa4" value="0"/>
    <NanoMolarity specieID="CKpCaMCa4" value="0"/>
    <NanoMolarity specieID="CKp" value="0"/>
    <NanoMolarity specieID="Complex" value="0"/>
    <NanoMolarity specieID="pComplex" value="0"/>
    <NanoMolarity specieID="CKpPP1" value="0"/>
    <NanoMolarity specieID="CKpCaMCa4PP1" value="0"/>
    <NanoMolarity specieID="PKA" value="6400"/>
    <NanoMolarity specieID="PKAcAMP4" value="0"/>
    <NanoMolarity specieID="PKAr" value="0"/>
    <NanoMolarity specieID="PKAc" value="0"/>
    <NanoMolarity specieID="I1" value="2200"/>
    <NanoMolarity specieID="I1PKAc" value="0"/>
    <NanoMolarity specieID="Ip35" value="0"/>
    <NanoMolarity specieID="PP1" value="429"/> <!--Tuomo: Fitted along with PP2B to give the right basal level of serine 845 phos-->
    <NanoMolarity specieID="Ip35PP1" value="0"/>
    <NanoMolarity specieID="Ip35PP2BCaMCa4" value="0"/>
    <NanoMolarity specieID="Ip35PP1PP2BCaMCa4" value="0"/>
    <NanoMolarity specieID="PP1PP2BCaMCa4" value="0"/>
    <NanoMolarity specieID="GluR1" value="180"/>
    <NanoMolarity specieID="GluR1_S845" value="0"/>
    <NanoMolarity specieID="GluR1_S831" value="0"/>
    <NanoMolarity specieID="GluR1_S845_S831" value="0"/>
    <NanoMolarity specieID="GluR1_PKAc" value="0"/>
    <NanoMolarity specieID="GluR1_CKCam" value="0"/>
    <NanoMolarity specieID="GluR1_CKpCam" value="0"/>
    <NanoMolarity specieID="GluR1_CKp" value="0"/>
    <NanoMolarity specieID="GluR1_PKCtCa" value="0"/>
    <NanoMolarity specieID="GluR1_PKCtAACa" value="0"/>
    <NanoMolarity specieID="GluR1_PKCtDAGCa" value="0"/>
    <NanoMolarity specieID="GluR1_PKCtAADAGCa" value="0"/>
    <NanoMolarity specieID="GluR1_S845_CKCam" value="0"/>
    <NanoMolarity specieID="GluR1_S845_CKpCam" value="0"/>
    <NanoMolarity specieID="GluR1_S845_CKp" value="0"/>
    <NanoMolarity specieID="GluR1_S845_PKCtCa" value="0"/>
    <NanoMolarity specieID="GluR1_S845_PKCtAACa" value="0"/>
    <NanoMolarity specieID="GluR1_S845_PKCtDAGCa" value="0"/>
    <NanoMolarity specieID="GluR1_S845_PKCtAADAGCa" value="0"/>
    <NanoMolarity specieID="GluR1_S831_PKAc" value="0"/>
    <NanoMolarity specieID="GluR1_S845_PP1" value="0"/>
    <NanoMolarity specieID="GluR1_S845_S831_PP1" value="0"/>
    <NanoMolarity specieID="GluR1_S831_PP1" value="0"/>
    <NanoMolarity specieID="GluR1_S845_PP2B" value="0"/>
    <NanoMolarity specieID="GluR1_S845_S831_PP2B" value="0"/>
    <NanoMolarity specieID="GluR1_memb" value="90"/>
    <NanoMolarity specieID="GluR1_memb_S845" value="0"/>
    <NanoMolarity specieID="GluR1_memb_S831" value="0"/>
    <NanoMolarity specieID="GluR1_memb_S845_S831" value="0"/>
    <NanoMolarity specieID="GluR1_memb_PKAc" value="0"/>
    <NanoMolarity specieID="GluR1_memb_CKCam" value="0"/>
    <NanoMolarity specieID="GluR1_memb_CKpCam" value="0"/>
    <NanoMolarity specieID="GluR1_memb_CKp" value="0"/>
    <NanoMolarity specieID="GluR1_memb_PKCtCa" value="0"/>
    <NanoMolarity specieID="GluR1_memb_PKCtAACa" value="0"/>
    <NanoMolarity specieID="GluR1_memb_PKCtDAGCa" value="0"/>
    <NanoMolarity specieID="GluR1_memb_PKCtAADAGCa" value="0"/>
    <NanoMolarity specieID="GluR1_memb_S845_CKCam" value="0"/>
    <NanoMolarity specieID="GluR1_memb_S845_CKpCam" value="0"/>
    <NanoMolarity specieID="GluR1_memb_S845_CKp" value="0"/>
    <NanoMolarity specieID="GluR1_memb_S845_PKCtCa" value="0"/>
    <NanoMolarity specieID="GluR1_memb_S845_PKCtAACa" value="0"/>
    <NanoMolarity specieID="GluR1_memb_S845_PKCtDAGCa" value="0"/>
    <NanoMolarity specieID="GluR1_memb_S845_PKCtAADAGCa" value="0"/>
    <NanoMolarity specieID="GluR1_memb_S831_PKAc" value="0"/>
    <NanoMolarity specieID="GluR1_memb_S845_PP1" value="0"/>
    <NanoMolarity specieID="GluR1_memb_S845_S831_PP1" value="0"/>
    <NanoMolarity specieID="GluR1_memb_S831_PP1" value="0"/>
    <NanoMolarity specieID="GluR1_memb_S845_PP2B" value="0"/>
    <NanoMolarity specieID="GluR1_memb_S845_S831_PP2B" value="0"/>
    <NanoMolarity specieID="PDE4" value="3039"/> <!--Tuomo: Fitted to make PDE4 blockage have the right amplitude of effect on PKA activity-->
    <NanoMolarity specieID="PDE4cAMP" value="0"/>
    <NanoMolarity specieID="PKAcPDE4" value="0"/>
    <NanoMolarity specieID="PDE4p" value="0"/>
    <NanoMolarity specieID="PDE4pcAMP" value="0"/>
    <NanoMolarity specieID="PKAc_PDE4_cAMP" value="0"/>
    <NanoMolarity specieID="fixedbuffer" value="500000"/>
    <NanoMolarity specieID="fixedbufferCa" value="0"/>
    <NanoMolarity specieID="Glu" value="0"/>
    <NanoMolarity specieID="MGluR" value="800"/>
    <NanoMolarity specieID="MGluR_Glu" value="0"/>
    <NanoMolarity specieID="MGluR_Glu_desens" value="0"/>
    <NanoMolarity specieID="MGluR_Gqabg_Glu" value="0"/>
    <NanoMolarity specieID="GluOut" value="1000000"/>
    <NanoMolarity specieID="Gqabg" value="1400"/>
    <NanoMolarity specieID="GqaGTP" value="0"/>
    <NanoMolarity specieID="GqaGDP" value="0"/>
    <NanoMolarity specieID="PLC" value="250"/>
    <NanoMolarity specieID="PLCCa" value="0"/>
    <NanoMolarity specieID="PLCCaGqaGTP" value="0"/>
    <NanoMolarity specieID="PLCGqaGTP" value="0"/>
    <NanoMolarity specieID="Pip2" value="24000"/>
    <NanoMolarity specieID="PLCCaPip2" value="0"/>
    <NanoMolarity specieID="PLCCaGqaGTPPip2" value="0"/>
    <NanoMolarity specieID="Ip3" value="0"/>
    <NanoMolarity specieID="PLCCaDAG" value="0"/>
    <NanoMolarity specieID="PLCCaGqaGTPDAG" value="0"/>
    <NanoMolarity specieID="PIkinase" value="290"/>
    <NanoMolarity specieID="Ip3degPIk" value="400"/>
    <NanoMolarity specieID="PKC" value="15000"/>
    <NanoMolarity specieID="PKCCa" value="0"/>
    <NanoMolarity specieID="PKCAACa" value="0"/>
    <NanoMolarity specieID="PKCtCa" value="0"/>
    <NanoMolarity specieID="PKCtAACa" value="0"/>
    <NanoMolarity specieID="PKCtDAGCa" value="0"/>
    <NanoMolarity specieID="PKCtAADAGCa" value="0"/>
    <NanoMolarity specieID="DAG" value="90"/>
    <NanoMolarity specieID="DAGK" value="300"/>
    <NanoMolarity specieID="DAGKdag" value="0"/>
    <NanoMolarity specieID="PA" value="0"/>
    <NanoMolarity specieID="DGL" value="1600"/>
    <NanoMolarity specieID="CaDGL" value="250"/>
    <NanoMolarity specieID="DAGCaDGL" value="90"/>
    <NanoMolarity specieID="2AG" value="0"/>
    <NanoMolarity specieID="2AGdegrad" value="0"/>
    <NanoMolarity specieID="Ip3degrad" value="600"/>
    <NanoMolarity specieID="GluR2" value="14"/>
    <NanoMolarity specieID="GluR2_PKCtCa" value="0"/>
    <NanoMolarity specieID="GluR2_PKCtAACa" value="0"/>
    <NanoMolarity specieID="GluR2_PKCtDAGCa" value="0"/>
    <NanoMolarity specieID="GluR2_PKCtAADAGCa" value="0"/>
    <NanoMolarity specieID="GluR2_S880" value="0"/>
    <NanoMolarity specieID="GluR2_S880_PP2A" value="0"/>
    <NanoMolarity specieID="GluR2_memb" value="256"/>
    <NanoMolarity specieID="GluR2_memb_PKCtCa" value="0"/>
    <NanoMolarity specieID="GluR2_memb_PKCtAACa" value="0"/>
    <NanoMolarity specieID="GluR2_memb_PKCtDAGCa" value="0"/>
    <NanoMolarity specieID="GluR2_memb_PKCtAADAGCa" value="0"/>
    <NanoMolarity specieID="GluR2_memb_S880" value="0"/>
    <NanoMolarity specieID="GluR2_memb_S880_PP2A" value="0"/>
    <NanoMolarity specieID="PP2A" value="500"/>
    <NanoMolarity specieID="ACh" value="0"/>     
    <NanoMolarity specieID="M1R" value="450"/>     
    <NanoMolarity specieID="AChM1R" value="0"/>  
    <NanoMolarity specieID="M1RGq" value="0"/>   
    <NanoMolarity specieID="AChM1RGq" value="0"/>
    <NanoMolarity specieID="PLA2" value="1000"/>
    <NanoMolarity specieID="CaPLA2" value="0"/>
    <NanoMolarity specieID="Ca2PLA2" value="0"/>
    <NanoMolarity specieID="Ca2PLA2act" value="0"/>
    <NanoMolarity specieID="Ca2PLA2actPip2" value="0"/>
    <NanoMolarity specieID="AA" value="0"/>
  </ConcentrationSet>
</InitialConditions>
