[
  {
    "bridge_balance_mohm": 18.0097675323486,
    "id": 464278660,
    "leak_pa": 0.0,
    "num_spikes": 2,
    "peak_deflection": 0.0,
    "post_noise_rms_mv": 0.0370869226753712,
    "post_vm_mv": -76.9852066040039,
    "pre_noise_rms_mv": 0.0414082631468773,
    "pre_vm_mv": -76.8341903686523,
    "slow_noise_rms_mv": 0.132543474435806,
    "slow_vm_mv": -76.8341903686523,
    "specimen_id": 333785935,
    "stimulus_absolute_amplitude": 350.000001203554,
    "stimulus_description": "C1LSCOARSE150217[31]",
    "stimulus_duration": 0.999995,
    "stimulus_interval": 0.0,
    "stimulus_name": "Long Square",
    "stimulus_relative_amplitude": 1.0,
    "stimulus_start_time": 0.92,
    "stimulus_units": "pA",
    "sweep_number": 53,
    "vm_delta_mv": 0.151016235351562
  },
  {
    "bridge_balance_mohm": 18.0097675323486,
    "id": 464278720,
    "leak_pa": 0.0,
    "num_spikes": 1,
    "peak_deflection": 0.0,
    "post_noise_rms_mv": 0.0435080043971539,
    "post_vm_mv": -78.1049499511719,
    "pre_noise_rms_mv": 0.0445183664560318,
    "pre_vm_mv": -78.2906036376953,
    "slow_noise_rms_mv": 0.122399359941483,
    "slow_vm_mv": -78.2906036376953,
    "specimen_id": 333785935,
    "stimulus_absolute_amplitude": 299.999997066536,
    "stimulus_description": "C2SQRHELNG150216[0]",
    "stimulus_duration": 1.999995,
    "stimulus_interval": 0.0,
    "stimulus_name": "Square - 2s Suprathreshold",
    "stimulus_relative_amplitude": 3.0,
    "stimulus_start_time": 0.92,
    "stimulus_units": "pA",
    "sweep_number": 78,
    "vm_delta_mv": 0.185653686523438
  },
  {
    "bridge_balance_mohm": 18.0097675323486,
    "id": 464278730,
    "leak_pa": 0.0,
    "num_spikes": 6,
    "peak_deflection": 0.0,
    "post_noise_rms_mv": 0.0404690131545067,
    "post_vm_mv": -78.84130859375,
    "pre_noise_rms_mv": 0.0455403812229633,
    "pre_vm_mv": -78.3119812011719,
    "slow_noise_rms_mv": 0.10303171724081,
    "slow_vm_mv": -78.3119812011719,
    "specimen_id": 333785935,
    "stimulus_absolute_amplitude": 340.000000376151,
    "stimulus_description": "C2SQRHELNG150216[0]",
    "stimulus_duration": 1.999995,
    "stimulus_interval": 0.0,
    "stimulus_name": "Square - 2s Suprathreshold",
    "stimulus_relative_amplitude": 3.4,
    "stimulus_start_time": 0.92,
    "stimulus_units": "pA",
    "sweep_number": 82,
    "vm_delta_mv": 0.529327392578125
  },
  {
    "bridge_balance_mohm": 18.0097675323486,
    "id": 464278654,
    "leak_pa": 0.0,
    "num_spikes": 0,
    "peak_deflection": -41.8125,
    "post_noise_rms_mv": 0.0425018072128296,
    "post_vm_mv": -77.5460357666016,
    "pre_noise_rms_mv": 0.0536101199686527,
    "pre_vm_mv": -77.9617309570312,
    "slow_noise_rms_mv": 0.154806539416313,
    "slow_vm_mv": -77.9617309570312,
    "specimen_id": 333785935,
    "stimulus_absolute_amplitude": 289.999996239132,
    "stimulus_description": "C1LSCOARSE150217[28]",
    "stimulus_duration": 0.999995,
    "stimulus_interval": 0.0,
    "stimulus_name": "Long Square",
    "stimulus_relative_amplitude": 1.0,
    "stimulus_start_time": 0.92,
    "stimulus_units": "pA",
    "sweep_number": 50,
    "vm_delta_mv": 0.415695190429688
  },
  {
    "bridge_balance_mohm": 18.0097675323486,
    "id": 464278702,
    "leak_pa": 0.0,
    "num_spikes": 154,
    "peak_deflection": 0.0,
    "post_noise_rms_mv": 0.0392264276742935,
    "post_vm_mv": -78.3379821777344,
    "pre_noise_rms_mv": 0.0376222990453243,
    "pre_vm_mv": -78.8253707885742,
    "slow_noise_rms_mv": 0.0948464199900627,
    "slow_vm_mv": -78.8253707885742,
    "specimen_id": 333785935,
    "stimulus_absolute_amplitude": 707.249980802516,
    "stimulus_description": "C1NSSEED_2150217[0]",
    "stimulus_duration": 18.999995,
    "stimulus_interval": 5.0,
    "stimulus_name": "Noise 2",
    "stimulus_relative_amplitude": 3.0,
    "stimulus_start_time": 1.92,
    "stimulus_units": "pA",
    "sweep_number": 70,
    "vm_delta_mv": 0.487388610839844
  },
  {
    "bridge_balance_mohm": 18.0097675323486,
    "id": 464278626,
    "leak_pa": 0.0,
    "num_spikes": 0,
    "peak_deflection": -71.0625076293945,
    "post_noise_rms_mv": 0.0407108850777149,
    "post_vm_mv": -77.5982437133789,
    "pre_noise_rms_mv": 0.0404365807771683,
    "pre_vm_mv": -77.1347198486328,
    "slow_noise_rms_mv": 0.107280738651752,
    "slow_vm_mv": -77.1347198486328,
    "specimen_id": 333785935,
    "stimulus_absolute_amplitude": 50.0000006675716,
    "stimulus_description": "C1LSCOARSE150217[16]",
    "stimulus_duration": 0.999995,
    "stimulus_interval": 0.0,
    "stimulus_name": "Long Square",
    "stimulus_relative_amplitude": 1.0,
    "stimulus_start_time": 0.92,
    "stimulus_units": "pA",
    "sweep_number": 38,
    "vm_delta_mv": 0.463523864746094
  },
  {
    "bridge_balance_mohm": 18.0097675323486,
    "id": 464278680,
    "leak_pa": 0.0,
    "num_spikes": 1,
    "peak_deflection": 0.0,
    "post_noise_rms_mv": 0.0397917218506336,
    "post_vm_mv": -77.9372024536133,
    "pre_noise_rms_mv": 0.0426605455577374,
    "pre_vm_mv": -77.6953735351562,
    "slow_noise_rms_mv": 0.132866352796555,
    "slow_vm_mv": -77.6953735351562,
    "specimen_id": 333785935,
    "stimulus_absolute_amplitude": 299.999997066536,
    "stimulus_description": "C1LSFINEST150112[0]",
    "stimulus_duration": 0.999995,
    "stimulus_interval": 0.0,
    "stimulus_name": "Long Square",
    "stimulus_relative_amplitude": 3.0,
    "stimulus_start_time": 0.92,
    "stimulus_units": "pA",
    "sweep_number": 62,
    "vm_delta_mv": 0.241828918457031
  },
  {
    "bridge_balance_mohm": 18.0097675323486,
    "id": 464278644,
    "leak_pa": 0.0,
    "num_spikes": 0,
    "peak_deflection": -50.40625,
    "post_noise_rms_mv": 0.0320536345243454,
    "post_vm_mv": -77.3367385864258,
    "pre_noise_rms_mv": 0.0404793359339237,
    "pre_vm_mv": -77.7473373413086,
    "slow_noise_rms_mv": 0.132972493767738,
    "slow_vm_mv": -77.7473373413086,
    "specimen_id": 333785935,
    "stimulus_absolute_amplitude": 210.00000349769,
    "stimulus_description": "C1LSCOARSE150217[24]",
    "stimulus_duration": 0.999995,
    "stimulus_interval": 0.0,
    "stimulus_name": "Long Square",
    "stimulus_relative_amplitude": 1.0,
    "stimulus_start_time": 0.92,
    "stimulus_units": "pA",
    "sweep_number": 46,
    "vm_delta_mv": 0.410598754882812
  },
  {
    "bridge_balance_mohm": 18.0097675323486,
    "id": 464278598,
    "leak_pa": 0.0,
    "num_spikes": 0,
    "peak_deflection": -97.1875076293945,
    "post_noise_rms_mv": 0.0487154573202133,
    "post_vm_mv": -77.2814865112305,
    "pre_noise_rms_mv": 0.0376906283199787,
    "pre_vm_mv": -77.3598022460938,
    "slow_noise_rms_mv": 0.0909240320324898,
    "slow_vm_mv": -77.3598022460938,
    "specimen_id": 333785935,
    "stimulus_absolute_amplitude": -210.00000349769,
    "stimulus_description": "C1LSCOARSE150217[3]",
    "stimulus_duration": 0.999995,
    "stimulus_interval": 0.0,
    "stimulus_name": "Long Square",
    "stimulus_relative_amplitude": 1.0,
    "stimulus_start_time": 0.92,
    "stimulus_units": "pA",
    "sweep_number": 25,
    "vm_delta_mv": 0.0783157348632812
  },
  {
    "bridge_balance_mohm": 0.0,
    "id": 464278564,
    "leak_pa": 0.0,
    "num_spikes": 0,
    "peak_deflection": 0.0,
    "post_noise_rms_mv": 0.0,
    "post_vm_mv": 0.0,
    "pre_noise_rms_mv": 0.0,
    "pre_vm_mv": 0.0,
    "slow_noise_rms_mv": 0.0,
    "slow_vm_mv": 0.0,
    "specimen_id": 333785935,
    "stimulus_absolute_amplitude": 9.99999977648258,
    "stimulus_description": "EXTPINBATH141203[0]",
    "stimulus_duration": 0.069995,
    "stimulus_interval": 0.05,
    "stimulus_name": "Test",
    "stimulus_relative_amplitude": 1.0,
    "stimulus_start_time": 0.03,
    "stimulus_units": "mV",
    "sweep_number": 1,
    "vm_delta_mv": 0.0
  },
  {
    "bridge_balance_mohm": 18.0097675323486,
    "id": 464278576,
    "leak_pa": 0.0,
    "num_spikes": 0,
    "peak_deflection": 0.0,
    "post_noise_rms_mv": 0.041658952832222,
    "post_vm_mv": -78.4326553344727,
    "pre_noise_rms_mv": 0.0477324202656746,
    "pre_vm_mv": -78.423828125,
    "slow_noise_rms_mv": 0.149778425693512,
    "slow_vm_mv": -78.423828125,
    "specimen_id": 333785935,
    "stimulus_absolute_amplitude": 609.999994960475,
    "stimulus_description": "C1SSFINEST150112[0]",
    "stimulus_duration": 0.002995,
    "stimulus_interval": 0.0,
    "stimulus_name": "Short Square",
    "stimulus_relative_amplitude": 6.1,
    "stimulus_start_time": 0.92,
    "stimulus_units": "pA",
    "sweep_number": 15,
    "vm_delta_mv": 0.00882720947265625
  },
  {
    "bridge_balance_mohm": 18.0097675323486,
    "id": 464278710,
    "leak_pa": 0.0,
    "num_spikes": 0,
    "peak_deflection": 0.0,
    "post_noise_rms_mv": 0.0424718111753464,
    "post_vm_mv": -78.7320175170898,
    "pre_noise_rms_mv": 0.0480680875480175,
    "pre_vm_mv": -78.5372619628906,
    "slow_noise_rms_mv": 0.230648279190063,
    "slow_vm_mv": -78.5372619628906,
    "specimen_id": 333785935,
    "stimulus_absolute_amplitude": -200.000002670286,
    "stimulus_description": "C1SQCAPCHK141203[0]",
    "stimulus_duration": 7.819995,
    "stimulus_interval": 0.2,
    "stimulus_name": "Square - 0.5ms Subthreshold",
    "stimulus_relative_amplitude": 1.0,
    "stimulus_start_time": 0.12,
    "stimulus_units": "pA",
    "sweep_number": 74,
    "vm_delta_mv": 0.194755554199219
  },
  {
    "bridge_balance_mohm": 18.0097675323486,
    "id": 464278670,
    "leak_pa": 0.0,
    "num_spikes": 35,
    "peak_deflection": 0.0,
    "post_noise_rms_mv": 0.0437120646238327,
    "post_vm_mv": -77.0355529785156,
    "pre_noise_rms_mv": 0.0374798662960529,
    "pre_vm_mv": -77.1245269775391,
    "slow_noise_rms_mv": 0.142126157879829,
    "slow_vm_mv": -77.1245269775391,
    "specimen_id": 333785935,
    "stimulus_absolute_amplitude": 450.000009477591,
    "stimulus_description": "C1LSCOARSE150217[36]",
    "stimulus_duration": 0.999995,
    "stimulus_interval": 0.0,
    "stimulus_name": "Long Square",
    "stimulus_relative_amplitude": 1.0,
    "stimulus_start_time": 0.92,
    "stimulus_units": "pA",
    "sweep_number": 58,
    "vm_delta_mv": 0.0889739990234375
  },
  {
    "bridge_balance_mohm": 18.0097675323486,
    "id": 464278610,
    "leak_pa": 0.0,
    "num_spikes": 0,
    "peak_deflection": -89.0,
    "post_noise_rms_mv": 0.0430239252746105,
    "post_vm_mv": -77.5723419189453,
    "pre_noise_rms_mv": 0.0414078384637833,
    "pre_vm_mv": -77.148063659668,
    "slow_noise_rms_mv": 0.0923674330115318,
    "slow_vm_mv": -77.148063659668,
    "specimen_id": 333785935,
    "stimulus_absolute_amplitude": -110.000002162547,
    "stimulus_description": "C1LSCOARSE150217[8]",
    "stimulus_duration": 0.999995,
    "stimulus_interval": 0.0,
    "stimulus_name": "Long Square",
    "stimulus_relative_amplitude": 1.0,
    "stimulus_start_time": 0.92,
    "stimulus_units": "pA",
    "sweep_number": 30,
    "vm_delta_mv": 0.424278259277344
  },
  {
    "bridge_balance_mohm": 18.0097675323486,
    "id": 464278584,
    "leak_pa": 0.0,
    "num_spikes": 1,
    "peak_deflection": 0.0,
    "post_noise_rms_mv": 0.0393702201545238,
    "post_vm_mv": -77.4654083251953,
    "pre_noise_rms_mv": 0.0428235493600368,
    "pre_vm_mv": -77.5534210205078,
    "slow_noise_rms_mv": 0.0980125814676285,
    "slow_vm_mv": -77.5534210205078,
    "specimen_id": 333785935,
    "stimulus_absolute_amplitude": 629.999996615282,
    "stimulus_description": "C1SSFINEST150112[0]",
    "stimulus_duration": 0.002995,
    "stimulus_interval": 0.0,
    "stimulus_name": "Short Square",
    "stimulus_relative_amplitude": 6.3,
    "stimulus_start_time": 0.92,
    "stimulus_units": "pA",
    "sweep_number": 19,
    "vm_delta_mv": 0.0880126953125
  },
  {
    "bridge_balance_mohm": 18.0097675323486,
    "id": 464278634,
    "leak_pa": 0.0,
    "num_spikes": 0,
    "peak_deflection": -64.65625,
    "post_noise_rms_mv": 0.041785154491663,
    "post_vm_mv": -77.7520904541016,
    "pre_noise_rms_mv": 0.0448730662465096,
    "pre_vm_mv": -78.2217864990234,
    "slow_noise_rms_mv": 0.134068414568901,
    "slow_vm_mv": -78.2217864990234,
    "specimen_id": 333785935,
    "stimulus_absolute_amplitude": 110.000002162547,
    "stimulus_description": "C1LSCOARSE150217[19]",
    "stimulus_duration": 0.999995,
    "stimulus_interval": 0.0,
    "stimulus_name": "Long Square",
    "stimulus_relative_amplitude": 1.0,
    "stimulus_start_time": 0.92,
    "stimulus_units": "pA",
    "sweep_number": 41,
    "vm_delta_mv": 0.469696044921875
  },
  {
    "bridge_balance_mohm": 18.0097675323486,
    "id": 464278734,
    "leak_pa": 0.0,
    "num_spikes": 16,
    "peak_deflection": 0.0,
    "post_noise_rms_mv": 0.0382313504815102,
    "post_vm_mv": -78.4456329345703,
    "pre_noise_rms_mv": 0.044037826359272,
    "pre_vm_mv": -78.761833190918,
    "slow_noise_rms_mv": 0.136836037039757,
    "slow_vm_mv": -78.761833190918,
    "specimen_id": 333785935,
    "stimulus_absolute_amplitude": 380.000003685765,
    "stimulus_description": "C2SQRHELNG150216[0]",
    "stimulus_duration": 1.999995,
    "stimulus_interval": 0.0,
    "stimulus_name": "Square - 2s Suprathreshold",
    "stimulus_relative_amplitude": 3.8,
    "stimulus_start_time": 0.92,
    "stimulus_units": "pA",
    "sweep_number": 84,
    "vm_delta_mv": 0.316200256347656
  },
  {
    "bridge_balance_mohm": 18.0097675323486,
    "id": 464278620,
    "leak_pa": 0.0,
    "num_spikes": 0,
    "peak_deflection": -79.28125,
    "post_noise_rms_mv": 0.0367465987801552,
    "post_vm_mv": -77.3778076171875,
    "pre_noise_rms_mv": 0.0449573770165443,
    "pre_vm_mv": -77.5451507568359,
    "slow_noise_rms_mv": 0.109190180897713,
    "slow_vm_mv": -77.5451507568359,
    "specimen_id": 333785935,
    "stimulus_absolute_amplitude": -9.99999996004197,
    "stimulus_description": "C1LSCOARSE150217[13]",
    "stimulus_duration": 0.999995,
    "stimulus_interval": 0.0,
    "stimulus_name": "Long Square",
    "stimulus_relative_amplitude": 1.0,
    "stimulus_start_time": 0.92,
    "stimulus_units": "pA",
    "sweep_number": 35,
    "vm_delta_mv": 0.167343139648438
  },
  {
    "bridge_balance_mohm": 18.0097675323486,
    "id": 464278572,
    "leak_pa": 0.0,
    "num_spikes": 1,
    "peak_deflection": 0.0,
    "post_noise_rms_mv": 0.0380268692970276,
    "post_vm_mv": -78.6764450073242,
    "pre_noise_rms_mv": 0.0431228093802929,
    "pre_vm_mv": -78.6703262329102,
    "slow_noise_rms_mv": 0.11687982827425,
    "slow_vm_mv": -78.6703262329102,
    "specimen_id": 333785935,
    "stimulus_absolute_amplitude": 700.000002407108,
    "stimulus_description": "C1SSCOARSE150112[6]",
    "stimulus_duration": 0.002995,
    "stimulus_interval": 0.0,
    "stimulus_name": "Short Square",
    "stimulus_relative_amplitude": 1.0,
    "stimulus_start_time": 0.92,
    "stimulus_units": "pA",
    "sweep_number": 13,
    "vm_delta_mv": 0.0061187744140625
  },
  {
    "bridge_balance_mohm": 18.0097675323486,
    "id": 464278706,
    "leak_pa": 0.0,
    "num_spikes": 142,
    "peak_deflection": 0.0,
    "post_noise_rms_mv": 0.0387500934302807,
    "post_vm_mv": -77.6654663085938,
    "pre_noise_rms_mv": 0.0377862825989723,
    "pre_vm_mv": -76.855583190918,
    "slow_noise_rms_mv": 0.152620673179626,
    "slow_vm_mv": -76.855583190918,
    "specimen_id": 333785935,
    "stimulus_absolute_amplitude": 707.249980802516,
    "stimulus_description": "C1NSSEED_2150217[0]",
    "stimulus_duration": 18.999995,
    "stimulus_interval": 5.0,
    "stimulus_name": "Noise 2",
    "stimulus_relative_amplitude": 3.0,
    "stimulus_start_time": 1.92,
    "stimulus_units": "pA",
    "sweep_number": 72,
    "vm_delta_mv": 0.809883117675781
  },
  {
    "bridge_balance_mohm": 18.0097675323486,
    "id": 464278646,
    "leak_pa": 0.0,
    "num_spikes": 0,
    "peak_deflection": -47.9375,
    "post_noise_rms_mv": 0.0483864061534405,
    "post_vm_mv": -77.5682525634766,
    "pre_noise_rms_mv": 0.0409848280251026,
    "pre_vm_mv": -77.2646026611328,
    "slow_noise_rms_mv": 0.104103647172451,
    "slow_vm_mv": -77.2646026611328,
    "specimen_id": 333785935,
    "stimulus_absolute_amplitude": 230.000005152498,
    "stimulus_description": "C1LSCOARSE150217[25]",
    "stimulus_duration": 0.999995,
    "stimulus_interval": 0.0,
    "stimulus_name": "Long Square",
    "stimulus_relative_amplitude": 1.0,
    "stimulus_start_time": 0.92,
    "stimulus_units": "pA",
    "sweep_number": 47,
    "vm_delta_mv": 0.30364990234375
  },
  {
    "bridge_balance_mohm": 18.0097675323486,
    "id": 464278574,
    "leak_pa": 0.0,
    "num_spikes": 1,
    "peak_deflection": 0.0,
    "post_noise_rms_mv": 0.0440239273011684,
    "post_vm_mv": -78.5414276123047,
    "pre_noise_rms_mv": 0.0392394177615643,
    "pre_vm_mv": -78.4775772094727,
    "slow_noise_rms_mv": 0.206236630678177,
    "slow_vm_mv": -78.4775772094727,
    "specimen_id": 333785935,
    "stimulus_absolute_amplitude": 609.999994960475,
    "stimulus_description": "C1SSFINEST150112[0]",
    "stimulus_duration": 0.002995,
    "stimulus_interval": 0.0,
    "stimulus_name": "Short Square",
    "stimulus_relative_amplitude": 6.1,
    "stimulus_start_time": 0.92,
    "stimulus_units": "pA",
    "sweep_number": 14,
    "vm_delta_mv": 0.0638504028320312
  },
  {
    "bridge_balance_mohm": 18.0097675323486,
    "id": 464278622,
    "leak_pa": 0.0,
    "num_spikes": 0,
    "peak_deflection": -75.5625,
    "post_noise_rms_mv": 0.0366956032812595,
    "post_vm_mv": -77.2655868530273,
    "pre_noise_rms_mv": 0.041385930031538,
    "pre_vm_mv": -77.3640899658203,
    "slow_noise_rms_mv": 0.119072377681732,
    "slow_vm_mv": -77.3640899658203,
    "specimen_id": 333785935,
    "stimulus_absolute_amplitude": 9.99999996004197,
    "stimulus_description": "C1LSCOARSE150217[14]",
    "stimulus_duration": 0.999995,
    "stimulus_interval": 0.0,
    "stimulus_name": "Long Square",
    "stimulus_relative_amplitude": 1.0,
    "stimulus_start_time": 0.92,
    "stimulus_units": "pA",
    "sweep_number": 36,
    "vm_delta_mv": 0.0985031127929688
  },
  {
    "bridge_balance_mohm": 18.0097675323486,
    "id": 464278722,
    "leak_pa": 0.0,
    "num_spikes": 1,
    "peak_deflection": 0.0,
    "post_noise_rms_mv": 0.0434502735733986,
    "post_vm_mv": -78.2616424560547,
    "pre_noise_rms_mv": 0.0448005311191082,
    "pre_vm_mv": -78.2651824951172,
    "slow_noise_rms_mv": 0.0945861637592316,
    "slow_vm_mv": -78.2651824951172,
    "specimen_id": 333785935,
    "stimulus_absolute_amplitude": 299.999997066536,
    "stimulus_description": "C2SQRHELNG150216[0]",
    "stimulus_duration": 1.999995,
    "stimulus_interval": 0.0,
    "stimulus_name": "Square - 2s Suprathreshold",
    "stimulus_relative_amplitude": 3.0,
    "stimulus_start_time": 0.92,
    "stimulus_units": "pA",
    "sweep_number": 79,
    "vm_delta_mv": 0.0035400390625
  },
  {
    "bridge_balance_mohm": 18.0097675323486,
    "id": 464278650,
    "leak_pa": 0.0,
    "num_spikes": 0,
    "peak_deflection": -44.34375,
    "post_noise_rms_mv": 0.0471696890890598,
    "post_vm_mv": -77.9024963378906,
    "pre_noise_rms_mv": 0.0423380397260189,
    "pre_vm_mv": -77.742073059082,
    "slow_noise_rms_mv": 0.103131711483002,
    "slow_vm_mv": -77.742073059082,
    "specimen_id": 333785935,
    "stimulus_absolute_amplitude": 269.999994584325,
    "stimulus_description": "C1LSCOARSE150217[27]",
    "stimulus_duration": 0.999995,
    "stimulus_interval": 0.0,
    "stimulus_name": "Long Square",
    "stimulus_relative_amplitude": 1.0,
    "stimulus_start_time": 0.92,
    "stimulus_units": "pA",
    "sweep_number": 49,
    "vm_delta_mv": 0.160423278808594
  },
  {
    "bridge_balance_mohm": 18.0097675323486,
    "id": 464278716,
    "leak_pa": 0.0,
    "num_spikes": 1,
    "peak_deflection": 0.0,
    "post_noise_rms_mv": 0.0355074554681778,
    "post_vm_mv": -78.399055480957,
    "pre_noise_rms_mv": 0.0371861048042774,
    "pre_vm_mv": -78.4075775146484,
    "slow_noise_rms_mv": 0.0942042618989944,
    "slow_vm_mv": -78.4075775146484,
    "specimen_id": 333785935,
    "stimulus_absolute_amplitude": 299.999997066536,
    "stimulus_description": "C2SQRHELNG150216[0]",
    "stimulus_duration": 1.999995,
    "stimulus_interval": 0.0,
    "stimulus_name": "Square - 2s Suprathreshold",
    "stimulus_relative_amplitude": 3.0,
    "stimulus_start_time": 0.92,
    "stimulus_units": "pA",
    "sweep_number": 76,
    "vm_delta_mv": 0.00852203369140625
  },
  {
    "bridge_balance_mohm": 18.0097675323486,
    "id": 464278736,
    "leak_pa": 0.0,
    "num_spikes": 16,
    "peak_deflection": 0.0,
    "post_noise_rms_mv": 0.0424482896924019,
    "post_vm_mv": -78.5213165283203,
    "pre_noise_rms_mv": 0.0420216098427773,
    "pre_vm_mv": -79.0078887939453,
    "slow_noise_rms_mv": 0.0854937434196472,
    "slow_vm_mv": -79.0078887939453,
    "specimen_id": 333785935,
    "stimulus_absolute_amplitude": 380.000003685765,
    "stimulus_description": "C2SQRHELNG150216[0]",
    "stimulus_duration": 1.999995,
    "stimulus_interval": 0.0,
    "stimulus_name": "Square - 2s Suprathreshold",
    "stimulus_relative_amplitude": 3.8,
    "stimulus_start_time": 0.92,
    "stimulus_units": "pA",
    "sweep_number": 85,
    "vm_delta_mv": 0.486572265625
  },
  {
    "bridge_balance_mohm": 18.0097675323486,
    "id": 464278732,
    "leak_pa": 0.0,
    "num_spikes": 8,
    "peak_deflection": 0.0,
    "post_noise_rms_mv": 0.0441562905907631,
    "post_vm_mv": -78.5034637451172,
    "pre_noise_rms_mv": 0.0460537895560265,
    "pre_vm_mv": -78.7350082397461,
    "slow_noise_rms_mv": 0.0927883759140968,
    "slow_vm_mv": -78.7350082397461,
    "specimen_id": 333785935,
    "stimulus_absolute_amplitude": 340.000000376151,
    "stimulus_description": "C2SQRHELNG150216[0]",
    "stimulus_duration": 1.999995,
    "stimulus_interval": 0.0,
    "stimulus_name": "Square - 2s Suprathreshold",
    "stimulus_relative_amplitude": 3.4,
    "stimulus_start_time": 0.92,
    "stimulus_units": "pA",
    "sweep_number": 83,
    "vm_delta_mv": 0.231544494628906
  },
  {
    "bridge_balance_mohm": 18.0097675323486,
    "id": 464278614,
    "leak_pa": 0.0,
    "num_spikes": 0,
    "peak_deflection": -85.40625,
    "post_noise_rms_mv": 0.0457090176641941,
    "post_vm_mv": -77.9799575805664,
    "pre_noise_rms_mv": 0.0350596271455288,
    "pre_vm_mv": -77.5335311889648,
    "slow_noise_rms_mv": 0.142839878797531,
    "slow_vm_mv": -77.5335311889648,
    "specimen_id": 333785935,
    "stimulus_absolute_amplitude": -69.9999988529321,
    "stimulus_description": "C1LSCOARSE150217[10]",
    "stimulus_duration": 0.999995,
    "stimulus_interval": 0.0,
    "stimulus_name": "Long Square",
    "stimulus_relative_amplitude": 1.0,
    "stimulus_start_time": 0.92,
    "stimulus_units": "pA",
    "sweep_number": 32,
    "vm_delta_mv": 0.446426391601562
  },
  {
    "bridge_balance_mohm": 18.0097675323486,
    "id": 464278580,
    "leak_pa": 0.0,
    "num_spikes": 1,
    "peak_deflection": 0.0,
    "post_noise_rms_mv": 0.0435890108346939,
    "post_vm_mv": -78.177375793457,
    "pre_noise_rms_mv": 0.0428346991539001,
    "pre_vm_mv": -78.0216903686523,
    "slow_noise_rms_mv": 0.170813322067261,
    "slow_vm_mv": -78.0216903686523,
    "specimen_id": 333785935,
    "stimulus_absolute_amplitude": 629.999996615282,
    "stimulus_description": "C1SSFINEST150112[0]",
    "stimulus_duration": 0.002995,
    "stimulus_interval": 0.0,
    "stimulus_name": "Short Square",
    "stimulus_relative_amplitude": 6.3,
    "stimulus_start_time": 0.92,
    "stimulus_units": "pA",
    "sweep_number": 17,
    "vm_delta_mv": 0.155685424804688
  },
  {
    "bridge_balance_mohm": 18.0097675323486,
    "id": 464278624,
    "leak_pa": 0.0,
    "num_spikes": 0,
    "peak_deflection": -73.15625,
    "post_noise_rms_mv": 0.0358107388019562,
    "post_vm_mv": -76.9228820800781,
    "pre_noise_rms_mv": 0.0342322178184986,
    "pre_vm_mv": -76.9150543212891,
    "slow_noise_rms_mv": 0.114776842296124,
    "slow_vm_mv": -76.9150543212891,
    "specimen_id": 333785935,
    "stimulus_absolute_amplitude": 29.9999990127642,
    "stimulus_description": "C1LSCOARSE150217[15]",
    "stimulus_duration": 0.999995,
    "stimulus_interval": 0.0,
    "stimulus_name": "Long Square",
    "stimulus_relative_amplitude": 1.0,
    "stimulus_start_time": 0.92,
    "stimulus_units": "pA",
    "sweep_number": 37,
    "vm_delta_mv": 0.0078277587890625
  },
  {
    "bridge_balance_mohm": 18.0097675323486,
    "id": 464278672,
    "leak_pa": 0.0,
    "num_spikes": 1,
    "peak_deflection": 0.0,
    "post_noise_rms_mv": 0.0437844879925251,
    "post_vm_mv": -78.2088012695312,
    "pre_noise_rms_mv": 0.0452209487557411,
    "pre_vm_mv": -77.8266296386719,
    "slow_noise_rms_mv": 0.119451366364956,
    "slow_vm_mv": -77.8266296386719,
    "specimen_id": 333785935,
    "stimulus_absolute_amplitude": 309.999997893939,
    "stimulus_description": "C1LSFINEST150112[0]",
    "stimulus_duration": 0.999995,
    "stimulus_interval": 0.0,
    "stimulus_name": "Long Square",
    "stimulus_relative_amplitude": 3.1,
    "stimulus_start_time": 0.92,
    "stimulus_units": "pA",
    "sweep_number": 59,
    "vm_delta_mv": 0.382171630859375
  },
  {
    "bridge_balance_mohm": 18.0097675323486,
    "id": 464278566,
    "leak_pa": 0.0,
    "num_spikes": 0,
    "peak_deflection": 0.0,
    "post_noise_rms_mv": 0.0449316315352917,
    "post_vm_mv": -78.7099227905273,
    "pre_noise_rms_mv": 0.0431239642202854,
    "pre_vm_mv": -78.7899780273438,
    "slow_noise_rms_mv": 0.0931903496384621,
    "slow_vm_mv": -78.7899780273438,
    "specimen_id": 333785935,
    "stimulus_absolute_amplitude": 400.000005340573,
    "stimulus_description": "C1SSCOARSE150112[3]",
    "stimulus_duration": 0.002995,
    "stimulus_interval": 0.0,
    "stimulus_name": "Short Square",
    "stimulus_relative_amplitude": 1.0,
    "stimulus_start_time": 0.92,
    "stimulus_units": "pA",
    "sweep_number": 10,
    "vm_delta_mv": 0.0800552368164062
  },
  {
    "bridge_balance_mohm": 18.0097675323486,
    "id": 464278594,
    "leak_pa": 0.0,
    "num_spikes": 0,
    "peak_deflection": -100.09375,
    "post_noise_rms_mv": 0.0448219180107117,
    "post_vm_mv": -77.7611770629883,
    "pre_noise_rms_mv": 0.0424336157739162,
    "pre_vm_mv": -77.6272506713867,
    "slow_noise_rms_mv": 0.099683091044426,
    "slow_vm_mv": -77.6272506713867,
    "specimen_id": 333785935,
    "stimulus_absolute_amplitude": -249.999992929517,
    "stimulus_description": "C1LSCOARSE150217[1]",
    "stimulus_duration": 0.999995,
    "stimulus_interval": 0.0,
    "stimulus_name": "Long Square",
    "stimulus_relative_amplitude": 1.0,
    "stimulus_start_time": 0.92,
    "stimulus_units": "pA",
    "sweep_number": 23,
    "vm_delta_mv": 0.133926391601562
  },
  {
    "bridge_balance_mohm": 0.0,
    "id": 464278748,
    "leak_pa": 0.0,
    "num_spikes": 0,
    "peak_deflection": 0.0,
    "post_noise_rms_mv": 0.0380188301205635,
    "post_vm_mv": 0.322233736515045,
    "pre_noise_rms_mv": 0.0316920131444931,
    "pre_vm_mv": 0.443682461977005,
    "slow_noise_rms_mv": 0.0742497369647026,
    "slow_vm_mv": 0.443682461977005,
    "specimen_id": 333785935,
    "stimulus_absolute_amplitude": 0.0,
    "stimulus_description": "EXTPBLWOUT141203[0]",
    "stimulus_duration": 0.0,
    "stimulus_interval": 0.0,
    "stimulus_name": "Test",
    "stimulus_relative_amplitude": 1.0,
    "stimulus_start_time": 0.0,
    "stimulus_units": "pA",
    "sweep_number": 90,
    "vm_delta_mv": 0.12144872546196
  },
  {
    "bridge_balance_mohm": 18.0097675323486,
    "id": 464278688,
    "leak_pa": 0.0,
    "num_spikes": 206,
    "peak_deflection": 0.0,
    "post_noise_rms_mv": 0.0420901030302048,
    "post_vm_mv": -78.1259994506836,
    "pre_noise_rms_mv": 0.0438497141003609,
    "pre_vm_mv": -78.3588714599609,
    "slow_noise_rms_mv": 0.108708500862122,
    "slow_vm_mv": -78.3588714599609,
    "specimen_id": 333785935,
    "stimulus_absolute_amplitude": 695.374979819974,
    "stimulus_description": "C1NSSEED_1150217[0]",
    "stimulus_duration": 18.999995,
    "stimulus_interval": 5.0,
    "stimulus_name": "Noise 1",
    "stimulus_relative_amplitude": 3.0,
    "stimulus_start_time": 1.92,
    "stimulus_units": "pA",
    "sweep_number": 65,
    "vm_delta_mv": 0.232872009277344
  },
  {
    "bridge_balance_mohm": 18.0097675323486,
    "id": 464278678,
    "leak_pa": 0.0,
    "num_spikes": 0,
    "peak_deflection": -40.53125,
    "post_noise_rms_mv": 0.04607043415308,
    "post_vm_mv": -77.7441101074219,
    "pre_noise_rms_mv": 0.0393205061554909,
    "pre_vm_mv": -78.1090774536133,
    "slow_noise_rms_mv": 0.100115515291691,
    "slow_vm_mv": -78.1090774536133,
    "specimen_id": 333785935,
    "stimulus_absolute_amplitude": 289.999996239132,
    "stimulus_description": "C1LSFINEST150112[0]",
    "stimulus_duration": 0.999995,
    "stimulus_interval": 0.0,
    "stimulus_name": "Long Square",
    "stimulus_relative_amplitude": 2.9,
    "stimulus_start_time": 0.92,
    "stimulus_units": "pA",
    "sweep_number": 61,
    "vm_delta_mv": 0.364967346191406
  },
  {
    "bridge_balance_mohm": 0.0,
    "id": 464278742,
    "leak_pa": 0.0,
    "num_spikes": 0,
    "peak_deflection": 0.0,
    "post_noise_rms_mv": 0.0,
    "post_vm_mv": 0.0,
    "pre_noise_rms_mv": 0.0,
    "pre_vm_mv": 0.0,
    "slow_noise_rms_mv": 0.0,
    "slow_vm_mv": 0.0,
    "specimen_id": 333785935,
    "stimulus_absolute_amplitude": 9.99999977648258,
    "stimulus_description": "EXTPEXPEND141203[0]",
    "stimulus_duration": 0.069995,
    "stimulus_interval": 0.05,
    "stimulus_name": "Test",
    "stimulus_relative_amplitude": 1.0,
    "stimulus_start_time": 0.03,
    "stimulus_units": "mV",
    "sweep_number": 88,
    "vm_delta_mv": 0.0
  },
  {
    "bridge_balance_mohm": 18.0097675323486,
    "id": 464278694,
    "leak_pa": 0.0,
    "num_spikes": 287,
    "peak_deflection": 0.0,
    "post_noise_rms_mv": 0.037193737924099,
    "post_vm_mv": -78.4255523681641,
    "pre_noise_rms_mv": 0.0464654639363289,
    "pre_vm_mv": -77.6999969482422,
    "slow_noise_rms_mv": 0.0974616557359695,
    "slow_vm_mv": -77.6999969482422,
    "specimen_id": 333785935,
    "stimulus_absolute_amplitude": 695.374979819974,
    "stimulus_description": "C1NSSEED_1150217[0]",
    "stimulus_duration": 18.999995,
    "stimulus_interval": 5.0,
    "stimulus_name": "Noise 1",
    "stimulus_relative_amplitude": 3.0,
    "stimulus_start_time": 1.92,
    "stimulus_units": "pA",
    "sweep_number": 67,
    "vm_delta_mv": 0.725555419921875
  },
  {
    "bridge_balance_mohm": 18.0097675323486,
    "id": 464278652,
    "leak_pa": 0.0,
    "num_spikes": 0,
    "peak_deflection": 0.0,
    "post_noise_rms_mv": 0.0367059968411922,
    "post_vm_mv": -78.0399932861328,
    "pre_noise_rms_mv": 0.0407017841935158,
    "pre_vm_mv": -78.2922439575195,
    "slow_noise_rms_mv": 0.143514230847359,
    "slow_vm_mv": -78.2922439575195,
    "specimen_id": 333785935,
    "stimulus_absolute_amplitude": 800.000010681146,
    "stimulus_description": "C1RP25PR1S141203[0]",
    "stimulus_duration": 31.997495,
    "stimulus_interval": 0.0,
    "stimulus_name": "Ramp",
    "stimulus_relative_amplitude": 1.0,
    "stimulus_start_time": 0.9225,
    "stimulus_units": "pA",
    "sweep_number": 5,
    "vm_delta_mv": 0.252250671386719
  },
  {
    "bridge_balance_mohm": 18.0097675323486,
    "id": 464278590,
    "leak_pa": 0.0,
    "num_spikes": 1,
    "peak_deflection": 0.0,
    "post_noise_rms_mv": 0.0415280312299728,
    "post_vm_mv": -77.5021667480469,
    "pre_noise_rms_mv": 0.034672949463129,
    "pre_vm_mv": -77.56494140625,
    "slow_noise_rms_mv": 0.126785263419151,
    "slow_vm_mv": -77.56494140625,
    "specimen_id": 333785935,
    "stimulus_absolute_amplitude": 629.999996615282,
    "stimulus_description": "C1SSFINEST150112[0]",
    "stimulus_duration": 0.002995,
    "stimulus_interval": 0.0,
    "stimulus_name": "Short Square",
    "stimulus_relative_amplitude": 6.3,
    "stimulus_start_time": 0.92,
    "stimulus_units": "pA",
    "sweep_number": 21,
    "vm_delta_mv": 0.062774658203125
  },
  {
    "bridge_balance_mohm": 18.0097675323486,
    "id": 464278600,
    "leak_pa": 0.0,
    "num_spikes": 0,
    "peak_deflection": -95.78125,
    "post_noise_rms_mv": 0.0364840403199196,
    "post_vm_mv": -77.6928634643555,
    "pre_noise_rms_mv": 0.0353135392069817,
    "pre_vm_mv": -77.4471664428711,
    "slow_noise_rms_mv": 0.116103768348694,
    "slow_vm_mv": -77.4471664428711,
    "specimen_id": 333785935,
    "stimulus_absolute_amplitude": -190.000001842883,
    "stimulus_description": "C1LSCOARSE150217[4]",
    "stimulus_duration": 0.999995,
    "stimulus_interval": 0.0,
    "stimulus_name": "Long Square",
    "stimulus_relative_amplitude": 1.0,
    "stimulus_start_time": 0.92,
    "stimulus_units": "pA",
    "sweep_number": 26,
    "vm_delta_mv": 0.245697021484375
  },
  {
    "bridge_balance_mohm": 18.0097675323486,
    "id": 464278656,
    "leak_pa": 0.0,
    "num_spikes": 1,
    "peak_deflection": 0.0,
    "post_noise_rms_mv": 0.0443501509726048,
    "post_vm_mv": -77.4672317504883,
    "pre_noise_rms_mv": 0.038541417568922,
    "pre_vm_mv": -77.636589050293,
    "slow_noise_rms_mv": 0.157263100147247,
    "slow_vm_mv": -77.636589050293,
    "specimen_id": 333785935,
    "stimulus_absolute_amplitude": 309.999997893939,
    "stimulus_description": "C1LSCOARSE150217[29]",
    "stimulus_duration": 0.999995,
    "stimulus_interval": 0.0,
    "stimulus_name": "Long Square",
    "stimulus_relative_amplitude": 1.0,
    "stimulus_start_time": 0.92,
    "stimulus_units": "pA",
    "sweep_number": 51,
    "vm_delta_mv": 0.169357299804688
  },
  {
    "bridge_balance_mohm": 18.0097675323486,
    "id": 464278602,
    "leak_pa": 0.0,
    "num_spikes": 0,
    "peak_deflection": -94.375,
    "post_noise_rms_mv": 0.0404104664921761,
    "post_vm_mv": -77.8980407714844,
    "pre_noise_rms_mv": 0.0492552630603313,
    "pre_vm_mv": -77.6393966674805,
    "slow_noise_rms_mv": 0.149205029010773,
    "slow_vm_mv": -77.6393966674805,
    "specimen_id": 333785935,
    "stimulus_absolute_amplitude": -170.000000188075,
    "stimulus_description": "C1LSCOARSE150217[5]",
    "stimulus_duration": 0.999995,
    "stimulus_interval": 0.0,
    "stimulus_name": "Long Square",
    "stimulus_relative_amplitude": 1.0,
    "stimulus_start_time": 0.92,
    "stimulus_units": "pA",
    "sweep_number": 27,
    "vm_delta_mv": 0.258644104003906
  },
  {
    "bridge_balance_mohm": 18.0097675323486,
    "id": 464278604,
    "leak_pa": 0.0,
    "num_spikes": 0,
    "peak_deflection": -92.9687576293945,
    "post_noise_rms_mv": 0.0350375548005104,
    "post_vm_mv": -77.4169235229492,
    "pre_noise_rms_mv": 0.0401238352060318,
    "pre_vm_mv": -77.7742462158203,
    "slow_noise_rms_mv": 0.111654803156853,
    "slow_vm_mv": -77.7742462158203,
    "specimen_id": 333785935,
    "stimulus_absolute_amplitude": -149.999998533268,
    "stimulus_description": "C1LSCOARSE150217[6]",
    "stimulus_duration": 0.999995,
    "stimulus_interval": 0.0,
    "stimulus_name": "Long Square",
    "stimulus_relative_amplitude": 1.0,
    "stimulus_start_time": 0.92,
    "stimulus_units": "pA",
    "sweep_number": 28,
    "vm_delta_mv": 0.357322692871094
  },
  {
    "bridge_balance_mohm": 18.0097675323486,
    "id": 464278638,
    "leak_pa": 0.0,
    "num_spikes": 0,
    "peak_deflection": -58.3125,
    "post_noise_rms_mv": 0.0414321012794971,
    "post_vm_mv": -76.84375,
    "pre_noise_rms_mv": 0.0348730087280273,
    "pre_vm_mv": -77.0359268188477,
    "slow_noise_rms_mv": 0.119049482047558,
    "slow_vm_mv": -77.0359268188477,
    "specimen_id": 333785935,
    "stimulus_absolute_amplitude": 149.999998533268,
    "stimulus_description": "C1LSCOARSE150217[21]",
    "stimulus_duration": 0.999995,
    "stimulus_interval": 0.0,
    "stimulus_name": "Long Square",
    "stimulus_relative_amplitude": 1.0,
    "stimulus_start_time": 0.92,
    "stimulus_units": "pA",
    "sweep_number": 43,
    "vm_delta_mv": 0.192176818847656
  },
  {
    "bridge_balance_mohm": 18.0097675323486,
    "id": 464278724,
    "leak_pa": 0.0,
    "num_spikes": 0,
    "peak_deflection": 0.0,
    "post_noise_rms_mv": 0.0325537100434303,
    "post_vm_mv": -78.5247802734375,
    "pre_noise_rms_mv": 0.0431710928678513,
    "pre_vm_mv": -78.5090484619141,
    "slow_noise_rms_mv": 0.146596416831017,
    "slow_vm_mv": -78.5090484619141,
    "specimen_id": 333785935,
    "stimulus_absolute_amplitude": 200.000002670286,
    "stimulus_description": "C1SSCOARSE150112[1]",
    "stimulus_duration": 0.002995,
    "stimulus_interval": 0.0,
    "stimulus_name": "Short Square",
    "stimulus_relative_amplitude": 1.0,
    "stimulus_start_time": 0.92,
    "stimulus_units": "pA",
    "sweep_number": 8,
    "vm_delta_mv": 0.0157318115234375
  },
  {
    "bridge_balance_mohm": 18.0097675323486,
    "id": 464278738,
    "leak_pa": 0.0,
    "num_spikes": 23,
    "peak_deflection": 0.0,
    "post_noise_rms_mv": 0.0387666076421738,
    "post_vm_mv": -78.6898727416992,
    "pre_noise_rms_mv": 0.043560516089201,
    "pre_vm_mv": -78.8172760009766,
    "slow_noise_rms_mv": 0.103443928062916,
    "slow_vm_mv": -78.8172760009766,
    "specimen_id": 333785935,
    "stimulus_absolute_amplitude": 380.000003685765,
    "stimulus_description": "C2SQRHELNG150216[0]",
    "stimulus_duration": 1.999995,
    "stimulus_interval": 0.0,
    "stimulus_name": "Square - 2s Suprathreshold",
    "stimulus_relative_amplitude": 3.8,
    "stimulus_start_time": 0.92,
    "stimulus_units": "pA",
    "sweep_number": 86,
    "vm_delta_mv": 0.127403259277344
  },
  {
    "bridge_balance_mohm": 18.0097675323486,
    "id": 464278668,
    "leak_pa": 0.0,
    "num_spikes": 51,
    "peak_deflection": 0.0,
    "post_noise_rms_mv": 0.04137222468853,
    "post_vm_mv": -77.6401672363281,
    "pre_noise_rms_mv": 0.0598013699054718,
    "pre_vm_mv": -77.430534362793,
    "slow_noise_rms_mv": 0.106878936290741,
    "slow_vm_mv": -77.430534362793,
    "specimen_id": 333785935,
    "stimulus_absolute_amplitude": 430.000007822784,
    "stimulus_description": "C1LSCOARSE150217[35]",
    "stimulus_duration": 0.999995,
    "stimulus_interval": 0.0,
    "stimulus_name": "Long Square",
    "stimulus_relative_amplitude": 1.0,
    "stimulus_start_time": 0.92,
    "stimulus_units": "pA",
    "sweep_number": 57,
    "vm_delta_mv": 0.209632873535156
  },
  {
    "bridge_balance_mohm": 18.0097675323486,
    "id": 464278578,
    "leak_pa": 0.0,
    "num_spikes": 0,
    "peak_deflection": 0.0,
    "post_noise_rms_mv": 0.0412695817649364,
    "post_vm_mv": -78.1769866943359,
    "pre_noise_rms_mv": 0.0370125137269497,
    "pre_vm_mv": -78.2232208251953,
    "slow_noise_rms_mv": 0.127286985516548,
    "slow_vm_mv": -78.2232208251953,
    "specimen_id": 333785935,
    "stimulus_absolute_amplitude": 619.999995787879,
    "stimulus_description": "C1SSFINEST150112[0]",
    "stimulus_duration": 0.002995,
    "stimulus_interval": 0.0,
    "stimulus_name": "Short Square",
    "stimulus_relative_amplitude": 6.2,
    "stimulus_start_time": 0.92,
    "stimulus_units": "pA",
    "sweep_number": 16,
    "vm_delta_mv": 0.046234130859375
  },
  {
    "bridge_balance_mohm": 18.0097675323486,
    "id": 464278696,
    "leak_pa": 0.0,
    "num_spikes": 144,
    "peak_deflection": 0.0,
    "post_noise_rms_mv": 0.0510660223662853,
    "post_vm_mv": -77.8960800170898,
    "pre_noise_rms_mv": 0.0438331104815006,
    "pre_vm_mv": -78.1559448242188,
    "slow_noise_rms_mv": 0.0839539021253586,
    "slow_vm_mv": -78.1559448242188,
    "specimen_id": 333785935,
    "stimulus_absolute_amplitude": 707.249980802516,
    "stimulus_description": "C1NSSEED_2150217[0]",
    "stimulus_duration": 18.999995,
    "stimulus_interval": 5.0,
    "stimulus_name": "Noise 2",
    "stimulus_relative_amplitude": 3.0,
    "stimulus_start_time": 1.92,
    "stimulus_units": "pA",
    "sweep_number": 68,
    "vm_delta_mv": 0.259864807128906
  },
  {
    "bridge_balance_mohm": 18.0097675323486,
    "id": 464278568,
    "leak_pa": 0.0,
    "num_spikes": 0,
    "peak_deflection": 0.0,
    "post_noise_rms_mv": 0.038043137639761,
    "post_vm_mv": -78.7701416015625,
    "pre_noise_rms_mv": 0.0364585407078266,
    "pre_vm_mv": -78.7384872436523,
    "slow_noise_rms_mv": 0.105626463890076,
    "slow_vm_mv": -78.7384872436523,
    "specimen_id": 333785935,
    "stimulus_absolute_amplitude": 499.999985859034,
    "stimulus_description": "C1SSCOARSE150112[4]",
    "stimulus_duration": 0.002995,
    "stimulus_interval": 0.0,
    "stimulus_name": "Short Square",
    "stimulus_relative_amplitude": 1.0,
    "stimulus_start_time": 0.92,
    "stimulus_units": "pA",
    "sweep_number": 11,
    "vm_delta_mv": 0.0316543579101562
  },
  {
    "bridge_balance_mohm": 18.0097675323486,
    "id": 464278592,
    "leak_pa": 0.0,
    "num_spikes": 0,
    "peak_deflection": -101.34375,
    "post_noise_rms_mv": 0.0451422818005085,
    "post_vm_mv": -78.1207275390625,
    "pre_noise_rms_mv": 0.0380067713558674,
    "pre_vm_mv": -77.7164840698242,
    "slow_noise_rms_mv": 0.0911786556243896,
    "slow_vm_mv": -77.7164840698242,
    "specimen_id": 333785935,
    "stimulus_absolute_amplitude": -269.999994584325,
    "stimulus_description": "C1LSCOARSE150217[0]",
    "stimulus_duration": 0.999995,
    "stimulus_interval": 0.0,
    "stimulus_name": "Long Square",
    "stimulus_relative_amplitude": 1.0,
    "stimulus_start_time": 0.92,
    "stimulus_units": "pA",
    "sweep_number": 22,
    "vm_delta_mv": 0.404243469238281
  },
  {
    "bridge_balance_mohm": 18.0097675323486,
    "id": 464278606,
    "leak_pa": 0.0,
    "num_spikes": 0,
    "peak_deflection": -90.65625,
    "post_noise_rms_mv": 0.0397302806377411,
    "post_vm_mv": -77.3545074462891,
    "pre_noise_rms_mv": 0.0416691452264786,
    "pre_vm_mv": -77.339973449707,
    "slow_noise_rms_mv": 0.11894153803587,
    "slow_vm_mv": -77.339973449707,
    "specimen_id": 333785935,
    "stimulus_absolute_amplitude": -129.99999687846,
    "stimulus_description": "C1LSCOARSE150217[7]",
    "stimulus_duration": 0.999995,
    "stimulus_interval": 0.0,
    "stimulus_name": "Long Square",
    "stimulus_relative_amplitude": 1.0,
    "stimulus_start_time": 0.92,
    "stimulus_units": "pA",
    "sweep_number": 29,
    "vm_delta_mv": 0.0145339965820312
  },
  {
    "bridge_balance_mohm": 18.0097675323486,
    "id": 464278718,
    "leak_pa": 0.0,
    "num_spikes": 1,
    "peak_deflection": 0.0,
    "post_noise_rms_mv": 0.0456438399851322,
    "post_vm_mv": -77.6781921386719,
    "pre_noise_rms_mv": 0.0394322909414768,
    "pre_vm_mv": -78.0438537597656,
    "slow_noise_rms_mv": 0.088010311126709,
    "slow_vm_mv": -78.0438537597656,
    "specimen_id": 333785935,
    "stimulus_absolute_amplitude": 299.999997066536,
    "stimulus_description": "C2SQRHELNG150216[0]",
    "stimulus_duration": 1.999995,
    "stimulus_interval": 0.0,
    "stimulus_name": "Square - 2s Suprathreshold",
    "stimulus_relative_amplitude": 3.0,
    "stimulus_start_time": 0.92,
    "stimulus_units": "pA",
    "sweep_number": 77,
    "vm_delta_mv": 0.36566162109375
  },
  {
    "bridge_balance_mohm": 18.0097675323486,
    "id": 464278596,
    "leak_pa": 0.0,
    "num_spikes": 0,
    "peak_deflection": -98.78125,
    "post_noise_rms_mv": 0.0445393286645412,
    "post_vm_mv": -77.5383834838867,
    "pre_noise_rms_mv": 0.0384005382657051,
    "pre_vm_mv": -77.6669387817383,
    "slow_noise_rms_mv": 0.141949594020844,
    "slow_vm_mv": -77.6669387817383,
    "specimen_id": 333785935,
    "stimulus_absolute_amplitude": -230.000005152498,
    "stimulus_description": "C1LSCOARSE150217[2]",
    "stimulus_duration": 0.999995,
    "stimulus_interval": 0.0,
    "stimulus_name": "Long Square",
    "stimulus_relative_amplitude": 1.0,
    "stimulus_start_time": 0.92,
    "stimulus_units": "pA",
    "sweep_number": 24,
    "vm_delta_mv": 0.128555297851562
  },
  {
    "bridge_balance_mohm": 0.0,
    "id": 464278744,
    "leak_pa": 0.0,
    "num_spikes": 0,
    "peak_deflection": 0.0,
    "post_noise_rms_mv": 0.0,
    "post_vm_mv": 0.0,
    "pre_noise_rms_mv": 0.0,
    "pre_vm_mv": 0.0,
    "slow_noise_rms_mv": 0.0,
    "slow_vm_mv": 0.0,
    "specimen_id": 333785935,
    "stimulus_absolute_amplitude": 9.99999977648258,
    "stimulus_description": "EXTPGGAEND141203[0]",
    "stimulus_duration": 0.069995,
    "stimulus_interval": 0.05,
    "stimulus_name": "Test",
    "stimulus_relative_amplitude": 1.0,
    "stimulus_start_time": 0.03,
    "stimulus_units": "mV",
    "sweep_number": 89,
    "vm_delta_mv": 0.0
  },
  {
    "bridge_balance_mohm": 18.0097675323486,
    "id": 464278640,
    "leak_pa": 0.0,
    "num_spikes": 0,
    "peak_deflection": -56.46875,
    "post_noise_rms_mv": 0.0447789281606674,
    "post_vm_mv": -77.9937896728516,
    "pre_noise_rms_mv": 0.0432764366269112,
    "pre_vm_mv": -77.5653381347656,
    "slow_noise_rms_mv": 0.160927414894104,
    "slow_vm_mv": -77.5653381347656,
    "specimen_id": 333785935,
    "stimulus_absolute_amplitude": 170.000000188075,
    "stimulus_description": "C1LSCOARSE150217[22]",
    "stimulus_duration": 0.999995,
    "stimulus_interval": 0.0,
    "stimulus_name": "Long Square",
    "stimulus_relative_amplitude": 1.0,
    "stimulus_start_time": 0.92,
    "stimulus_units": "pA",
    "sweep_number": 44,
    "vm_delta_mv": 0.428451538085938
  },
  {
    "bridge_balance_mohm": 18.0097675323486,
    "id": 464278582,
    "leak_pa": 0.0,
    "num_spikes": 1,
    "peak_deflection": 0.0,
    "post_noise_rms_mv": 0.054140992462635,
    "post_vm_mv": -77.9491119384766,
    "pre_noise_rms_mv": 0.0457111783325672,
    "pre_vm_mv": -77.7358474731445,
    "slow_noise_rms_mv": 0.162998422980309,
    "slow_vm_mv": -77.7358474731445,
    "specimen_id": 333785935,
    "stimulus_absolute_amplitude": 629.999996615282,
    "stimulus_description": "C1SSFINEST150112[0]",
    "stimulus_duration": 0.002995,
    "stimulus_interval": 0.0,
    "stimulus_name": "Short Square",
    "stimulus_relative_amplitude": 6.3,
    "stimulus_start_time": 0.92,
    "stimulus_units": "pA",
    "sweep_number": 18,
    "vm_delta_mv": 0.213264465332031
  },
  {
    "bridge_balance_mohm": 18.0097675323486,
    "id": 464278648,
    "leak_pa": 0.0,
    "num_spikes": 0,
    "peak_deflection": -45.6875,
    "post_noise_rms_mv": 0.04111173376441,
    "post_vm_mv": -77.5224990844727,
    "pre_noise_rms_mv": 0.0440083406865597,
    "pre_vm_mv": -77.3262329101562,
    "slow_noise_rms_mv": 0.165904089808464,
    "slow_vm_mv": -77.3262329101562,
    "specimen_id": 333785935,
    "stimulus_absolute_amplitude": 249.999992929517,
    "stimulus_description": "C1LSCOARSE150217[26]",
    "stimulus_duration": 0.999995,
    "stimulus_interval": 0.0,
    "stimulus_name": "Long Square",
    "stimulus_relative_amplitude": 1.0,
    "stimulus_start_time": 0.92,
    "stimulus_units": "pA",
    "sweep_number": 48,
    "vm_delta_mv": 0.196266174316406
  },
  {
    "bridge_balance_mohm": 18.0097675323486,
    "id": 464278612,
    "leak_pa": 0.0,
    "num_spikes": 0,
    "peak_deflection": -87.78125,
    "post_noise_rms_mv": 0.0446799769997597,
    "post_vm_mv": -77.6445236206055,
    "pre_noise_rms_mv": 0.0334953032433987,
    "pre_vm_mv": -77.9798049926758,
    "slow_noise_rms_mv": 0.134849384427071,
    "slow_vm_mv": -77.9798049926758,
    "specimen_id": 333785935,
    "stimulus_absolute_amplitude": -90.0000005077395,
    "stimulus_description": "C1LSCOARSE150217[9]",
    "stimulus_duration": 0.999995,
    "stimulus_interval": 0.0,
    "stimulus_name": "Long Square",
    "stimulus_relative_amplitude": 1.0,
    "stimulus_start_time": 0.92,
    "stimulus_units": "pA",
    "sweep_number": 31,
    "vm_delta_mv": 0.335281372070312
  },
  {
    "bridge_balance_mohm": 18.0097675323486,
    "id": 464278682,
    "leak_pa": 0.0,
    "num_spikes": 1,
    "peak_deflection": 0.0,
    "post_noise_rms_mv": 0.0417329259216785,
    "post_vm_mv": -78.2140579223633,
    "pre_noise_rms_mv": 0.0448010973632336,
    "pre_vm_mv": -78.2860336303711,
    "slow_noise_rms_mv": 0.255526721477509,
    "slow_vm_mv": -78.2860336303711,
    "specimen_id": 333785935,
    "stimulus_absolute_amplitude": 299.999997066536,
    "stimulus_description": "C1LSFINEST150112[0]",
    "stimulus_duration": 0.999995,
    "stimulus_interval": 0.0,
    "stimulus_name": "Long Square",
    "stimulus_relative_amplitude": 3.0,
    "stimulus_start_time": 0.92,
    "stimulus_units": "pA",
    "sweep_number": 63,
    "vm_delta_mv": 0.0719757080078125
  },
  {
    "bridge_balance_mohm": 18.0097675323486,
    "id": 464278704,
    "leak_pa": 0.0,
    "num_spikes": 202,
    "peak_deflection": 0.0,
    "post_noise_rms_mv": 0.0425024069845676,
    "post_vm_mv": -77.6603698730469,
    "pre_noise_rms_mv": 0.0411011688411236,
    "pre_vm_mv": -78.1919631958008,
    "slow_noise_rms_mv": 0.113681979477406,
    "slow_vm_mv": -78.1919631958008,
    "specimen_id": 333785935,
    "stimulus_absolute_amplitude": 695.374979819974,
    "stimulus_description": "C1NSSEED_1150217[0]",
    "stimulus_duration": 18.999995,
    "stimulus_interval": 5.0,
    "stimulus_name": "Noise 1",
    "stimulus_relative_amplitude": 3.0,
    "stimulus_start_time": 1.92,
    "stimulus_units": "pA",
    "sweep_number": 71,
    "vm_delta_mv": 0.531593322753906
  },
  {
    "bridge_balance_mohm": 0.0,
    "id": 464278586,
    "leak_pa": 0.0,
    "num_spikes": 0,
    "peak_deflection": 0.0,
    "post_noise_rms_mv": 0.0,
    "post_vm_mv": 0.0,
    "pre_noise_rms_mv": 0.0,
    "pre_vm_mv": 0.0,
    "slow_noise_rms_mv": 0.0,
    "slow_vm_mv": 0.0,
    "specimen_id": 333785935,
    "stimulus_absolute_amplitude": 9.99999977648258,
    "stimulus_description": "EXTPCllATT141203[0]",
    "stimulus_duration": 0.069995,
    "stimulus_interval": 0.05,
    "stimulus_name": "Test",
    "stimulus_relative_amplitude": 1.0,
    "stimulus_start_time": 0.03,
    "stimulus_units": "mV",
    "sweep_number": 2,
    "vm_delta_mv": 0.0
  },
  {
    "bridge_balance_mohm": 0.0,
    "id": 464278562,
    "leak_pa": 0.0,
    "num_spikes": 0,
    "peak_deflection": 0.0,
    "post_noise_rms_mv": 0.0,
    "post_vm_mv": 0.0,
    "pre_noise_rms_mv": 0.0,
    "pre_vm_mv": 0.0,
    "slow_noise_rms_mv": 0.0,
    "slow_vm_mv": 0.0,
    "specimen_id": 333785935,
    "stimulus_absolute_amplitude": 9.99999977648258,
    "stimulus_description": "EXTPSMOKET141203[0]",
    "stimulus_duration": 0.069995,
    "stimulus_interval": 0.05,
    "stimulus_name": "Test",
    "stimulus_relative_amplitude": 1.0,
    "stimulus_start_time": 0.03,
    "stimulus_units": "mV",
    "sweep_number": 0,
    "vm_delta_mv": 0.0
  },
  {
    "bridge_balance_mohm": 18.0097675323486,
    "id": 464278588,
    "leak_pa": 0.0,
    "num_spikes": 1,
    "peak_deflection": 0.0,
    "post_noise_rms_mv": 0.0389225818216801,
    "post_vm_mv": -77.243278503418,
    "pre_noise_rms_mv": 0.0311241187155247,
    "pre_vm_mv": -77.113166809082,
    "slow_noise_rms_mv": 0.100251264870167,
    "slow_vm_mv": -77.113166809082,
    "specimen_id": 333785935,
    "stimulus_absolute_amplitude": 629.999996615282,
    "stimulus_description": "C1SSFINEST150112[0]",
    "stimulus_duration": 0.002995,
    "stimulus_interval": 0.0,
    "stimulus_name": "Short Square",
    "stimulus_relative_amplitude": 6.3,
    "stimulus_start_time": 0.92,
    "stimulus_units": "pA",
    "sweep_number": 20,
    "vm_delta_mv": 0.130111694335938
  },
  {
    "bridge_balance_mohm": 18.0097675323486,
    "id": 464278676,
    "leak_pa": 0.0,
    "num_spikes": 1,
    "peak_deflection": 0.0,
    "post_noise_rms_mv": 0.0392084121704102,
    "post_vm_mv": -78.5511779785156,
    "pre_noise_rms_mv": 0.0327691547572613,
    "pre_vm_mv": -78.4695129394531,
    "slow_noise_rms_mv": 0.13916127383709,
    "slow_vm_mv": -78.4695129394531,
    "specimen_id": 333785935,
    "stimulus_absolute_amplitude": 299.999997066536,
    "stimulus_description": "C1LSFINEST150112[0]",
    "stimulus_duration": 0.999995,
    "stimulus_interval": 0.0,
    "stimulus_name": "Long Square",
    "stimulus_relative_amplitude": 3.0,
    "stimulus_start_time": 0.92,
    "stimulus_units": "pA",
    "sweep_number": 60,
    "vm_delta_mv": 0.0816650390625
  },
  {
    "bridge_balance_mohm": 18.0097675323486,
    "id": 464278616,
    "leak_pa": 0.0,
    "num_spikes": 0,
    "peak_deflection": -83.625,
    "post_noise_rms_mv": 0.0368363745510578,
    "post_vm_mv": -78.2913055419922,
    "pre_noise_rms_mv": 0.0461102798581123,
    "pre_vm_mv": -78.1140213012695,
    "slow_noise_rms_mv": 0.107040636241436,
    "slow_vm_mv": -78.1140213012695,
    "specimen_id": 333785935,
    "stimulus_absolute_amplitude": -50.0000006675716,
    "stimulus_description": "C1LSCOARSE150217[11]",
    "stimulus_duration": 0.999995,
    "stimulus_interval": 0.0,
    "stimulus_name": "Long Square",
    "stimulus_relative_amplitude": 1.0,
    "stimulus_start_time": 0.92,
    "stimulus_units": "pA",
    "sweep_number": 33,
    "vm_delta_mv": 0.177284240722656
  },
  {
    "bridge_balance_mohm": 18.0097675323486,
    "id": 464278726,
    "leak_pa": 0.0,
    "num_spikes": 3,
    "peak_deflection": 0.0,
    "post_noise_rms_mv": 0.0369758196175098,
    "post_vm_mv": -77.4454803466797,
    "pre_noise_rms_mv": 0.0418412089347839,
    "pre_vm_mv": -77.8833465576172,
    "slow_noise_rms_mv": 0.0797332152724266,
    "slow_vm_mv": -77.8833465576172,
    "specimen_id": 333785935,
    "stimulus_absolute_amplitude": 340.000000376151,
    "stimulus_description": "C2SQRHELNG150216[0]",
    "stimulus_duration": 1.999995,
    "stimulus_interval": 0.0,
    "stimulus_name": "Square - 2s Suprathreshold",
    "stimulus_relative_amplitude": 3.4,
    "stimulus_start_time": 0.92,
    "stimulus_units": "pA",
    "sweep_number": 80,
    "vm_delta_mv": 0.4378662109375
  },
  {
    "bridge_balance_mohm": 18.0097675323486,
    "id": 464278740,
    "leak_pa": 0.0,
    "num_spikes": 25,
    "peak_deflection": 0.0,
    "post_noise_rms_mv": 0.0415848642587662,
    "post_vm_mv": -78.7175598144531,
    "pre_noise_rms_mv": 0.0385671444237232,
    "pre_vm_mv": -78.4441909790039,
    "slow_noise_rms_mv": 0.0923628434538841,
    "slow_vm_mv": -78.4441909790039,
    "specimen_id": 333785935,
    "stimulus_absolute_amplitude": 380.000003685765,
    "stimulus_description": "C2SQRHELNG150216[0]",
    "stimulus_duration": 1.999995,
    "stimulus_interval": 0.0,
    "stimulus_name": "Square - 2s Suprathreshold",
    "stimulus_relative_amplitude": 3.8,
    "stimulus_start_time": 0.92,
    "stimulus_units": "pA",
    "sweep_number": 87,
    "vm_delta_mv": 0.273368835449219
  },
  {
    "bridge_balance_mohm": 18.0097675323486,
    "id": 464278658,
    "leak_pa": 0.0,
    "num_spikes": 2,
    "peak_deflection": 0.0,
    "post_noise_rms_mv": 0.0442287884652615,
    "post_vm_mv": -77.9535980224609,
    "pre_noise_rms_mv": 0.0366053506731987,
    "pre_vm_mv": -77.6734924316406,
    "slow_noise_rms_mv": 0.155762672424316,
    "slow_vm_mv": -77.6734924316406,
    "specimen_id": 333785935,
    "stimulus_absolute_amplitude": 329.999999548747,
    "stimulus_description": "C1LSCOARSE150217[30]",
    "stimulus_duration": 0.999995,
    "stimulus_interval": 0.0,
    "stimulus_name": "Long Square",
    "stimulus_relative_amplitude": 1.0,
    "stimulus_start_time": 0.92,
    "stimulus_units": "pA",
    "sweep_number": 52,
    "vm_delta_mv": 0.280105590820312
  },
  {
    "bridge_balance_mohm": 18.0097675323486,
    "id": 464278630,
    "leak_pa": 0.0,
    "num_spikes": 0,
    "peak_deflection": 0.0,
    "post_noise_rms_mv": 0.043536614626646,
    "post_vm_mv": -78.601432800293,
    "pre_noise_rms_mv": 0.0376992709934711,
    "pre_vm_mv": -78.6210174560547,
    "slow_noise_rms_mv": 0.0887157618999481,
    "slow_vm_mv": -78.6210174560547,
    "specimen_id": 333785935,
    "stimulus_absolute_amplitude": 800.000010681146,
    "stimulus_description": "C1RP25PR1S141203[0]",
    "stimulus_duration": 31.997495,
    "stimulus_interval": 0.0,
    "stimulus_name": "Ramp",
    "stimulus_relative_amplitude": 1.0,
    "stimulus_start_time": 0.9225,
    "stimulus_units": "pA",
    "sweep_number": 4,
    "vm_delta_mv": 0.0195846557617188
  },
  {
    "bridge_balance_mohm": 18.0097675323486,
    "id": 464278618,
    "leak_pa": 0.0,
    "num_spikes": 0,
    "peak_deflection": -81.625,
    "post_noise_rms_mv": 0.0409285426139832,
    "post_vm_mv": -77.5226364135742,
    "pre_noise_rms_mv": 0.0437991544604301,
    "pre_vm_mv": -78.1433029174805,
    "slow_noise_rms_mv": 0.108824774622917,
    "slow_vm_mv": -78.1433029174805,
    "specimen_id": 333785935,
    "stimulus_absolute_amplitude": -29.9999990127642,
    "stimulus_description": "C1LSCOARSE150217[12]",
    "stimulus_duration": 0.999995,
    "stimulus_interval": 0.0,
    "stimulus_name": "Long Square",
    "stimulus_relative_amplitude": 1.0,
    "stimulus_start_time": 0.92,
    "stimulus_units": "pA",
    "sweep_number": 34,
    "vm_delta_mv": 0.62066650390625
  },
  {
    "bridge_balance_mohm": 18.0097675323486,
    "id": 464278746,
    "leak_pa": 0.0,
    "num_spikes": 0,
    "peak_deflection": 0.0,
    "post_noise_rms_mv": 0.0417455285787582,
    "post_vm_mv": -78.7783660888672,
    "pre_noise_rms_mv": 0.0447622500360012,
    "pre_vm_mv": -78.7542419433594,
    "slow_noise_rms_mv": 0.109087981283665,
    "slow_vm_mv": -78.7542419433594,
    "specimen_id": 333785935,
    "stimulus_absolute_amplitude": 299.999997066536,
    "stimulus_description": "C1SSCOARSE150112[2]",
    "stimulus_duration": 0.002995,
    "stimulus_interval": 0.0,
    "stimulus_name": "Short Square",
    "stimulus_relative_amplitude": 1.0,
    "stimulus_start_time": 0.92,
    "stimulus_units": "pA",
    "sweep_number": 9,
    "vm_delta_mv": 0.0241241455078125
  },
  {
    "bridge_balance_mohm": 18.0097675323486,
    "id": 464278698,
    "leak_pa": 0.0,
    "num_spikes": 337,
    "peak_deflection": 0.0,
    "post_noise_rms_mv": 0.0329864658415318,
    "post_vm_mv": -79.031982421875,
    "pre_noise_rms_mv": 0.0362377017736435,
    "pre_vm_mv": -78.18798828125,
    "slow_noise_rms_mv": 0.118982091546059,
    "slow_vm_mv": -78.18798828125,
    "specimen_id": 333785935,
    "stimulus_absolute_amplitude": 695.374979819974,
    "stimulus_description": "C1NSSEED_1150217[0]",
    "stimulus_duration": 18.999995,
    "stimulus_interval": 5.0,
    "stimulus_name": "Noise 1",
    "stimulus_relative_amplitude": 3.0,
    "stimulus_start_time": 1.92,
    "stimulus_units": "pA",
    "sweep_number": 69,
    "vm_delta_mv": 0.843994140625
  },
  {
    "bridge_balance_mohm": 18.0097675323486,
    "id": 464278636,
    "leak_pa": 0.0,
    "num_spikes": 0,
    "peak_deflection": -61.5937538146973,
    "post_noise_rms_mv": 0.0431802421808243,
    "post_vm_mv": -77.1045379638672,
    "pre_noise_rms_mv": 0.042713824659586,
    "pre_vm_mv": -77.7533493041992,
    "slow_noise_rms_mv": 0.122185170650482,
    "slow_vm_mv": -77.7533493041992,
    "specimen_id": 333785935,
    "stimulus_absolute_amplitude": 129.99999687846,
    "stimulus_description": "C1LSCOARSE150217[20]",
    "stimulus_duration": 0.999995,
    "stimulus_interval": 0.0,
    "stimulus_name": "Long Square",
    "stimulus_relative_amplitude": 1.0,
    "stimulus_start_time": 0.92,
    "stimulus_units": "pA",
    "sweep_number": 42,
    "vm_delta_mv": 0.648811340332031
  },
  {
    "bridge_balance_mohm": 18.0097675323486,
    "id": 464278684,
    "leak_pa": 0.0,
    "num_spikes": 1,
    "peak_deflection": 0.0,
    "post_noise_rms_mv": 0.034483015537262,
    "post_vm_mv": -77.4860610961914,
    "pre_noise_rms_mv": 0.0411292836070061,
    "pre_vm_mv": -77.5337066650391,
    "slow_noise_rms_mv": 0.137862712144852,
    "slow_vm_mv": -77.5337066650391,
    "specimen_id": 333785935,
    "stimulus_absolute_amplitude": 299.999997066536,
    "stimulus_description": "C1LSFINEST150112[0]",
    "stimulus_duration": 0.999995,
    "stimulus_interval": 0.0,
    "stimulus_name": "Long Square",
    "stimulus_relative_amplitude": 3.0,
    "stimulus_start_time": 0.92,
    "stimulus_units": "pA",
    "sweep_number": 64,
    "vm_delta_mv": 0.0476455688476562
  },
  {
    "bridge_balance_mohm": 18.0097675323486,
    "id": 464278692,
    "leak_pa": 0.0,
    "num_spikes": 163,
    "peak_deflection": 0.0,
    "post_noise_rms_mv": 0.0401362702250481,
    "post_vm_mv": -77.7200088500977,
    "pre_noise_rms_mv": 0.049704484641552,
    "pre_vm_mv": -78.3314971923828,
    "slow_noise_rms_mv": 0.104057475924492,
    "slow_vm_mv": -78.3314971923828,
    "specimen_id": 333785935,
    "stimulus_absolute_amplitude": 707.249980802516,
    "stimulus_description": "C1NSSEED_2150217[0]",
    "stimulus_duration": 18.999995,
    "stimulus_interval": 5.0,
    "stimulus_name": "Noise 2",
    "stimulus_relative_amplitude": 3.0,
    "stimulus_start_time": 1.92,
    "stimulus_units": "pA",
    "sweep_number": 66,
    "vm_delta_mv": 0.611488342285156
  },
  {
    "bridge_balance_mohm": 18.0097675323486,
    "id": 464278570,
    "leak_pa": 0.0,
    "num_spikes": 0,
    "peak_deflection": 0.0,
    "post_noise_rms_mv": 0.0434193424880505,
    "post_vm_mv": -78.7334899902344,
    "pre_noise_rms_mv": 0.0478827282786369,
    "pre_vm_mv": -78.7654571533203,
    "slow_noise_rms_mv": 0.135611072182655,
    "slow_vm_mv": -78.7654571533203,
    "specimen_id": 333785935,
    "stimulus_absolute_amplitude": 599.999994133071,
    "stimulus_description": "C1SSCOARSE150112[5]",
    "stimulus_duration": 0.002995,
    "stimulus_interval": 0.0,
    "stimulus_name": "Short Square",
    "stimulus_relative_amplitude": 1.0,
    "stimulus_start_time": 0.92,
    "stimulus_units": "pA",
    "sweep_number": 12,
    "vm_delta_mv": 0.0319671630859375
  },
  {
    "bridge_balance_mohm": 18.0097675323486,
    "id": 464278674,
    "leak_pa": 0.0,
    "num_spikes": 0,
    "peak_deflection": 0.0,
    "post_noise_rms_mv": 0.0422886498272419,
    "post_vm_mv": -78.1854629516602,
    "pre_noise_rms_mv": 0.0393717028200626,
    "pre_vm_mv": -77.7014312744141,
    "slow_noise_rms_mv": 0.112731397151947,
    "slow_vm_mv": -77.7014312744141,
    "specimen_id": 333785935,
    "stimulus_absolute_amplitude": 800.000010681146,
    "stimulus_description": "C1RP25PR1S141203[0]",
    "stimulus_duration": 31.997495,
    "stimulus_interval": 0.0,
    "stimulus_name": "Ramp",
    "stimulus_relative_amplitude": 1.0,
    "stimulus_start_time": 0.9225,
    "stimulus_units": "pA",
    "sweep_number": 6,
    "vm_delta_mv": 0.484031677246094
  },
  {
    "bridge_balance_mohm": 18.0097675323486,
    "id": 464278632,
    "leak_pa": 0.0,
    "num_spikes": 0,
    "peak_deflection": -65.40625,
    "post_noise_rms_mv": 0.0383597612380981,
    "post_vm_mv": -77.8736267089844,
    "pre_noise_rms_mv": 0.0498838648200035,
    "pre_vm_mv": -77.3547439575195,
    "slow_noise_rms_mv": 0.112635351717472,
    "slow_vm_mv": -77.3547439575195,
    "specimen_id": 333785935,
    "stimulus_absolute_amplitude": 90.0000005077395,
    "stimulus_description": "C1LSCOARSE150217[18]",
    "stimulus_duration": 0.999995,
    "stimulus_interval": 0.0,
    "stimulus_name": "Long Square",
    "stimulus_relative_amplitude": 1.0,
    "stimulus_start_time": 0.92,
    "stimulus_units": "pA",
    "sweep_number": 40,
    "vm_delta_mv": 0.518882751464844
  },
  {
    "bridge_balance_mohm": 18.0097675323486,
    "id": 464278662,
    "leak_pa": 0.0,
    "num_spikes": 5,
    "peak_deflection": 0.0,
    "post_noise_rms_mv": 0.0433954112231731,
    "post_vm_mv": -78.2693176269531,
    "pre_noise_rms_mv": 0.0340562723577023,
    "pre_vm_mv": -77.5578308105469,
    "slow_noise_rms_mv": 0.105084866285324,
    "slow_vm_mv": -77.5578308105469,
    "specimen_id": 333785935,
    "stimulus_absolute_amplitude": 370.000002858362,
    "stimulus_description": "C1LSCOARSE150217[32]",
    "stimulus_duration": 0.999995,
    "stimulus_interval": 0.0,
    "stimulus_name": "Long Square",
    "stimulus_relative_amplitude": 1.0,
    "stimulus_start_time": 0.92,
    "stimulus_units": "pA",
    "sweep_number": 54,
    "vm_delta_mv": 0.71148681640625
  },
  {
    "bridge_balance_mohm": 18.0097675323486,
    "id": 464278642,
    "leak_pa": 0.0,
    "num_spikes": 0,
    "peak_deflection": -53.0625038146973,
    "post_noise_rms_mv": 0.0375886894762516,
    "post_vm_mv": -77.8241653442383,
    "pre_noise_rms_mv": 0.0390954278409481,
    "pre_vm_mv": -77.9994430541992,
    "slow_noise_rms_mv": 0.150545865297318,
    "slow_vm_mv": -77.9994430541992,
    "specimen_id": 333785935,
    "stimulus_absolute_amplitude": 190.000001842883,
    "stimulus_description": "C1LSCOARSE150217[23]",
    "stimulus_duration": 0.999995,
    "stimulus_interval": 0.0,
    "stimulus_name": "Long Square",
    "stimulus_relative_amplitude": 1.0,
    "stimulus_start_time": 0.92,
    "stimulus_units": "pA",
    "sweep_number": 45,
    "vm_delta_mv": 0.175277709960938
  },
  {
    "bridge_balance_mohm": 18.0097675323486,
    "id": 464278700,
    "leak_pa": 0.0,
    "num_spikes": 0,
    "peak_deflection": 0.0,
    "post_noise_rms_mv": 0.0458683408796787,
    "post_vm_mv": -78.4557266235352,
    "pre_noise_rms_mv": 0.0404211655259132,
    "pre_vm_mv": -78.4601135253906,
    "slow_noise_rms_mv": 0.109986916184425,
    "slow_vm_mv": -78.4601135253906,
    "specimen_id": 333785935,
    "stimulus_absolute_amplitude": 100.000001335143,
    "stimulus_description": "C1SSCOARSE150112[0]",
    "stimulus_duration": 0.002995,
    "stimulus_interval": 0.0,
    "stimulus_name": "Short Square",
    "stimulus_relative_amplitude": 1.0,
    "stimulus_start_time": 0.92,
    "stimulus_units": "pA",
    "sweep_number": 7,
    "vm_delta_mv": 0.00438690185546875
  },
  {
    "bridge_balance_mohm": 18.0097675323486,
    "id": 464278712,
    "leak_pa": 0.0,
    "num_spikes": 0,
    "peak_deflection": 0.0,
    "post_noise_rms_mv": 0.040855024009943,
    "post_vm_mv": -78.3461074829102,
    "pre_noise_rms_mv": 0.0392260700464249,
    "pre_vm_mv": -78.3321533203125,
    "slow_noise_rms_mv": 0.236862316727638,
    "slow_vm_mv": -78.3321533203125,
    "specimen_id": 333785935,
    "stimulus_absolute_amplitude": -200.000002670286,
    "stimulus_description": "C1SQCAPCHK141203[0]",
    "stimulus_duration": 7.819995,
    "stimulus_interval": 0.2,
    "stimulus_name": "Square - 0.5ms Subthreshold",
    "stimulus_relative_amplitude": 1.0,
    "stimulus_start_time": 0.12,
    "stimulus_units": "pA",
    "sweep_number": 75,
    "vm_delta_mv": 0.0139541625976562
  },
  {
    "bridge_balance_mohm": 18.0097675323486,
    "id": 464278728,
    "leak_pa": 0.0,
    "num_spikes": 3,
    "peak_deflection": 0.0,
    "post_noise_rms_mv": 0.0361579060554504,
    "post_vm_mv": -78.36279296875,
    "pre_noise_rms_mv": 0.0392345748841763,
    "pre_vm_mv": -77.5415344238281,
    "slow_noise_rms_mv": 0.0833829119801521,
    "slow_vm_mv": -77.5415344238281,
    "specimen_id": 333785935,
    "stimulus_absolute_amplitude": 340.000000376151,
    "stimulus_description": "C2SQRHELNG150216[0]",
    "stimulus_duration": 1.999995,
    "stimulus_interval": 0.0,
    "stimulus_name": "Square - 2s Suprathreshold",
    "stimulus_relative_amplitude": 3.4,
    "stimulus_start_time": 0.92,
    "stimulus_units": "pA",
    "sweep_number": 81,
    "vm_delta_mv": 0.821258544921875
  },
  {
    "bridge_balance_mohm": 0.0,
    "id": 464278608,
    "leak_pa": 0.0,
    "num_spikes": 0,
    "peak_deflection": 0.0,
    "post_noise_rms_mv": 0.0,
    "post_vm_mv": 0.0,
    "pre_noise_rms_mv": 0.0,
    "pre_vm_mv": 0.0,
    "slow_noise_rms_mv": 0.0,
    "slow_vm_mv": 0.0,
    "specimen_id": 333785935,
    "stimulus_absolute_amplitude": 9.99999977648258,
    "stimulus_description": "EXTPBREAKN141203[0]",
    "stimulus_duration": 0.069995,
    "stimulus_interval": 0.05,
    "stimulus_name": "Test",
    "stimulus_relative_amplitude": 1.0,
    "stimulus_start_time": 0.03,
    "stimulus_units": "mV",
    "sweep_number": 3,
    "vm_delta_mv": 0.0
  },
  {
    "bridge_balance_mohm": 18.0097675323486,
    "id": 464278666,
    "leak_pa": 0.0,
    "num_spikes": 10,
    "peak_deflection": 0.0,
    "post_noise_rms_mv": 0.0416494719684124,
    "post_vm_mv": -77.7018814086914,
    "pre_noise_rms_mv": 0.0376643650233746,
    "pre_vm_mv": -77.5079345703125,
    "slow_noise_rms_mv": 0.0909909904003143,
    "slow_vm_mv": -77.5079345703125,
    "specimen_id": 333785935,
    "stimulus_absolute_amplitude": 410.000006167976,
    "stimulus_description": "C1LSCOARSE150217[34]",
    "stimulus_duration": 0.999995,
    "stimulus_interval": 0.0,
    "stimulus_name": "Long Square",
    "stimulus_relative_amplitude": 1.0,
    "stimulus_start_time": 0.92,
    "stimulus_units": "pA",
    "sweep_number": 56,
    "vm_delta_mv": 0.193946838378906
  },
  {
    "bridge_balance_mohm": 18.0097675323486,
    "id": 464278664,
    "leak_pa": 0.0,
    "num_spikes": 9,
    "peak_deflection": 0.0,
    "post_noise_rms_mv": 0.0461989678442478,
    "post_vm_mv": -78.2415084838867,
    "pre_noise_rms_mv": 0.0408656746149063,
    "pre_vm_mv": -78.2686767578125,
    "slow_noise_rms_mv": 0.154118910431862,
    "slow_vm_mv": -78.2686767578125,
    "specimen_id": 333785935,
    "stimulus_absolute_amplitude": 390.000004513169,
    "stimulus_description": "C1LSCOARSE150217[33]",
    "stimulus_duration": 0.999995,
    "stimulus_interval": 0.0,
    "stimulus_name": "Long Square",
    "stimulus_relative_amplitude": 1.0,
    "stimulus_start_time": 0.92,
    "stimulus_units": "pA",
    "sweep_number": 55,
    "vm_delta_mv": 0.0271682739257812
  }
]