[
  {
    "bridge_balance_mohm": 19.1086692810059,
    "id": 396365171,
    "leak_pa": 0.0,
    "num_spikes": 15,
    "peak_deflection": 0.0,
    "post_noise_rms_mv": 0.0,
    "post_vm_mv": 0.0,
    "pre_noise_rms_mv": 0.0364846885204315,
    "pre_vm_mv": -75.9220275878906,
    "slow_noise_rms_mv": 0.268778383731842,
    "slow_vm_mv": -75.9220275878906,
    "specimen_id": 323535089,
    "stimulus_absolute_amplitude": 800.000010681146,
    "stimulus_description": "C1RP25PR1S141203[0]",
    "stimulus_duration": 31.997495,
    "stimulus_interval": 0.0,
    "stimulus_name": "Ramp",
    "stimulus_relative_amplitude": 1.0,
    "stimulus_start_time": 0.9225,
    "stimulus_units": "pA",
    "sweep_number": 6,
    "vm_delta_mv": 0.0
  },
  {
    "bridge_balance_mohm": 0.0,
    "id": 396365105,
    "leak_pa": 0.0,
    "num_spikes": 0,
    "peak_deflection": 0.0,
    "post_noise_rms_mv": 0.0,
    "post_vm_mv": 0.0,
    "pre_noise_rms_mv": 0.0,
    "pre_vm_mv": 0.0,
    "slow_noise_rms_mv": 0.0,
    "slow_vm_mv": 0.0,
    "specimen_id": 323535089,
    "stimulus_absolute_amplitude": 9.99999977648258,
    "stimulus_description": "EXTPBREAKN141203[0]",
    "stimulus_duration": 0.069995,
    "stimulus_interval": 0.05,
    "stimulus_name": "Test",
    "stimulus_relative_amplitude": 1.0,
    "stimulus_start_time": 0.03,
    "stimulus_units": "mV",
    "sweep_number": 3,
    "vm_delta_mv": 0.0
  },
  {
    "bridge_balance_mohm": 0.0,
    "id": 396365239,
    "leak_pa": 0.0,
    "num_spikes": 0,
    "peak_deflection": 0.0,
    "post_noise_rms_mv": 0.0497934110462666,
    "post_vm_mv": -0.0825256258249283,
    "pre_noise_rms_mv": 0.0421709157526493,
    "pre_vm_mv": -0.16502371430397,
    "slow_noise_rms_mv": 0.0775706321001053,
    "slow_vm_mv": -0.16502371430397,
    "specimen_id": 323535089,
    "stimulus_absolute_amplitude": 0.0,
    "stimulus_description": "EXTPBLWOUT141203[0]",
    "stimulus_duration": 0.0,
    "stimulus_interval": 0.0,
    "stimulus_name": "Test",
    "stimulus_relative_amplitude": 1.0,
    "stimulus_start_time": 0.0,
    "stimulus_units": "pA",
    "sweep_number": 90,
    "vm_delta_mv": 0.0824980884790421
  },
  {
    "bridge_balance_mohm": 19.1086692810059,
    "id": 396365085,
    "leak_pa": 0.0,
    "num_spikes": 1,
    "peak_deflection": 0.0,
    "post_noise_rms_mv": 0.0346857346594334,
    "post_vm_mv": -75.2461166381836,
    "pre_noise_rms_mv": 0.0432896055281162,
    "pre_vm_mv": -75.145133972168,
    "slow_noise_rms_mv": 0.230912312865257,
    "slow_vm_mv": -75.145133972168,
    "specimen_id": 323535089,
    "stimulus_absolute_amplitude": 569.99999165086,
    "stimulus_description": "C1SSFINEST150112[0]",
    "stimulus_duration": 0.002995,
    "stimulus_interval": 0.0,
    "stimulus_name": "Short Square",
    "stimulus_relative_amplitude": 5.7,
    "stimulus_start_time": 0.92,
    "stimulus_units": "pA",
    "sweep_number": 20,
    "vm_delta_mv": 0.100982666015625
  },
  {
    "bridge_balance_mohm": 19.1086692810059,
    "id": 396365169,
    "leak_pa": 0.0,
    "num_spikes": 2,
    "peak_deflection": 0.0,
    "post_noise_rms_mv": 0.0539890378713608,
    "post_vm_mv": -75.8913726806641,
    "pre_noise_rms_mv": 0.0384611338376999,
    "pre_vm_mv": -76.1753082275391,
    "slow_noise_rms_mv": 0.139846935868263,
    "slow_vm_mv": -76.1753082275391,
    "specimen_id": 323535089,
    "stimulus_absolute_amplitude": 200.000002670286,
    "stimulus_description": "C2SQRHELNG150112[0]",
    "stimulus_duration": 1.999995,
    "stimulus_interval": 0.0,
    "stimulus_name": "Square - 2s Suprathreshold",
    "stimulus_relative_amplitude": 2.0,
    "stimulus_start_time": 0.92,
    "stimulus_units": "pA",
    "sweep_number": 59,
    "vm_delta_mv": 0.283935546875
  },
  {
    "bridge_balance_mohm": 19.1086692810059,
    "id": 396365225,
    "leak_pa": 0.0,
    "num_spikes": 3,
    "peak_deflection": 0.0,
    "post_noise_rms_mv": 0.0358420759439468,
    "post_vm_mv": -76.3900527954102,
    "pre_noise_rms_mv": 0.039079986512661,
    "pre_vm_mv": -76.2111587524414,
    "slow_noise_rms_mv": 0.273356705904007,
    "slow_vm_mv": -76.2111587524414,
    "specimen_id": 323535089,
    "stimulus_absolute_amplitude": 569.99999165086,
    "stimulus_description": "C2SSTRIPLE141203[0]",
    "stimulus_duration": 0.016995,
    "stimulus_interval": 0.004,
    "stimulus_name": "Short Square - Triple",
    "stimulus_relative_amplitude": 5.7,
    "stimulus_start_time": 1.92,
    "stimulus_units": "pA",
    "sweep_number": 84,
    "vm_delta_mv": 0.17889404296875
  },
  {
    "bridge_balance_mohm": 19.1086692810059,
    "id": 396365069,
    "leak_pa": 0.0,
    "num_spikes": 1,
    "peak_deflection": 0.0,
    "post_noise_rms_mv": 0.0387671701610088,
    "post_vm_mv": -76.2515029907227,
    "pre_noise_rms_mv": 0.0424409285187721,
    "pre_vm_mv": -75.7483978271484,
    "slow_noise_rms_mv": 0.214330211281776,
    "slow_vm_mv": -75.7483978271484,
    "specimen_id": 323535089,
    "stimulus_absolute_amplitude": 549.999989996053,
    "stimulus_description": "C1SSFINEST150112[0]",
    "stimulus_duration": 0.002995,
    "stimulus_interval": 0.0,
    "stimulus_name": "Short Square",
    "stimulus_relative_amplitude": 5.5,
    "stimulus_start_time": 0.92,
    "stimulus_units": "pA",
    "sweep_number": 13,
    "vm_delta_mv": 0.503105163574219
  },
  {
    "bridge_balance_mohm": 19.1086692810059,
    "id": 396365213,
    "leak_pa": 0.0,
    "num_spikes": 3,
    "peak_deflection": 0.0,
    "post_noise_rms_mv": 0.0514997057616711,
    "post_vm_mv": -76.4283142089844,
    "pre_noise_rms_mv": 0.0441839471459389,
    "pre_vm_mv": -76.2026748657227,
    "slow_noise_rms_mv": 0.186429858207703,
    "slow_vm_mv": -76.2026748657227,
    "specimen_id": 323535089,
    "stimulus_absolute_amplitude": 569.99999165086,
    "stimulus_description": "C2SSTRIPLE141203[3]",
    "stimulus_duration": 0.040995,
    "stimulus_interval": 0.016,
    "stimulus_name": "Short Square - Triple",
    "stimulus_relative_amplitude": 5.7,
    "stimulus_start_time": 1.92,
    "stimulus_units": "pA",
    "sweep_number": 79,
    "vm_delta_mv": 0.225639343261719
  },
  {
    "bridge_balance_mohm": 19.1086692810059,
    "id": 396365115,
    "leak_pa": 0.0,
    "num_spikes": 0,
    "peak_deflection": -40.75,
    "post_noise_rms_mv": 0.0429521389305592,
    "post_vm_mv": -75.8534774780273,
    "pre_noise_rms_mv": 0.0454715639352798,
    "pre_vm_mv": -75.2746276855469,
    "slow_noise_rms_mv": 0.224226549267769,
    "slow_vm_mv": -75.2746276855469,
    "specimen_id": 323535089,
    "stimulus_absolute_amplitude": 110.000002162547,
    "stimulus_description": "C1LSCOARSE150112[11]",
    "stimulus_duration": 0.999995,
    "stimulus_interval": 0.0,
    "stimulus_name": "Long Square",
    "stimulus_relative_amplitude": 1.0,
    "stimulus_start_time": 0.92,
    "stimulus_units": "pA",
    "sweep_number": 34,
    "vm_delta_mv": 0.578849792480469
  },
  {
    "bridge_balance_mohm": 19.1086692810059,
    "id": 396365067,
    "leak_pa": 0.0,
    "num_spikes": 1,
    "peak_deflection": 0.0,
    "post_noise_rms_mv": 0.0398630611598492,
    "post_vm_mv": -76.3536605834961,
    "pre_noise_rms_mv": 0.0476030707359314,
    "pre_vm_mv": -76.0997695922852,
    "slow_noise_rms_mv": 0.316747695207596,
    "slow_vm_mv": -76.0997695922852,
    "specimen_id": 323535089,
    "stimulus_absolute_amplitude": 599.999994133071,
    "stimulus_description": "C1SSCOARSE150112[5]",
    "stimulus_duration": 0.002995,
    "stimulus_interval": 0.0,
    "stimulus_name": "Short Square",
    "stimulus_relative_amplitude": 1.0,
    "stimulus_start_time": 0.92,
    "stimulus_units": "pA",
    "sweep_number": 12,
    "vm_delta_mv": 0.253890991210938
  },
  {
    "bridge_balance_mohm": 19.1086692810059,
    "id": 396365121,
    "leak_pa": 0.0,
    "num_spikes": 3,
    "peak_deflection": 0.0,
    "post_noise_rms_mv": 0.0362926833331585,
    "post_vm_mv": -75.6699829101562,
    "pre_noise_rms_mv": 0.036990113556385,
    "pre_vm_mv": -74.7934265136719,
    "slow_noise_rms_mv": 0.311321288347244,
    "slow_vm_mv": -74.7934265136719,
    "specimen_id": 323535089,
    "stimulus_absolute_amplitude": 170.000000188075,
    "stimulus_description": "C1LSCOARSE150112[14]",
    "stimulus_duration": 0.999995,
    "stimulus_interval": 0.0,
    "stimulus_name": "Long Square",
    "stimulus_relative_amplitude": 1.0,
    "stimulus_start_time": 0.92,
    "stimulus_units": "pA",
    "sweep_number": 37,
    "vm_delta_mv": 0.876556396484375
  },
  {
    "bridge_balance_mohm": 19.1086692810059,
    "id": 396365215,
    "leak_pa": 0.0,
    "num_spikes": 0,
    "peak_deflection": 0.0,
    "post_noise_rms_mv": 0.0435632131993771,
    "post_vm_mv": -75.7427444458008,
    "pre_noise_rms_mv": 0.0387369729578495,
    "pre_vm_mv": -75.5204544067383,
    "slow_noise_rms_mv": 0.391404718160629,
    "slow_vm_mv": -75.5204544067383,
    "specimen_id": 323535089,
    "stimulus_absolute_amplitude": 200.000002670286,
    "stimulus_description": "C1SSCOARSE150112[1]",
    "stimulus_duration": 0.002995,
    "stimulus_interval": 0.0,
    "stimulus_name": "Short Square",
    "stimulus_relative_amplitude": 1.0,
    "stimulus_start_time": 0.92,
    "stimulus_units": "pA",
    "sweep_number": 8,
    "vm_delta_mv": 0.2222900390625
  },
  {
    "bridge_balance_mohm": 19.1086692810059,
    "id": 396365079,
    "leak_pa": 0.0,
    "num_spikes": 1,
    "peak_deflection": 0.0,
    "post_noise_rms_mv": 0.0451421737670898,
    "post_vm_mv": -75.7308731079102,
    "pre_noise_rms_mv": 0.043598610907793,
    "pre_vm_mv": -75.2159194946289,
    "slow_noise_rms_mv": 0.202821344137192,
    "slow_vm_mv": -75.2159194946289,
    "specimen_id": 323535089,
    "stimulus_absolute_amplitude": 569.99999165086,
    "stimulus_description": "C1SSFINEST150112[0]",
    "stimulus_duration": 0.002995,
    "stimulus_interval": 0.0,
    "stimulus_name": "Short Square",
    "stimulus_relative_amplitude": 5.7,
    "stimulus_start_time": 0.92,
    "stimulus_units": "pA",
    "sweep_number": 18,
    "vm_delta_mv": 0.51495361328125
  },
  {
    "bridge_balance_mohm": 19.1086692810059,
    "id": 396365123,
    "leak_pa": 0.0,
    "num_spikes": 7,
    "peak_deflection": 0.0,
    "post_noise_rms_mv": 0.0407214052975178,
    "post_vm_mv": -76.3695678710938,
    "pre_noise_rms_mv": 0.0522558130323887,
    "pre_vm_mv": -75.8081588745117,
    "slow_noise_rms_mv": 0.329878211021423,
    "slow_vm_mv": -75.8081588745117,
    "specimen_id": 323535089,
    "stimulus_absolute_amplitude": 190.000001842883,
    "stimulus_description": "C1LSCOARSE150112[15]",
    "stimulus_duration": 0.999995,
    "stimulus_interval": 0.0,
    "stimulus_name": "Long Square",
    "stimulus_relative_amplitude": 1.0,
    "stimulus_start_time": 0.92,
    "stimulus_units": "pA",
    "sweep_number": 38,
    "vm_delta_mv": 0.561408996582031
  },
  {
    "bridge_balance_mohm": 19.1086692810059,
    "id": 396365139,
    "leak_pa": 0.0,
    "num_spikes": 0,
    "peak_deflection": -35.15625,
    "post_noise_rms_mv": 0.0403446480631828,
    "post_vm_mv": -76.3994674682617,
    "pre_noise_rms_mv": 0.0387299470603466,
    "pre_vm_mv": -76.4141616821289,
    "slow_noise_rms_mv": 0.23747892677784,
    "slow_vm_mv": -76.4141616821289,
    "specimen_id": 323535089,
    "stimulus_absolute_amplitude": 149.999998533268,
    "stimulus_description": "C1LSFINEST150112[0]",
    "stimulus_duration": 0.999995,
    "stimulus_interval": 0.0,
    "stimulus_name": "Long Square",
    "stimulus_relative_amplitude": 1.5,
    "stimulus_start_time": 0.92,
    "stimulus_units": "pA",
    "sweep_number": 45,
    "vm_delta_mv": 0.0146942138671875
  },
  {
    "bridge_balance_mohm": 19.1086692810059,
    "id": 396365109,
    "leak_pa": 0.0,
    "num_spikes": 0,
    "peak_deflection": -60.375,
    "post_noise_rms_mv": 0.0360051542520523,
    "post_vm_mv": -74.9617233276367,
    "pre_noise_rms_mv": 0.0508184172213078,
    "pre_vm_mv": -74.9682769775391,
    "slow_noise_rms_mv": 0.33046680688858,
    "slow_vm_mv": -74.9682769775391,
    "specimen_id": 323535089,
    "stimulus_absolute_amplitude": 50.0000006675716,
    "stimulus_description": "C1LSCOARSE150112[8]",
    "stimulus_duration": 0.999995,
    "stimulus_interval": 0.0,
    "stimulus_name": "Long Square",
    "stimulus_relative_amplitude": 1.0,
    "stimulus_start_time": 0.92,
    "stimulus_units": "pA",
    "sweep_number": 31,
    "vm_delta_mv": 0.00655364990234375
  },
  {
    "bridge_balance_mohm": 19.1086692810059,
    "id": 396365193,
    "leak_pa": 0.0,
    "num_spikes": 0,
    "peak_deflection": 0.0,
    "post_noise_rms_mv": 0.0429425463080406,
    "post_vm_mv": -75.5743179321289,
    "pre_noise_rms_mv": 0.0494882203638554,
    "pre_vm_mv": -75.2761764526367,
    "slow_noise_rms_mv": 0.364867866039276,
    "slow_vm_mv": -75.2761764526367,
    "specimen_id": 323535089,
    "stimulus_absolute_amplitude": 100.000001335143,
    "stimulus_description": "C1SSCOARSE150112[0]",
    "stimulus_duration": 0.002995,
    "stimulus_interval": 0.0,
    "stimulus_name": "Short Square",
    "stimulus_relative_amplitude": 1.0,
    "stimulus_start_time": 0.92,
    "stimulus_units": "pA",
    "sweep_number": 7,
    "vm_delta_mv": 0.298141479492188
  },
  {
    "bridge_balance_mohm": 19.1086692810059,
    "id": 396365089,
    "leak_pa": 0.0,
    "num_spikes": 1,
    "peak_deflection": 0.0,
    "post_noise_rms_mv": 0.0450522266328335,
    "post_vm_mv": -75.0084838867188,
    "pre_noise_rms_mv": 0.0422660149633884,
    "pre_vm_mv": -74.631103515625,
    "slow_noise_rms_mv": 0.312301367521286,
    "slow_vm_mv": -74.631103515625,
    "specimen_id": 323535089,
    "stimulus_absolute_amplitude": 569.99999165086,
    "stimulus_description": "C1SSFINEST150112[0]",
    "stimulus_duration": 0.002995,
    "stimulus_interval": 0.0,
    "stimulus_name": "Short Square",
    "stimulus_relative_amplitude": 5.7,
    "stimulus_start_time": 0.92,
    "stimulus_units": "pA",
    "sweep_number": 22,
    "vm_delta_mv": 0.37738037109375
  },
  {
    "bridge_balance_mohm": 19.1086692810059,
    "id": 396365163,
    "leak_pa": 0.0,
    "num_spikes": 2,
    "peak_deflection": 0.0,
    "post_noise_rms_mv": 0.0490434654057026,
    "post_vm_mv": -76.7526016235352,
    "pre_noise_rms_mv": 0.0461990311741829,
    "pre_vm_mv": -76.1928863525391,
    "slow_noise_rms_mv": 0.251162469387054,
    "slow_vm_mv": -76.1928863525391,
    "specimen_id": 323535089,
    "stimulus_absolute_amplitude": 159.999999360672,
    "stimulus_description": "C2SQRHELNG150112[0]",
    "stimulus_duration": 1.999995,
    "stimulus_interval": 0.0,
    "stimulus_name": "Square - 2s Suprathreshold",
    "stimulus_relative_amplitude": 1.6,
    "stimulus_start_time": 0.92,
    "stimulus_units": "pA",
    "sweep_number": 56,
    "vm_delta_mv": 0.559715270996094
  },
  {
    "bridge_balance_mohm": 19.1086692810059,
    "id": 396365091,
    "leak_pa": 0.0,
    "num_spikes": 0,
    "peak_deflection": -96.59375,
    "post_noise_rms_mv": 0.0416376776993275,
    "post_vm_mv": -75.9855651855469,
    "pre_noise_rms_mv": 0.0387549586594105,
    "pre_vm_mv": -75.7286376953125,
    "slow_noise_rms_mv": 0.161280289292336,
    "slow_vm_mv": -75.7286376953125,
    "specimen_id": 323535089,
    "stimulus_absolute_amplitude": -110.000002162547,
    "stimulus_description": "C1LSCOARSE150112[0]",
    "stimulus_duration": 0.999995,
    "stimulus_interval": 0.0,
    "stimulus_name": "Long Square",
    "stimulus_relative_amplitude": 1.0,
    "stimulus_start_time": 0.92,
    "stimulus_units": "pA",
    "sweep_number": 23,
    "vm_delta_mv": 0.256927490234375
  },
  {
    "bridge_balance_mohm": 19.1086692810059,
    "id": 396365167,
    "leak_pa": 0.0,
    "num_spikes": 0,
    "peak_deflection": 0.0,
    "post_noise_rms_mv": 0.0438420623540878,
    "post_vm_mv": -77.0946731567383,
    "pre_noise_rms_mv": 0.0359043702483177,
    "pre_vm_mv": -76.7510528564453,
    "slow_noise_rms_mv": 0.18218757212162,
    "slow_vm_mv": -76.7510528564453,
    "specimen_id": 323535089,
    "stimulus_absolute_amplitude": 159.999999360672,
    "stimulus_description": "C2SQRHELNG150112[0]",
    "stimulus_duration": 1.999995,
    "stimulus_interval": 0.0,
    "stimulus_name": "Square - 2s Suprathreshold",
    "stimulus_relative_amplitude": 1.6,
    "stimulus_start_time": 0.92,
    "stimulus_units": "pA",
    "sweep_number": 58,
    "vm_delta_mv": 0.343620300292969
  },
  {
    "bridge_balance_mohm": 19.1086692810059,
    "id": 396365075,
    "leak_pa": 0.0,
    "num_spikes": 0,
    "peak_deflection": 0.0,
    "post_noise_rms_mv": 0.0380315370857716,
    "post_vm_mv": -76.5960083007812,
    "pre_noise_rms_mv": 0.0420202985405922,
    "pre_vm_mv": -76.7151031494141,
    "slow_noise_rms_mv": 0.27388471364975,
    "slow_vm_mv": -76.7151031494141,
    "specimen_id": 323535089,
    "stimulus_absolute_amplitude": 549.999989996053,
    "stimulus_description": "C1SSFINEST150112[0]",
    "stimulus_duration": 0.002995,
    "stimulus_interval": 0.0,
    "stimulus_name": "Short Square",
    "stimulus_relative_amplitude": 5.5,
    "stimulus_start_time": 0.92,
    "stimulus_units": "pA",
    "sweep_number": 16,
    "vm_delta_mv": 0.119094848632812
  },
  {
    "bridge_balance_mohm": 19.1086692810059,
    "id": 396365141,
    "leak_pa": 0.0,
    "num_spikes": 1,
    "peak_deflection": 0.0,
    "post_noise_rms_mv": 0.0363099202513695,
    "post_vm_mv": -76.5296401977539,
    "pre_noise_rms_mv": 0.0370472855865955,
    "pre_vm_mv": -76.2748641967773,
    "slow_noise_rms_mv": 0.186207816004753,
    "slow_vm_mv": -76.2748641967773,
    "specimen_id": 323535089,
    "stimulus_absolute_amplitude": 159.999999360672,
    "stimulus_description": "C1LSFINEST150112[0]",
    "stimulus_duration": 0.999995,
    "stimulus_interval": 0.0,
    "stimulus_name": "Long Square",
    "stimulus_relative_amplitude": 1.6,
    "stimulus_start_time": 0.92,
    "stimulus_units": "pA",
    "sweep_number": 46,
    "vm_delta_mv": 0.254776000976562
  },
  {
    "bridge_balance_mohm": 19.1086692810059,
    "id": 396365107,
    "leak_pa": 0.0,
    "num_spikes": 0,
    "peak_deflection": -65.84375,
    "post_noise_rms_mv": 0.0398097522556782,
    "post_vm_mv": -75.5503997802734,
    "pre_noise_rms_mv": 0.0421954430639744,
    "pre_vm_mv": -75.6430816650391,
    "slow_noise_rms_mv": 0.247455269098282,
    "slow_vm_mv": -75.6430816650391,
    "specimen_id": 323535089,
    "stimulus_absolute_amplitude": 29.9999990127642,
    "stimulus_description": "C1LSCOARSE150112[7]",
    "stimulus_duration": 0.999995,
    "stimulus_interval": 0.0,
    "stimulus_name": "Long Square",
    "stimulus_relative_amplitude": 1.0,
    "stimulus_start_time": 0.92,
    "stimulus_units": "pA",
    "sweep_number": 30,
    "vm_delta_mv": 0.092681884765625
  },
  {
    "bridge_balance_mohm": 19.1086692810059,
    "id": 396365201,
    "leak_pa": 0.0,
    "num_spikes": 3,
    "peak_deflection": 0.0,
    "post_noise_rms_mv": 0.0411240644752979,
    "post_vm_mv": -76.4631881713867,
    "pre_noise_rms_mv": 0.0375982895493507,
    "pre_vm_mv": -76.3742065429688,
    "slow_noise_rms_mv": 0.159318313002586,
    "slow_vm_mv": -76.3742065429688,
    "specimen_id": 323535089,
    "stimulus_absolute_amplitude": 569.99999165086,
    "stimulus_description": "C2SSTRIPLE141203[5]",
    "stimulus_duration": 0.056995,
    "stimulus_interval": 0.024,
    "stimulus_name": "Short Square - Triple",
    "stimulus_relative_amplitude": 5.7,
    "stimulus_start_time": 1.92,
    "stimulus_units": "pA",
    "sweep_number": 73,
    "vm_delta_mv": 0.0889816284179688
  },
  {
    "bridge_balance_mohm": 19.1086692810059,
    "id": 396365197,
    "leak_pa": 0.0,
    "num_spikes": 3,
    "peak_deflection": 0.0,
    "post_noise_rms_mv": 0.0384787283837795,
    "post_vm_mv": -75.9016418457031,
    "pre_noise_rms_mv": 0.0394839495420456,
    "pre_vm_mv": -75.3844680786133,
    "slow_noise_rms_mv": 0.222179383039474,
    "slow_vm_mv": -75.3844680786133,
    "specimen_id": 323535089,
    "stimulus_absolute_amplitude": 569.99999165086,
    "stimulus_description": "C2SSTRIPLE141203[3]",
    "stimulus_duration": 0.040995,
    "stimulus_interval": 0.016,
    "stimulus_name": "Short Square - Triple",
    "stimulus_relative_amplitude": 5.7,
    "stimulus_start_time": 1.92,
    "stimulus_units": "pA",
    "sweep_number": 71,
    "vm_delta_mv": 0.517173767089844
  },
  {
    "bridge_balance_mohm": 19.1086692810059,
    "id": 396365101,
    "leak_pa": 0.0,
    "num_spikes": 0,
    "peak_deflection": -78.65625,
    "post_noise_rms_mv": 0.0444495528936386,
    "post_vm_mv": -75.6562423706055,
    "pre_noise_rms_mv": 0.041700005531311,
    "pre_vm_mv": -75.5532684326172,
    "slow_noise_rms_mv": 0.248141095042229,
    "slow_vm_mv": -75.5532684326172,
    "specimen_id": 323535089,
    "stimulus_absolute_amplitude": -9.99999996004197,
    "stimulus_description": "C1LSCOARSE150112[5]",
    "stimulus_duration": 0.999995,
    "stimulus_interval": 0.0,
    "stimulus_name": "Long Square",
    "stimulus_relative_amplitude": 1.0,
    "stimulus_start_time": 0.92,
    "stimulus_units": "pA",
    "sweep_number": 28,
    "vm_delta_mv": 0.102973937988281
  },
  {
    "bridge_balance_mohm": 19.1086692810059,
    "id": 396365199,
    "leak_pa": 0.0,
    "num_spikes": 3,
    "peak_deflection": 0.0,
    "post_noise_rms_mv": 0.0464678816497326,
    "post_vm_mv": -76.0056076049805,
    "pre_noise_rms_mv": 0.0393613986670971,
    "pre_vm_mv": -76.2234878540039,
    "slow_noise_rms_mv": 0.204804703593254,
    "slow_vm_mv": -76.2234878540039,
    "specimen_id": 323535089,
    "stimulus_absolute_amplitude": 569.99999165086,
    "stimulus_description": "C2SSTRIPLE141203[4]",
    "stimulus_duration": 0.048995,
    "stimulus_interval": 0.02,
    "stimulus_name": "Short Square - Triple",
    "stimulus_relative_amplitude": 5.7,
    "stimulus_start_time": 1.92,
    "stimulus_units": "pA",
    "sweep_number": 72,
    "vm_delta_mv": 0.217880249023438
  },
  {
    "bridge_balance_mohm": 19.1086692810059,
    "id": 396365173,
    "leak_pa": 0.0,
    "num_spikes": 2,
    "peak_deflection": 0.0,
    "post_noise_rms_mv": 0.0509672313928604,
    "post_vm_mv": -76.8430938720703,
    "pre_noise_rms_mv": 0.0353640802204609,
    "pre_vm_mv": -76.1573333740234,
    "slow_noise_rms_mv": 0.253419369459152,
    "slow_vm_mv": -76.1573333740234,
    "specimen_id": 323535089,
    "stimulus_absolute_amplitude": 200.000002670286,
    "stimulus_description": "C2SQRHELNG150112[0]",
    "stimulus_duration": 1.999995,
    "stimulus_interval": 0.0,
    "stimulus_name": "Square - 2s Suprathreshold",
    "stimulus_relative_amplitude": 2.0,
    "stimulus_start_time": 0.92,
    "stimulus_units": "pA",
    "sweep_number": 60,
    "vm_delta_mv": 0.685760498046875
  },
  {
    "bridge_balance_mohm": 19.1086692810059,
    "id": 396365205,
    "leak_pa": 0.0,
    "num_spikes": 3,
    "peak_deflection": 0.0,
    "post_noise_rms_mv": 0.0366838872432709,
    "post_vm_mv": -76.5053329467773,
    "pre_noise_rms_mv": 0.0344174765050411,
    "pre_vm_mv": -76.6580810546875,
    "slow_noise_rms_mv": 0.173112437129021,
    "slow_vm_mv": -76.6580810546875,
    "specimen_id": 323535089,
    "stimulus_absolute_amplitude": 569.99999165086,
    "stimulus_description": "C2SSTRIPLE141203[7]",
    "stimulus_duration": 0.072995,
    "stimulus_interval": 0.032,
    "stimulus_name": "Short Square - Triple",
    "stimulus_relative_amplitude": 5.7,
    "stimulus_start_time": 1.92,
    "stimulus_units": "pA",
    "sweep_number": 75,
    "vm_delta_mv": 0.152748107910156
  },
  {
    "bridge_balance_mohm": 19.1086692810059,
    "id": 396365189,
    "leak_pa": 0.0,
    "num_spikes": 3,
    "peak_deflection": 0.0,
    "post_noise_rms_mv": 0.0359445922076702,
    "post_vm_mv": -76.4977416992188,
    "pre_noise_rms_mv": 0.045849371701479,
    "pre_vm_mv": -76.1230392456055,
    "slow_noise_rms_mv": 0.231090620160103,
    "slow_vm_mv": -76.1230392456055,
    "specimen_id": 323535089,
    "stimulus_absolute_amplitude": 569.99999165086,
    "stimulus_description": "C2SSTRIPLE141203[0]",
    "stimulus_duration": 0.016995,
    "stimulus_interval": 0.004,
    "stimulus_name": "Short Square - Triple",
    "stimulus_relative_amplitude": 5.7,
    "stimulus_start_time": 1.92,
    "stimulus_units": "pA",
    "sweep_number": 68,
    "vm_delta_mv": 0.374702453613281
  },
  {
    "bridge_balance_mohm": 19.1086692810059,
    "id": 396365063,
    "leak_pa": 0.0,
    "num_spikes": 0,
    "peak_deflection": 0.0,
    "post_noise_rms_mv": 0.0415236279368401,
    "post_vm_mv": -76.4200134277344,
    "pre_noise_rms_mv": 0.0402690656483173,
    "pre_vm_mv": -76.412223815918,
    "slow_noise_rms_mv": 0.16456526517868,
    "slow_vm_mv": -76.412223815918,
    "specimen_id": 323535089,
    "stimulus_absolute_amplitude": 400.000005340573,
    "stimulus_description": "C1SSCOARSE150112[3]",
    "stimulus_duration": 0.002995,
    "stimulus_interval": 0.0,
    "stimulus_name": "Short Square",
    "stimulus_relative_amplitude": 1.0,
    "stimulus_start_time": 0.92,
    "stimulus_units": "pA",
    "sweep_number": 10,
    "vm_delta_mv": 0.00778961181640625
  },
  {
    "bridge_balance_mohm": 19.1086692810059,
    "id": 396365179,
    "leak_pa": 0.0,
    "num_spikes": 15,
    "peak_deflection": 0.0,
    "post_noise_rms_mv": 0.0298630334436893,
    "post_vm_mv": -76.7819213867188,
    "pre_noise_rms_mv": 0.0402458608150482,
    "pre_vm_mv": -76.1607894897461,
    "slow_noise_rms_mv": 0.264924734830856,
    "slow_vm_mv": -76.1607894897461,
    "specimen_id": 323535089,
    "stimulus_absolute_amplitude": 239.999992102113,
    "stimulus_description": "C2SQRHELNG150112[0]",
    "stimulus_duration": 1.999995,
    "stimulus_interval": 0.0,
    "stimulus_name": "Square - 2s Suprathreshold",
    "stimulus_relative_amplitude": 2.4,
    "stimulus_start_time": 0.92,
    "stimulus_units": "pA",
    "sweep_number": 63,
    "vm_delta_mv": 0.621131896972656
  },
  {
    "bridge_balance_mohm": 19.1086692810059,
    "id": 396365207,
    "leak_pa": 0.0,
    "num_spikes": 3,
    "peak_deflection": 0.0,
    "post_noise_rms_mv": 0.0359416157007217,
    "post_vm_mv": -76.4308776855469,
    "pre_noise_rms_mv": 0.0391798242926598,
    "pre_vm_mv": -76.3176727294922,
    "slow_noise_rms_mv": 0.131075829267502,
    "slow_vm_mv": -76.3176727294922,
    "specimen_id": 323535089,
    "stimulus_absolute_amplitude": 569.99999165086,
    "stimulus_description": "C2SSTRIPLE141203[0]",
    "stimulus_duration": 0.016995,
    "stimulus_interval": 0.004,
    "stimulus_name": "Short Square - Triple",
    "stimulus_relative_amplitude": 5.7,
    "stimulus_start_time": 1.92,
    "stimulus_units": "pA",
    "sweep_number": 76,
    "vm_delta_mv": 0.113204956054688
  },
  {
    "bridge_balance_mohm": 19.1086692810059,
    "id": 396365113,
    "leak_pa": 0.0,
    "num_spikes": 0,
    "peak_deflection": -45.71875,
    "post_noise_rms_mv": 0.0446860939264297,
    "post_vm_mv": -74.5505142211914,
    "pre_noise_rms_mv": 0.0395857654511929,
    "pre_vm_mv": -74.7027282714844,
    "slow_noise_rms_mv": 0.140944063663483,
    "slow_vm_mv": -74.7027282714844,
    "specimen_id": 323535089,
    "stimulus_absolute_amplitude": 90.0000005077395,
    "stimulus_description": "C1LSCOARSE150112[10]",
    "stimulus_duration": 0.999995,
    "stimulus_interval": 0.0,
    "stimulus_name": "Long Square",
    "stimulus_relative_amplitude": 1.0,
    "stimulus_start_time": 0.92,
    "stimulus_units": "pA",
    "sweep_number": 33,
    "vm_delta_mv": 0.152214050292969
  },
  {
    "bridge_balance_mohm": 19.1086692810059,
    "id": 396365221,
    "leak_pa": 0.0,
    "num_spikes": 3,
    "peak_deflection": 0.0,
    "post_noise_rms_mv": 0.042799849063158,
    "post_vm_mv": -76.476318359375,
    "pre_noise_rms_mv": 0.0415037460625172,
    "pre_vm_mv": -76.3481521606445,
    "slow_noise_rms_mv": 0.158758670091629,
    "slow_vm_mv": -76.3481521606445,
    "specimen_id": 323535089,
    "stimulus_absolute_amplitude": 569.99999165086,
    "stimulus_description": "C2SSTRIPLE141203[6]",
    "stimulus_duration": 0.064995,
    "stimulus_interval": 0.028,
    "stimulus_name": "Short Square - Triple",
    "stimulus_relative_amplitude": 5.7,
    "stimulus_start_time": 1.92,
    "stimulus_units": "pA",
    "sweep_number": 82,
    "vm_delta_mv": 0.128166198730469
  },
  {
    "bridge_balance_mohm": 19.1086692810059,
    "id": 396365099,
    "leak_pa": 0.0,
    "num_spikes": 0,
    "peak_deflection": -82.8125,
    "post_noise_rms_mv": 0.0460949093103409,
    "post_vm_mv": -75.5377731323242,
    "pre_noise_rms_mv": 0.0383502580225468,
    "pre_vm_mv": -75.7807540893555,
    "slow_noise_rms_mv": 0.252732336521149,
    "slow_vm_mv": -75.7807540893555,
    "specimen_id": 323535089,
    "stimulus_absolute_amplitude": -29.9999990127642,
    "stimulus_description": "C1LSCOARSE150112[4]",
    "stimulus_duration": 0.999995,
    "stimulus_interval": 0.0,
    "stimulus_name": "Long Square",
    "stimulus_relative_amplitude": 1.0,
    "stimulus_start_time": 0.92,
    "stimulus_units": "pA",
    "sweep_number": 27,
    "vm_delta_mv": 0.24298095703125
  },
  {
    "bridge_balance_mohm": 19.1086692810059,
    "id": 396365227,
    "leak_pa": 0.0,
    "num_spikes": 3,
    "peak_deflection": 0.0,
    "post_noise_rms_mv": 0.0493052303791046,
    "post_vm_mv": -76.416633605957,
    "pre_noise_rms_mv": 0.0656425133347511,
    "pre_vm_mv": -76.4053802490234,
    "slow_noise_rms_mv": 0.21042674779892,
    "slow_vm_mv": -76.4053802490234,
    "specimen_id": 323535089,
    "stimulus_absolute_amplitude": 569.99999165086,
    "stimulus_description": "C2SSTRIPLE141203[1]",
    "stimulus_duration": 0.024995,
    "stimulus_interval": 0.008,
    "stimulus_name": "Short Square - Triple",
    "stimulus_relative_amplitude": 5.7,
    "stimulus_start_time": 1.92,
    "stimulus_units": "pA",
    "sweep_number": 85,
    "vm_delta_mv": 0.0112533569335938
  },
  {
    "bridge_balance_mohm": 19.1086692810059,
    "id": 396365135,
    "leak_pa": 0.0,
    "num_spikes": 40,
    "peak_deflection": 0.0,
    "post_noise_rms_mv": 0.0432324707508087,
    "post_vm_mv": -77.0130767822266,
    "pre_noise_rms_mv": 0.0365398675203323,
    "pre_vm_mv": -76.8112640380859,
    "slow_noise_rms_mv": 0.161278069019318,
    "slow_vm_mv": -76.8112640380859,
    "specimen_id": 323535089,
    "stimulus_absolute_amplitude": 289.999996239132,
    "stimulus_description": "C1LSCOARSE150112[20]",
    "stimulus_duration": 0.999995,
    "stimulus_interval": 0.0,
    "stimulus_name": "Long Square",
    "stimulus_relative_amplitude": 1.0,
    "stimulus_start_time": 0.92,
    "stimulus_units": "pA",
    "sweep_number": 43,
    "vm_delta_mv": 0.201812744140625
  },
  {
    "bridge_balance_mohm": 0.0,
    "id": 396365061,
    "leak_pa": 0.0,
    "num_spikes": 0,
    "peak_deflection": 0.0,
    "post_noise_rms_mv": 0.0,
    "post_vm_mv": 0.0,
    "pre_noise_rms_mv": 0.0,
    "pre_vm_mv": 0.0,
    "slow_noise_rms_mv": 0.0,
    "slow_vm_mv": 0.0,
    "specimen_id": 323535089,
    "stimulus_absolute_amplitude": 9.99999977648258,
    "stimulus_description": "EXTPINBATH141203[0]",
    "stimulus_duration": 0.069995,
    "stimulus_interval": 0.05,
    "stimulus_name": "Test",
    "stimulus_relative_amplitude": 1.0,
    "stimulus_start_time": 0.03,
    "stimulus_units": "mV",
    "sweep_number": 1,
    "vm_delta_mv": 0.0
  },
  {
    "bridge_balance_mohm": 19.1086692810059,
    "id": 396365129,
    "leak_pa": 0.0,
    "num_spikes": 9,
    "peak_deflection": 0.0,
    "post_noise_rms_mv": 0.0411914885044098,
    "post_vm_mv": -76.2387161254883,
    "pre_noise_rms_mv": 0.0434868671000004,
    "pre_vm_mv": -75.9751205444336,
    "slow_noise_rms_mv": 0.25613459944725,
    "slow_vm_mv": -75.9751205444336,
    "specimen_id": 323535089,
    "stimulus_absolute_amplitude": 230.000005152498,
    "stimulus_description": "C1LSCOARSE150112[17]",
    "stimulus_duration": 0.999995,
    "stimulus_interval": 0.0,
    "stimulus_name": "Long Square",
    "stimulus_relative_amplitude": 1.0,
    "stimulus_start_time": 0.92,
    "stimulus_units": "pA",
    "sweep_number": 40,
    "vm_delta_mv": 0.263595581054688
  },
  {
    "bridge_balance_mohm": 19.1086692810059,
    "id": 396365111,
    "leak_pa": 0.0,
    "num_spikes": 0,
    "peak_deflection": -53.8125,
    "post_noise_rms_mv": 0.0382132008671761,
    "post_vm_mv": -74.5713958740234,
    "pre_noise_rms_mv": 0.0409189015626907,
    "pre_vm_mv": -74.604118347168,
    "slow_noise_rms_mv": 0.49905726313591,
    "slow_vm_mv": -74.604118347168,
    "specimen_id": 323535089,
    "stimulus_absolute_amplitude": 69.9999988529321,
    "stimulus_description": "C1LSCOARSE150112[9]",
    "stimulus_duration": 0.999995,
    "stimulus_interval": 0.0,
    "stimulus_name": "Long Square",
    "stimulus_relative_amplitude": 1.0,
    "stimulus_start_time": 0.92,
    "stimulus_units": "pA",
    "sweep_number": 32,
    "vm_delta_mv": 0.0327224731445312
  },
  {
    "bridge_balance_mohm": 19.1086692810059,
    "id": 396365073,
    "leak_pa": 0.0,
    "num_spikes": 0,
    "peak_deflection": 0.0,
    "post_noise_rms_mv": 0.0366637222468853,
    "post_vm_mv": -76.5362243652344,
    "pre_noise_rms_mv": 0.0407819338142872,
    "pre_vm_mv": -76.5493087768555,
    "slow_noise_rms_mv": 0.200531780719757,
    "slow_vm_mv": -76.5493087768555,
    "specimen_id": 323535089,
    "stimulus_absolute_amplitude": 539.999989168649,
    "stimulus_description": "C1SSFINEST150112[0]",
    "stimulus_duration": 0.002995,
    "stimulus_interval": 0.0,
    "stimulus_name": "Short Square",
    "stimulus_relative_amplitude": 5.4,
    "stimulus_start_time": 0.92,
    "stimulus_units": "pA",
    "sweep_number": 15,
    "vm_delta_mv": 0.0130844116210938
  },
  {
    "bridge_balance_mohm": 19.1086692810059,
    "id": 396365217,
    "leak_pa": 0.0,
    "num_spikes": 3,
    "peak_deflection": 0.0,
    "post_noise_rms_mv": 0.0546247176826,
    "post_vm_mv": -76.3747024536133,
    "pre_noise_rms_mv": 0.0427199155092239,
    "pre_vm_mv": -76.1941986083984,
    "slow_noise_rms_mv": 0.246003687381744,
    "slow_vm_mv": -76.1941986083984,
    "specimen_id": 323535089,
    "stimulus_absolute_amplitude": 569.99999165086,
    "stimulus_description": "C2SSTRIPLE141203[4]",
    "stimulus_duration": 0.048995,
    "stimulus_interval": 0.02,
    "stimulus_name": "Short Square - Triple",
    "stimulus_relative_amplitude": 5.7,
    "stimulus_start_time": 1.92,
    "stimulus_units": "pA",
    "sweep_number": 80,
    "vm_delta_mv": 0.180503845214844
  },
  {
    "bridge_balance_mohm": 19.1086692810059,
    "id": 396365223,
    "leak_pa": 0.0,
    "num_spikes": 3,
    "peak_deflection": 0.0,
    "post_noise_rms_mv": 0.0391670688986778,
    "post_vm_mv": -76.3484115600586,
    "pre_noise_rms_mv": 0.0488961189985275,
    "pre_vm_mv": -76.1802291870117,
    "slow_noise_rms_mv": 0.182264894247055,
    "slow_vm_mv": -76.1802291870117,
    "specimen_id": 323535089,
    "stimulus_absolute_amplitude": 569.99999165086,
    "stimulus_description": "C2SSTRIPLE141203[7]",
    "stimulus_duration": 0.072995,
    "stimulus_interval": 0.032,
    "stimulus_name": "Short Square - Triple",
    "stimulus_relative_amplitude": 5.7,
    "stimulus_start_time": 1.92,
    "stimulus_units": "pA",
    "sweep_number": 83,
    "vm_delta_mv": 0.168182373046875
  },
  {
    "bridge_balance_mohm": 19.1086692810059,
    "id": 396365195,
    "leak_pa": 0.0,
    "num_spikes": 3,
    "peak_deflection": 0.0,
    "post_noise_rms_mv": 0.0393671318888664,
    "post_vm_mv": -75.9262771606445,
    "pre_noise_rms_mv": 0.045756570994854,
    "pre_vm_mv": -75.4058303833008,
    "slow_noise_rms_mv": 0.233454585075378,
    "slow_vm_mv": -75.4058303833008,
    "specimen_id": 323535089,
    "stimulus_absolute_amplitude": 569.99999165086,
    "stimulus_description": "C2SSTRIPLE141203[2]",
    "stimulus_duration": 0.032995,
    "stimulus_interval": 0.012,
    "stimulus_name": "Short Square - Triple",
    "stimulus_relative_amplitude": 5.7,
    "stimulus_start_time": 1.92,
    "stimulus_units": "pA",
    "sweep_number": 70,
    "vm_delta_mv": 0.52044677734375
  },
  {
    "bridge_balance_mohm": 19.1086692810059,
    "id": 396365165,
    "leak_pa": 0.0,
    "num_spikes": 1,
    "peak_deflection": 0.0,
    "post_noise_rms_mv": 0.0442245937883854,
    "post_vm_mv": -76.4250869750977,
    "pre_noise_rms_mv": 0.036931186914444,
    "pre_vm_mv": -76.180046081543,
    "slow_noise_rms_mv": 0.3624027967453,
    "slow_vm_mv": -76.180046081543,
    "specimen_id": 323535089,
    "stimulus_absolute_amplitude": 159.999999360672,
    "stimulus_description": "C2SQRHELNG150112[0]",
    "stimulus_duration": 1.999995,
    "stimulus_interval": 0.0,
    "stimulus_name": "Square - 2s Suprathreshold",
    "stimulus_relative_amplitude": 1.6,
    "stimulus_start_time": 0.92,
    "stimulus_units": "pA",
    "sweep_number": 57,
    "vm_delta_mv": 0.245040893554688
  },
  {
    "bridge_balance_mohm": 19.1086692810059,
    "id": 396365087,
    "leak_pa": 0.0,
    "num_spikes": 1,
    "peak_deflection": 0.0,
    "post_noise_rms_mv": 0.0375160090625286,
    "post_vm_mv": -75.5586929321289,
    "pre_noise_rms_mv": 0.0415432676672935,
    "pre_vm_mv": -75.3388595581055,
    "slow_noise_rms_mv": 0.251428037881851,
    "slow_vm_mv": -75.3388595581055,
    "specimen_id": 323535089,
    "stimulus_absolute_amplitude": 569.99999165086,
    "stimulus_description": "C1SSFINEST150112[0]",
    "stimulus_duration": 0.002995,
    "stimulus_interval": 0.0,
    "stimulus_name": "Short Square",
    "stimulus_relative_amplitude": 5.7,
    "stimulus_start_time": 0.92,
    "stimulus_units": "pA",
    "sweep_number": 21,
    "vm_delta_mv": 0.219833374023438
  },
  {
    "bridge_balance_mohm": 19.1086692810059,
    "id": 396365211,
    "leak_pa": 0.0,
    "num_spikes": 3,
    "peak_deflection": 0.0,
    "post_noise_rms_mv": 0.0397262200713158,
    "post_vm_mv": -76.3593826293945,
    "pre_noise_rms_mv": 0.0401750318706036,
    "pre_vm_mv": -76.1962127685547,
    "slow_noise_rms_mv": 0.13828344643116,
    "slow_vm_mv": -76.1962127685547,
    "specimen_id": 323535089,
    "stimulus_absolute_amplitude": 569.99999165086,
    "stimulus_description": "C2SSTRIPLE141203[2]",
    "stimulus_duration": 0.032995,
    "stimulus_interval": 0.012,
    "stimulus_name": "Short Square - Triple",
    "stimulus_relative_amplitude": 5.7,
    "stimulus_start_time": 1.92,
    "stimulus_units": "pA",
    "sweep_number": 78,
    "vm_delta_mv": 0.163169860839844
  },
  {
    "bridge_balance_mohm": 19.1086692810059,
    "id": 396365191,
    "leak_pa": 0.0,
    "num_spikes": 3,
    "peak_deflection": 0.0,
    "post_noise_rms_mv": 0.0355839729309082,
    "post_vm_mv": -76.2462921142578,
    "pre_noise_rms_mv": 0.0498315282166004,
    "pre_vm_mv": -76.0517196655273,
    "slow_noise_rms_mv": 0.161306202411652,
    "slow_vm_mv": -76.0517196655273,
    "specimen_id": 323535089,
    "stimulus_absolute_amplitude": 569.99999165086,
    "stimulus_description": "C2SSTRIPLE141203[1]",
    "stimulus_duration": 0.024995,
    "stimulus_interval": 0.008,
    "stimulus_name": "Short Square - Triple",
    "stimulus_relative_amplitude": 5.7,
    "stimulus_start_time": 1.92,
    "stimulus_units": "pA",
    "sweep_number": 69,
    "vm_delta_mv": 0.194572448730469
  },
  {
    "bridge_balance_mohm": 19.1086692810059,
    "id": 396365137,
    "leak_pa": 0.0,
    "num_spikes": 0,
    "peak_deflection": -37.9375,
    "post_noise_rms_mv": 0.0402995310723782,
    "post_vm_mv": -76.6728286743164,
    "pre_noise_rms_mv": 0.0546912215650082,
    "pre_vm_mv": -76.7363357543945,
    "slow_noise_rms_mv": 0.141284957528114,
    "slow_vm_mv": -76.7363357543945,
    "specimen_id": 323535089,
    "stimulus_absolute_amplitude": 139.999997705864,
    "stimulus_description": "C1LSFINEST150112[0]",
    "stimulus_duration": 0.999995,
    "stimulus_interval": 0.0,
    "stimulus_name": "Long Square",
    "stimulus_relative_amplitude": 1.4,
    "stimulus_start_time": 0.92,
    "stimulus_units": "pA",
    "sweep_number": 44,
    "vm_delta_mv": 0.063507080078125
  },
  {
    "bridge_balance_mohm": 19.1086692810059,
    "id": 396365133,
    "leak_pa": 0.0,
    "num_spikes": 24,
    "peak_deflection": 0.0,
    "post_noise_rms_mv": 0.0368823446333408,
    "post_vm_mv": -76.4291687011719,
    "pre_noise_rms_mv": 0.0375298634171486,
    "pre_vm_mv": -76.3943328857422,
    "slow_noise_rms_mv": 0.222036331892014,
    "slow_vm_mv": -76.3943328857422,
    "specimen_id": 323535089,
    "stimulus_absolute_amplitude": 269.999994584325,
    "stimulus_description": "C1LSCOARSE150112[19]",
    "stimulus_duration": 0.999995,
    "stimulus_interval": 0.0,
    "stimulus_name": "Long Square",
    "stimulus_relative_amplitude": 1.0,
    "stimulus_start_time": 0.92,
    "stimulus_units": "pA",
    "sweep_number": 42,
    "vm_delta_mv": 0.0348358154296875
  },
  {
    "bridge_balance_mohm": 19.1086692810059,
    "id": 396365159,
    "leak_pa": 0.0,
    "num_spikes": 0,
    "peak_deflection": 0.0,
    "post_noise_rms_mv": 0.0423097126185894,
    "post_vm_mv": -76.5988006591797,
    "pre_noise_rms_mv": 0.0380004830658436,
    "pre_vm_mv": -76.2198944091797,
    "slow_noise_rms_mv": 0.296585232019424,
    "slow_vm_mv": -76.2198944091797,
    "specimen_id": 323535089,
    "stimulus_absolute_amplitude": -200.000002670286,
    "stimulus_description": "C1SQCAPCHK141203[0]",
    "stimulus_duration": 7.819995,
    "stimulus_interval": 0.2,
    "stimulus_name": "Square - 0.5ms Subthreshold",
    "stimulus_relative_amplitude": 1.0,
    "stimulus_start_time": 0.12,
    "stimulus_units": "pA",
    "sweep_number": 54,
    "vm_delta_mv": 0.37890625
  },
  {
    "bridge_balance_mohm": 19.1086692810059,
    "id": 396365161,
    "leak_pa": 0.0,
    "num_spikes": 0,
    "peak_deflection": 0.0,
    "post_noise_rms_mv": 0.0390174873173237,
    "post_vm_mv": -76.2552108764648,
    "pre_noise_rms_mv": 0.0389020517468452,
    "pre_vm_mv": -76.9533309936523,
    "slow_noise_rms_mv": 0.431826531887054,
    "slow_vm_mv": -76.9533309936523,
    "specimen_id": 323535089,
    "stimulus_absolute_amplitude": -200.000002670286,
    "stimulus_description": "C1SQCAPCHK141203[0]",
    "stimulus_duration": 7.819995,
    "stimulus_interval": 0.2,
    "stimulus_name": "Square - 0.5ms Subthreshold",
    "stimulus_relative_amplitude": 1.0,
    "stimulus_start_time": 0.12,
    "stimulus_units": "pA",
    "sweep_number": 55,
    "vm_delta_mv": 0.6981201171875
  },
  {
    "bridge_balance_mohm": 0.0,
    "id": 396365083,
    "leak_pa": 0.0,
    "num_spikes": 0,
    "peak_deflection": 0.0,
    "post_noise_rms_mv": 0.0,
    "post_vm_mv": 0.0,
    "pre_noise_rms_mv": 0.0,
    "pre_vm_mv": 0.0,
    "slow_noise_rms_mv": 0.0,
    "slow_vm_mv": 0.0,
    "specimen_id": 323535089,
    "stimulus_absolute_amplitude": 9.99999977648258,
    "stimulus_description": "EXTPCllATT141203[0]",
    "stimulus_duration": 0.069995,
    "stimulus_interval": 0.05,
    "stimulus_name": "Test",
    "stimulus_relative_amplitude": 1.0,
    "stimulus_start_time": 0.03,
    "stimulus_units": "mV",
    "sweep_number": 2,
    "vm_delta_mv": 0.0
  },
  {
    "bridge_balance_mohm": 19.1086692810059,
    "id": 396365185,
    "leak_pa": 0.0,
    "num_spikes": 300,
    "peak_deflection": 0.0,
    "post_noise_rms_mv": 0.0411684513092041,
    "post_vm_mv": -77.092170715332,
    "pre_noise_rms_mv": 0.0367203764617443,
    "pre_vm_mv": -76.6942291259766,
    "slow_noise_rms_mv": 0.158297851681709,
    "slow_vm_mv": -76.6942291259766,
    "specimen_id": 323535089,
    "stimulus_absolute_amplitude": 542.250022661506,
    "stimulus_description": "C2NSRMPRH2150120[0]",
    "stimulus_duration": 31.999975,
    "stimulus_interval": 5.0e-05,
    "stimulus_name": "Ramp to Rheobase",
    "stimulus_relative_amplitude": 1.6,
    "stimulus_start_time": 1.92002,
    "stimulus_units": "pA",
    "sweep_number": 66,
    "vm_delta_mv": 0.397941589355469
  },
  {
    "bridge_balance_mohm": 19.1086692810059,
    "id": 396365209,
    "leak_pa": 0.0,
    "num_spikes": 3,
    "peak_deflection": 0.0,
    "post_noise_rms_mv": 0.0409163646399975,
    "post_vm_mv": -76.4175262451172,
    "pre_noise_rms_mv": 0.0483041368424892,
    "pre_vm_mv": -76.3254928588867,
    "slow_noise_rms_mv": 0.159618347883224,
    "slow_vm_mv": -76.3254928588867,
    "specimen_id": 323535089,
    "stimulus_absolute_amplitude": 569.99999165086,
    "stimulus_description": "C2SSTRIPLE141203[1]",
    "stimulus_duration": 0.024995,
    "stimulus_interval": 0.008,
    "stimulus_name": "Short Square - Triple",
    "stimulus_relative_amplitude": 5.7,
    "stimulus_start_time": 1.92,
    "stimulus_units": "pA",
    "sweep_number": 77,
    "vm_delta_mv": 0.0920333862304688
  },
  {
    "bridge_balance_mohm": 19.1086692810059,
    "id": 396365203,
    "leak_pa": 0.0,
    "num_spikes": 3,
    "peak_deflection": 0.0,
    "post_noise_rms_mv": 0.0403640568256378,
    "post_vm_mv": -76.7667617797852,
    "pre_noise_rms_mv": 0.0386301465332508,
    "pre_vm_mv": -76.1321868896484,
    "slow_noise_rms_mv": 0.173442155122757,
    "slow_vm_mv": -76.1321868896484,
    "specimen_id": 323535089,
    "stimulus_absolute_amplitude": 569.99999165086,
    "stimulus_description": "C2SSTRIPLE141203[6]",
    "stimulus_duration": 0.064995,
    "stimulus_interval": 0.028,
    "stimulus_name": "Short Square - Triple",
    "stimulus_relative_amplitude": 5.7,
    "stimulus_start_time": 1.92,
    "stimulus_units": "pA",
    "sweep_number": 74,
    "vm_delta_mv": 0.634574890136719
  },
  {
    "bridge_balance_mohm": 0.0,
    "id": 396365059,
    "leak_pa": 0.0,
    "num_spikes": 0,
    "peak_deflection": 0.0,
    "post_noise_rms_mv": 0.0,
    "post_vm_mv": 0.0,
    "pre_noise_rms_mv": 0.0,
    "pre_vm_mv": 0.0,
    "slow_noise_rms_mv": 0.0,
    "slow_vm_mv": 0.0,
    "specimen_id": 323535089,
    "stimulus_absolute_amplitude": 9.99999977648258,
    "stimulus_description": "EXTPSMOKET141203[0]",
    "stimulus_duration": 0.069995,
    "stimulus_interval": 0.05,
    "stimulus_name": "Test",
    "stimulus_relative_amplitude": 1.0,
    "stimulus_start_time": 0.03,
    "stimulus_units": "mV",
    "sweep_number": 0,
    "vm_delta_mv": 0.0
  },
  {
    "bridge_balance_mohm": 19.1086692810059,
    "id": 396365077,
    "leak_pa": 0.0,
    "num_spikes": 0,
    "peak_deflection": 0.0,
    "post_noise_rms_mv": 0.0360272452235222,
    "post_vm_mv": -76.4305572509766,
    "pre_noise_rms_mv": 0.0401738472282887,
    "pre_vm_mv": -76.2615585327148,
    "slow_noise_rms_mv": 0.221516475081444,
    "slow_vm_mv": -76.2615585327148,
    "specimen_id": 323535089,
    "stimulus_absolute_amplitude": 559.999990823457,
    "stimulus_description": "C1SSFINEST150112[0]",
    "stimulus_duration": 0.002995,
    "stimulus_interval": 0.0,
    "stimulus_name": "Short Square",
    "stimulus_relative_amplitude": 5.6,
    "stimulus_start_time": 0.92,
    "stimulus_units": "pA",
    "sweep_number": 17,
    "vm_delta_mv": 0.168998718261719
  },
  {
    "bridge_balance_mohm": 19.1086692810059,
    "id": 396365177,
    "leak_pa": 0.0,
    "num_spikes": 11,
    "peak_deflection": 0.0,
    "post_noise_rms_mv": 0.0381612069904804,
    "post_vm_mv": -76.8669052124023,
    "pre_noise_rms_mv": 0.045369490981102,
    "pre_vm_mv": -76.5803451538086,
    "slow_noise_rms_mv": 0.247911617159843,
    "slow_vm_mv": -76.5803451538086,
    "specimen_id": 323535089,
    "stimulus_absolute_amplitude": 239.999992102113,
    "stimulus_description": "C2SQRHELNG150112[0]",
    "stimulus_duration": 1.999995,
    "stimulus_interval": 0.0,
    "stimulus_name": "Square - 2s Suprathreshold",
    "stimulus_relative_amplitude": 2.4,
    "stimulus_start_time": 0.92,
    "stimulus_units": "pA",
    "sweep_number": 62,
    "vm_delta_mv": 0.28656005859375
  },
  {
    "bridge_balance_mohm": 19.1086692810059,
    "id": 396365219,
    "leak_pa": 0.0,
    "num_spikes": 3,
    "peak_deflection": 0.0,
    "post_noise_rms_mv": 0.0367091037333012,
    "post_vm_mv": -76.6313781738281,
    "pre_noise_rms_mv": 0.0450190678238869,
    "pre_vm_mv": -76.2540969848633,
    "slow_noise_rms_mv": 0.293763339519501,
    "slow_vm_mv": -76.2540969848633,
    "specimen_id": 323535089,
    "stimulus_absolute_amplitude": 569.99999165086,
    "stimulus_description": "C2SSTRIPLE141203[5]",
    "stimulus_duration": 0.056995,
    "stimulus_interval": 0.024,
    "stimulus_name": "Short Square - Triple",
    "stimulus_relative_amplitude": 5.7,
    "stimulus_start_time": 1.92,
    "stimulus_units": "pA",
    "sweep_number": 81,
    "vm_delta_mv": 0.377281188964844
  },
  {
    "bridge_balance_mohm": 0.0,
    "id": 396365233,
    "leak_pa": 0.0,
    "num_spikes": 0,
    "peak_deflection": 0.0,
    "post_noise_rms_mv": 0.0,
    "post_vm_mv": 0.0,
    "pre_noise_rms_mv": 0.0,
    "pre_vm_mv": 0.0,
    "slow_noise_rms_mv": 0.0,
    "slow_vm_mv": 0.0,
    "specimen_id": 323535089,
    "stimulus_absolute_amplitude": 9.99999977648258,
    "stimulus_description": "EXTPEXPEND141203[0]",
    "stimulus_duration": 0.069995,
    "stimulus_interval": 0.05,
    "stimulus_name": "Test",
    "stimulus_relative_amplitude": 1.0,
    "stimulus_start_time": 0.03,
    "stimulus_units": "mV",
    "sweep_number": 88,
    "vm_delta_mv": 0.0
  },
  {
    "bridge_balance_mohm": 19.1086692810059,
    "id": 396365095,
    "leak_pa": 0.0,
    "num_spikes": 0,
    "peak_deflection": -90.96875,
    "post_noise_rms_mv": 0.0433587804436684,
    "post_vm_mv": -76.332275390625,
    "pre_noise_rms_mv": 0.0342610888183117,
    "pre_vm_mv": -76.5764923095703,
    "slow_noise_rms_mv": 0.204287990927696,
    "slow_vm_mv": -76.5764923095703,
    "specimen_id": 323535089,
    "stimulus_absolute_amplitude": -69.9999988529321,
    "stimulus_description": "C1LSCOARSE150112[2]",
    "stimulus_duration": 0.999995,
    "stimulus_interval": 0.0,
    "stimulus_name": "Long Square",
    "stimulus_relative_amplitude": 1.0,
    "stimulus_start_time": 0.92,
    "stimulus_units": "pA",
    "sweep_number": 25,
    "vm_delta_mv": 0.244216918945312
  },
  {
    "bridge_balance_mohm": 19.1086692810059,
    "id": 396365093,
    "leak_pa": 0.0,
    "num_spikes": 0,
    "peak_deflection": -93.53125,
    "post_noise_rms_mv": 0.039031520485878,
    "post_vm_mv": -76.127067565918,
    "pre_noise_rms_mv": 0.0468482784926891,
    "pre_vm_mv": -75.7553634643555,
    "slow_noise_rms_mv": 0.19563116133213,
    "slow_vm_mv": -75.7553634643555,
    "specimen_id": 323535089,
    "stimulus_absolute_amplitude": -90.0000005077395,
    "stimulus_description": "C1LSCOARSE150112[1]",
    "stimulus_duration": 0.999995,
    "stimulus_interval": 0.0,
    "stimulus_name": "Long Square",
    "stimulus_relative_amplitude": 1.0,
    "stimulus_start_time": 0.92,
    "stimulus_units": "pA",
    "sweep_number": 24,
    "vm_delta_mv": 0.3717041015625
  },
  {
    "bridge_balance_mohm": 19.1086692810059,
    "id": 396365071,
    "leak_pa": 0.0,
    "num_spikes": 0,
    "peak_deflection": 0.0,
    "post_noise_rms_mv": 0.041684053838253,
    "post_vm_mv": -76.7849807739258,
    "pre_noise_rms_mv": 0.0433236472308636,
    "pre_vm_mv": -76.5849304199219,
    "slow_noise_rms_mv": 0.272789478302002,
    "slow_vm_mv": -76.5849304199219,
    "specimen_id": 323535089,
    "stimulus_absolute_amplitude": 529.999988341245,
    "stimulus_description": "C1SSFINEST150112[0]",
    "stimulus_duration": 0.002995,
    "stimulus_interval": 0.0,
    "stimulus_name": "Short Square",
    "stimulus_relative_amplitude": 5.3,
    "stimulus_start_time": 0.92,
    "stimulus_units": "pA",
    "sweep_number": 14,
    "vm_delta_mv": 0.200050354003906
  },
  {
    "bridge_balance_mohm": 19.1086692810059,
    "id": 396365237,
    "leak_pa": 0.0,
    "num_spikes": 0,
    "peak_deflection": 0.0,
    "post_noise_rms_mv": 0.0404552184045315,
    "post_vm_mv": -75.5560684204102,
    "pre_noise_rms_mv": 0.0442072935402393,
    "pre_vm_mv": -75.6799621582031,
    "slow_noise_rms_mv": 0.27490308880806,
    "slow_vm_mv": -75.6799621582031,
    "specimen_id": 323535089,
    "stimulus_absolute_amplitude": 299.999997066536,
    "stimulus_description": "C1SSCOARSE150112[2]",
    "stimulus_duration": 0.002995,
    "stimulus_interval": 0.0,
    "stimulus_name": "Short Square",
    "stimulus_relative_amplitude": 1.0,
    "stimulus_start_time": 0.92,
    "stimulus_units": "pA",
    "sweep_number": 9,
    "vm_delta_mv": 0.123893737792969
  },
  {
    "bridge_balance_mohm": 19.1086692810059,
    "id": 396365187,
    "leak_pa": 0.0,
    "num_spikes": 307,
    "peak_deflection": 0.0,
    "post_noise_rms_mv": 0.0359724424779415,
    "post_vm_mv": -76.5204238891602,
    "pre_noise_rms_mv": 0.0488506108522415,
    "pre_vm_mv": -75.5219573974609,
    "slow_noise_rms_mv": 0.183596596121788,
    "slow_vm_mv": -75.5219573974609,
    "specimen_id": 323535089,
    "stimulus_absolute_amplitude": 542.250022661506,
    "stimulus_description": "C2NSRMPRH2150120[0]",
    "stimulus_duration": 31.999975,
    "stimulus_interval": 5.0e-05,
    "stimulus_name": "Ramp to Rheobase",
    "stimulus_relative_amplitude": 1.6,
    "stimulus_start_time": 1.92002,
    "stimulus_units": "pA",
    "sweep_number": 67,
    "vm_delta_mv": 0.998466491699219
  },
  {
    "bridge_balance_mohm": 19.1086692810059,
    "id": 396365097,
    "leak_pa": 0.0,
    "num_spikes": 0,
    "peak_deflection": -87.0937576293945,
    "post_noise_rms_mv": 0.0474759228527546,
    "post_vm_mv": -74.9192123413086,
    "pre_noise_rms_mv": 0.0419548340141773,
    "pre_vm_mv": -75.9081726074219,
    "slow_noise_rms_mv": 0.300776779651642,
    "slow_vm_mv": -75.9081726074219,
    "specimen_id": 323535089,
    "stimulus_absolute_amplitude": -50.0000006675716,
    "stimulus_description": "C1LSCOARSE150112[3]",
    "stimulus_duration": 0.999995,
    "stimulus_interval": 0.0,
    "stimulus_name": "Long Square",
    "stimulus_relative_amplitude": 1.0,
    "stimulus_start_time": 0.92,
    "stimulus_units": "pA",
    "sweep_number": 26,
    "vm_delta_mv": 0.988960266113281
  },
  {
    "bridge_balance_mohm": 19.1086692810059,
    "id": 396365229,
    "leak_pa": 0.0,
    "num_spikes": 3,
    "peak_deflection": 0.0,
    "post_noise_rms_mv": 0.0456956997513771,
    "post_vm_mv": -75.8932418823242,
    "pre_noise_rms_mv": 0.0400065891444683,
    "pre_vm_mv": -75.5213928222656,
    "slow_noise_rms_mv": 0.395152807235718,
    "slow_vm_mv": -75.5213928222656,
    "specimen_id": 323535089,
    "stimulus_absolute_amplitude": 569.99999165086,
    "stimulus_description": "C2SSTRIPLE141203[2]",
    "stimulus_duration": 0.032995,
    "stimulus_interval": 0.012,
    "stimulus_name": "Short Square - Triple",
    "stimulus_relative_amplitude": 5.7,
    "stimulus_start_time": 1.92,
    "stimulus_units": "pA",
    "sweep_number": 86,
    "vm_delta_mv": 0.371849060058594
  },
  {
    "bridge_balance_mohm": 19.1086692810059,
    "id": 396365065,
    "leak_pa": 0.0,
    "num_spikes": 0,
    "peak_deflection": 0.0,
    "post_noise_rms_mv": 0.0476790927350521,
    "post_vm_mv": -75.8753280639648,
    "pre_noise_rms_mv": 0.0450801104307175,
    "pre_vm_mv": -76.0893936157227,
    "slow_noise_rms_mv": 0.358726322650909,
    "slow_vm_mv": -76.0893936157227,
    "specimen_id": 323535089,
    "stimulus_absolute_amplitude": 499.999985859034,
    "stimulus_description": "C1SSCOARSE150112[4]",
    "stimulus_duration": 0.002995,
    "stimulus_interval": 0.0,
    "stimulus_name": "Short Square",
    "stimulus_relative_amplitude": 1.0,
    "stimulus_start_time": 0.92,
    "stimulus_units": "pA",
    "sweep_number": 11,
    "vm_delta_mv": 0.214065551757812
  },
  {
    "bridge_balance_mohm": 19.1086692810059,
    "id": 396365117,
    "leak_pa": 0.0,
    "num_spikes": 0,
    "peak_deflection": -34.9375,
    "post_noise_rms_mv": 0.0440703667700291,
    "post_vm_mv": -75.6848831176758,
    "pre_noise_rms_mv": 0.0480802543461323,
    "pre_vm_mv": -75.8203811645508,
    "slow_noise_rms_mv": 0.222409620881081,
    "slow_vm_mv": -75.8203811645508,
    "specimen_id": 323535089,
    "stimulus_absolute_amplitude": 129.99999687846,
    "stimulus_description": "C1LSCOARSE150112[12]",
    "stimulus_duration": 0.999995,
    "stimulus_interval": 0.0,
    "stimulus_name": "Long Square",
    "stimulus_relative_amplitude": 1.0,
    "stimulus_start_time": 0.92,
    "stimulus_units": "pA",
    "sweep_number": 35,
    "vm_delta_mv": 0.135498046875
  },
  {
    "bridge_balance_mohm": 19.1086692810059,
    "id": 396365103,
    "leak_pa": 0.0,
    "num_spikes": 0,
    "peak_deflection": -72.875,
    "post_noise_rms_mv": 0.0384150557219982,
    "post_vm_mv": -75.9268417358398,
    "pre_noise_rms_mv": 0.0439961403608322,
    "pre_vm_mv": -76.0591583251953,
    "slow_noise_rms_mv": 0.217155560851097,
    "slow_vm_mv": -76.0591583251953,
    "specimen_id": 323535089,
    "stimulus_absolute_amplitude": 9.99999996004197,
    "stimulus_description": "C1LSCOARSE150112[6]",
    "stimulus_duration": 0.999995,
    "stimulus_interval": 0.0,
    "stimulus_name": "Long Square",
    "stimulus_relative_amplitude": 1.0,
    "stimulus_start_time": 0.92,
    "stimulus_units": "pA",
    "sweep_number": 29,
    "vm_delta_mv": 0.132316589355469
  },
  {
    "bridge_balance_mohm": 19.1086692810059,
    "id": 396365081,
    "leak_pa": 0.0,
    "num_spikes": 1,
    "peak_deflection": 0.0,
    "post_noise_rms_mv": 0.04346589371562,
    "post_vm_mv": -75.5788040161133,
    "pre_noise_rms_mv": 0.0415460020303726,
    "pre_vm_mv": -75.5286331176758,
    "slow_noise_rms_mv": 0.284892946481705,
    "slow_vm_mv": -75.5286331176758,
    "specimen_id": 323535089,
    "stimulus_absolute_amplitude": 569.99999165086,
    "stimulus_description": "C1SSFINEST150112[0]",
    "stimulus_duration": 0.002995,
    "stimulus_interval": 0.0,
    "stimulus_name": "Short Square",
    "stimulus_relative_amplitude": 5.7,
    "stimulus_start_time": 0.92,
    "stimulus_units": "pA",
    "sweep_number": 19,
    "vm_delta_mv": 0.0501708984375
  },
  {
    "bridge_balance_mohm": 19.1086692810059,
    "id": 396365131,
    "leak_pa": 0.0,
    "num_spikes": 13,
    "peak_deflection": 0.0,
    "post_noise_rms_mv": 0.0413360595703125,
    "post_vm_mv": -75.9714508056641,
    "pre_noise_rms_mv": 0.0458219349384308,
    "pre_vm_mv": -75.9505310058594,
    "slow_noise_rms_mv": 0.199325203895569,
    "slow_vm_mv": -75.9505310058594,
    "specimen_id": 323535089,
    "stimulus_absolute_amplitude": 249.999992929517,
    "stimulus_description": "C1LSCOARSE150112[18]",
    "stimulus_duration": 0.999995,
    "stimulus_interval": 0.0,
    "stimulus_name": "Long Square",
    "stimulus_relative_amplitude": 1.0,
    "stimulus_start_time": 0.92,
    "stimulus_units": "pA",
    "sweep_number": 41,
    "vm_delta_mv": 0.0209197998046875
  },
  {
    "bridge_balance_mohm": 0.0,
    "id": 396365235,
    "leak_pa": 0.0,
    "num_spikes": 0,
    "peak_deflection": 0.0,
    "post_noise_rms_mv": 0.0,
    "post_vm_mv": 0.0,
    "pre_noise_rms_mv": 0.0,
    "pre_vm_mv": 0.0,
    "slow_noise_rms_mv": 0.0,
    "slow_vm_mv": 0.0,
    "specimen_id": 323535089,
    "stimulus_absolute_amplitude": 9.99999977648258,
    "stimulus_description": "EXTPGGAEND141203[0]",
    "stimulus_duration": 0.069995,
    "stimulus_interval": 0.05,
    "stimulus_name": "Test",
    "stimulus_relative_amplitude": 1.0,
    "stimulus_start_time": 0.03,
    "stimulus_units": "mV",
    "sweep_number": 89,
    "vm_delta_mv": 0.0
  },
  {
    "bridge_balance_mohm": 19.1086692810059,
    "id": 396365125,
    "leak_pa": 0.0,
    "num_spikes": 6,
    "peak_deflection": 0.0,
    "post_noise_rms_mv": 0.0428628362715244,
    "post_vm_mv": -76.1350860595703,
    "pre_noise_rms_mv": 0.0390568375587463,
    "pre_vm_mv": -75.3526000976562,
    "slow_noise_rms_mv": 0.249170050024986,
    "slow_vm_mv": -75.3526000976562,
    "specimen_id": 323535089,
    "stimulus_absolute_amplitude": 210.00000349769,
    "stimulus_description": "C1LSCOARSE150112[16]",
    "stimulus_duration": 0.999995,
    "stimulus_interval": 0.0,
    "stimulus_name": "Long Square",
    "stimulus_relative_amplitude": 1.0,
    "stimulus_start_time": 0.92,
    "stimulus_units": "pA",
    "sweep_number": 39,
    "vm_delta_mv": 0.782485961914062
  },
  {
    "bridge_balance_mohm": 19.1086692810059,
    "id": 396365155,
    "leak_pa": 0.0,
    "num_spikes": 129,
    "peak_deflection": 0.0,
    "post_noise_rms_mv": 0.039911113679409,
    "post_vm_mv": -78.2020874023438,
    "pre_noise_rms_mv": 0.0417303927242756,
    "pre_vm_mv": -77.2102890014648,
    "slow_noise_rms_mv": 0.205049350857735,
    "slow_vm_mv": -77.2102890014648,
    "specimen_id": 323535089,
    "stimulus_absolute_amplitude": 370.874997379644,
    "stimulus_description": "C1NSSEED_1150112[0]",
    "stimulus_duration": 18.999995,
    "stimulus_interval": 5.0,
    "stimulus_name": "Noise 1",
    "stimulus_relative_amplitude": 1.6,
    "stimulus_start_time": 1.92,
    "stimulus_units": "pA",
    "sweep_number": 52,
    "vm_delta_mv": 0.991798400878906
  }
]