[
  {
    "bridge_balance_mohm": 18.0097675323486,
    "id": 396429038,
    "leak_pa": 0.0,
    "num_spikes": 18,
    "peak_deflection": 0.0,
    "post_noise_rms_mv": 0.0372775420546532,
    "post_vm_mv": -85.5430297851562,
    "pre_noise_rms_mv": 0.047063373029232,
    "pre_vm_mv": -85.8827209472656,
    "slow_noise_rms_mv": 0.0750041604042053,
    "slow_vm_mv": -85.8827209472656,
    "specimen_id": 386049446,
    "stimulus_absolute_amplitude": 190.000001842883,
    "stimulus_description": "C1LSCOARSE150216[15]",
    "stimulus_duration": 0.999995,
    "stimulus_interval": 0.0,
    "stimulus_name": "Long Square",
    "stimulus_relative_amplitude": 1.0,
    "stimulus_start_time": 0.92,
    "stimulus_units": "pA",
    "sweep_number": 37,
    "vm_delta_mv": 0.339691162109375
  },
  {
    "bridge_balance_mohm": 18.0097675323486,
    "id": 396429052,
    "leak_pa": 0.0,
    "num_spikes": 2,
    "peak_deflection": 0.0,
    "post_noise_rms_mv": 0.0331542752683163,
    "post_vm_mv": -85.9002990722656,
    "pre_noise_rms_mv": 0.0397489108145237,
    "pre_vm_mv": -85.8799514770508,
    "slow_noise_rms_mv": 0.13121297955513,
    "slow_vm_mv": -85.8799514770508,
    "specimen_id": 386049446,
    "stimulus_absolute_amplitude": 110.000002162547,
    "stimulus_description": "C1LSFINEST150112[0]",
    "stimulus_duration": 0.999995,
    "stimulus_interval": 0.0,
    "stimulus_name": "Long Square",
    "stimulus_relative_amplitude": 1.1,
    "stimulus_start_time": 0.92,
    "stimulus_units": "pA",
    "sweep_number": 43,
    "vm_delta_mv": 0.0203475952148438
  },
  {
    "bridge_balance_mohm": 18.0097675323486,
    "id": 396429026,
    "leak_pa": 0.0,
    "num_spikes": 0,
    "peak_deflection": -66.1875,
    "post_noise_rms_mv": 0.034449964761734,
    "post_vm_mv": -85.4452514648438,
    "pre_noise_rms_mv": 0.0413493402302265,
    "pre_vm_mv": -84.8479309082031,
    "slow_noise_rms_mv": 0.145418837666512,
    "slow_vm_mv": -84.8479309082031,
    "specimen_id": 386049446,
    "stimulus_absolute_amplitude": 69.9999988529321,
    "stimulus_description": "C1LSCOARSE150216[9]",
    "stimulus_duration": 0.999995,
    "stimulus_interval": 0.0,
    "stimulus_name": "Long Square",
    "stimulus_relative_amplitude": 1.0,
    "stimulus_start_time": 0.92,
    "stimulus_units": "pA",
    "sweep_number": 31,
    "vm_delta_mv": 0.597320556640625
  },
  {
    "bridge_balance_mohm": 18.0097675323486,
    "id": 396429010,
    "leak_pa": 0.0,
    "num_spikes": 0,
    "peak_deflection": -95.1250076293945,
    "post_noise_rms_mv": 0.0392460599541664,
    "post_vm_mv": -83.579963684082,
    "pre_noise_rms_mv": 0.0302414745092392,
    "pre_vm_mv": -83.7375717163086,
    "slow_noise_rms_mv": 0.236724600195885,
    "slow_vm_mv": -83.7375717163086,
    "specimen_id": 386049446,
    "stimulus_absolute_amplitude": -69.9999988529321,
    "stimulus_description": "C1LSCOARSE150216[2]",
    "stimulus_duration": 0.999995,
    "stimulus_interval": 0.0,
    "stimulus_name": "Long Square",
    "stimulus_relative_amplitude": 1.0,
    "stimulus_start_time": 0.92,
    "stimulus_units": "pA",
    "sweep_number": 24,
    "vm_delta_mv": 0.157608032226562
  },
  {
    "bridge_balance_mohm": 18.0097675323486,
    "id": 396429082,
    "leak_pa": 0.0,
    "num_spikes": 4,
    "peak_deflection": 0.0,
    "post_noise_rms_mv": 0.0427733883261681,
    "post_vm_mv": -82.6434631347656,
    "pre_noise_rms_mv": 0.0545528382062912,
    "pre_vm_mv": -82.813606262207,
    "slow_noise_rms_mv": 0.25324559211731,
    "slow_vm_mv": -82.813606262207,
    "specimen_id": 386049446,
    "stimulus_absolute_amplitude": 249.999992929517,
    "stimulus_description": "C2SQRHELNG150216[0]",
    "stimulus_duration": 1.999995,
    "stimulus_interval": 0.0,
    "stimulus_name": "Square - 2s Suprathreshold",
    "stimulus_relative_amplitude": 2.5,
    "stimulus_start_time": 0.92,
    "stimulus_units": "pA",
    "sweep_number": 57,
    "vm_delta_mv": 0.170143127441406
  },
  {
    "bridge_balance_mohm": 18.0097675323486,
    "id": 396429006,
    "leak_pa": 0.0,
    "num_spikes": 0,
    "peak_deflection": -99.6562576293945,
    "post_noise_rms_mv": 0.0385123640298843,
    "post_vm_mv": -84.1792297363281,
    "pre_noise_rms_mv": 0.0539039485156536,
    "pre_vm_mv": -84.6020584106445,
    "slow_noise_rms_mv": 0.117956191301346,
    "slow_vm_mv": -84.6020584106445,
    "specimen_id": 386049446,
    "stimulus_absolute_amplitude": -110.000002162547,
    "stimulus_description": "C1LSCOARSE150216[0]",
    "stimulus_duration": 0.999995,
    "stimulus_interval": 0.0,
    "stimulus_name": "Long Square",
    "stimulus_relative_amplitude": 1.0,
    "stimulus_start_time": 0.92,
    "stimulus_units": "pA",
    "sweep_number": 22,
    "vm_delta_mv": 0.422828674316406
  },
  {
    "bridge_balance_mohm": 18.0097675323486,
    "id": 396429070,
    "leak_pa": 0.0,
    "num_spikes": 32,
    "peak_deflection": 0.0,
    "post_noise_rms_mv": 0.0403022579848766,
    "post_vm_mv": -86.0238800048828,
    "pre_noise_rms_mv": 0.0514885894954205,
    "pre_vm_mv": -86.2234878540039,
    "slow_noise_rms_mv": 0.142422243952751,
    "slow_vm_mv": -86.2234878540039,
    "specimen_id": 386049446,
    "stimulus_absolute_amplitude": 254.999993343219,
    "stimulus_description": "C1NSSEED_1150216[0]",
    "stimulus_duration": 18.999995,
    "stimulus_interval": 5.0,
    "stimulus_name": "Noise 1",
    "stimulus_relative_amplitude": 1.1,
    "stimulus_start_time": 1.92,
    "stimulus_units": "pA",
    "sweep_number": 51,
    "vm_delta_mv": 0.199607849121094
  },
  {
    "bridge_balance_mohm": 18.0097675323486,
    "id": 396429008,
    "leak_pa": 0.0,
    "num_spikes": 0,
    "peak_deflection": -96.9687576293945,
    "post_noise_rms_mv": 0.0396165177226067,
    "post_vm_mv": -83.6157073974609,
    "pre_noise_rms_mv": 0.0320994555950165,
    "pre_vm_mv": -83.1310882568359,
    "slow_noise_rms_mv": 0.353485763072968,
    "slow_vm_mv": -83.1310882568359,
    "specimen_id": 386049446,
    "stimulus_absolute_amplitude": -90.0000005077395,
    "stimulus_description": "C1LSCOARSE150216[1]",
    "stimulus_duration": 0.999995,
    "stimulus_interval": 0.0,
    "stimulus_name": "Long Square",
    "stimulus_relative_amplitude": 1.0,
    "stimulus_start_time": 0.92,
    "stimulus_units": "pA",
    "sweep_number": 23,
    "vm_delta_mv": 0.484619140625
  },
  {
    "bridge_balance_mohm": 0.0,
    "id": 396429102,
    "leak_pa": 0.0,
    "num_spikes": 0,
    "peak_deflection": 0.0,
    "post_noise_rms_mv": 0.0,
    "post_vm_mv": 0.0,
    "pre_noise_rms_mv": 0.0,
    "pre_vm_mv": 0.0,
    "slow_noise_rms_mv": 0.0,
    "slow_vm_mv": 0.0,
    "specimen_id": 386049446,
    "stimulus_absolute_amplitude": 9.99999977648258,
    "stimulus_description": "EXTPGGAEND141203[0]",
    "stimulus_duration": 0.069995,
    "stimulus_interval": 0.05,
    "stimulus_name": "Test",
    "stimulus_relative_amplitude": 1.0,
    "stimulus_start_time": 0.03,
    "stimulus_units": "mV",
    "sweep_number": 66,
    "vm_delta_mv": 0.0
  },
  {
    "bridge_balance_mohm": 15.9951162338257,
    "id": 396429044,
    "leak_pa": 0.0,
    "num_spikes": 28,
    "peak_deflection": 0.0,
    "post_noise_rms_mv": 0.0,
    "post_vm_mv": 0.0,
    "pre_noise_rms_mv": 0.0394022464752197,
    "pre_vm_mv": -84.365966796875,
    "slow_noise_rms_mv": 0.0662100166082382,
    "slow_vm_mv": -84.365966796875,
    "specimen_id": 386049446,
    "stimulus_absolute_amplitude": 800.000010681146,
    "stimulus_description": "C1RP25PR1S141203[0]",
    "stimulus_duration": 31.997495,
    "stimulus_interval": 0.0,
    "stimulus_name": "Ramp",
    "stimulus_relative_amplitude": 1.0,
    "stimulus_start_time": 0.9225,
    "stimulus_units": "pA",
    "sweep_number": 4,
    "vm_delta_mv": 0.0
  },
  {
    "bridge_balance_mohm": 18.0097675323486,
    "id": 396429084,
    "leak_pa": 0.0,
    "num_spikes": 5,
    "peak_deflection": 0.0,
    "post_noise_rms_mv": 0.0417874827980995,
    "post_vm_mv": -81.7728881835938,
    "pre_noise_rms_mv": 0.0425100512802601,
    "pre_vm_mv": -82.3641052246094,
    "slow_noise_rms_mv": 0.199638053774834,
    "slow_vm_mv": -82.3641052246094,
    "specimen_id": 386049446,
    "stimulus_absolute_amplitude": 249.999992929517,
    "stimulus_description": "C2SQRHELNG150216[0]",
    "stimulus_duration": 1.999995,
    "stimulus_interval": 0.0,
    "stimulus_name": "Square - 2s Suprathreshold",
    "stimulus_relative_amplitude": 2.5,
    "stimulus_start_time": 0.92,
    "stimulus_units": "pA",
    "sweep_number": 58,
    "vm_delta_mv": 0.591217041015625
  },
  {
    "bridge_balance_mohm": 18.0097675323486,
    "id": 396429058,
    "leak_pa": 0.0,
    "num_spikes": 42,
    "peak_deflection": 0.0,
    "post_noise_rms_mv": 0.0420728288590908,
    "post_vm_mv": -85.0158767700195,
    "pre_noise_rms_mv": 0.0400033034384251,
    "pre_vm_mv": -84.8506164550781,
    "slow_noise_rms_mv": 0.153822734951973,
    "slow_vm_mv": -84.8506164550781,
    "specimen_id": 386049446,
    "stimulus_absolute_amplitude": 259.374993705208,
    "stimulus_description": "C1NSSEED_2150216[0]",
    "stimulus_duration": 18.999995,
    "stimulus_interval": 5.0,
    "stimulus_name": "Noise 2",
    "stimulus_relative_amplitude": 1.1,
    "stimulus_start_time": 1.92,
    "stimulus_units": "pA",
    "sweep_number": 46,
    "vm_delta_mv": 0.165260314941406
  },
  {
    "bridge_balance_mohm": 18.0097675323486,
    "id": 396429020,
    "leak_pa": 0.0,
    "num_spikes": 0,
    "peak_deflection": -77.40625,
    "post_noise_rms_mv": 0.0378981567919254,
    "post_vm_mv": -85.0766830444336,
    "pre_noise_rms_mv": 0.0419960767030716,
    "pre_vm_mv": -84.90966796875,
    "slow_noise_rms_mv": 0.110428936779499,
    "slow_vm_mv": -84.90966796875,
    "specimen_id": 386049446,
    "stimulus_absolute_amplitude": 29.9999990127642,
    "stimulus_description": "C1LSCOARSE150216[7]",
    "stimulus_duration": 0.999995,
    "stimulus_interval": 0.0,
    "stimulus_name": "Long Square",
    "stimulus_relative_amplitude": 1.0,
    "stimulus_start_time": 0.92,
    "stimulus_units": "pA",
    "sweep_number": 29,
    "vm_delta_mv": 0.167015075683594
  },
  {
    "bridge_balance_mohm": 15.9951162338257,
    "id": 396428982,
    "leak_pa": 0.0,
    "num_spikes": 0,
    "peak_deflection": 0.0,
    "post_noise_rms_mv": 0.0443544425070286,
    "post_vm_mv": -85.2143096923828,
    "pre_noise_rms_mv": 0.0436359941959381,
    "pre_vm_mv": -85.0441970825195,
    "slow_noise_rms_mv": 0.222547724843025,
    "slow_vm_mv": -85.0441970825195,
    "specimen_id": 386049446,
    "stimulus_absolute_amplitude": 499.999985859034,
    "stimulus_description": "C1SSCOARSE150112[4]",
    "stimulus_duration": 0.002995,
    "stimulus_interval": 0.0,
    "stimulus_name": "Short Square",
    "stimulus_relative_amplitude": 1.0,
    "stimulus_start_time": 0.92,
    "stimulus_units": "pA",
    "sweep_number": 11,
    "vm_delta_mv": 0.170112609863281
  },
  {
    "bridge_balance_mohm": 18.0097675323486,
    "id": 396429030,
    "leak_pa": 0.0,
    "num_spikes": 1,
    "peak_deflection": 0.0,
    "post_noise_rms_mv": 0.0586727969348431,
    "post_vm_mv": -85.896842956543,
    "pre_noise_rms_mv": 0.0398869179189205,
    "pre_vm_mv": -85.8490524291992,
    "slow_noise_rms_mv": 0.240187168121338,
    "slow_vm_mv": -85.8490524291992,
    "specimen_id": 386049446,
    "stimulus_absolute_amplitude": 110.000002162547,
    "stimulus_description": "C1LSCOARSE150216[11]",
    "stimulus_duration": 0.999995,
    "stimulus_interval": 0.0,
    "stimulus_name": "Long Square",
    "stimulus_relative_amplitude": 1.0,
    "stimulus_start_time": 0.92,
    "stimulus_units": "pA",
    "sweep_number": 33,
    "vm_delta_mv": 0.04779052734375
  },
  {
    "bridge_balance_mohm": 15.9951162338257,
    "id": 396428980,
    "leak_pa": 0.0,
    "num_spikes": 0,
    "peak_deflection": 0.0,
    "post_noise_rms_mv": 0.0372641831636429,
    "post_vm_mv": -84.6173477172852,
    "pre_noise_rms_mv": 0.0412566252052784,
    "pre_vm_mv": -84.3007583618164,
    "slow_noise_rms_mv": 0.197244197130203,
    "slow_vm_mv": -84.3007583618164,
    "specimen_id": 386049446,
    "stimulus_absolute_amplitude": 400.000005340573,
    "stimulus_description": "C1SSCOARSE150112[3]",
    "stimulus_duration": 0.002995,
    "stimulus_interval": 0.0,
    "stimulus_name": "Short Square",
    "stimulus_relative_amplitude": 1.0,
    "stimulus_start_time": 0.92,
    "stimulus_units": "pA",
    "sweep_number": 10,
    "vm_delta_mv": 0.31658935546875
  },
  {
    "bridge_balance_mohm": 0.0,
    "id": 396428976,
    "leak_pa": 0.0,
    "num_spikes": 0,
    "peak_deflection": 0.0,
    "post_noise_rms_mv": 0.0,
    "post_vm_mv": 0.0,
    "pre_noise_rms_mv": 0.0,
    "pre_vm_mv": 0.0,
    "slow_noise_rms_mv": 0.0,
    "slow_vm_mv": 0.0,
    "specimen_id": 386049446,
    "stimulus_absolute_amplitude": 9.99999977648258,
    "stimulus_description": "EXTPSMOKET141203[0]",
    "stimulus_duration": 0.069995,
    "stimulus_interval": 0.05,
    "stimulus_name": "Test",
    "stimulus_relative_amplitude": 1.0,
    "stimulus_start_time": 0.03,
    "stimulus_units": "mV",
    "sweep_number": 0,
    "vm_delta_mv": 0.0
  },
  {
    "bridge_balance_mohm": 15.9951162338257,
    "id": 396428988,
    "leak_pa": 0.0,
    "num_spikes": 0,
    "peak_deflection": 0.0,
    "post_noise_rms_mv": 0.035535391420126,
    "post_vm_mv": -84.2371673583984,
    "pre_noise_rms_mv": 0.0427764318883419,
    "pre_vm_mv": -84.3777465820312,
    "slow_noise_rms_mv": 0.122477509081364,
    "slow_vm_mv": -84.3777465820312,
    "specimen_id": 386049446,
    "stimulus_absolute_amplitude": 800.000010681146,
    "stimulus_description": "C1SSCOARSE150112[7]",
    "stimulus_duration": 0.002995,
    "stimulus_interval": 0.0,
    "stimulus_name": "Short Square",
    "stimulus_relative_amplitude": 1.0,
    "stimulus_start_time": 0.92,
    "stimulus_units": "pA",
    "sweep_number": 14,
    "vm_delta_mv": 0.140579223632812
  },
  {
    "bridge_balance_mohm": 15.9951162338257,
    "id": 396429106,
    "leak_pa": 0.0,
    "num_spikes": 0,
    "peak_deflection": 0.0,
    "post_noise_rms_mv": 0.0387325808405876,
    "post_vm_mv": -85.649658203125,
    "pre_noise_rms_mv": 0.0390223972499371,
    "pre_vm_mv": -85.8261032104492,
    "slow_noise_rms_mv": 0.0791861414909363,
    "slow_vm_mv": -85.8261032104492,
    "specimen_id": 386049446,
    "stimulus_absolute_amplitude": 100.000001335143,
    "stimulus_description": "C1SSCOARSE150112[0]",
    "stimulus_duration": 0.002995,
    "stimulus_interval": 0.0,
    "stimulus_name": "Short Square",
    "stimulus_relative_amplitude": 1.0,
    "stimulus_start_time": 0.92,
    "stimulus_units": "pA",
    "sweep_number": 7,
    "vm_delta_mv": 0.176445007324219
  },
  {
    "bridge_balance_mohm": 15.9951162338257,
    "id": 396429004,
    "leak_pa": 0.0,
    "num_spikes": 1,
    "peak_deflection": 0.0,
    "post_noise_rms_mv": 0.0421463660895824,
    "post_vm_mv": -83.9098968505859,
    "pre_noise_rms_mv": 0.0379227064549923,
    "pre_vm_mv": -84.0083084106445,
    "slow_noise_rms_mv": 0.114317663013935,
    "slow_vm_mv": -84.0083084106445,
    "specimen_id": 386049446,
    "stimulus_absolute_amplitude": 840.00001399076,
    "stimulus_description": "C1SSFINEST150112[0]",
    "stimulus_duration": 0.002995,
    "stimulus_interval": 0.0,
    "stimulus_name": "Short Square",
    "stimulus_relative_amplitude": 8.4,
    "stimulus_start_time": 0.92,
    "stimulus_units": "pA",
    "sweep_number": 21,
    "vm_delta_mv": 0.0984115600585938
  },
  {
    "bridge_balance_mohm": 18.0097675323486,
    "id": 396429062,
    "leak_pa": 0.0,
    "num_spikes": 42,
    "peak_deflection": 0.0,
    "post_noise_rms_mv": 0.0329187735915184,
    "post_vm_mv": -84.2089462280273,
    "pre_noise_rms_mv": 0.0406370349228382,
    "pre_vm_mv": -84.9099502563477,
    "slow_noise_rms_mv": 0.415805608034134,
    "slow_vm_mv": -84.9099502563477,
    "specimen_id": 386049446,
    "stimulus_absolute_amplitude": 259.374993705208,
    "stimulus_description": "C1NSSEED_2150216[0]",
    "stimulus_duration": 18.999995,
    "stimulus_interval": 5.0,
    "stimulus_name": "Noise 2",
    "stimulus_relative_amplitude": 1.1,
    "stimulus_start_time": 1.92,
    "stimulus_units": "pA",
    "sweep_number": 48,
    "vm_delta_mv": 0.701004028320312
  },
  {
    "bridge_balance_mohm": 15.9951162338257,
    "id": 396428992,
    "leak_pa": 0.0,
    "num_spikes": 0,
    "peak_deflection": 0.0,
    "post_noise_rms_mv": 0.0408646762371063,
    "post_vm_mv": -84.4716110229492,
    "pre_noise_rms_mv": 0.0360855981707573,
    "pre_vm_mv": -84.1335678100586,
    "slow_noise_rms_mv": 0.301751047372818,
    "slow_vm_mv": -84.1335678100586,
    "specimen_id": 386049446,
    "stimulus_absolute_amplitude": 830.000013163357,
    "stimulus_description": "C1SSFINEST150112[0]",
    "stimulus_duration": 0.002995,
    "stimulus_interval": 0.0,
    "stimulus_name": "Short Square",
    "stimulus_relative_amplitude": 8.3,
    "stimulus_start_time": 0.92,
    "stimulus_units": "pA",
    "sweep_number": 16,
    "vm_delta_mv": 0.338043212890625
  },
  {
    "bridge_balance_mohm": 18.0097675323486,
    "id": 396429042,
    "leak_pa": 0.0,
    "num_spikes": 23,
    "peak_deflection": 0.0,
    "post_noise_rms_mv": 0.0381247811019421,
    "post_vm_mv": -85.4086837768555,
    "pre_noise_rms_mv": 0.0423505902290344,
    "pre_vm_mv": -85.8146820068359,
    "slow_noise_rms_mv": 0.0787061452865601,
    "slow_vm_mv": -85.8146820068359,
    "specimen_id": 386049446,
    "stimulus_absolute_amplitude": 230.000005152498,
    "stimulus_description": "C1LSCOARSE150216[17]",
    "stimulus_duration": 0.999995,
    "stimulus_interval": 0.0,
    "stimulus_name": "Long Square",
    "stimulus_relative_amplitude": 1.0,
    "stimulus_start_time": 0.92,
    "stimulus_units": "pA",
    "sweep_number": 39,
    "vm_delta_mv": 0.405998229980469
  },
  {
    "bridge_balance_mohm": 15.9951162338257,
    "id": 396428984,
    "leak_pa": 0.0,
    "num_spikes": 0,
    "peak_deflection": 0.0,
    "post_noise_rms_mv": 0.0396776534616947,
    "post_vm_mv": -84.5752792358398,
    "pre_noise_rms_mv": 0.0401383377611637,
    "pre_vm_mv": -84.7598037719727,
    "slow_noise_rms_mv": 0.11790506541729,
    "slow_vm_mv": -84.7598037719727,
    "specimen_id": 386049446,
    "stimulus_absolute_amplitude": 599.999994133071,
    "stimulus_description": "C1SSCOARSE150112[5]",
    "stimulus_duration": 0.002995,
    "stimulus_interval": 0.0,
    "stimulus_name": "Short Square",
    "stimulus_relative_amplitude": 1.0,
    "stimulus_start_time": 0.92,
    "stimulus_units": "pA",
    "sweep_number": 12,
    "vm_delta_mv": 0.184524536132812
  },
  {
    "bridge_balance_mohm": 0.0,
    "id": 396429000,
    "leak_pa": 0.0,
    "num_spikes": 0,
    "peak_deflection": 0.0,
    "post_noise_rms_mv": 0.0,
    "post_vm_mv": 0.0,
    "pre_noise_rms_mv": 0.0,
    "pre_vm_mv": 0.0,
    "slow_noise_rms_mv": 0.0,
    "slow_vm_mv": 0.0,
    "specimen_id": 386049446,
    "stimulus_absolute_amplitude": 9.99999977648258,
    "stimulus_description": "EXTPCllATT141203[0]",
    "stimulus_duration": 0.069995,
    "stimulus_interval": 0.05,
    "stimulus_name": "Test",
    "stimulus_relative_amplitude": 1.0,
    "stimulus_start_time": 0.03,
    "stimulus_units": "mV",
    "sweep_number": 2,
    "vm_delta_mv": 0.0
  },
  {
    "bridge_balance_mohm": 15.9951162338257,
    "id": 396428986,
    "leak_pa": 0.0,
    "num_spikes": 0,
    "peak_deflection": 0.0,
    "post_noise_rms_mv": 0.0421848259866238,
    "post_vm_mv": -84.3226165771484,
    "pre_noise_rms_mv": 0.0361807830631733,
    "pre_vm_mv": -84.4848022460938,
    "slow_noise_rms_mv": 0.0713217332959175,
    "slow_vm_mv": -84.4848022460938,
    "specimen_id": 386049446,
    "stimulus_absolute_amplitude": 700.000002407108,
    "stimulus_description": "C1SSCOARSE150112[6]",
    "stimulus_duration": 0.002995,
    "stimulus_interval": 0.0,
    "stimulus_name": "Short Square",
    "stimulus_relative_amplitude": 1.0,
    "stimulus_start_time": 0.92,
    "stimulus_units": "pA",
    "sweep_number": 13,
    "vm_delta_mv": 0.162185668945312
  },
  {
    "bridge_balance_mohm": 15.9951162338257,
    "id": 396428994,
    "leak_pa": 0.0,
    "num_spikes": 1,
    "peak_deflection": 0.0,
    "post_noise_rms_mv": 0.0381765440106392,
    "post_vm_mv": -84.7003021240234,
    "pre_noise_rms_mv": 0.0391535311937332,
    "pre_vm_mv": -84.7176971435547,
    "slow_noise_rms_mv": 0.0821420475840569,
    "slow_vm_mv": -84.7176971435547,
    "specimen_id": 386049446,
    "stimulus_absolute_amplitude": 840.00001399076,
    "stimulus_description": "C1SSFINEST150112[0]",
    "stimulus_duration": 0.002995,
    "stimulus_interval": 0.0,
    "stimulus_name": "Short Square",
    "stimulus_relative_amplitude": 8.4,
    "stimulus_start_time": 0.92,
    "stimulus_units": "pA",
    "sweep_number": 17,
    "vm_delta_mv": 0.01739501953125
  },
  {
    "bridge_balance_mohm": 18.0097675323486,
    "id": 396429064,
    "leak_pa": 0.0,
    "num_spikes": 40,
    "peak_deflection": 0.0,
    "post_noise_rms_mv": 0.041955441236496,
    "post_vm_mv": -84.4784164428711,
    "pre_noise_rms_mv": 0.0429596900939941,
    "pre_vm_mv": -84.7028884887695,
    "slow_noise_rms_mv": 0.279610931873322,
    "slow_vm_mv": -84.7028884887695,
    "specimen_id": 386049446,
    "stimulus_absolute_amplitude": 254.999993343219,
    "stimulus_description": "C1NSSEED_1150216[0]",
    "stimulus_duration": 18.999995,
    "stimulus_interval": 5.0,
    "stimulus_name": "Noise 1",
    "stimulus_relative_amplitude": 1.1,
    "stimulus_start_time": 1.92,
    "stimulus_units": "pA",
    "sweep_number": 49,
    "vm_delta_mv": 0.224472045898438
  },
  {
    "bridge_balance_mohm": 15.9951162338257,
    "id": 396429088,
    "leak_pa": 0.0,
    "num_spikes": 16,
    "peak_deflection": 0.0,
    "post_noise_rms_mv": 0.0,
    "post_vm_mv": 0.0,
    "pre_noise_rms_mv": 0.0310843139886856,
    "pre_vm_mv": -84.9643630981445,
    "slow_noise_rms_mv": 0.0976042971014977,
    "slow_vm_mv": -84.9643630981445,
    "specimen_id": 386049446,
    "stimulus_absolute_amplitude": 800.000010681146,
    "stimulus_description": "C1RP25PR1S141203[0]",
    "stimulus_duration": 31.997495,
    "stimulus_interval": 0.0,
    "stimulus_name": "Ramp",
    "stimulus_relative_amplitude": 1.0,
    "stimulus_start_time": 0.9225,
    "stimulus_units": "pA",
    "sweep_number": 6,
    "vm_delta_mv": 0.0
  },
  {
    "bridge_balance_mohm": 0.0,
    "id": 396429022,
    "leak_pa": 0.0,
    "num_spikes": 0,
    "peak_deflection": 0.0,
    "post_noise_rms_mv": 0.0,
    "post_vm_mv": 0.0,
    "pre_noise_rms_mv": 0.0,
    "pre_vm_mv": 0.0,
    "slow_noise_rms_mv": 0.0,
    "slow_vm_mv": 0.0,
    "specimen_id": 386049446,
    "stimulus_absolute_amplitude": 9.99999977648258,
    "stimulus_description": "EXTPBREAKN141203[0]",
    "stimulus_duration": 0.069995,
    "stimulus_interval": 0.05,
    "stimulus_name": "Test",
    "stimulus_relative_amplitude": 1.0,
    "stimulus_start_time": 0.03,
    "stimulus_units": "mV",
    "sweep_number": 3,
    "vm_delta_mv": 0.0
  },
  {
    "bridge_balance_mohm": 18.0097675323486,
    "id": 396429032,
    "leak_pa": 0.0,
    "num_spikes": 7,
    "peak_deflection": 0.0,
    "post_noise_rms_mv": 0.0391525216400623,
    "post_vm_mv": -85.5980834960938,
    "pre_noise_rms_mv": 0.0455627329647541,
    "pre_vm_mv": -85.0554809570312,
    "slow_noise_rms_mv": 0.198315605521202,
    "slow_vm_mv": -85.0554809570312,
    "specimen_id": 386049446,
    "stimulus_absolute_amplitude": 129.99999687846,
    "stimulus_description": "C1LSCOARSE150216[12]",
    "stimulus_duration": 0.999995,
    "stimulus_interval": 0.0,
    "stimulus_name": "Long Square",
    "stimulus_relative_amplitude": 1.0,
    "stimulus_start_time": 0.92,
    "stimulus_units": "pA",
    "sweep_number": 34,
    "vm_delta_mv": 0.5426025390625
  },
  {
    "bridge_balance_mohm": 18.0097675323486,
    "id": 396429092,
    "leak_pa": 0.0,
    "num_spikes": 16,
    "peak_deflection": 0.0,
    "post_noise_rms_mv": 0.0431569926440716,
    "post_vm_mv": -83.3278884887695,
    "pre_noise_rms_mv": 0.0445284694433212,
    "pre_vm_mv": -83.9229736328125,
    "slow_noise_rms_mv": 0.147016257047653,
    "slow_vm_mv": -83.9229736328125,
    "specimen_id": 386049446,
    "stimulus_absolute_amplitude": 289.999996239132,
    "stimulus_description": "C2SQRHELNG150216[0]",
    "stimulus_duration": 1.999995,
    "stimulus_interval": 0.0,
    "stimulus_name": "Square - 2s Suprathreshold",
    "stimulus_relative_amplitude": 2.9,
    "stimulus_start_time": 0.92,
    "stimulus_units": "pA",
    "sweep_number": 61,
    "vm_delta_mv": 0.595085144042969
  },
  {
    "bridge_balance_mohm": 0.0,
    "id": 396428978,
    "leak_pa": 0.0,
    "num_spikes": 0,
    "peak_deflection": 0.0,
    "post_noise_rms_mv": 0.0,
    "post_vm_mv": 0.0,
    "pre_noise_rms_mv": 0.0,
    "pre_vm_mv": 0.0,
    "slow_noise_rms_mv": 0.0,
    "slow_vm_mv": 0.0,
    "specimen_id": 386049446,
    "stimulus_absolute_amplitude": 9.99999977648258,
    "stimulus_description": "EXTPINBATH141203[0]",
    "stimulus_duration": 0.069995,
    "stimulus_interval": 0.05,
    "stimulus_name": "Test",
    "stimulus_relative_amplitude": 1.0,
    "stimulus_start_time": 0.03,
    "stimulus_units": "mV",
    "sweep_number": 1,
    "vm_delta_mv": 0.0
  },
  {
    "bridge_balance_mohm": 18.0097675323486,
    "id": 396429086,
    "leak_pa": 0.0,
    "num_spikes": 6,
    "peak_deflection": 0.0,
    "post_noise_rms_mv": 0.0400469154119492,
    "post_vm_mv": -82.367301940918,
    "pre_noise_rms_mv": 0.0361274592578411,
    "pre_vm_mv": -82.1258773803711,
    "slow_noise_rms_mv": 0.242942541837692,
    "slow_vm_mv": -82.1258773803711,
    "specimen_id": 386049446,
    "stimulus_absolute_amplitude": 249.999992929517,
    "stimulus_description": "C2SQRHELNG150216[0]",
    "stimulus_duration": 1.999995,
    "stimulus_interval": 0.0,
    "stimulus_name": "Square - 2s Suprathreshold",
    "stimulus_relative_amplitude": 2.5,
    "stimulus_start_time": 0.92,
    "stimulus_units": "pA",
    "sweep_number": 59,
    "vm_delta_mv": 0.241424560546875
  },
  {
    "bridge_balance_mohm": 18.0097675323486,
    "id": 396429054,
    "leak_pa": 0.0,
    "num_spikes": 3,
    "peak_deflection": 0.0,
    "post_noise_rms_mv": 0.0423734113574028,
    "post_vm_mv": -85.0341186523438,
    "pre_noise_rms_mv": 0.036383930593729,
    "pre_vm_mv": -85.8358612060547,
    "slow_noise_rms_mv": 0.110652796924114,
    "slow_vm_mv": -85.8358612060547,
    "specimen_id": 386049446,
    "stimulus_absolute_amplitude": 110.000002162547,
    "stimulus_description": "C1LSFINEST150112[0]",
    "stimulus_duration": 0.999995,
    "stimulus_interval": 0.0,
    "stimulus_name": "Long Square",
    "stimulus_relative_amplitude": 1.1,
    "stimulus_start_time": 0.92,
    "stimulus_units": "pA",
    "sweep_number": 44,
    "vm_delta_mv": 0.801742553710938
  },
  {
    "bridge_balance_mohm": 15.9951162338257,
    "id": 396429110,
    "leak_pa": 0.0,
    "num_spikes": 0,
    "peak_deflection": 0.0,
    "post_noise_rms_mv": 0.0317339263856411,
    "post_vm_mv": -84.9261016845703,
    "pre_noise_rms_mv": 0.0412462390959263,
    "pre_vm_mv": -85.212043762207,
    "slow_noise_rms_mv": 0.256595402956009,
    "slow_vm_mv": -85.212043762207,
    "specimen_id": 386049446,
    "stimulus_absolute_amplitude": 299.999997066536,
    "stimulus_description": "C1SSCOARSE150112[2]",
    "stimulus_duration": 0.002995,
    "stimulus_interval": 0.0,
    "stimulus_name": "Short Square",
    "stimulus_relative_amplitude": 1.0,
    "stimulus_start_time": 0.92,
    "stimulus_units": "pA",
    "sweep_number": 9,
    "vm_delta_mv": 0.285942077636719
  },
  {
    "bridge_balance_mohm": 18.0097675323486,
    "id": 396429046,
    "leak_pa": 0.0,
    "num_spikes": 25,
    "peak_deflection": 0.0,
    "post_noise_rms_mv": 0.0389786101877689,
    "post_vm_mv": -85.545539855957,
    "pre_noise_rms_mv": 0.039238452911377,
    "pre_vm_mv": -85.8269500732422,
    "slow_noise_rms_mv": 0.0640644729137421,
    "slow_vm_mv": -85.8269500732422,
    "specimen_id": 386049446,
    "stimulus_absolute_amplitude": 249.999992929517,
    "stimulus_description": "C1LSCOARSE150216[18]",
    "stimulus_duration": 0.999995,
    "stimulus_interval": 0.0,
    "stimulus_name": "Long Square",
    "stimulus_relative_amplitude": 1.0,
    "stimulus_start_time": 0.92,
    "stimulus_units": "pA",
    "sweep_number": 40,
    "vm_delta_mv": 0.281410217285156
  },
  {
    "bridge_balance_mohm": 18.0097675323486,
    "id": 396429096,
    "leak_pa": 0.0,
    "num_spikes": 16,
    "peak_deflection": 0.0,
    "post_noise_rms_mv": 0.0317362844944,
    "post_vm_mv": -83.9605026245117,
    "pre_noise_rms_mv": 0.0390306264162064,
    "pre_vm_mv": -84.145866394043,
    "slow_noise_rms_mv": 0.254441142082214,
    "slow_vm_mv": -84.145866394043,
    "specimen_id": 386049446,
    "stimulus_absolute_amplitude": 289.999996239132,
    "stimulus_description": "C2SQRHELNG150216[0]",
    "stimulus_duration": 1.999995,
    "stimulus_interval": 0.0,
    "stimulus_name": "Square - 2s Suprathreshold",
    "stimulus_relative_amplitude": 2.9,
    "stimulus_start_time": 0.92,
    "stimulus_units": "pA",
    "sweep_number": 63,
    "vm_delta_mv": 0.18536376953125
  },
  {
    "bridge_balance_mohm": 18.0097675323486,
    "id": 396429014,
    "leak_pa": 0.0,
    "num_spikes": 0,
    "peak_deflection": -90.46875,
    "post_noise_rms_mv": 0.036693099886179,
    "post_vm_mv": -85.0203399658203,
    "pre_noise_rms_mv": 0.0342804044485092,
    "pre_vm_mv": -84.5413589477539,
    "slow_noise_rms_mv": 0.116864249110222,
    "slow_vm_mv": -84.5413589477539,
    "specimen_id": 386049446,
    "stimulus_absolute_amplitude": -29.9999990127642,
    "stimulus_description": "C1LSCOARSE150216[4]",
    "stimulus_duration": 0.999995,
    "stimulus_interval": 0.0,
    "stimulus_name": "Long Square",
    "stimulus_relative_amplitude": 1.0,
    "stimulus_start_time": 0.92,
    "stimulus_units": "pA",
    "sweep_number": 26,
    "vm_delta_mv": 0.478981018066406
  },
  {
    "bridge_balance_mohm": 18.0097675323486,
    "id": 396429018,
    "leak_pa": 0.0,
    "num_spikes": 0,
    "peak_deflection": -82.21875,
    "post_noise_rms_mv": 0.0403481647372246,
    "post_vm_mv": -85.2006530761719,
    "pre_noise_rms_mv": 0.0402186699211597,
    "pre_vm_mv": -85.0950469970703,
    "slow_noise_rms_mv": 0.0955691412091255,
    "slow_vm_mv": -85.0950469970703,
    "specimen_id": 386049446,
    "stimulus_absolute_amplitude": 9.99999996004197,
    "stimulus_description": "C1LSCOARSE150216[6]",
    "stimulus_duration": 0.999995,
    "stimulus_interval": 0.0,
    "stimulus_name": "Long Square",
    "stimulus_relative_amplitude": 1.0,
    "stimulus_start_time": 0.92,
    "stimulus_units": "pA",
    "sweep_number": 28,
    "vm_delta_mv": 0.105606079101562
  },
  {
    "bridge_balance_mohm": 18.0097675323486,
    "id": 396429080,
    "leak_pa": 0.0,
    "num_spikes": 0,
    "peak_deflection": 0.0,
    "post_noise_rms_mv": 0.0,
    "post_vm_mv": 0.0,
    "pre_noise_rms_mv": 0.0349676162004471,
    "pre_vm_mv": -82.0460205078125,
    "slow_noise_rms_mv": 0.178738504648209,
    "slow_vm_mv": -82.0460205078125,
    "specimen_id": 386049446,
    "stimulus_absolute_amplitude": 149.999998533268,
    "stimulus_description": "C2SQRHELNG150216[0]",
    "stimulus_duration": 1.999995,
    "stimulus_interval": 0.0,
    "stimulus_name": "Square - 2s Suprathreshold",
    "stimulus_relative_amplitude": 1.5,
    "stimulus_start_time": 0.92,
    "stimulus_units": "pA",
    "sweep_number": 56,
    "vm_delta_mv": 0.0
  },
  {
    "bridge_balance_mohm": 15.9951162338257,
    "id": 396428996,
    "leak_pa": 0.0,
    "num_spikes": 1,
    "peak_deflection": 0.0,
    "post_noise_rms_mv": 0.0390028804540634,
    "post_vm_mv": -84.2770385742188,
    "pre_noise_rms_mv": 0.0384619683027267,
    "pre_vm_mv": -84.2672424316406,
    "slow_noise_rms_mv": 0.146447196602821,
    "slow_vm_mv": -84.2672424316406,
    "specimen_id": 386049446,
    "stimulus_absolute_amplitude": 840.00001399076,
    "stimulus_description": "C1SSFINEST150112[0]",
    "stimulus_duration": 0.002995,
    "stimulus_interval": 0.0,
    "stimulus_name": "Short Square",
    "stimulus_relative_amplitude": 8.4,
    "stimulus_start_time": 0.92,
    "stimulus_units": "pA",
    "sweep_number": 18,
    "vm_delta_mv": 0.009796142578125
  },
  {
    "bridge_balance_mohm": 15.9951162338257,
    "id": 396428990,
    "leak_pa": 0.0,
    "num_spikes": 1,
    "peak_deflection": 0.0,
    "post_noise_rms_mv": 0.0408255010843277,
    "post_vm_mv": -84.411376953125,
    "pre_noise_rms_mv": 0.0405359491705894,
    "pre_vm_mv": -84.423210144043,
    "slow_noise_rms_mv": 0.05729715898633,
    "slow_vm_mv": -84.423210144043,
    "specimen_id": 386049446,
    "stimulus_absolute_amplitude": 900.000018955183,
    "stimulus_description": "C1SSCOARSE150112[8]",
    "stimulus_duration": 0.002995,
    "stimulus_interval": 0.0,
    "stimulus_name": "Short Square",
    "stimulus_relative_amplitude": 1.0,
    "stimulus_start_time": 0.92,
    "stimulus_units": "pA",
    "sweep_number": 15,
    "vm_delta_mv": 0.0118331909179688
  },
  {
    "bridge_balance_mohm": 18.0097675323486,
    "id": 396429094,
    "leak_pa": 0.0,
    "num_spikes": 20,
    "peak_deflection": 0.0,
    "post_noise_rms_mv": 0.0470964685082436,
    "post_vm_mv": -83.7640762329102,
    "pre_noise_rms_mv": 0.0385575890541077,
    "pre_vm_mv": -83.0993881225586,
    "slow_noise_rms_mv": 0.151780441403389,
    "slow_vm_mv": -83.0993881225586,
    "specimen_id": 386049446,
    "stimulus_absolute_amplitude": 289.999996239132,
    "stimulus_description": "C2SQRHELNG150216[0]",
    "stimulus_duration": 1.999995,
    "stimulus_interval": 0.0,
    "stimulus_name": "Square - 2s Suprathreshold",
    "stimulus_relative_amplitude": 2.9,
    "stimulus_start_time": 0.92,
    "stimulus_units": "pA",
    "sweep_number": 62,
    "vm_delta_mv": 0.664688110351562
  },
  {
    "bridge_balance_mohm": 18.0097675323486,
    "id": 396429024,
    "leak_pa": 0.0,
    "num_spikes": 0,
    "peak_deflection": -72.0625,
    "post_noise_rms_mv": 0.0405448749661446,
    "post_vm_mv": -85.39404296875,
    "pre_noise_rms_mv": 0.0385137125849724,
    "pre_vm_mv": -85.1026992797852,
    "slow_noise_rms_mv": 0.214206025004387,
    "slow_vm_mv": -85.1026992797852,
    "specimen_id": 386049446,
    "stimulus_absolute_amplitude": 50.0000006675716,
    "stimulus_description": "C1LSCOARSE150216[8]",
    "stimulus_duration": 0.999995,
    "stimulus_interval": 0.0,
    "stimulus_name": "Long Square",
    "stimulus_relative_amplitude": 1.0,
    "stimulus_start_time": 0.92,
    "stimulus_units": "pA",
    "sweep_number": 30,
    "vm_delta_mv": 0.291343688964844
  },
  {
    "bridge_balance_mohm": 18.0097675323486,
    "id": 396429034,
    "leak_pa": 0.0,
    "num_spikes": 11,
    "peak_deflection": 0.0,
    "post_noise_rms_mv": 0.0596835575997829,
    "post_vm_mv": -85.6763076782227,
    "pre_noise_rms_mv": 0.0346580222249031,
    "pre_vm_mv": -85.3431167602539,
    "slow_noise_rms_mv": 0.302789658308029,
    "slow_vm_mv": -85.3431167602539,
    "specimen_id": 386049446,
    "stimulus_absolute_amplitude": 149.999998533268,
    "stimulus_description": "C1LSCOARSE150216[13]",
    "stimulus_duration": 0.999995,
    "stimulus_interval": 0.0,
    "stimulus_name": "Long Square",
    "stimulus_relative_amplitude": 1.0,
    "stimulus_start_time": 0.92,
    "stimulus_units": "pA",
    "sweep_number": 35,
    "vm_delta_mv": 0.33319091796875
  },
  {
    "bridge_balance_mohm": 18.0097675323486,
    "id": 396429050,
    "leak_pa": 0.0,
    "num_spikes": 2,
    "peak_deflection": 0.0,
    "post_noise_rms_mv": 0.0374563187360764,
    "post_vm_mv": -85.7292098999023,
    "pre_noise_rms_mv": 0.0360921323299408,
    "pre_vm_mv": -85.3548278808594,
    "slow_noise_rms_mv": 0.0742162764072418,
    "slow_vm_mv": -85.3548278808594,
    "specimen_id": 386049446,
    "stimulus_absolute_amplitude": 110.000002162547,
    "stimulus_description": "C1LSFINEST150112[0]",
    "stimulus_duration": 0.999995,
    "stimulus_interval": 0.0,
    "stimulus_name": "Long Square",
    "stimulus_relative_amplitude": 1.1,
    "stimulus_start_time": 0.92,
    "stimulus_units": "pA",
    "sweep_number": 42,
    "vm_delta_mv": 0.374382019042969
  },
  {
    "bridge_balance_mohm": 0.0,
    "id": 396429100,
    "leak_pa": 0.0,
    "num_spikes": 0,
    "peak_deflection": 0.0,
    "post_noise_rms_mv": 0.0,
    "post_vm_mv": 0.0,
    "pre_noise_rms_mv": 0.0,
    "pre_vm_mv": 0.0,
    "slow_noise_rms_mv": 0.0,
    "slow_vm_mv": 0.0,
    "specimen_id": 386049446,
    "stimulus_absolute_amplitude": 9.99999977648258,
    "stimulus_description": "EXTPEXPEND141203[0]",
    "stimulus_duration": 0.069995,
    "stimulus_interval": 0.05,
    "stimulus_name": "Test",
    "stimulus_relative_amplitude": 1.0,
    "stimulus_start_time": 0.03,
    "stimulus_units": "mV",
    "sweep_number": 65,
    "vm_delta_mv": 0.0
  },
  {
    "bridge_balance_mohm": 15.9951162338257,
    "id": 396428998,
    "leak_pa": 0.0,
    "num_spikes": 1,
    "peak_deflection": 0.0,
    "post_noise_rms_mv": 0.0386605076491833,
    "post_vm_mv": -84.3422775268555,
    "pre_noise_rms_mv": 0.0410080589354038,
    "pre_vm_mv": -84.3080596923828,
    "slow_noise_rms_mv": 0.0957127064466476,
    "slow_vm_mv": -84.3080596923828,
    "specimen_id": 386049446,
    "stimulus_absolute_amplitude": 840.00001399076,
    "stimulus_description": "C1SSFINEST150112[0]",
    "stimulus_duration": 0.002995,
    "stimulus_interval": 0.0,
    "stimulus_name": "Short Square",
    "stimulus_relative_amplitude": 8.4,
    "stimulus_start_time": 0.92,
    "stimulus_units": "pA",
    "sweep_number": 19,
    "vm_delta_mv": 0.0342178344726562
  },
  {
    "bridge_balance_mohm": 18.0097675323486,
    "id": 396429016,
    "leak_pa": 0.0,
    "num_spikes": 0,
    "peak_deflection": -86.96875,
    "post_noise_rms_mv": 0.0392470136284828,
    "post_vm_mv": -85.2320404052734,
    "pre_noise_rms_mv": 0.0426070354878902,
    "pre_vm_mv": -84.8274002075195,
    "slow_noise_rms_mv": 0.0994596406817436,
    "slow_vm_mv": -84.8274002075195,
    "specimen_id": 386049446,
    "stimulus_absolute_amplitude": -9.99999996004197,
    "stimulus_description": "C1LSCOARSE150216[5]",
    "stimulus_duration": 0.999995,
    "stimulus_interval": 0.0,
    "stimulus_name": "Long Square",
    "stimulus_relative_amplitude": 1.0,
    "stimulus_start_time": 0.92,
    "stimulus_units": "pA",
    "sweep_number": 27,
    "vm_delta_mv": 0.404640197753906
  },
  {
    "bridge_balance_mohm": 18.0097675323486,
    "id": 396429090,
    "leak_pa": 0.0,
    "num_spikes": 6,
    "peak_deflection": 0.0,
    "post_noise_rms_mv": 0.0403424054384232,
    "post_vm_mv": -83.2603378295898,
    "pre_noise_rms_mv": 0.0373537540435791,
    "pre_vm_mv": -83.3612976074219,
    "slow_noise_rms_mv": 0.139738723635674,
    "slow_vm_mv": -83.3612976074219,
    "specimen_id": 386049446,
    "stimulus_absolute_amplitude": 249.999992929517,
    "stimulus_description": "C2SQRHELNG150216[0]",
    "stimulus_duration": 1.999995,
    "stimulus_interval": 0.0,
    "stimulus_name": "Square - 2s Suprathreshold",
    "stimulus_relative_amplitude": 2.5,
    "stimulus_start_time": 0.92,
    "stimulus_units": "pA",
    "sweep_number": 60,
    "vm_delta_mv": 0.100959777832031
  },
  {
    "bridge_balance_mohm": 18.0097675323486,
    "id": 396429040,
    "leak_pa": 0.0,
    "num_spikes": 20,
    "peak_deflection": 0.0,
    "post_noise_rms_mv": 0.0390729308128357,
    "post_vm_mv": -85.0250701904297,
    "pre_noise_rms_mv": 0.0370910055935383,
    "pre_vm_mv": -85.4562530517578,
    "slow_noise_rms_mv": 0.183875635266304,
    "slow_vm_mv": -85.4562530517578,
    "specimen_id": 386049446,
    "stimulus_absolute_amplitude": 210.00000349769,
    "stimulus_description": "C1LSCOARSE150216[16]",
    "stimulus_duration": 0.999995,
    "stimulus_interval": 0.0,
    "stimulus_name": "Long Square",
    "stimulus_relative_amplitude": 1.0,
    "stimulus_start_time": 0.92,
    "stimulus_units": "pA",
    "sweep_number": 38,
    "vm_delta_mv": 0.431182861328125
  },
  {
    "bridge_balance_mohm": 18.0097675323486,
    "id": 396429028,
    "leak_pa": 0.0,
    "num_spikes": 0,
    "peak_deflection": -58.3125,
    "post_noise_rms_mv": 0.0414262600243092,
    "post_vm_mv": -85.8940582275391,
    "pre_noise_rms_mv": 0.041025310754776,
    "pre_vm_mv": -85.1750564575195,
    "slow_noise_rms_mv": 0.156580880284309,
    "slow_vm_mv": -85.1750564575195,
    "specimen_id": 386049446,
    "stimulus_absolute_amplitude": 90.0000005077395,
    "stimulus_description": "C1LSCOARSE150216[10]",
    "stimulus_duration": 0.999995,
    "stimulus_interval": 0.0,
    "stimulus_name": "Long Square",
    "stimulus_relative_amplitude": 1.0,
    "stimulus_start_time": 0.92,
    "stimulus_units": "pA",
    "sweep_number": 32,
    "vm_delta_mv": 0.719001770019531
  },
  {
    "bridge_balance_mohm": 0.0,
    "id": 396429104,
    "leak_pa": 0.0,
    "num_spikes": 0,
    "peak_deflection": 0.0,
    "post_noise_rms_mv": 0.0396286733448505,
    "post_vm_mv": -3.81215190887451,
    "pre_noise_rms_mv": 0.0397610850632191,
    "pre_vm_mv": -3.79599761962891,
    "slow_noise_rms_mv": 0.0444644019007683,
    "slow_vm_mv": -3.79599761962891,
    "specimen_id": 386049446,
    "stimulus_absolute_amplitude": 0.0,
    "stimulus_description": "EXTPBLWOUT141203[0]",
    "stimulus_duration": 0.0,
    "stimulus_interval": 0.0,
    "stimulus_name": "Test",
    "stimulus_relative_amplitude": 1.0,
    "stimulus_start_time": 0.0,
    "stimulus_units": "pA",
    "sweep_number": 67,
    "vm_delta_mv": 0.0161542892456055
  },
  {
    "bridge_balance_mohm": 18.0097675323486,
    "id": 396429036,
    "leak_pa": 0.0,
    "num_spikes": 14,
    "peak_deflection": 0.0,
    "post_noise_rms_mv": 0.0365754179656506,
    "post_vm_mv": -86.3013381958008,
    "pre_noise_rms_mv": 0.0360134467482567,
    "pre_vm_mv": -85.6169509887695,
    "slow_noise_rms_mv": 0.197739660739899,
    "slow_vm_mv": -85.6169509887695,
    "specimen_id": 386049446,
    "stimulus_absolute_amplitude": 170.000000188075,
    "stimulus_description": "C1LSCOARSE150216[14]",
    "stimulus_duration": 0.999995,
    "stimulus_interval": 0.0,
    "stimulus_name": "Long Square",
    "stimulus_relative_amplitude": 1.0,
    "stimulus_start_time": 0.92,
    "stimulus_units": "pA",
    "sweep_number": 36,
    "vm_delta_mv": 0.68438720703125
  },
  {
    "bridge_balance_mohm": 18.0097675323486,
    "id": 396429068,
    "leak_pa": 0.0,
    "num_spikes": 37,
    "peak_deflection": 0.0,
    "post_noise_rms_mv": 0.0417373031377792,
    "post_vm_mv": -84.1806411743164,
    "pre_noise_rms_mv": 0.0391776002943516,
    "pre_vm_mv": -84.7941970825195,
    "slow_noise_rms_mv": 0.137155070900917,
    "slow_vm_mv": -84.7941970825195,
    "specimen_id": 386049446,
    "stimulus_absolute_amplitude": 259.374993705208,
    "stimulus_description": "C1NSSEED_2150216[0]",
    "stimulus_duration": 18.999995,
    "stimulus_interval": 5.0,
    "stimulus_name": "Noise 2",
    "stimulus_relative_amplitude": 1.1,
    "stimulus_start_time": 1.92,
    "stimulus_units": "pA",
    "sweep_number": 50,
    "vm_delta_mv": 0.613555908203125
  },
  {
    "bridge_balance_mohm": 18.0097675323486,
    "id": 396429048,
    "leak_pa": 0.0,
    "num_spikes": 2,
    "peak_deflection": 0.0,
    "post_noise_rms_mv": 0.0333494395017624,
    "post_vm_mv": -85.6088790893555,
    "pre_noise_rms_mv": 0.0332995466887951,
    "pre_vm_mv": -85.4891510009766,
    "slow_noise_rms_mv": 0.104800693690777,
    "slow_vm_mv": -85.4891510009766,
    "specimen_id": 386049446,
    "stimulus_absolute_amplitude": 110.000002162547,
    "stimulus_description": "C1LSFINEST150112[0]",
    "stimulus_duration": 0.999995,
    "stimulus_interval": 0.0,
    "stimulus_name": "Long Square",
    "stimulus_relative_amplitude": 1.1,
    "stimulus_start_time": 0.92,
    "stimulus_units": "pA",
    "sweep_number": 41,
    "vm_delta_mv": 0.119728088378906
  },
  {
    "bridge_balance_mohm": 15.9951162338257,
    "id": 396429066,
    "leak_pa": 0.0,
    "num_spikes": 14,
    "peak_deflection": 0.0,
    "post_noise_rms_mv": 0.0,
    "post_vm_mv": 0.0,
    "pre_noise_rms_mv": 0.0423477776348591,
    "pre_vm_mv": -84.2170486450195,
    "slow_noise_rms_mv": 0.130266398191452,
    "slow_vm_mv": -84.2170486450195,
    "specimen_id": 386049446,
    "stimulus_absolute_amplitude": 800.000010681146,
    "stimulus_description": "C1RP25PR1S141203[0]",
    "stimulus_duration": 31.997495,
    "stimulus_interval": 0.0,
    "stimulus_name": "Ramp",
    "stimulus_relative_amplitude": 1.0,
    "stimulus_start_time": 0.9225,
    "stimulus_units": "pA",
    "sweep_number": 5,
    "vm_delta_mv": 0.0
  },
  {
    "bridge_balance_mohm": 18.0097675323486,
    "id": 396429060,
    "leak_pa": 0.0,
    "num_spikes": 43,
    "peak_deflection": 0.0,
    "post_noise_rms_mv": 0.0458181388676167,
    "post_vm_mv": -85.1133193969727,
    "pre_noise_rms_mv": 0.0399720296263695,
    "pre_vm_mv": -85.399543762207,
    "slow_noise_rms_mv": 0.228120177984238,
    "slow_vm_mv": -85.399543762207,
    "specimen_id": 386049446,
    "stimulus_absolute_amplitude": 254.999993343219,
    "stimulus_description": "C1NSSEED_1150216[0]",
    "stimulus_duration": 18.999995,
    "stimulus_interval": 5.0,
    "stimulus_name": "Noise 1",
    "stimulus_relative_amplitude": 1.1,
    "stimulus_start_time": 1.92,
    "stimulus_units": "pA",
    "sweep_number": 47,
    "vm_delta_mv": 0.286224365234375
  }
]