{
    "conds": {
        "cellModel": "HH_reduced",
        "cellType": "RE",
        "ynorm": [
            1.2,
            1.4
        ]
    },
    "globals": {
        "erev_kl": -95.0,
        "q10h_itre": 3.0
    },
    "secLists": {},
    "secs": {
        "soma": {
            "geom": {
                "L": 64.86,
                "Ra": 100.0,
                "cm": 1.0,
                "diam": 70.0,
                "nseg": 1,
                "pt3d": [
                    [
                        0,
                        0,
                        0,
                        70.0
                    ],
                    [
                        0,
                        64.86,
                        0,
                        70.0
                    ]
                ]
            },
            "ions": {
                "ca": {
                    "e": 132.4579341637009,
                    "i": 5e-05,
                    "o": 2.0
                },
                "k": {
                    "e": -95.0,
                    "i": 54.4,
                    "o": 2.5
                },
                "na": {
                    "e": 50.0,
                    "i": 10.0,
                    "o": 140.0
                }
            },
            "mechs": {
                "cadad": {
                    "cainf": 0.00024,
                    "depth": 1.0,
                    "kd": 0.0,
                    "kt": 0.0,
                    "taur": 5.0
                },
                "hh2ad": {
                    "gkbar": 0.02,
                    "gnabar": 0.2,
                    "vtraub": -55.0
                },
                "itre": {
                    "gmax": 0.003,
                    "shift": 2.0
                },
                "kl": {
                    "gmax": 3e-06
                },
                "pas": {
                    "e": -80.0,
                    "g": 5e-05
                }
            },
            "topol": {},
            "weightNorm": [
                0.0006295171905871062
            ]
        }
    }
}