{
    "conds": {
        "cellModel": "HH_reduced",
        "cellType": "TC",
        "ynorm": [
            1.2,
            1.4
        ]
    },
    "globals": {
        "erev_kl": -95.0,
        "q10m_ittc": 3.55,
        "v_init": -70.0
    },
    "secLists": {},
    "secs": {
        "soma": {
            "geom": {
                "L": 96.0,
                "Ra": 100.0,
                "cm": 1.0,
                "diam": 96.0,
                "nseg": 1,
                "pt3d": [
                    [
                        0,
                        0,
                        0,
                        96.0
                    ],
                    [
                        0,
                        96.0,
                        0,
                        96.0
                    ]
                ]
            },
            "ions": {
                "ca": {
                    "e": 132.4579341637009,
                    "i": 5e-05,
                    "o": 2.0
                },
                "k": {
                    "e": -95.0,
                    "i": 54.4,
                    "o": 2.5
                },
                "na": {
                    "e": 50.0,
                    "i": 10.0,
                    "o": 140.0
                }
            },
            "mechs": {
                "cadad": {
                    "cainf": 0.00024,
                    "depth": 1.0,
                    "kd": 0.0,
                    "kt": 0.0,
                    "taur": 5.0
                },
                "hh2ad": {
                    "gkbar": 0.01,
                    "gnabar": 0.09,
                    "vtraub": -38.0
                },
                "htc": {
                    "Pc": 0.01,
                    "cac": 0.002,
                    "exptemp": 36.0,
                    "ginc": 2.0,
                    "gmax": 2e-05,
                    "k2": 0.0004,
                    "k4": 0.001,
                    "nca": 4.0,
                    "nexp": 1.0,
                    "shift": 0.0,
                    "taum": 20.0
                },
                "ia": {
                    "exptemp": 23.5,
                    "gmax": 0.0,
                    "q10": 3.0
                },
                "ittc": {
                    "gmax": 0.0022,
                    "shift": 2
                },
                "kl": {
                    "gmax": 0.000004
                },
                "pas": {
                    "e": -70,
                    "g": 1e-05
                }
            },
            "topol": {},
            "vinit": -70.0,
            "weightNorm": [
                0.002091023573256415
            ]
        }
    }
}