[
  {
    "bridge_balance_mohm": 15.9951162338257,
    "id": 396349086,
    "leak_pa": 0.0,
    "num_spikes": 0,
    "peak_deflection": 0.0,
    "post_noise_rms_mv": 0.037836529314518,
    "post_vm_mv": -81.6329116821289,
    "pre_noise_rms_mv": 0.035191111266613,
    "pre_vm_mv": -81.5646667480469,
    "slow_noise_rms_mv": 0.073158472776413,
    "slow_vm_mv": -81.5646667480469,
    "specimen_id": 321906005,
    "stimulus_absolute_amplitude": 1019.99997337288,
    "stimulus_description": "C1SSFINEST150112[0]",
    "stimulus_duration": 0.002995,
    "stimulus_interval": 0.0,
    "stimulus_name": "Short Square",
    "stimulus_relative_amplitude": 10.2,
    "stimulus_start_time": 0.92,
    "stimulus_units": "pA",
    "sweep_number": 19,
    "vm_delta_mv": 0.0682449340820312
  },
  {
    "bridge_balance_mohm": 15.9951162338257,
    "id": 396349426,
    "leak_pa": 0.0,
    "num_spikes": 0,
    "peak_deflection": 0.0,
    "post_noise_rms_mv": 0.0377906374633312,
    "post_vm_mv": -62.9645805358887,
    "pre_noise_rms_mv": 0.0322924740612507,
    "pre_vm_mv": -63.2483367919922,
    "slow_noise_rms_mv": 0.318649441003799,
    "slow_vm_mv": -63.2483367919922,
    "specimen_id": 321906005,
    "stimulus_absolute_amplitude": 460.000010304995,
    "stimulus_description": "C2SSHM60FN150112[0]",
    "stimulus_duration": 0.002995,
    "stimulus_interval": 0.0,
    "stimulus_name": "Short Square - Hold -60mV",
    "stimulus_relative_amplitude": 4.6,
    "stimulus_start_time": 0.92,
    "stimulus_units": "pA",
    "sweep_number": 90,
    "vm_delta_mv": 0.283756256103516
  },
  {
    "bridge_balance_mohm": 15.9951162338257,
    "id": 396349241,
    "leak_pa": 0.0,
    "num_spikes": 25,
    "peak_deflection": 0.0,
    "post_noise_rms_mv": 0.0377131178975105,
    "post_vm_mv": -82.4409027099609,
    "pre_noise_rms_mv": 0.0320564657449722,
    "pre_vm_mv": -82.085319519043,
    "slow_noise_rms_mv": 0.167580455541611,
    "slow_vm_mv": -82.085319519043,
    "specimen_id": 321906005,
    "stimulus_absolute_amplitude": 149.999998533268,
    "stimulus_description": "C2SQRHELNG150112[0]",
    "stimulus_duration": 1.999995,
    "stimulus_interval": 0.0,
    "stimulus_name": "Square - 2s Suprathreshold",
    "stimulus_relative_amplitude": 1.5,
    "stimulus_start_time": 0.92,
    "stimulus_units": "pA",
    "sweep_number": 55,
    "vm_delta_mv": 0.355583190917969
  },
  {
    "bridge_balance_mohm": 15.9951162338257,
    "id": 396349112,
    "leak_pa": 0.0,
    "num_spikes": 0,
    "peak_deflection": -84.1875,
    "post_noise_rms_mv": 0.0398152954876423,
    "post_vm_mv": -81.7497787475586,
    "pre_noise_rms_mv": 0.0393709428608418,
    "pre_vm_mv": -81.5483169555664,
    "slow_noise_rms_mv": 0.119108833372593,
    "slow_vm_mv": -81.5483169555664,
    "specimen_id": 321906005,
    "stimulus_absolute_amplitude": -9.99999996004197,
    "stimulus_description": "C1LSCOARSE150112[5]",
    "stimulus_duration": 0.999995,
    "stimulus_interval": 0.0,
    "stimulus_name": "Long Square",
    "stimulus_relative_amplitude": 1.0,
    "stimulus_start_time": 0.92,
    "stimulus_units": "pA",
    "sweep_number": 30,
    "vm_delta_mv": 0.201461791992188
  },
  {
    "bridge_balance_mohm": 15.9951162338257,
    "id": 396349106,
    "leak_pa": 0.0,
    "num_spikes": 0,
    "peak_deflection": -92.09375,
    "post_noise_rms_mv": 0.0455337464809418,
    "post_vm_mv": -81.3481369018555,
    "pre_noise_rms_mv": 0.0343450009822845,
    "pre_vm_mv": -81.2866516113281,
    "slow_noise_rms_mv": 0.151321023702621,
    "slow_vm_mv": -81.2866516113281,
    "specimen_id": 321906005,
    "stimulus_absolute_amplitude": -50.0000006675716,
    "stimulus_description": "C1LSCOARSE150112[3]",
    "stimulus_duration": 0.999995,
    "stimulus_interval": 0.0,
    "stimulus_name": "Long Square",
    "stimulus_relative_amplitude": 1.0,
    "stimulus_start_time": 0.92,
    "stimulus_units": "pA",
    "sweep_number": 28,
    "vm_delta_mv": 0.0614852905273438
  },
  {
    "bridge_balance_mohm": 15.9951162338257,
    "id": 396349084,
    "leak_pa": 0.0,
    "num_spikes": 1,
    "peak_deflection": 0.0,
    "post_noise_rms_mv": 0.0410357750952244,
    "post_vm_mv": -81.807746887207,
    "pre_noise_rms_mv": 0.0337637178599834,
    "pre_vm_mv": -81.5053787231445,
    "slow_noise_rms_mv": 0.12138669937849,
    "slow_vm_mv": -81.5053787231445,
    "specimen_id": 321906005,
    "stimulus_absolute_amplitude": 1049.99997585509,
    "stimulus_description": "C1SSFINEST150112[0]",
    "stimulus_duration": 0.002995,
    "stimulus_interval": 0.0,
    "stimulus_name": "Short Square",
    "stimulus_relative_amplitude": 10.5,
    "stimulus_start_time": 0.92,
    "stimulus_units": "pA",
    "sweep_number": 18,
    "vm_delta_mv": 0.3023681640625
  },
  {
    "bridge_balance_mohm": 15.9951162338257,
    "id": 396349340,
    "leak_pa": 0.0,
    "num_spikes": 3,
    "peak_deflection": 0.0,
    "post_noise_rms_mv": 0.0393053367733955,
    "post_vm_mv": -80.7560882568359,
    "pre_noise_rms_mv": 0.038976114243269,
    "pre_vm_mv": -81.1482315063477,
    "slow_noise_rms_mv": 0.280106246471405,
    "slow_vm_mv": -81.1482315063477,
    "specimen_id": 321906005,
    "stimulus_absolute_amplitude": 1029.99997420028,
    "stimulus_description": "C2SSTRIPLE141203[4]",
    "stimulus_duration": 0.048995,
    "stimulus_interval": 0.02,
    "stimulus_name": "Short Square - Triple",
    "stimulus_relative_amplitude": 10.3,
    "stimulus_start_time": 1.92,
    "stimulus_units": "pA",
    "sweep_number": 80,
    "vm_delta_mv": 0.392143249511719
  },
  {
    "bridge_balance_mohm": 16.7277164459229,
    "id": 396349260,
    "leak_pa": 0.0,
    "num_spikes": 24,
    "peak_deflection": 0.0,
    "post_noise_rms_mv": 0.0,
    "post_vm_mv": 0.0,
    "pre_noise_rms_mv": 0.0383024364709854,
    "pre_vm_mv": -81.3900299072266,
    "slow_noise_rms_mv": 0.44806370139122,
    "slow_vm_mv": -81.3900299072266,
    "specimen_id": 321906005,
    "stimulus_absolute_amplitude": 800.000010681146,
    "stimulus_description": "C1RP25PR1S141203[0]",
    "stimulus_duration": 31.997495,
    "stimulus_interval": 0.0,
    "stimulus_name": "Ramp",
    "stimulus_relative_amplitude": 1.0,
    "stimulus_start_time": 0.9225,
    "stimulus_units": "pA",
    "sweep_number": 6,
    "vm_delta_mv": 0.0
  },
  {
    "bridge_balance_mohm": 15.9951162338257,
    "id": 396349438,
    "leak_pa": 0.0,
    "num_spikes": 0,
    "peak_deflection": 0.0,
    "post_noise_rms_mv": 0.0396937802433968,
    "post_vm_mv": -62.9642105102539,
    "pre_noise_rms_mv": 0.0378365851938725,
    "pre_vm_mv": -62.9947547912598,
    "slow_noise_rms_mv": 0.167543634772301,
    "slow_vm_mv": -62.9947547912598,
    "specimen_id": 321906005,
    "stimulus_absolute_amplitude": 469.999983376823,
    "stimulus_description": "C2SSHM60FN150112[0]",
    "stimulus_duration": 0.002995,
    "stimulus_interval": 0.0,
    "stimulus_name": "Short Square - Hold -60mV",
    "stimulus_relative_amplitude": 4.7,
    "stimulus_start_time": 0.92,
    "stimulus_units": "pA",
    "sweep_number": 92,
    "vm_delta_mv": 0.0305442810058594
  },
  {
    "bridge_balance_mohm": 0.0,
    "id": 396349062,
    "leak_pa": 0.0,
    "num_spikes": 0,
    "peak_deflection": 0.0,
    "post_noise_rms_mv": 0.0,
    "post_vm_mv": 0.0,
    "pre_noise_rms_mv": 0.0,
    "pre_vm_mv": 0.0,
    "slow_noise_rms_mv": 0.0,
    "slow_vm_mv": 0.0,
    "specimen_id": 321906005,
    "stimulus_absolute_amplitude": 9.99999977648258,
    "stimulus_description": "EXTPINBATH141203[0]",
    "stimulus_duration": 0.069995,
    "stimulus_interval": 0.05,
    "stimulus_name": "Test",
    "stimulus_relative_amplitude": 1.0,
    "stimulus_start_time": 0.03,
    "stimulus_units": "mV",
    "sweep_number": 1,
    "vm_delta_mv": 0.0
  },
  {
    "bridge_balance_mohm": 15.9951162338257,
    "id": 396349092,
    "leak_pa": 0.0,
    "num_spikes": 0,
    "peak_deflection": 0.0,
    "post_noise_rms_mv": 0.0363073386251926,
    "post_vm_mv": -81.2740020751953,
    "pre_noise_rms_mv": 0.0545837469398975,
    "pre_vm_mv": -81.2476577758789,
    "slow_noise_rms_mv": 0.165089845657349,
    "slow_vm_mv": -81.2476577758789,
    "specimen_id": 321906005,
    "stimulus_absolute_amplitude": 1029.99997420028,
    "stimulus_description": "C1SSFINEST150112[0]",
    "stimulus_duration": 0.002995,
    "stimulus_interval": 0.0,
    "stimulus_name": "Short Square",
    "stimulus_relative_amplitude": 10.3,
    "stimulus_start_time": 0.92,
    "stimulus_units": "pA",
    "sweep_number": 21,
    "vm_delta_mv": 0.0263442993164062
  },
  {
    "bridge_balance_mohm": 16.7277164459229,
    "id": 396349064,
    "leak_pa": 0.0,
    "num_spikes": 0,
    "peak_deflection": 0.0,
    "post_noise_rms_mv": 0.0341282114386559,
    "post_vm_mv": -80.8179779052734,
    "pre_noise_rms_mv": 0.0441618002951145,
    "pre_vm_mv": -80.8000869750977,
    "slow_noise_rms_mv": 0.109434276819229,
    "slow_vm_mv": -80.8000869750977,
    "specimen_id": 321906005,
    "stimulus_absolute_amplitude": 400.000005340573,
    "stimulus_description": "C1SSCOARSE150112[3]",
    "stimulus_duration": 0.002995,
    "stimulus_interval": 0.0,
    "stimulus_name": "Short Square",
    "stimulus_relative_amplitude": 1.0,
    "stimulus_start_time": 0.92,
    "stimulus_units": "pA",
    "sweep_number": 10,
    "vm_delta_mv": 0.0178909301757812
  },
  {
    "bridge_balance_mohm": 15.9951162338257,
    "id": 396349253,
    "leak_pa": 0.0,
    "num_spikes": 36,
    "peak_deflection": 0.0,
    "post_noise_rms_mv": 0.0376132503151894,
    "post_vm_mv": -82.1192016601562,
    "pre_noise_rms_mv": 0.031726498156786,
    "pre_vm_mv": -81.9814453125,
    "slow_noise_rms_mv": 0.0848146080970764,
    "slow_vm_mv": -81.9814453125,
    "specimen_id": 321906005,
    "stimulus_absolute_amplitude": 190.000001842883,
    "stimulus_description": "C2SQRHELNG150112[0]",
    "stimulus_duration": 1.999995,
    "stimulus_interval": 0.0,
    "stimulus_name": "Square - 2s Suprathreshold",
    "stimulus_relative_amplitude": 1.9,
    "stimulus_start_time": 0.92,
    "stimulus_units": "pA",
    "sweep_number": 58,
    "vm_delta_mv": 0.13775634765625
  },
  {
    "bridge_balance_mohm": 15.9951162338257,
    "id": 396349314,
    "leak_pa": 0.0,
    "num_spikes": 3,
    "peak_deflection": 0.0,
    "post_noise_rms_mv": 0.0322002097964287,
    "post_vm_mv": -82.5475387573242,
    "pre_noise_rms_mv": 0.043522983789444,
    "pre_vm_mv": -82.2909545898438,
    "slow_noise_rms_mv": 0.153532281517982,
    "slow_vm_mv": -82.2909545898438,
    "specimen_id": 321906005,
    "stimulus_absolute_amplitude": 1029.99997420028,
    "stimulus_description": "C2SSTRIPLE141203[5]",
    "stimulus_duration": 0.056995,
    "stimulus_interval": 0.024,
    "stimulus_name": "Short Square - Triple",
    "stimulus_relative_amplitude": 10.3,
    "stimulus_start_time": 1.92,
    "stimulus_units": "pA",
    "sweep_number": 73,
    "vm_delta_mv": 0.256584167480469
  },
  {
    "bridge_balance_mohm": 15.9951162338257,
    "id": 396349167,
    "leak_pa": 0.0,
    "num_spikes": 0,
    "peak_deflection": 0.0,
    "post_noise_rms_mv": 0.0335099510848522,
    "post_vm_mv": -82.0680770874023,
    "pre_noise_rms_mv": 0.0448545180261135,
    "pre_vm_mv": -82.3039779663086,
    "slow_noise_rms_mv": 0.224507257342339,
    "slow_vm_mv": -82.3039779663086,
    "specimen_id": 321906005,
    "stimulus_absolute_amplitude": -200.000002670286,
    "stimulus_description": "C1SQCAPCHK141203[0]",
    "stimulus_duration": 7.819995,
    "stimulus_interval": 0.2,
    "stimulus_name": "Square - 0.5ms Subthreshold",
    "stimulus_relative_amplitude": 1.0,
    "stimulus_start_time": 0.12,
    "stimulus_units": "pA",
    "sweep_number": 50,
    "vm_delta_mv": 0.23590087890625
  },
  {
    "bridge_balance_mohm": 15.9951162338257,
    "id": 396349392,
    "leak_pa": 0.0,
    "num_spikes": 0,
    "peak_deflection": 0.0,
    "post_noise_rms_mv": 0.0397629663348198,
    "post_vm_mv": -62.0073089599609,
    "pre_noise_rms_mv": 0.0345224477350712,
    "pre_vm_mv": -62.3611717224121,
    "slow_noise_rms_mv": 0.252600252628326,
    "slow_vm_mv": -62.3611717224121,
    "specimen_id": 321906005,
    "stimulus_absolute_amplitude": 200.000002670286,
    "stimulus_description": "C2SSHM60CS150112[1]",
    "stimulus_duration": 0.002995,
    "stimulus_interval": 0.0,
    "stimulus_name": "Short Square - Hold -60mV",
    "stimulus_relative_amplitude": 1.0,
    "stimulus_start_time": 0.92,
    "stimulus_units": "pA",
    "sweep_number": 85,
    "vm_delta_mv": 0.353862762451172
  },
  {
    "bridge_balance_mohm": 15.9951162338257,
    "id": 396349380,
    "leak_pa": 0.0,
    "num_spikes": 3,
    "peak_deflection": 0.0,
    "post_noise_rms_mv": 0.0308312643319368,
    "post_vm_mv": -82.260009765625,
    "pre_noise_rms_mv": 0.0363807491958141,
    "pre_vm_mv": -82.2234115600586,
    "slow_noise_rms_mv": 0.147083401679993,
    "slow_vm_mv": -82.2234115600586,
    "specimen_id": 321906005,
    "stimulus_absolute_amplitude": 1029.99997420028,
    "stimulus_description": "C2SSTRIPLE141203[7]",
    "stimulus_duration": 0.072995,
    "stimulus_interval": 0.032,
    "stimulus_name": "Short Square - Triple",
    "stimulus_relative_amplitude": 10.3,
    "stimulus_start_time": 1.92,
    "stimulus_units": "pA",
    "sweep_number": 83,
    "vm_delta_mv": 0.0365982055664062
  },
  {
    "bridge_balance_mohm": 15.9951162338257,
    "id": 396349094,
    "leak_pa": 0.0,
    "num_spikes": 1,
    "peak_deflection": 0.0,
    "post_noise_rms_mv": 0.0404099710285664,
    "post_vm_mv": -81.1630401611328,
    "pre_noise_rms_mv": 0.031504649668932,
    "pre_vm_mv": -81.1119842529297,
    "slow_noise_rms_mv": 0.0805960968136787,
    "slow_vm_mv": -81.1119842529297,
    "specimen_id": 321906005,
    "stimulus_absolute_amplitude": 1029.99997420028,
    "stimulus_description": "C1SSFINEST150112[0]",
    "stimulus_duration": 0.002995,
    "stimulus_interval": 0.0,
    "stimulus_name": "Short Square",
    "stimulus_relative_amplitude": 10.3,
    "stimulus_start_time": 0.92,
    "stimulus_units": "pA",
    "sweep_number": 22,
    "vm_delta_mv": 0.051055908203125
  },
  {
    "bridge_balance_mohm": 15.9951162338257,
    "id": 396349098,
    "leak_pa": 0.0,
    "num_spikes": 0,
    "peak_deflection": 0.0,
    "post_noise_rms_mv": 0.0313007310032845,
    "post_vm_mv": -81.0172729492188,
    "pre_noise_rms_mv": 0.0275870617479086,
    "pre_vm_mv": -81.0336227416992,
    "slow_noise_rms_mv": 0.0902346223592758,
    "slow_vm_mv": -81.0336227416992,
    "specimen_id": 321906005,
    "stimulus_absolute_amplitude": 1029.99997420028,
    "stimulus_description": "C1SSFINEST150112[0]",
    "stimulus_duration": 0.002995,
    "stimulus_interval": 0.0,
    "stimulus_name": "Short Square",
    "stimulus_relative_amplitude": 10.3,
    "stimulus_start_time": 0.92,
    "stimulus_units": "pA",
    "sweep_number": 24,
    "vm_delta_mv": 0.0163497924804688
  },
  {
    "bridge_balance_mohm": 15.9951162338257,
    "id": 396349249,
    "leak_pa": 0.0,
    "num_spikes": 38,
    "peak_deflection": 0.0,
    "post_noise_rms_mv": 0.0329949744045734,
    "post_vm_mv": -82.0327072143555,
    "pre_noise_rms_mv": 0.0424278080463409,
    "pre_vm_mv": -82.006965637207,
    "slow_noise_rms_mv": 0.0883496031165123,
    "slow_vm_mv": -82.006965637207,
    "specimen_id": 321906005,
    "stimulus_absolute_amplitude": 190.000001842883,
    "stimulus_description": "C2SQRHELNG150112[0]",
    "stimulus_duration": 1.999995,
    "stimulus_interval": 0.0,
    "stimulus_name": "Square - 2s Suprathreshold",
    "stimulus_relative_amplitude": 1.9,
    "stimulus_start_time": 0.92,
    "stimulus_units": "pA",
    "sweep_number": 57,
    "vm_delta_mv": 0.0257415771484375
  },
  {
    "bridge_balance_mohm": 15.9951162338257,
    "id": 396349268,
    "leak_pa": 0.0,
    "num_spikes": 3,
    "peak_deflection": 0.0,
    "post_noise_rms_mv": 0.0366632901132107,
    "post_vm_mv": -80.8249816894531,
    "pre_noise_rms_mv": 0.0364971496164799,
    "pre_vm_mv": -81.4876098632812,
    "slow_noise_rms_mv": 0.119601540267467,
    "slow_vm_mv": -81.4876098632812,
    "specimen_id": 321906005,
    "stimulus_absolute_amplitude": 1029.99997420028,
    "stimulus_description": "C2SSTRIPLE141203[1]",
    "stimulus_duration": 0.024995,
    "stimulus_interval": 0.008,
    "stimulus_name": "Short Square - Triple",
    "stimulus_relative_amplitude": 10.3,
    "stimulus_start_time": 1.92,
    "stimulus_units": "pA",
    "sweep_number": 61,
    "vm_delta_mv": 0.662628173828125
  },
  {
    "bridge_balance_mohm": 16.7277164459229,
    "id": 396349421,
    "leak_pa": 0.0,
    "num_spikes": 0,
    "peak_deflection": 0.0,
    "post_noise_rms_mv": 0.0365746729075909,
    "post_vm_mv": -81.2646484375,
    "pre_noise_rms_mv": 0.0364507958292961,
    "pre_vm_mv": -81.3799209594727,
    "slow_noise_rms_mv": 0.0620235987007618,
    "slow_vm_mv": -81.3799209594727,
    "specimen_id": 321906005,
    "stimulus_absolute_amplitude": 299.999997066536,
    "stimulus_description": "C1SSCOARSE150112[2]",
    "stimulus_duration": 0.002995,
    "stimulus_interval": 0.0,
    "stimulus_name": "Short Square",
    "stimulus_relative_amplitude": 1.0,
    "stimulus_start_time": 0.92,
    "stimulus_units": "pA",
    "sweep_number": 9,
    "vm_delta_mv": 0.115272521972656
  },
  {
    "bridge_balance_mohm": 15.9951162338257,
    "id": 396349344,
    "leak_pa": 0.0,
    "num_spikes": 3,
    "peak_deflection": 0.0,
    "post_noise_rms_mv": 0.0385573096573353,
    "post_vm_mv": -82.069450378418,
    "pre_noise_rms_mv": 0.0378846935927868,
    "pre_vm_mv": -81.9332656860352,
    "slow_noise_rms_mv": 0.131007507443428,
    "slow_vm_mv": -81.9332656860352,
    "specimen_id": 321906005,
    "stimulus_absolute_amplitude": 1029.99997420028,
    "stimulus_description": "C2SSTRIPLE141203[6]",
    "stimulus_duration": 0.064995,
    "stimulus_interval": 0.028,
    "stimulus_name": "Short Square - Triple",
    "stimulus_relative_amplitude": 10.3,
    "stimulus_start_time": 1.92,
    "stimulus_units": "pA",
    "sweep_number": 82,
    "vm_delta_mv": 0.136184692382812
  },
  {
    "bridge_balance_mohm": 15.9951162338257,
    "id": 396349090,
    "leak_pa": 0.0,
    "num_spikes": 1,
    "peak_deflection": 0.0,
    "post_noise_rms_mv": 0.0453132577240467,
    "post_vm_mv": -80.6804885864258,
    "pre_noise_rms_mv": 0.033670462667942,
    "pre_vm_mv": -80.6438140869141,
    "slow_noise_rms_mv": 0.0996586009860039,
    "slow_vm_mv": -80.6438140869141,
    "specimen_id": 321906005,
    "stimulus_absolute_amplitude": 1029.99997420028,
    "stimulus_description": "C1SSFINEST150112[0]",
    "stimulus_duration": 0.002995,
    "stimulus_interval": 0.0,
    "stimulus_name": "Short Square",
    "stimulus_relative_amplitude": 10.3,
    "stimulus_start_time": 0.92,
    "stimulus_units": "pA",
    "sweep_number": 20,
    "vm_delta_mv": 0.0366744995117188
  },
  {
    "bridge_balance_mohm": 15.9951162338257,
    "id": 396349108,
    "leak_pa": 0.0,
    "num_spikes": 0,
    "peak_deflection": -88.3437576293945,
    "post_noise_rms_mv": 0.0373640097677708,
    "post_vm_mv": -81.3383483886719,
    "pre_noise_rms_mv": 0.0408084504306316,
    "pre_vm_mv": -81.2475814819336,
    "slow_noise_rms_mv": 0.152116119861603,
    "slow_vm_mv": -81.2475814819336,
    "specimen_id": 321906005,
    "stimulus_absolute_amplitude": -29.9999990127642,
    "stimulus_description": "C1LSCOARSE150112[4]",
    "stimulus_duration": 0.999995,
    "stimulus_interval": 0.0,
    "stimulus_name": "Long Square",
    "stimulus_relative_amplitude": 1.0,
    "stimulus_start_time": 0.92,
    "stimulus_units": "pA",
    "sweep_number": 29,
    "vm_delta_mv": 0.0907669067382812
  },
  {
    "bridge_balance_mohm": 0.0,
    "id": 396349060,
    "leak_pa": 0.0,
    "num_spikes": 0,
    "peak_deflection": 0.0,
    "post_noise_rms_mv": 0.0,
    "post_vm_mv": 0.0,
    "pre_noise_rms_mv": 0.0,
    "pre_vm_mv": 0.0,
    "slow_noise_rms_mv": 0.0,
    "slow_vm_mv": 0.0,
    "specimen_id": 321906005,
    "stimulus_absolute_amplitude": 9.99999977648258,
    "stimulus_description": "EXTPSMOKET141203[0]",
    "stimulus_duration": 0.069995,
    "stimulus_interval": 0.05,
    "stimulus_name": "Test",
    "stimulus_relative_amplitude": 1.0,
    "stimulus_start_time": 0.03,
    "stimulus_units": "mV",
    "sweep_number": 0,
    "vm_delta_mv": 0.0
  },
  {
    "bridge_balance_mohm": 15.9951162338257,
    "id": 396349264,
    "leak_pa": 0.0,
    "num_spikes": 3,
    "peak_deflection": 0.0,
    "post_noise_rms_mv": 0.0368571281433105,
    "post_vm_mv": -81.6295318603516,
    "pre_noise_rms_mv": 0.0403493121266365,
    "pre_vm_mv": -81.5349960327148,
    "slow_noise_rms_mv": 0.0679464489221573,
    "slow_vm_mv": -81.5349960327148,
    "specimen_id": 321906005,
    "stimulus_absolute_amplitude": 1029.99997420028,
    "stimulus_description": "C2SSTRIPLE141203[0]",
    "stimulus_duration": 0.016995,
    "stimulus_interval": 0.004,
    "stimulus_name": "Short Square - Triple",
    "stimulus_relative_amplitude": 10.3,
    "stimulus_start_time": 1.92,
    "stimulus_units": "pA",
    "sweep_number": 60,
    "vm_delta_mv": 0.0945358276367188
  },
  {
    "bridge_balance_mohm": 15.9951162338257,
    "id": 396349130,
    "leak_pa": 0.0,
    "num_spikes": 18,
    "peak_deflection": 0.0,
    "post_noise_rms_mv": 0.0376101471483707,
    "post_vm_mv": -82.04931640625,
    "pre_noise_rms_mv": 0.0317492112517357,
    "pre_vm_mv": -81.3956146240234,
    "slow_noise_rms_mv": 0.123345121741295,
    "slow_vm_mv": -81.3956146240234,
    "specimen_id": 321906005,
    "stimulus_absolute_amplitude": 170.000000188075,
    "stimulus_description": "C1LSCOARSE150112[14]",
    "stimulus_duration": 0.999995,
    "stimulus_interval": 0.0,
    "stimulus_name": "Long Square",
    "stimulus_relative_amplitude": 1.0,
    "stimulus_start_time": 0.92,
    "stimulus_units": "pA",
    "sweep_number": 39,
    "vm_delta_mv": 0.653701782226562
  },
  {
    "bridge_balance_mohm": 15.9951162338257,
    "id": 396349138,
    "leak_pa": 0.0,
    "num_spikes": 24,
    "peak_deflection": 0.0,
    "post_noise_rms_mv": 0.037853442132473,
    "post_vm_mv": -82.0427017211914,
    "pre_noise_rms_mv": 0.0365485474467278,
    "pre_vm_mv": -81.8476791381836,
    "slow_noise_rms_mv": 0.0807672739028931,
    "slow_vm_mv": -81.8476791381836,
    "specimen_id": 321906005,
    "stimulus_absolute_amplitude": 210.00000349769,
    "stimulus_description": "C1LSCOARSE150112[16]",
    "stimulus_duration": 0.999995,
    "stimulus_interval": 0.0,
    "stimulus_name": "Long Square",
    "stimulus_relative_amplitude": 1.0,
    "stimulus_start_time": 0.92,
    "stimulus_units": "pA",
    "sweep_number": 41,
    "vm_delta_mv": 0.195022583007812
  },
  {
    "bridge_balance_mohm": 15.9951162338257,
    "id": 396349386,
    "leak_pa": 0.0,
    "num_spikes": 0,
    "peak_deflection": 0.0,
    "post_noise_rms_mv": 0.0376264750957489,
    "post_vm_mv": -62.5757102966309,
    "pre_noise_rms_mv": 0.0407987125217915,
    "pre_vm_mv": -62.4590606689453,
    "slow_noise_rms_mv": 0.170431554317474,
    "slow_vm_mv": -62.4590606689453,
    "specimen_id": 321906005,
    "stimulus_absolute_amplitude": 100.000001335143,
    "stimulus_description": "C2SSHM60CS150112[0]",
    "stimulus_duration": 0.002995,
    "stimulus_interval": 0.0,
    "stimulus_name": "Short Square - Hold -60mV",
    "stimulus_relative_amplitude": 1.0,
    "stimulus_start_time": 0.92,
    "stimulus_units": "pA",
    "sweep_number": 84,
    "vm_delta_mv": 0.116649627685547
  },
  {
    "bridge_balance_mohm": 15.9951162338257,
    "id": 396349136,
    "leak_pa": 0.0,
    "num_spikes": 21,
    "peak_deflection": 0.0,
    "post_noise_rms_mv": 0.0349380224943161,
    "post_vm_mv": -82.2709579467773,
    "pre_noise_rms_mv": 0.0404117032885551,
    "pre_vm_mv": -82.0282745361328,
    "slow_noise_rms_mv": 0.15427839756012,
    "slow_vm_mv": -82.0282745361328,
    "specimen_id": 321906005,
    "stimulus_absolute_amplitude": 190.000001842883,
    "stimulus_description": "C1LSCOARSE150112[15]",
    "stimulus_duration": 0.999995,
    "stimulus_interval": 0.0,
    "stimulus_name": "Long Square",
    "stimulus_relative_amplitude": 1.0,
    "stimulus_start_time": 0.92,
    "stimulus_units": "pA",
    "sweep_number": 40,
    "vm_delta_mv": 0.242683410644531
  },
  {
    "bridge_balance_mohm": 15.9951162338257,
    "id": 396349275,
    "leak_pa": 0.0,
    "num_spikes": 3,
    "peak_deflection": 0.0,
    "post_noise_rms_mv": 0.0321974195539951,
    "post_vm_mv": -81.9948959350586,
    "pre_noise_rms_mv": 0.0362339466810226,
    "pre_vm_mv": -81.2588729858398,
    "slow_noise_rms_mv": 0.127792492508888,
    "slow_vm_mv": -81.2588729858398,
    "specimen_id": 321906005,
    "stimulus_absolute_amplitude": 1029.99997420028,
    "stimulus_description": "C2SSTRIPLE141203[3]",
    "stimulus_duration": 0.040995,
    "stimulus_interval": 0.016,
    "stimulus_name": "Short Square - Triple",
    "stimulus_relative_amplitude": 10.3,
    "stimulus_start_time": 1.92,
    "stimulus_units": "pA",
    "sweep_number": 63,
    "vm_delta_mv": 0.73602294921875
  },
  {
    "bridge_balance_mohm": 15.9951162338257,
    "id": 396349233,
    "leak_pa": 0.0,
    "num_spikes": 1,
    "peak_deflection": 0.0,
    "post_noise_rms_mv": 0.0404374487698078,
    "post_vm_mv": -81.7024078369141,
    "pre_noise_rms_mv": 0.0406220406293869,
    "pre_vm_mv": -81.5607147216797,
    "slow_noise_rms_mv": 0.0796767398715019,
    "slow_vm_mv": -81.5607147216797,
    "specimen_id": 321906005,
    "stimulus_absolute_amplitude": 110.000002162547,
    "stimulus_description": "C2SQRHELNG150112[0]",
    "stimulus_duration": 1.999995,
    "stimulus_interval": 0.0,
    "stimulus_name": "Square - 2s Suprathreshold",
    "stimulus_relative_amplitude": 1.1,
    "stimulus_start_time": 0.92,
    "stimulus_units": "pA",
    "sweep_number": 53,
    "vm_delta_mv": 0.141693115234375
  },
  {
    "bridge_balance_mohm": 15.9951162338257,
    "id": 396349398,
    "leak_pa": 0.0,
    "num_spikes": 0,
    "peak_deflection": 0.0,
    "post_noise_rms_mv": 0.040303148329258,
    "post_vm_mv": -62.4814796447754,
    "pre_noise_rms_mv": 0.0391327105462551,
    "pre_vm_mv": -62.3130264282227,
    "slow_noise_rms_mv": 0.123715594410896,
    "slow_vm_mv": -62.3130264282227,
    "specimen_id": 321906005,
    "stimulus_absolute_amplitude": 299.999997066536,
    "stimulus_description": "C2SSHM60CS150112[2]",
    "stimulus_duration": 0.002995,
    "stimulus_interval": 0.0,
    "stimulus_name": "Short Square - Hold -60mV",
    "stimulus_relative_amplitude": 1.0,
    "stimulus_start_time": 0.92,
    "stimulus_units": "pA",
    "sweep_number": 86,
    "vm_delta_mv": 0.168453216552734
  },
  {
    "bridge_balance_mohm": 15.9951162338257,
    "id": 396349096,
    "leak_pa": 0.0,
    "num_spikes": 1,
    "peak_deflection": 0.0,
    "post_noise_rms_mv": 0.0394877642393112,
    "post_vm_mv": -80.8557739257812,
    "pre_noise_rms_mv": 0.0304787196218967,
    "pre_vm_mv": -81.0749816894531,
    "slow_noise_rms_mv": 0.359332382678986,
    "slow_vm_mv": -81.0749816894531,
    "specimen_id": 321906005,
    "stimulus_absolute_amplitude": 1029.99997420028,
    "stimulus_description": "C1SSFINEST150112[0]",
    "stimulus_duration": 0.002995,
    "stimulus_interval": 0.0,
    "stimulus_name": "Short Square",
    "stimulus_relative_amplitude": 10.3,
    "stimulus_start_time": 0.92,
    "stimulus_units": "pA",
    "sweep_number": 23,
    "vm_delta_mv": 0.219207763671875
  },
  {
    "bridge_balance_mohm": 15.9951162338257,
    "id": 396349122,
    "leak_pa": 0.0,
    "num_spikes": 0,
    "peak_deflection": -48.375,
    "post_noise_rms_mv": 0.0407507531344891,
    "post_vm_mv": -81.8388977050781,
    "pre_noise_rms_mv": 0.0402809865772724,
    "pre_vm_mv": -81.8134918212891,
    "slow_noise_rms_mv": 0.159562915563583,
    "slow_vm_mv": -81.8134918212891,
    "specimen_id": 321906005,
    "stimulus_absolute_amplitude": 90.0000005077395,
    "stimulus_description": "C1LSCOARSE150112[10]",
    "stimulus_duration": 0.999995,
    "stimulus_interval": 0.0,
    "stimulus_name": "Long Square",
    "stimulus_relative_amplitude": 1.0,
    "stimulus_start_time": 0.92,
    "stimulus_units": "pA",
    "sweep_number": 35,
    "vm_delta_mv": 0.0254058837890625
  },
  {
    "bridge_balance_mohm": 15.9951162338257,
    "id": 396349303,
    "leak_pa": 0.0,
    "num_spikes": 3,
    "peak_deflection": 0.0,
    "post_noise_rms_mv": 0.0397702418267727,
    "post_vm_mv": -82.1765365600586,
    "pre_noise_rms_mv": 0.0333132371306419,
    "pre_vm_mv": -82.0225830078125,
    "slow_noise_rms_mv": 0.0724586099386215,
    "slow_vm_mv": -82.0225830078125,
    "specimen_id": 321906005,
    "stimulus_absolute_amplitude": 1029.99997420028,
    "stimulus_description": "C2SSTRIPLE141203[2]",
    "stimulus_duration": 0.032995,
    "stimulus_interval": 0.012,
    "stimulus_name": "Short Square - Triple",
    "stimulus_relative_amplitude": 10.3,
    "stimulus_start_time": 1.92,
    "stimulus_units": "pA",
    "sweep_number": 70,
    "vm_delta_mv": 0.153953552246094
  },
  {
    "bridge_balance_mohm": 15.9951162338257,
    "id": 396349104,
    "leak_pa": 0.0,
    "num_spikes": 0,
    "peak_deflection": -94.5000076293945,
    "post_noise_rms_mv": 0.0345319733023643,
    "post_vm_mv": -81.0152969360352,
    "pre_noise_rms_mv": 0.0334068983793259,
    "pre_vm_mv": -81.3064117431641,
    "slow_noise_rms_mv": 0.156631514430046,
    "slow_vm_mv": -81.3064117431641,
    "specimen_id": 321906005,
    "stimulus_absolute_amplitude": -69.9999988529321,
    "stimulus_description": "C1LSCOARSE150112[2]",
    "stimulus_duration": 0.999995,
    "stimulus_interval": 0.0,
    "stimulus_name": "Long Square",
    "stimulus_relative_amplitude": 1.0,
    "stimulus_start_time": 0.92,
    "stimulus_units": "pA",
    "sweep_number": 27,
    "vm_delta_mv": 0.291114807128906
  },
  {
    "bridge_balance_mohm": 15.9951162338257,
    "id": 396349152,
    "leak_pa": 0.0,
    "num_spikes": 59,
    "peak_deflection": 0.0,
    "post_noise_rms_mv": 0.0352338291704655,
    "post_vm_mv": -82.0866622924805,
    "pre_noise_rms_mv": 0.0358550436794758,
    "pre_vm_mv": -81.7426300048828,
    "slow_noise_rms_mv": 0.0792681127786636,
    "slow_vm_mv": -81.7426300048828,
    "specimen_id": 321906005,
    "stimulus_absolute_amplitude": 259.374993705208,
    "stimulus_description": "C1NSSEED_2150112[0]",
    "stimulus_duration": 18.999995,
    "stimulus_interval": 5.0,
    "stimulus_name": "Noise 2",
    "stimulus_relative_amplitude": 1.1,
    "stimulus_start_time": 1.92,
    "stimulus_units": "pA",
    "sweep_number": 47,
    "vm_delta_mv": 0.344032287597656
  },
  {
    "bridge_balance_mohm": 15.9951162338257,
    "id": 396349078,
    "leak_pa": 0.0,
    "num_spikes": 0,
    "peak_deflection": 0.0,
    "post_noise_rms_mv": 0.0341016761958599,
    "post_vm_mv": -80.3394470214844,
    "pre_noise_rms_mv": 0.0377120636403561,
    "pre_vm_mv": -80.7603454589844,
    "slow_noise_rms_mv": 0.0954231172800064,
    "slow_vm_mv": -80.7603454589844,
    "specimen_id": 321906005,
    "stimulus_absolute_amplitude": 900.000018955183,
    "stimulus_description": "C1SSCOARSE150112[8]",
    "stimulus_duration": 0.002995,
    "stimulus_interval": 0.0,
    "stimulus_name": "Short Square",
    "stimulus_relative_amplitude": 1.0,
    "stimulus_start_time": 0.92,
    "stimulus_units": "pA",
    "sweep_number": 15,
    "vm_delta_mv": 0.4208984375
  },
  {
    "bridge_balance_mohm": 15.9951162338257,
    "id": 396349140,
    "leak_pa": 0.0,
    "num_spikes": 27,
    "peak_deflection": 0.0,
    "post_noise_rms_mv": 0.0343476049602032,
    "post_vm_mv": -82.2789916992188,
    "pre_noise_rms_mv": 0.0408903621137142,
    "pre_vm_mv": -81.8561172485352,
    "slow_noise_rms_mv": 0.153639018535614,
    "slow_vm_mv": -81.8561172485352,
    "specimen_id": 321906005,
    "stimulus_absolute_amplitude": 230.000005152498,
    "stimulus_description": "C1LSCOARSE150112[17]",
    "stimulus_duration": 0.999995,
    "stimulus_interval": 0.0,
    "stimulus_name": "Long Square",
    "stimulus_relative_amplitude": 1.0,
    "stimulus_start_time": 0.92,
    "stimulus_units": "pA",
    "sweep_number": 42,
    "vm_delta_mv": 0.422874450683594
  },
  {
    "bridge_balance_mohm": 15.9951162338257,
    "id": 396349271,
    "leak_pa": 0.0,
    "num_spikes": 3,
    "peak_deflection": 0.0,
    "post_noise_rms_mv": 0.0434497147798538,
    "post_vm_mv": -81.6419525146484,
    "pre_noise_rms_mv": 0.0342112965881824,
    "pre_vm_mv": -81.4136505126953,
    "slow_noise_rms_mv": 0.0918091610074043,
    "slow_vm_mv": -81.4136505126953,
    "specimen_id": 321906005,
    "stimulus_absolute_amplitude": 1029.99997420028,
    "stimulus_description": "C2SSTRIPLE141203[2]",
    "stimulus_duration": 0.032995,
    "stimulus_interval": 0.012,
    "stimulus_name": "Short Square - Triple",
    "stimulus_relative_amplitude": 10.3,
    "stimulus_start_time": 1.92,
    "stimulus_units": "pA",
    "sweep_number": 62,
    "vm_delta_mv": 0.228302001953125
  },
  {
    "bridge_balance_mohm": 0.0,
    "id": 396349110,
    "leak_pa": 0.0,
    "num_spikes": 0,
    "peak_deflection": 0.0,
    "post_noise_rms_mv": 0.0,
    "post_vm_mv": 0.0,
    "pre_noise_rms_mv": 0.0,
    "pre_vm_mv": 0.0,
    "slow_noise_rms_mv": 0.0,
    "slow_vm_mv": 0.0,
    "specimen_id": 321906005,
    "stimulus_absolute_amplitude": 9.99999977648258,
    "stimulus_description": "EXTPBREAKN141203[0]",
    "stimulus_duration": 0.069995,
    "stimulus_interval": 0.05,
    "stimulus_name": "Test",
    "stimulus_relative_amplitude": 1.0,
    "stimulus_start_time": 0.03,
    "stimulus_units": "mV",
    "sweep_number": 3,
    "vm_delta_mv": 0.0
  },
  {
    "bridge_balance_mohm": 15.9951162338257,
    "id": 396349237,
    "leak_pa": 0.0,
    "num_spikes": 26,
    "peak_deflection": 0.0,
    "post_noise_rms_mv": 0.0468725822865963,
    "post_vm_mv": -82.1075820922852,
    "pre_noise_rms_mv": 0.0385587364435196,
    "pre_vm_mv": -82.0834732055664,
    "slow_noise_rms_mv": 0.0884657502174377,
    "slow_vm_mv": -82.0834732055664,
    "specimen_id": 321906005,
    "stimulus_absolute_amplitude": 149.999998533268,
    "stimulus_description": "C2SQRHELNG150112[0]",
    "stimulus_duration": 1.999995,
    "stimulus_interval": 0.0,
    "stimulus_name": "Square - 2s Suprathreshold",
    "stimulus_relative_amplitude": 1.5,
    "stimulus_start_time": 0.92,
    "stimulus_units": "pA",
    "sweep_number": 54,
    "vm_delta_mv": 0.02410888671875
  },
  {
    "bridge_balance_mohm": 15.9951162338257,
    "id": 396349443,
    "leak_pa": 0.0,
    "num_spikes": 1,
    "peak_deflection": 0.0,
    "post_noise_rms_mv": 0.0415441654622555,
    "post_vm_mv": -62.6284484863281,
    "pre_noise_rms_mv": 0.0368399769067764,
    "pre_vm_mv": -62.418140411377,
    "slow_noise_rms_mv": 0.280989050865173,
    "slow_vm_mv": -62.418140411377,
    "specimen_id": 321906005,
    "stimulus_absolute_amplitude": 469.999983376823,
    "stimulus_description": "C2SSHM60FN150112[0]",
    "stimulus_duration": 0.002995,
    "stimulus_interval": 0.0,
    "stimulus_name": "Short Square - Hold -60mV",
    "stimulus_relative_amplitude": 4.7,
    "stimulus_start_time": 0.92,
    "stimulus_units": "pA",
    "sweep_number": 93,
    "vm_delta_mv": 0.210308074951172
  },
  {
    "bridge_balance_mohm": 15.9951162338257,
    "id": 396349128,
    "leak_pa": 0.0,
    "num_spikes": 15,
    "peak_deflection": 0.0,
    "post_noise_rms_mv": 0.0379222892224789,
    "post_vm_mv": -80.7813415527344,
    "pre_noise_rms_mv": 0.0336572788655758,
    "pre_vm_mv": -81.1240463256836,
    "slow_noise_rms_mv": 0.119560547173023,
    "slow_vm_mv": -81.1240463256836,
    "specimen_id": 321906005,
    "stimulus_absolute_amplitude": 149.999998533268,
    "stimulus_description": "C1LSCOARSE150112[13]",
    "stimulus_duration": 0.999995,
    "stimulus_interval": 0.0,
    "stimulus_name": "Long Square",
    "stimulus_relative_amplitude": 1.0,
    "stimulus_start_time": 0.92,
    "stimulus_units": "pA",
    "sweep_number": 38,
    "vm_delta_mv": 0.342704772949219
  },
  {
    "bridge_balance_mohm": 15.9951162338257,
    "id": 396349147,
    "leak_pa": 0.0,
    "num_spikes": 68,
    "peak_deflection": 0.0,
    "post_noise_rms_mv": 0.03823072463274,
    "post_vm_mv": -80.7591323852539,
    "pre_noise_rms_mv": 0.0344852395355701,
    "pre_vm_mv": -80.1975479125977,
    "slow_noise_rms_mv": 0.0894441828131676,
    "slow_vm_mv": -80.1975479125977,
    "specimen_id": 321906005,
    "stimulus_absolute_amplitude": 259.374993705208,
    "stimulus_description": "C1NSSEED_2150112[0]",
    "stimulus_duration": 18.999995,
    "stimulus_interval": 5.0,
    "stimulus_name": "Noise 2",
    "stimulus_relative_amplitude": 1.1,
    "stimulus_start_time": 1.92,
    "stimulus_units": "pA",
    "sweep_number": 45,
    "vm_delta_mv": 0.56158447265625
  },
  {
    "bridge_balance_mohm": 15.9951162338257,
    "id": 396349324,
    "leak_pa": 0.0,
    "num_spikes": 3,
    "peak_deflection": 0.0,
    "post_noise_rms_mv": 0.0364712327718735,
    "post_vm_mv": -81.9487686157227,
    "pre_noise_rms_mv": 0.0370166301727295,
    "pre_vm_mv": -82.0085906982422,
    "slow_noise_rms_mv": 0.0691157802939415,
    "slow_vm_mv": -82.0085906982422,
    "specimen_id": 321906005,
    "stimulus_absolute_amplitude": 1029.99997420028,
    "stimulus_description": "C2SSTRIPLE141203[0]",
    "stimulus_duration": 0.016995,
    "stimulus_interval": 0.004,
    "stimulus_name": "Short Square - Triple",
    "stimulus_relative_amplitude": 10.3,
    "stimulus_start_time": 1.92,
    "stimulus_units": "pA",
    "sweep_number": 76,
    "vm_delta_mv": 0.0598220825195312
  },
  {
    "bridge_balance_mohm": 0.0,
    "id": 396349456,
    "leak_pa": 0.0,
    "num_spikes": 0,
    "peak_deflection": 0.0,
    "post_noise_rms_mv": 0.0,
    "post_vm_mv": 0.0,
    "pre_noise_rms_mv": 0.0,
    "pre_vm_mv": 0.0,
    "slow_noise_rms_mv": 0.0,
    "slow_vm_mv": 0.0,
    "specimen_id": 321906005,
    "stimulus_absolute_amplitude": 9.99999977648258,
    "stimulus_description": "EXTPEXPEND141203[0]",
    "stimulus_duration": 0.069995,
    "stimulus_interval": 0.05,
    "stimulus_name": "Test",
    "stimulus_relative_amplitude": 1.0,
    "stimulus_start_time": 0.03,
    "stimulus_units": "mV",
    "sweep_number": 99,
    "vm_delta_mv": 0.0
  },
  {
    "bridge_balance_mohm": 15.9951162338257,
    "id": 396349245,
    "leak_pa": 0.0,
    "num_spikes": 24,
    "peak_deflection": 0.0,
    "post_noise_rms_mv": 0.0382953807711601,
    "post_vm_mv": -82.9564437866211,
    "pre_noise_rms_mv": 0.0433533154428005,
    "pre_vm_mv": -82.6577224731445,
    "slow_noise_rms_mv": 0.085734136402607,
    "slow_vm_mv": -82.6577224731445,
    "specimen_id": 321906005,
    "stimulus_absolute_amplitude": 149.999998533268,
    "stimulus_description": "C2SQRHELNG150112[0]",
    "stimulus_duration": 1.999995,
    "stimulus_interval": 0.0,
    "stimulus_name": "Square - 2s Suprathreshold",
    "stimulus_relative_amplitude": 1.5,
    "stimulus_start_time": 0.92,
    "stimulus_units": "pA",
    "sweep_number": 56,
    "vm_delta_mv": 0.298721313476562
  },
  {
    "bridge_balance_mohm": 16.7277164459229,
    "id": 396349072,
    "leak_pa": 0.0,
    "num_spikes": 0,
    "peak_deflection": 0.0,
    "post_noise_rms_mv": 0.0439313910901546,
    "post_vm_mv": -80.6198043823242,
    "pre_noise_rms_mv": 0.0354810990393162,
    "pre_vm_mv": -80.6047897338867,
    "slow_noise_rms_mv": 0.093094989657402,
    "slow_vm_mv": -80.6047897338867,
    "specimen_id": 321906005,
    "stimulus_absolute_amplitude": 599.999994133071,
    "stimulus_description": "C1SSCOARSE150112[5]",
    "stimulus_duration": 0.002995,
    "stimulus_interval": 0.0,
    "stimulus_name": "Short Square",
    "stimulus_relative_amplitude": 1.0,
    "stimulus_start_time": 0.92,
    "stimulus_units": "pA",
    "sweep_number": 12,
    "vm_delta_mv": 0.0150146484375
  },
  {
    "bridge_balance_mohm": 15.9951162338257,
    "id": 396349415,
    "leak_pa": 0.0,
    "num_spikes": 0,
    "peak_deflection": 0.0,
    "post_noise_rms_mv": 0.0390383154153824,
    "post_vm_mv": -62.5860290527344,
    "pre_noise_rms_mv": 0.037351455539465,
    "pre_vm_mv": -62.1616554260254,
    "slow_noise_rms_mv": 0.327645421028137,
    "slow_vm_mv": -62.1616554260254,
    "specimen_id": 321906005,
    "stimulus_absolute_amplitude": 450.000009477591,
    "stimulus_description": "C2SSHM60FN150112[0]",
    "stimulus_duration": 0.002995,
    "stimulus_interval": 0.0,
    "stimulus_name": "Short Square - Hold -60mV",
    "stimulus_relative_amplitude": 4.5,
    "stimulus_start_time": 0.92,
    "stimulus_units": "pA",
    "sweep_number": 89,
    "vm_delta_mv": 0.424373626708984
  },
  {
    "bridge_balance_mohm": 15.9951162338257,
    "id": 396349156,
    "leak_pa": 0.0,
    "num_spikes": 64,
    "peak_deflection": 0.0,
    "post_noise_rms_mv": 0.0381606407463551,
    "post_vm_mv": -81.7601623535156,
    "pre_noise_rms_mv": 0.0414017736911774,
    "pre_vm_mv": -81.4522171020508,
    "slow_noise_rms_mv": 0.0773635655641556,
    "slow_vm_mv": -81.4522171020508,
    "specimen_id": 321906005,
    "stimulus_absolute_amplitude": 254.999993343219,
    "stimulus_description": "C1NSSEED_1150112[0]",
    "stimulus_duration": 18.999995,
    "stimulus_interval": 5.0,
    "stimulus_name": "Noise 1",
    "stimulus_relative_amplitude": 1.1,
    "stimulus_start_time": 1.92,
    "stimulus_units": "pA",
    "sweep_number": 48,
    "vm_delta_mv": 0.307945251464844
  },
  {
    "bridge_balance_mohm": 15.9951162338257,
    "id": 396349332,
    "leak_pa": 0.0,
    "num_spikes": 3,
    "peak_deflection": 0.0,
    "post_noise_rms_mv": 0.0358686745166779,
    "post_vm_mv": -82.1789474487305,
    "pre_noise_rms_mv": 0.0394269116222858,
    "pre_vm_mv": -82.0602416992188,
    "slow_noise_rms_mv": 0.0727241262793541,
    "slow_vm_mv": -82.0602416992188,
    "specimen_id": 321906005,
    "stimulus_absolute_amplitude": 1029.99997420028,
    "stimulus_description": "C2SSTRIPLE141203[2]",
    "stimulus_duration": 0.032995,
    "stimulus_interval": 0.012,
    "stimulus_name": "Short Square - Triple",
    "stimulus_relative_amplitude": 10.3,
    "stimulus_start_time": 1.92,
    "stimulus_units": "pA",
    "sweep_number": 78,
    "vm_delta_mv": 0.118705749511719
  },
  {
    "bridge_balance_mohm": 16.7277164459229,
    "id": 396349070,
    "leak_pa": 0.0,
    "num_spikes": 0,
    "peak_deflection": 0.0,
    "post_noise_rms_mv": 0.0411567501723766,
    "post_vm_mv": -80.6721115112305,
    "pre_noise_rms_mv": 0.0381419733166695,
    "pre_vm_mv": -80.6017761230469,
    "slow_noise_rms_mv": 0.0692987963557243,
    "slow_vm_mv": -80.6017761230469,
    "specimen_id": 321906005,
    "stimulus_absolute_amplitude": 499.999985859034,
    "stimulus_description": "C1SSCOARSE150112[4]",
    "stimulus_duration": 0.002995,
    "stimulus_interval": 0.0,
    "stimulus_name": "Short Square",
    "stimulus_relative_amplitude": 1.0,
    "stimulus_start_time": 0.92,
    "stimulus_units": "pA",
    "sweep_number": 11,
    "vm_delta_mv": 0.0703353881835938
  },
  {
    "bridge_balance_mohm": 15.9951162338257,
    "id": 396349229,
    "leak_pa": 0.0,
    "num_spikes": 2,
    "peak_deflection": 0.0,
    "post_noise_rms_mv": 0.037253737449646,
    "post_vm_mv": -81.5619735717773,
    "pre_noise_rms_mv": 0.0446640066802502,
    "pre_vm_mv": -81.273551940918,
    "slow_noise_rms_mv": 0.107841566205025,
    "slow_vm_mv": -81.273551940918,
    "specimen_id": 321906005,
    "stimulus_absolute_amplitude": 110.000002162547,
    "stimulus_description": "C2SQRHELNG150112[0]",
    "stimulus_duration": 1.999995,
    "stimulus_interval": 0.0,
    "stimulus_name": "Square - 2s Suprathreshold",
    "stimulus_relative_amplitude": 1.1,
    "stimulus_start_time": 0.92,
    "stimulus_units": "pA",
    "sweep_number": 52,
    "vm_delta_mv": 0.288421630859375
  },
  {
    "bridge_balance_mohm": 15.9951162338257,
    "id": 396349114,
    "leak_pa": 0.0,
    "num_spikes": 0,
    "peak_deflection": -79.15625,
    "post_noise_rms_mv": 0.0401685759425163,
    "post_vm_mv": -81.9409790039062,
    "pre_noise_rms_mv": 0.0385637283325195,
    "pre_vm_mv": -81.8769073486328,
    "slow_noise_rms_mv": 0.136480167508125,
    "slow_vm_mv": -81.8769073486328,
    "specimen_id": 321906005,
    "stimulus_absolute_amplitude": 9.99999996004197,
    "stimulus_description": "C1LSCOARSE150112[6]",
    "stimulus_duration": 0.999995,
    "stimulus_interval": 0.0,
    "stimulus_name": "Long Square",
    "stimulus_relative_amplitude": 1.0,
    "stimulus_start_time": 0.92,
    "stimulus_units": "pA",
    "sweep_number": 31,
    "vm_delta_mv": 0.0640716552734375
  },
  {
    "bridge_balance_mohm": 15.9951162338257,
    "id": 396349226,
    "leak_pa": 0.0,
    "num_spikes": 1,
    "peak_deflection": 0.0,
    "post_noise_rms_mv": 0.0342245139181614,
    "post_vm_mv": -81.7380447387695,
    "pre_noise_rms_mv": 0.0351824089884758,
    "pre_vm_mv": -81.7976303100586,
    "slow_noise_rms_mv": 0.0813034176826477,
    "slow_vm_mv": -81.7976303100586,
    "specimen_id": 321906005,
    "stimulus_absolute_amplitude": 110.000002162547,
    "stimulus_description": "C2SQRHELNG150112[0]",
    "stimulus_duration": 1.999995,
    "stimulus_interval": 0.0,
    "stimulus_name": "Square - 2s Suprathreshold",
    "stimulus_relative_amplitude": 1.1,
    "stimulus_start_time": 0.92,
    "stimulus_units": "pA",
    "sweep_number": 51,
    "vm_delta_mv": 0.0595855712890625
  },
  {
    "bridge_balance_mohm": 0.0,
    "id": 396349088,
    "leak_pa": 0.0,
    "num_spikes": 0,
    "peak_deflection": 0.0,
    "post_noise_rms_mv": 0.0,
    "post_vm_mv": 0.0,
    "pre_noise_rms_mv": 0.0,
    "pre_vm_mv": 0.0,
    "slow_noise_rms_mv": 0.0,
    "slow_vm_mv": 0.0,
    "specimen_id": 321906005,
    "stimulus_absolute_amplitude": 9.99999977648258,
    "stimulus_description": "EXTPCllATT141203[0]",
    "stimulus_duration": 0.069995,
    "stimulus_interval": 0.05,
    "stimulus_name": "Test",
    "stimulus_relative_amplitude": 1.0,
    "stimulus_start_time": 0.03,
    "stimulus_units": "mV",
    "sweep_number": 2,
    "vm_delta_mv": 0.0
  },
  {
    "bridge_balance_mohm": 15.9951162338257,
    "id": 396349292,
    "leak_pa": 0.0,
    "num_spikes": 2,
    "peak_deflection": 0.0,
    "post_noise_rms_mv": 0.0391540788114071,
    "post_vm_mv": -82.4455490112305,
    "pre_noise_rms_mv": 0.0359430946409702,
    "pre_vm_mv": -82.4931030273438,
    "slow_noise_rms_mv": 0.0756072551012039,
    "slow_vm_mv": -82.4931030273438,
    "specimen_id": 321906005,
    "stimulus_absolute_amplitude": 1029.99997420028,
    "stimulus_description": "C2SSTRIPLE141203[0]",
    "stimulus_duration": 0.016995,
    "stimulus_interval": 0.004,
    "stimulus_name": "Short Square - Triple",
    "stimulus_relative_amplitude": 10.3,
    "stimulus_start_time": 1.92,
    "stimulus_units": "pA",
    "sweep_number": 68,
    "vm_delta_mv": 0.0475540161132812
  },
  {
    "bridge_balance_mohm": 16.7277164459229,
    "id": 396349076,
    "leak_pa": 0.0,
    "num_spikes": 0,
    "peak_deflection": 0.0,
    "post_noise_rms_mv": 0.0376450642943382,
    "post_vm_mv": -80.9396133422852,
    "pre_noise_rms_mv": 0.0285593271255493,
    "pre_vm_mv": -80.9881591796875,
    "slow_noise_rms_mv": 0.0545859634876251,
    "slow_vm_mv": -80.9881591796875,
    "specimen_id": 321906005,
    "stimulus_absolute_amplitude": 800.000010681146,
    "stimulus_description": "C1SSCOARSE150112[7]",
    "stimulus_duration": 0.002995,
    "stimulus_interval": 0.0,
    "stimulus_name": "Short Square",
    "stimulus_relative_amplitude": 1.0,
    "stimulus_start_time": 0.92,
    "stimulus_units": "pA",
    "sweep_number": 14,
    "vm_delta_mv": 0.0485458374023438
  },
  {
    "bridge_balance_mohm": 15.9951162338257,
    "id": 396349328,
    "leak_pa": 0.0,
    "num_spikes": 3,
    "peak_deflection": 0.0,
    "post_noise_rms_mv": 0.0422448664903641,
    "post_vm_mv": -81.8255310058594,
    "pre_noise_rms_mv": 0.0350289940834045,
    "pre_vm_mv": -82.1902618408203,
    "slow_noise_rms_mv": 0.0679109543561935,
    "slow_vm_mv": -82.1902618408203,
    "specimen_id": 321906005,
    "stimulus_absolute_amplitude": 1029.99997420028,
    "stimulus_description": "C2SSTRIPLE141203[1]",
    "stimulus_duration": 0.024995,
    "stimulus_interval": 0.008,
    "stimulus_name": "Short Square - Triple",
    "stimulus_relative_amplitude": 10.3,
    "stimulus_start_time": 1.92,
    "stimulus_units": "pA",
    "sweep_number": 77,
    "vm_delta_mv": 0.364730834960938
  },
  {
    "bridge_balance_mohm": 15.9951162338257,
    "id": 396349310,
    "leak_pa": 0.0,
    "num_spikes": 3,
    "peak_deflection": 0.0,
    "post_noise_rms_mv": 0.0369768813252449,
    "post_vm_mv": -82.3740615844727,
    "pre_noise_rms_mv": 0.0381769463419914,
    "pre_vm_mv": -82.2242584228516,
    "slow_noise_rms_mv": 0.0888488590717316,
    "slow_vm_mv": -82.2242584228516,
    "specimen_id": 321906005,
    "stimulus_absolute_amplitude": 1029.99997420028,
    "stimulus_description": "C2SSTRIPLE141203[4]",
    "stimulus_duration": 0.048995,
    "stimulus_interval": 0.02,
    "stimulus_name": "Short Square - Triple",
    "stimulus_relative_amplitude": 10.3,
    "stimulus_start_time": 1.92,
    "stimulus_units": "pA",
    "sweep_number": 72,
    "vm_delta_mv": 0.149803161621094
  },
  {
    "bridge_balance_mohm": 15.9951162338257,
    "id": 396349403,
    "leak_pa": 0.0,
    "num_spikes": 0,
    "peak_deflection": 0.0,
    "post_noise_rms_mv": 0.0406388677656651,
    "post_vm_mv": -62.5755004882812,
    "pre_noise_rms_mv": 0.0393278449773788,
    "pre_vm_mv": -61.9572486877441,
    "slow_noise_rms_mv": 0.254227876663208,
    "slow_vm_mv": -61.9572486877441,
    "specimen_id": 321906005,
    "stimulus_absolute_amplitude": 400.000005340573,
    "stimulus_description": "C2SSHM60CS150112[3]",
    "stimulus_duration": 0.002995,
    "stimulus_interval": 0.0,
    "stimulus_name": "Short Square - Hold -60mV",
    "stimulus_relative_amplitude": 1.0,
    "stimulus_start_time": 0.92,
    "stimulus_units": "pA",
    "sweep_number": 87,
    "vm_delta_mv": 0.618251800537109
  },
  {
    "bridge_balance_mohm": 0.0,
    "id": 396349068,
    "leak_pa": 0.0,
    "num_spikes": 0,
    "peak_deflection": 0.0,
    "post_noise_rms_mv": 0.0394537299871445,
    "post_vm_mv": -2.14822721481323,
    "pre_noise_rms_mv": 0.0375722609460354,
    "pre_vm_mv": -2.1494665145874,
    "slow_noise_rms_mv": 0.0418204143643379,
    "slow_vm_mv": -2.1494665145874,
    "specimen_id": 321906005,
    "stimulus_absolute_amplitude": 0.0,
    "stimulus_description": "EXTPBLWOUT141203[0]",
    "stimulus_duration": 0.0,
    "stimulus_interval": 0.0,
    "stimulus_name": "Test",
    "stimulus_relative_amplitude": 1.0,
    "stimulus_start_time": 0.0,
    "stimulus_units": "pA",
    "sweep_number": 101,
    "vm_delta_mv": 0.00123929977416992
  },
  {
    "bridge_balance_mohm": 15.9951162338257,
    "id": 396349082,
    "leak_pa": 0.0,
    "num_spikes": 1,
    "peak_deflection": 0.0,
    "post_noise_rms_mv": 0.0385133437812328,
    "post_vm_mv": -80.1114807128906,
    "pre_noise_rms_mv": 0.0452916882932186,
    "pre_vm_mv": -80.0459213256836,
    "slow_noise_rms_mv": 0.0846865996718407,
    "slow_vm_mv": -80.0459213256836,
    "specimen_id": 321906005,
    "stimulus_absolute_amplitude": 1099.99997999211,
    "stimulus_description": "C1SSCOARSE150112[10]",
    "stimulus_duration": 0.002995,
    "stimulus_interval": 0.0,
    "stimulus_name": "Short Square",
    "stimulus_relative_amplitude": 1.0,
    "stimulus_start_time": 0.92,
    "stimulus_units": "pA",
    "sweep_number": 17,
    "vm_delta_mv": 0.0655593872070312
  },
  {
    "bridge_balance_mohm": 15.9951162338257,
    "id": 396349306,
    "leak_pa": 0.0,
    "num_spikes": 3,
    "peak_deflection": 0.0,
    "post_noise_rms_mv": 0.0343720987439156,
    "post_vm_mv": -82.3970184326172,
    "pre_noise_rms_mv": 0.0354195982217789,
    "pre_vm_mv": -82.2208023071289,
    "slow_noise_rms_mv": 0.0627753213047981,
    "slow_vm_mv": -82.2208023071289,
    "specimen_id": 321906005,
    "stimulus_absolute_amplitude": 1029.99997420028,
    "stimulus_description": "C2SSTRIPLE141203[3]",
    "stimulus_duration": 0.040995,
    "stimulus_interval": 0.016,
    "stimulus_name": "Short Square - Triple",
    "stimulus_relative_amplitude": 10.3,
    "stimulus_start_time": 1.92,
    "stimulus_units": "pA",
    "sweep_number": 71,
    "vm_delta_mv": 0.176216125488281
  },
  {
    "bridge_balance_mohm": 16.7277164459229,
    "id": 396349338,
    "leak_pa": 0.0,
    "num_spikes": 0,
    "peak_deflection": 0.0,
    "post_noise_rms_mv": 0.0360376238822937,
    "post_vm_mv": -81.2867736816406,
    "pre_noise_rms_mv": 0.0411549545824528,
    "pre_vm_mv": -81.3011169433594,
    "slow_noise_rms_mv": 0.195514664053917,
    "slow_vm_mv": -81.3011169433594,
    "specimen_id": 321906005,
    "stimulus_absolute_amplitude": 200.000002670286,
    "stimulus_description": "C1SSCOARSE150112[1]",
    "stimulus_duration": 0.002995,
    "stimulus_interval": 0.0,
    "stimulus_name": "Short Square",
    "stimulus_relative_amplitude": 1.0,
    "stimulus_start_time": 0.92,
    "stimulus_units": "pA",
    "sweep_number": 8,
    "vm_delta_mv": 0.01434326171875
  },
  {
    "bridge_balance_mohm": 15.9951162338257,
    "id": 396349124,
    "leak_pa": 0.0,
    "num_spikes": 7,
    "peak_deflection": 0.0,
    "post_noise_rms_mv": 0.0390064083039761,
    "post_vm_mv": -82.0765533447266,
    "pre_noise_rms_mv": 0.0284823309630156,
    "pre_vm_mv": -81.9119491577148,
    "slow_noise_rms_mv": 0.151269376277924,
    "slow_vm_mv": -81.9119491577148,
    "specimen_id": 321906005,
    "stimulus_absolute_amplitude": 110.000002162547,
    "stimulus_description": "C1LSCOARSE150112[11]",
    "stimulus_duration": 0.999995,
    "stimulus_interval": 0.0,
    "stimulus_name": "Long Square",
    "stimulus_relative_amplitude": 1.0,
    "stimulus_start_time": 0.92,
    "stimulus_units": "pA",
    "sweep_number": 36,
    "vm_delta_mv": 0.164604187011719
  },
  {
    "bridge_balance_mohm": 15.9951162338257,
    "id": 396349278,
    "leak_pa": 0.0,
    "num_spikes": 3,
    "peak_deflection": 0.0,
    "post_noise_rms_mv": 0.0423752442002296,
    "post_vm_mv": -82.2777786254883,
    "pre_noise_rms_mv": 0.0391895100474358,
    "pre_vm_mv": -82.0507507324219,
    "slow_noise_rms_mv": 0.22452275454998,
    "slow_vm_mv": -82.0507507324219,
    "specimen_id": 321906005,
    "stimulus_absolute_amplitude": 1029.99997420028,
    "stimulus_description": "C2SSTRIPLE141203[4]",
    "stimulus_duration": 0.048995,
    "stimulus_interval": 0.02,
    "stimulus_name": "Short Square - Triple",
    "stimulus_relative_amplitude": 10.3,
    "stimulus_start_time": 1.92,
    "stimulus_units": "pA",
    "sweep_number": 64,
    "vm_delta_mv": 0.227027893066406
  },
  {
    "bridge_balance_mohm": 15.9951162338257,
    "id": 396349336,
    "leak_pa": 0.0,
    "num_spikes": 3,
    "peak_deflection": 0.0,
    "post_noise_rms_mv": 0.0389396585524082,
    "post_vm_mv": -82.0897064208984,
    "pre_noise_rms_mv": 0.0353937260806561,
    "pre_vm_mv": -81.8637161254883,
    "slow_noise_rms_mv": 0.179461821913719,
    "slow_vm_mv": -81.8637161254883,
    "specimen_id": 321906005,
    "stimulus_absolute_amplitude": 1029.99997420028,
    "stimulus_description": "C2SSTRIPLE141203[3]",
    "stimulus_duration": 0.040995,
    "stimulus_interval": 0.016,
    "stimulus_name": "Short Square - Triple",
    "stimulus_relative_amplitude": 10.3,
    "stimulus_start_time": 1.92,
    "stimulus_units": "pA",
    "sweep_number": 79,
    "vm_delta_mv": 0.225990295410156
  },
  {
    "bridge_balance_mohm": 15.9951162338257,
    "id": 396349142,
    "leak_pa": 0.0,
    "num_spikes": 28,
    "peak_deflection": 0.0,
    "post_noise_rms_mv": 0.0381350815296173,
    "post_vm_mv": -83.4561614990234,
    "pre_noise_rms_mv": 0.0302275810390711,
    "pre_vm_mv": -83.5150527954102,
    "slow_noise_rms_mv": 0.117832042276859,
    "slow_vm_mv": -83.5150527954102,
    "specimen_id": 321906005,
    "stimulus_absolute_amplitude": 249.999992929517,
    "stimulus_description": "C1LSCOARSE150112[18]",
    "stimulus_duration": 0.999995,
    "stimulus_interval": 0.0,
    "stimulus_name": "Long Square",
    "stimulus_relative_amplitude": 1.0,
    "stimulus_start_time": 0.92,
    "stimulus_units": "pA",
    "sweep_number": 43,
    "vm_delta_mv": 0.0588912963867188
  },
  {
    "bridge_balance_mohm": 15.9951162338257,
    "id": 396349321,
    "leak_pa": 0.0,
    "num_spikes": 3,
    "peak_deflection": 0.0,
    "post_noise_rms_mv": 0.0378002151846886,
    "post_vm_mv": -82.3953399658203,
    "pre_noise_rms_mv": 0.0373176299035549,
    "pre_vm_mv": -82.4752578735352,
    "slow_noise_rms_mv": 0.0839002653956413,
    "slow_vm_mv": -82.4752578735352,
    "specimen_id": 321906005,
    "stimulus_absolute_amplitude": 1029.99997420028,
    "stimulus_description": "C2SSTRIPLE141203[7]",
    "stimulus_duration": 0.072995,
    "stimulus_interval": 0.032,
    "stimulus_name": "Short Square - Triple",
    "stimulus_relative_amplitude": 10.3,
    "stimulus_start_time": 1.92,
    "stimulus_units": "pA",
    "sweep_number": 75,
    "vm_delta_mv": 0.0799179077148438
  },
  {
    "bridge_balance_mohm": 16.7277164459229,
    "id": 396349299,
    "leak_pa": 0.0,
    "num_spikes": 0,
    "peak_deflection": 0.0,
    "post_noise_rms_mv": 0.0399789400398731,
    "post_vm_mv": -80.9258880615234,
    "pre_noise_rms_mv": 0.0442104004323483,
    "pre_vm_mv": -81.404655456543,
    "slow_noise_rms_mv": 0.135160312056541,
    "slow_vm_mv": -81.404655456543,
    "specimen_id": 321906005,
    "stimulus_absolute_amplitude": 100.000001335143,
    "stimulus_description": "C1SSCOARSE150112[0]",
    "stimulus_duration": 0.002995,
    "stimulus_interval": 0.0,
    "stimulus_name": "Short Square",
    "stimulus_relative_amplitude": 1.0,
    "stimulus_start_time": 0.92,
    "stimulus_units": "pA",
    "sweep_number": 7,
    "vm_delta_mv": 0.478767395019531
  },
  {
    "bridge_balance_mohm": 15.9951162338257,
    "id": 396349102,
    "leak_pa": 0.0,
    "num_spikes": 0,
    "peak_deflection": -96.6875,
    "post_noise_rms_mv": 0.037501584738493,
    "post_vm_mv": -82.1745681762695,
    "pre_noise_rms_mv": 0.0401385948061943,
    "pre_vm_mv": -81.2717208862305,
    "slow_noise_rms_mv": 0.108675591647625,
    "slow_vm_mv": -81.2717208862305,
    "specimen_id": 321906005,
    "stimulus_absolute_amplitude": -90.0000005077395,
    "stimulus_description": "C1LSCOARSE150112[1]",
    "stimulus_duration": 0.999995,
    "stimulus_interval": 0.0,
    "stimulus_name": "Long Square",
    "stimulus_relative_amplitude": 1.0,
    "stimulus_start_time": 0.92,
    "stimulus_units": "pA",
    "sweep_number": 26,
    "vm_delta_mv": 0.902847290039062
  },
  {
    "bridge_balance_mohm": 15.9951162338257,
    "id": 396349080,
    "leak_pa": 0.0,
    "num_spikes": 0,
    "peak_deflection": 0.0,
    "post_noise_rms_mv": 0.0396175906062126,
    "post_vm_mv": -80.2811584472656,
    "pre_noise_rms_mv": 0.0422511473298073,
    "pre_vm_mv": -80.4357757568359,
    "slow_noise_rms_mv": 0.06746656447649,
    "slow_vm_mv": -80.4357757568359,
    "specimen_id": 321906005,
    "stimulus_absolute_amplitude": 999.999971718069,
    "stimulus_description": "C1SSCOARSE150112[9]",
    "stimulus_duration": 0.002995,
    "stimulus_interval": 0.0,
    "stimulus_name": "Short Square",
    "stimulus_relative_amplitude": 1.0,
    "stimulus_start_time": 0.92,
    "stimulus_units": "pA",
    "sweep_number": 16,
    "vm_delta_mv": 0.154617309570312
  },
  {
    "bridge_balance_mohm": 15.9951162338257,
    "id": 396349256,
    "leak_pa": 0.0,
    "num_spikes": 35,
    "peak_deflection": 0.0,
    "post_noise_rms_mv": 0.038212675601244,
    "post_vm_mv": -82.3097839355469,
    "pre_noise_rms_mv": 0.0360618717968464,
    "pre_vm_mv": -82.1119155883789,
    "slow_noise_rms_mv": 0.104614533483982,
    "slow_vm_mv": -82.1119155883789,
    "specimen_id": 321906005,
    "stimulus_absolute_amplitude": 190.000001842883,
    "stimulus_description": "C2SQRHELNG150112[0]",
    "stimulus_duration": 1.999995,
    "stimulus_interval": 0.0,
    "stimulus_name": "Square - 2s Suprathreshold",
    "stimulus_relative_amplitude": 1.9,
    "stimulus_start_time": 0.92,
    "stimulus_units": "pA",
    "sweep_number": 59,
    "vm_delta_mv": 0.197868347167969
  },
  {
    "bridge_balance_mohm": 16.7277164459229,
    "id": 396349164,
    "leak_pa": 0.0,
    "num_spikes": 31,
    "peak_deflection": 0.0,
    "post_noise_rms_mv": 0.0,
    "post_vm_mv": 0.0,
    "pre_noise_rms_mv": 0.0366959981620312,
    "pre_vm_mv": -81.526481628418,
    "slow_noise_rms_mv": 0.104411289095879,
    "slow_vm_mv": -81.526481628418,
    "specimen_id": 321906005,
    "stimulus_absolute_amplitude": 800.000010681146,
    "stimulus_description": "C1RP25PR1S141203[0]",
    "stimulus_duration": 31.997495,
    "stimulus_interval": 0.0,
    "stimulus_name": "Ramp",
    "stimulus_relative_amplitude": 1.0,
    "stimulus_start_time": 0.9225,
    "stimulus_units": "pA",
    "sweep_number": 5,
    "vm_delta_mv": 0.0
  },
  {
    "bridge_balance_mohm": 15.9951162338257,
    "id": 396349409,
    "leak_pa": 0.0,
    "num_spikes": 1,
    "peak_deflection": 0.0,
    "post_noise_rms_mv": 0.0373859666287899,
    "post_vm_mv": -62.3728981018066,
    "pre_noise_rms_mv": 0.0362914130091667,
    "pre_vm_mv": -62.0832061767578,
    "slow_noise_rms_mv": 0.154756024479866,
    "slow_vm_mv": -62.0832061767578,
    "specimen_id": 321906005,
    "stimulus_absolute_amplitude": 499.999985859034,
    "stimulus_description": "C2SSHM60CS150112[4]",
    "stimulus_duration": 0.002995,
    "stimulus_interval": 0.0,
    "stimulus_name": "Short Square - Hold -60mV",
    "stimulus_relative_amplitude": 1.0,
    "stimulus_start_time": 0.92,
    "stimulus_units": "pA",
    "sweep_number": 88,
    "vm_delta_mv": 0.289691925048828
  },
  {
    "bridge_balance_mohm": 16.7277164459229,
    "id": 396349133,
    "leak_pa": 0.0,
    "num_spikes": 27,
    "peak_deflection": 0.0,
    "post_noise_rms_mv": 0.0,
    "post_vm_mv": 0.0,
    "pre_noise_rms_mv": 0.0348693169653416,
    "pre_vm_mv": -80.8871841430664,
    "slow_noise_rms_mv": 0.136955007910728,
    "slow_vm_mv": -80.8871841430664,
    "specimen_id": 321906005,
    "stimulus_absolute_amplitude": 800.000010681146,
    "stimulus_description": "C1RP25PR1S141203[0]",
    "stimulus_duration": 31.997495,
    "stimulus_interval": 0.0,
    "stimulus_name": "Ramp",
    "stimulus_relative_amplitude": 1.0,
    "stimulus_start_time": 0.9225,
    "stimulus_units": "pA",
    "sweep_number": 4,
    "vm_delta_mv": 0.0
  },
  {
    "bridge_balance_mohm": 15.9951162338257,
    "id": 396349317,
    "leak_pa": 0.0,
    "num_spikes": 3,
    "peak_deflection": 0.0,
    "post_noise_rms_mv": 0.0341680869460106,
    "post_vm_mv": -82.3179779052734,
    "pre_noise_rms_mv": 0.0371639654040337,
    "pre_vm_mv": -82.1077575683594,
    "slow_noise_rms_mv": 0.243147909641266,
    "slow_vm_mv": -82.1077575683594,
    "specimen_id": 321906005,
    "stimulus_absolute_amplitude": 1029.99997420028,
    "stimulus_description": "C2SSTRIPLE141203[6]",
    "stimulus_duration": 0.064995,
    "stimulus_interval": 0.028,
    "stimulus_name": "Short Square - Triple",
    "stimulus_relative_amplitude": 10.3,
    "stimulus_start_time": 1.92,
    "stimulus_units": "pA",
    "sweep_number": 74,
    "vm_delta_mv": 0.210220336914062
  },
  {
    "bridge_balance_mohm": 15.9951162338257,
    "id": 396349448,
    "leak_pa": 0.0,
    "num_spikes": 0,
    "peak_deflection": 0.0,
    "post_noise_rms_mv": 0.0381416790187359,
    "post_vm_mv": -62.967155456543,
    "pre_noise_rms_mv": 0.03978506103158,
    "pre_vm_mv": -63.1540489196777,
    "slow_noise_rms_mv": 0.280877888202667,
    "slow_vm_mv": -63.1540489196777,
    "specimen_id": 321906005,
    "stimulus_absolute_amplitude": 469.999983376823,
    "stimulus_description": "C2SSHM60FN150112[0]",
    "stimulus_duration": 0.002995,
    "stimulus_interval": 0.0,
    "stimulus_name": "Short Square - Hold -60mV",
    "stimulus_relative_amplitude": 4.7,
    "stimulus_start_time": 0.92,
    "stimulus_units": "pA",
    "sweep_number": 95,
    "vm_delta_mv": 0.186893463134766
  },
  {
    "bridge_balance_mohm": 15.9951162338257,
    "id": 396349118,
    "leak_pa": 0.0,
    "num_spikes": 0,
    "peak_deflection": -66.90625,
    "post_noise_rms_mv": 0.035189114511013,
    "post_vm_mv": -82.0888214111328,
    "pre_noise_rms_mv": 0.0414573922753334,
    "pre_vm_mv": -82.1109085083008,
    "slow_noise_rms_mv": 0.106728374958038,
    "slow_vm_mv": -82.1109085083008,
    "specimen_id": 321906005,
    "stimulus_absolute_amplitude": 50.0000006675716,
    "stimulus_description": "C1LSCOARSE150112[8]",
    "stimulus_duration": 0.999995,
    "stimulus_interval": 0.0,
    "stimulus_name": "Long Square",
    "stimulus_relative_amplitude": 1.0,
    "stimulus_start_time": 0.92,
    "stimulus_units": "pA",
    "sweep_number": 33,
    "vm_delta_mv": 0.0220870971679688
  },
  {
    "bridge_balance_mohm": 0.0,
    "id": 396349066,
    "leak_pa": 0.0,
    "num_spikes": 0,
    "peak_deflection": 0.0,
    "post_noise_rms_mv": 0.0,
    "post_vm_mv": 0.0,
    "pre_noise_rms_mv": 0.0,
    "pre_vm_mv": 0.0,
    "slow_noise_rms_mv": 0.0,
    "slow_vm_mv": 0.0,
    "specimen_id": 321906005,
    "stimulus_absolute_amplitude": 9.99999977648258,
    "stimulus_description": "EXTPGGAEND141203[0]",
    "stimulus_duration": 0.069995,
    "stimulus_interval": 0.05,
    "stimulus_name": "Test",
    "stimulus_relative_amplitude": 1.0,
    "stimulus_start_time": 0.03,
    "stimulus_units": "mV",
    "sweep_number": 100,
    "vm_delta_mv": 0.0
  },
  {
    "bridge_balance_mohm": 16.7277164459229,
    "id": 396349074,
    "leak_pa": 0.0,
    "num_spikes": 0,
    "peak_deflection": 0.0,
    "post_noise_rms_mv": 0.0321618616580963,
    "post_vm_mv": -81.0176696777344,
    "pre_noise_rms_mv": 0.0274921543896198,
    "pre_vm_mv": -81.0144424438477,
    "slow_noise_rms_mv": 0.0885670781135559,
    "slow_vm_mv": -81.0144424438477,
    "specimen_id": 321906005,
    "stimulus_absolute_amplitude": 700.000002407108,
    "stimulus_description": "C1SSCOARSE150112[6]",
    "stimulus_duration": 0.002995,
    "stimulus_interval": 0.0,
    "stimulus_name": "Short Square",
    "stimulus_relative_amplitude": 1.0,
    "stimulus_start_time": 0.92,
    "stimulus_units": "pA",
    "sweep_number": 13,
    "vm_delta_mv": 0.00322723388671875
  },
  {
    "bridge_balance_mohm": 15.9951162338257,
    "id": 396349160,
    "leak_pa": 0.0,
    "num_spikes": 59,
    "peak_deflection": 0.0,
    "post_noise_rms_mv": 0.0346758104860783,
    "post_vm_mv": -82.4542083740234,
    "pre_noise_rms_mv": 0.0387083850800991,
    "pre_vm_mv": -81.5532073974609,
    "slow_noise_rms_mv": 0.0702658668160439,
    "slow_vm_mv": -81.5532073974609,
    "specimen_id": 321906005,
    "stimulus_absolute_amplitude": 259.374993705208,
    "stimulus_description": "C1NSSEED_2150112[0]",
    "stimulus_duration": 18.999995,
    "stimulus_interval": 5.0,
    "stimulus_name": "Noise 2",
    "stimulus_relative_amplitude": 1.1,
    "stimulus_start_time": 1.92,
    "stimulus_units": "pA",
    "sweep_number": 49,
    "vm_delta_mv": 0.9010009765625
  },
  {
    "bridge_balance_mohm": 15.9951162338257,
    "id": 396349126,
    "leak_pa": 0.0,
    "num_spikes": 11,
    "peak_deflection": 0.0,
    "post_noise_rms_mv": 0.0386121831834316,
    "post_vm_mv": -81.4071197509766,
    "pre_noise_rms_mv": 0.0422569774091244,
    "pre_vm_mv": -81.4175033569336,
    "slow_noise_rms_mv": 0.107507161796093,
    "slow_vm_mv": -81.4175033569336,
    "specimen_id": 321906005,
    "stimulus_absolute_amplitude": 129.99999687846,
    "stimulus_description": "C1LSCOARSE150112[12]",
    "stimulus_duration": 0.999995,
    "stimulus_interval": 0.0,
    "stimulus_name": "Long Square",
    "stimulus_relative_amplitude": 1.0,
    "stimulus_start_time": 0.92,
    "stimulus_units": "pA",
    "sweep_number": 37,
    "vm_delta_mv": 0.0103836059570312
  },
  {
    "bridge_balance_mohm": 15.9951162338257,
    "id": 396349296,
    "leak_pa": 0.0,
    "num_spikes": 3,
    "peak_deflection": 0.0,
    "post_noise_rms_mv": 0.0338431484997272,
    "post_vm_mv": -82.0979537963867,
    "pre_noise_rms_mv": 0.0413361676037312,
    "pre_vm_mv": -82.1306228637695,
    "slow_noise_rms_mv": 0.0888776630163193,
    "slow_vm_mv": -82.1306228637695,
    "specimen_id": 321906005,
    "stimulus_absolute_amplitude": 1029.99997420028,
    "stimulus_description": "C2SSTRIPLE141203[1]",
    "stimulus_duration": 0.024995,
    "stimulus_interval": 0.008,
    "stimulus_name": "Short Square - Triple",
    "stimulus_relative_amplitude": 10.3,
    "stimulus_start_time": 1.92,
    "stimulus_units": "pA",
    "sweep_number": 69,
    "vm_delta_mv": 0.0326690673828125
  },
  {
    "bridge_balance_mohm": 15.9951162338257,
    "id": 396349116,
    "leak_pa": 0.0,
    "num_spikes": 0,
    "peak_deflection": -73.34375,
    "post_noise_rms_mv": 0.0388213656842709,
    "post_vm_mv": -82.1420822143555,
    "pre_noise_rms_mv": 0.0318666286766529,
    "pre_vm_mv": -81.9981155395508,
    "slow_noise_rms_mv": 0.0841839388012886,
    "slow_vm_mv": -81.9981155395508,
    "specimen_id": 321906005,
    "stimulus_absolute_amplitude": 29.9999990127642,
    "stimulus_description": "C1LSCOARSE150112[7]",
    "stimulus_duration": 0.999995,
    "stimulus_interval": 0.0,
    "stimulus_name": "Long Square",
    "stimulus_relative_amplitude": 1.0,
    "stimulus_start_time": 0.92,
    "stimulus_units": "pA",
    "sweep_number": 32,
    "vm_delta_mv": 0.143966674804688
  },
  {
    "bridge_balance_mohm": 15.9951162338257,
    "id": 396349100,
    "leak_pa": 0.0,
    "num_spikes": 0,
    "peak_deflection": -99.0625,
    "post_noise_rms_mv": 0.0430767126381397,
    "post_vm_mv": -81.5247573852539,
    "pre_noise_rms_mv": 0.0384686812758446,
    "pre_vm_mv": -81.6071014404297,
    "slow_noise_rms_mv": 0.199776753783226,
    "slow_vm_mv": -81.6071014404297,
    "specimen_id": 321906005,
    "stimulus_absolute_amplitude": -110.000002162547,
    "stimulus_description": "C1LSCOARSE150112[0]",
    "stimulus_duration": 0.999995,
    "stimulus_interval": 0.0,
    "stimulus_name": "Long Square",
    "stimulus_relative_amplitude": 1.0,
    "stimulus_start_time": 0.92,
    "stimulus_units": "pA",
    "sweep_number": 25,
    "vm_delta_mv": 0.0823440551757812
  },
  {
    "bridge_balance_mohm": 15.9951162338257,
    "id": 396349342,
    "leak_pa": 0.0,
    "num_spikes": 3,
    "peak_deflection": 0.0,
    "post_noise_rms_mv": 0.0355578251183033,
    "post_vm_mv": -82.2114334106445,
    "pre_noise_rms_mv": 0.0334911234676838,
    "pre_vm_mv": -81.7482681274414,
    "slow_noise_rms_mv": 0.210125014185905,
    "slow_vm_mv": -81.7482681274414,
    "specimen_id": 321906005,
    "stimulus_absolute_amplitude": 1029.99997420028,
    "stimulus_description": "C2SSTRIPLE141203[5]",
    "stimulus_duration": 0.056995,
    "stimulus_interval": 0.024,
    "stimulus_name": "Short Square - Triple",
    "stimulus_relative_amplitude": 10.3,
    "stimulus_start_time": 1.92,
    "stimulus_units": "pA",
    "sweep_number": 81,
    "vm_delta_mv": 0.463165283203125
  },
  {
    "bridge_balance_mohm": 15.9951162338257,
    "id": 396349432,
    "leak_pa": 0.0,
    "num_spikes": 1,
    "peak_deflection": 0.0,
    "post_noise_rms_mv": 0.0379880703985691,
    "post_vm_mv": -62.566089630127,
    "pre_noise_rms_mv": 0.0375403761863708,
    "pre_vm_mv": -62.5321083068848,
    "slow_noise_rms_mv": 0.226160526275635,
    "slow_vm_mv": -62.5321083068848,
    "specimen_id": 321906005,
    "stimulus_absolute_amplitude": 469.999983376823,
    "stimulus_description": "C2SSHM60FN150112[0]",
    "stimulus_duration": 0.002995,
    "stimulus_interval": 0.0,
    "stimulus_name": "Short Square - Hold -60mV",
    "stimulus_relative_amplitude": 4.7,
    "stimulus_start_time": 0.92,
    "stimulus_units": "pA",
    "sweep_number": 91,
    "vm_delta_mv": 0.0339813232421875
  }
]